,count
ligand25729-0,1
ligand12142-0,1
ligand35382-0,1
ligand4134-0,1
ligand12710-0,1
ligand29098-0,1
ligand17349-0,1
ligand22966-0,1
ligand33649-0,1
ligand5630-0,1
ligand36247-0,1
ligand21262-0,1
ligand1941-0,1
ligand8323-0,1
ligand31503-0,1
ligand33145-0,1
ligand34831-0,1
ligand33280-0,1
ligand36845-0,1
ligand7952-0,1
ligand739-0,1
ligand1624-0,1
ligand10156-0,1
ligand16938-0,1
ligand9530-0,1
ligand38006-0,1
ligand34536-0,1
ligand15822-0,1
ligand20178-0,1
ligand22392-0,1
ligand32410-0,1
ligand7154-0,1
ligand19393-0,1
ligand37800-0,1
ligand6992-0,1
ligand28322-0,1
ligand24942-0,1
ligand4317-0,1
ligand12425-0,1
ligand11973-0,1
ligand11972-0,1
ligand26519-0,1
ligand12428-0,1
ligand19170-0,1
ligand23712-0,1
ligand28268-0,1
ligand7327-0,1
ligand2590-0,1
ligand24589-0,1
ligand30711-0,1
ligand1649-0,1
ligand33527-0,1
ligand27740-0,1
ligand36084-0,1
ligand14478-0,1
ligand21361-0,1
ligand11334-0,1
ligand31653-0,1
ligand31666-0,1
ligand6414-0,1
ligand1446-0,1
ligand12259-0,1
ligand33102-0,1
ligand978-0,1
ligand35628-0,1
ligand23448-0,1
ligand20803-0,1
ligand31831-0,1
ligand38010-0,1
ligand32687-0,1
ligand5456-0,1
ligand31409-0,1
ligand26946-0,1
ligand32838-0,1
ligand19614-0,1
ligand16769-0,1
ligand29940-0,1
ligand18846-0,1
ligand25582-0,1
ligand32720-0,1
ligand37883-0,1
ligand37135-0,1
ligand19086-0,1
ligand29082-0,1
ligand17511-0,1
ligand28293-0,1
ligand22676-0,1
ligand28495-0,1
ligand5534-0,1
ligand37534-0,1
ligand19914-0,1
ligand28442-0,1
ligand15599-0,1
ligand36642-0,1
ligand21509-0,1
ligand26793-0,1
ligand21556-0,1
ligand12918-0,1
ligand19298-0,1
ligand8956-0,1
ligand18147-0,1
ligand5459-0,1
ligand33770-0,1
ligand25324-0,1
ligand37781-0,1
ligand9335-0,1
ligand25952-0,1
ligand33100-0,1
ligand33099-0,1
ligand27048-0,1
ligand1578-0,1
ligand34435-0,1
ligand16624-0,1
ligand5686-0,1
ligand12640-0,1
ligand24205-0,1
ligand31540-0,1
ligand3548-0,1
ligand9343-0,1
ligand9044-0,1
ligand10652-0,1
ligand17952-0,1
ligand30216-0,1
ligand32828-0,1
ligand20853-0,1
ligand11587-0,1
ligand9492-0,1
ligand33322-0,1
ligand26173-0,1
ligand9040-0,1
ligand10633-0,1
ligand36480-0,1
ligand17350-0,1
ligand20265-0,1
ligand35322-0,1
ligand6260-0,1
ligand25700-0,1
ligand23031-0,1
ligand28427-0,1
ligand28372-0,1
ligand12734-0,1
ligand10874-0,1
ligand15872-0,1
ligand35456-0,1
ligand12419-0,1
ligand3190-0,1
ligand37223-0,1
ligand10764-0,1
ligand12646-0,1
ligand18703-0,1
ligand34007-0,1
ligand31248-0,1
ligand31779-0,1
ligand37626-0,1
ligand10781-0,1
ligand26973-0,1
ligand33314-0,1
ligand19714-0,1
ligand35209-0,1
ligand34235-0,1
ligand26229-0,1
ligand20487-0,1
ligand27894-0,1
ligand36481-0,1
ligand37034-0,1
ligand16219-0,1
ligand23332-0,1
ligand12971-0,1
ligand12970-0,1
ligand34807-0,1
ligand36726-0,1
ligand17873-0,1
ligand27606-0,1
ligand27605-0,1
ligand14965-0,1
ligand32307-0,1
ligand35340-0,1
ligand30765-0,1
ligand11098-0,1
ligand24238-0,1
ligand34593-0,1
ligand34030-0,1
ligand4618-0,1
ligand11322-0,1
ligand33031-0,1
ligand24638-0,1
ligand36817-0,1
ligand2961-0,1
ligand6847-0,1
ligand7627-0,1
ligand8959-0,1
ligand5564-0,1
ligand10488-0,1
ligand6738-0,1
ligand33644-0,1
ligand10724-0,1
ligand2586-0,1
ligand19046-0,1
ligand19392-0,1
ligand27666-0,1
ligand35922-0,1
ligand14163-0,1
ligand16518-0,1
ligand6486-0,1
ligand7587-0,1
ligand1734-0,1
ligand10719-0,1
ligand19152-0,1
ligand8049-0,1
ligand9292-0,1
ligand31381-0,1
ligand12016-0,1
ligand15647-0,1
ligand19426-0,1
ligand19810-0,1
ligand31765-0,1
ligand5060-0,1
ligand5575-0,1
ligand31719-0,1
ligand34582-0,1
ligand23615-0,1
ligand637-0,1
ligand2309-0,1
ligand34243-0,1
ligand35845-0,1
ligand32765-0,1
ligand12369-0,1
ligand34390-0,1
ligand10243-0,1
ligand28348-0,1
ligand22701-0,1
ligand2151-0,1
ligand12948-0,1
ligand32621-0,1
ligand25968-0,1
ligand16857-0,1
ligand17810-0,1
ligand8692-0,1
ligand1650-0,1
ligand32988-0,1
ligand7118-0,1
ligand8445-0,1
ligand2256-0,1
ligand4542-0,1
ligand30117-0,1
ligand24116-0,1
ligand34248-0,1
ligand32186-0,1
ligand34042-0,1
ligand34043-0,1
ligand8827-0,1
ligand29056-0,1
ligand10487-0,1
ligand26810-0,1
ligand14855-0,1
ligand9521-0,1
ligand29580-0,1
ligand6754-0,1
ligand13629-0,1
ligand28017-0,1
ligand13568-0,1
ligand22432-0,1
ligand25896-0,1
ligand19406-0,1
ligand14938-0,1
ligand25852-0,1
ligand8337-0,1
ligand674-0,1
ligand15445-0,1
ligand18297-0,1
ligand36289-0,1
ligand23610-0,1
ligand22577-0,1
ligand9599-0,1
ligand8488-0,1
ligand3119-0,1
ligand16085-0,1
ligand25710-0,1
ligand25709-0,1
ligand32739-0,1
ligand12200-0,1
ligand24028-0,1
ligand28007-0,1
ligand28006-0,1
ligand4076-0,1
ligand23101-0,1
ligand25782-0,1
ligand21931-0,1
ligand31001-0,1
ligand38-0,1
ligand32171-0,1
ligand33992-0,1
ligand36484-0,1
ligand15970-0,1
ligand17309-0,1
ligand3180-0,1
ligand19280-0,1
ligand32430-0,1
ligand6448-0,1
ligand7471-0,1
ligand11585-0,1
ligand18142-0,1
ligand12931-0,1
ligand23686-0,1
ligand35814-0,1
ligand20767-0,1
ligand8092-0,1
ligand11156-0,1
ligand5310-0,1
ligand5309-0,1
ligand14479-0,1
ligand36485-0,1
ligand28153-0,1
ligand15072-0,1
ligand18710-0,1
ligand18644-0,1
ligand33477-0,1
ligand30771-0,1
ligand22926-0,1
ligand36697-0,1
ligand4639-0,1
ligand17491-0,1
ligand22799-0,1
ligand19856-0,1
ligand6834-0,1
ligand10613-0,1
ligand10245-1,1
ligand10245-0,1
ligand28037-0,1
ligand28119-0,1
ligand8330-0,1
ligand26895-0,1
ligand36536-0,1
ligand27783-0,1
ligand5455-0,1
ligand36421-0,1
ligand37071-0,1
ligand5759-0,1
ligand5383-0,1
ligand8724-0,1
ligand14625-0,1
ligand28187-0,1
ligand6336-0,1
ligand20530-0,1
ligand17572-0,1
ligand20989-0,1
ligand23648-0,1
ligand32495-0,1
ligand569-0,1
ligand22804-0,1
ligand34150-0,1
ligand3064-0,1
ligand32155-0,1
ligand34997-0,1
ligand33144-0,1
ligand37959-0,1
ligand22436-0,1
ligand34513-0,1
ligand21605-0,1
ligand18176-0,1
ligand38234-0,1
ligand4552-0,1
ligand9978-0,1
ligand29088-0,1
ligand25375-0,1
ligand32038-0,1
ligand17664-0,1
ligand30740-0,1
ligand21743-0,1
ligand29171-0,1
ligand35706-0,1
ligand28036-0,1
ligand21128-0,1
ligand33674-0,1
ligand10211-0,1
ligand37444-0,1
ligand33496-0,1
ligand32858-0,1
ligand35282-0,1
ligand8971-0,1
ligand14406-0,1
ligand17580-0,1
ligand9001-0,1
ligand2853-0,1
ligand26522-0,1
ligand27097-0,1
ligand4628-0,1
ligand9782-0,1
ligand5711-0,1
ligand5184-0,1
ligand26117-0,1
ligand10561-0,1
ligand10560-0,1
ligand9684-0,1
ligand3519-0,1
ligand11338-0,1
ligand9766-0,1
ligand34265-0,1
ligand19241-0,1
ligand24086-0,1
ligand22794-0,1
ligand26770-0,1
ligand27224-0,1
ligand28682-0,1
ligand13509-0,1
ligand12696-0,1
ligand17801-0,1
ligand4153-0,1
ligand3395-0,1
ligand17659-0,1
ligand6711-0,1
ligand6277-0,1
ligand9444-0,1
ligand21416-0,1
ligand23317-0,1
ligand14565-0,1
ligand29448-0,1
ligand35824-0,1
ligand4356-0,1
ligand2426-0,1
ligand29553-0,1
ligand22607-0,1
ligand31561-0,1
ligand29721-0,1
ligand22490-0,1
ligand10749-0,1
ligand25737-0,1
ligand6613-0,1
ligand26363-0,1
ligand30685-0,1
ligand30947-0,1
ligand30681-0,1
ligand10402-0,1
ligand27536-0,1
ligand31786-0,1
ligand19053-0,1
ligand32970-0,1
ligand19666-0,1
ligand28475-0,1
ligand5464-0,1
ligand34135-0,1
ligand23955-0,1
ligand2814-0,1
ligand4261-0,1
ligand10647-0,1
ligand10420-0,1
ligand33888-0,1
ligand35835-0,1
ligand11965-0,1
ligand18501-0,1
ligand835-0,1
ligand11728-0,1
ligand35634-0,1
ligand20114-0,1
ligand20115-0,1
ligand19726-0,1
ligand27005-0,1
ligand30128-0,1
ligand8631-0,1
ligand9903-0,1
ligand1984-0,1
ligand5741-0,1
ligand21937-0,1
ligand29668-0,1
ligand7170-0,1
ligand21642-0,1
ligand33706-0,1
ligand4661-0,1
ligand26097-0,1
ligand11164-0,1
ligand13986-0,1
ligand16288-0,1
ligand11688-0,1
ligand18215-0,1
ligand30003-0,1
ligand37270-0,1
ligand23033-0,1
ligand33969-0,1
ligand25619-0,1
ligand27089-0,1
ligand25240-0,1
ligand30171-0,1
ligand30172-0,1
ligand17979-0,1
ligand15034-0,1
ligand38290-0,1
ligand32468-0,1
ligand16707-0,1
ligand9258-0,1
ligand24909-0,1
ligand31139-0,1
ligand26590-0,1
ligand8954-0,1
ligand13072-0,1
ligand2547-0,1
ligand16005-0,1
ligand21785-0,1
ligand29024-0,1
ligand33278-0,1
ligand23617-0,1
ligand27676-0,1
ligand4887-0,1
ligand13951-0,1
ligand1402-0,1
ligand36056-0,1
ligand7522-0,1
ligand25053-0,1
ligand23281-0,1
ligand29279-0,1
ligand21354-0,1
ligand28584-0,1
ligand7026-0,1
ligand12521-0,1
ligand20860-0,1
ligand30342-0,1
ligand17206-0,1
ligand21654-0,1
ligand16056-0,1
ligand15855-0,1
ligand6465-0,1
ligand11246-0,1
ligand18310-0,1
ligand6541-0,1
ligand31615-0,1
ligand28013-0,1
ligand33413-0,1
ligand33155-0,1
ligand34716-0,1
ligand21759-0,1
ligand30158-0,1
ligand31606-0,1
ligand31577-0,1
ligand7949-0,1
ligand30662-0,1
ligand33793-0,1
ligand35726-0,1
ligand16488-0,1
ligand8291-0,1
ligand30111-0,1
ligand19673-0,1
ligand17923-0,1
ligand30889-0,1
ligand3779-0,1
ligand21324-0,1
ligand21399-0,1
ligand21400-0,1
ligand28560-0,1
ligand18755-0,1
ligand5821-0,1
ligand21126-0,1
ligand31351-0,1
ligand7382-0,1
ligand26021-0,1
ligand4179-0,1
ligand6822-0,1
ligand7814-0,1
ligand32598-0,1
ligand37026-0,1
ligand31596-0,1
ligand22187-0,1
ligand19021-0,1
ligand33509-0,1
ligand35410-0,1
ligand20478-0,1
ligand20479-0,1
ligand15807-0,1
ligand29284-0,1
ligand17151-0,1
ligand19554-0,1
ligand518-0,1
ligand31301-0,1
ligand34779-0,1
ligand28919-0,1
ligand24422-0,1
ligand33360-0,1
ligand27398-0,1
ligand8664-0,1
ligand14192-0,1
ligand25608-0,1
ligand24865-0,1
ligand5137-0,1
ligand5970-0,1
ligand36568-0,1
ligand9447-0,1
ligand23918-0,1
ligand34445-0,1
ligand855-0,1
ligand17426-0,1
ligand31084-0,1
ligand33243-0,1
ligand20047-0,1
ligand38319-0,1
ligand24890-0,1
ligand32905-0,1
ligand2928-0,1
ligand23508-0,1
ligand31635-0,1
ligand36324-0,1
ligand27438-0,1
ligand15964-0,1
ligand34618-0,1
ligand20588-0,1
ligand329-0,1
ligand34725-0,1
ligand17341-0,1
ligand25540-0,1
ligand5005-0,1
ligand6444-0,1
ligand35130-0,1
ligand32314-0,1
ligand31299-0,1
ligand38297-0,1
ligand34012-0,1
ligand14308-0,1
ligand35154-0,1
ligand11146-0,1
ligand35721-0,1
ligand14994-0,1
ligand25419-0,1
ligand1232-0,1
ligand16985-0,1
ligand16984-0,1
ligand20222-0,1
ligand18168-0,1
ligand32081-0,1
ligand36111-0,1
ligand33808-0,1
ligand10745-0,1
ligand30859-0,1
ligand5948-0,1
ligand5038-0,1
ligand31214-0,1
ligand24779-0,1
ligand6411-0,1
ligand22471-0,1
ligand7736-0,1
ligand31364-0,1
ligand11403-0,1
ligand32455-0,1
ligand26907-0,1
ligand4949-0,1
ligand2937-0,1
ligand17251-0,1
ligand3908-0,1
ligand2312-0,1
ligand13571-0,1
ligand17099-0,1
ligand18097-0,1
ligand12879-0,1
ligand30343-0,1
ligand35941-0,1
ligand14370-0,1
ligand30434-0,1
ligand6371-0,1
ligand21962-0,1
ligand7888-0,1
ligand24074-0,1
ligand25505-0,1
ligand2306-0,1
ligand30056-0,1
ligand22719-0,1
ligand2738-0,1
ligand35362-0,1
ligand2869-0,1
ligand36645-0,1
ligand29420-0,1
ligand18649-0,1
ligand30645-0,1
ligand28902-0,1
ligand22154-0,1
ligand26372-0,1
ligand37062-0,1
ligand889-0,1
ligand23305-0,1
ligand372-0,1
ligand35094-0,1
ligand18314-0,1
ligand29953-0,1
ligand35306-0,1
ligand21793-0,1
ligand26912-0,1
ligand34523-0,1
ligand33892-0,1
ligand26987-0,1
ligand959-1,1
ligand24999-0,1
ligand15214-0,1
ligand8194-0,1
ligand21536-0,1
ligand12311-0,1
ligand16483-0,1
ligand37507-0,1
ligand21052-0,1
ligand8169-0,1
ligand828-0,1
ligand16185-0,1
ligand16263-0,1
ligand33966-0,1
ligand8953-0,1
ligand27339-0,1
ligand22820-0,1
ligand6286-0,1
ligand34320-0,1
ligand29137-0,1
ligand7836-0,1
ligand6790-0,1
ligand24102-0,1
ligand8531-0,1
ligand628-0,1
ligand23997-0,1
ligand26671-0,1
ligand17720-0,1
ligand30764-0,1
ligand21752-0,1
ligand24944-0,1
ligand17398-0,1
ligand31900-0,1
ligand10184-0,1
ligand37789-0,1
ligand32241-0,1
ligand12193-0,1
ligand21185-0,1
ligand32217-0,1
ligand15862-0,1
ligand15047-0,1
ligand14260-0,1
ligand10550-0,1
ligand34638-0,1
ligand24891-0,1
ligand25876-0,1
ligand7313-0,1
ligand210-0,1
ligand23213-0,1
ligand10116-0,1
ligand12451-0,1
ligand21656-0,1
ligand621-0,1
ligand23282-0,1
ligand32397-0,1
ligand10276-0,1
ligand17881-0,1
ligand15646-0,1
ligand8309-0,1
ligand26560-0,1
ligand20566-0,1
ligand25858-0,1
ligand26123-0,1
ligand33671-0,1
ligand38022-0,1
ligand36691-0,1
ligand33821-0,1
ligand17197-0,1
ligand17196-0,1
ligand32740-0,1
ligand33485-0,1
ligand3042-0,1
ligand17817-0,1
ligand19698-0,1
ligand23883-0,1
ligand8299-0,1
ligand11042-0,1
ligand22458-0,1
ligand6647-0,1
ligand28088-0,1
ligand23784-0,1
ligand18699-0,1
ligand732-0,1
ligand32677-0,1
ligand10020-0,1
ligand6637-0,1
ligand5523-0,1
ligand29166-0,1
ligand37913-0,1
ligand23231-0,1
ligand25208-0,1
ligand35722-0,1
ligand16006-0,1
ligand30618-0,1
ligand15304-0,1
ligand6024-0,1
ligand1870-0,1
ligand15742-0,1
ligand37758-0,1
ligand29200-0,1
ligand1454-0,1
ligand27354-0,1
ligand26251-0,1
ligand4398-0,1
ligand38213-0,1
ligand37396-0,1
ligand31091-0,1
ligand32320-0,1
ligand28234-0,1
ligand21134-0,1
ligand32597-0,1
ligand29224-0,1
ligand35842-0,1
ligand16328-0,1
ligand36826-0,1
ligand32380-0,1
ligand24483-0,1
ligand13633-0,1
ligand21428-0,1
ligand31614-0,1
ligand26687-0,1
ligand22982-0,1
ligand21319-0,1
ligand2861-0,1
ligand20089-0,1
ligand12809-0,1
ligand7891-0,1
ligand30400-0,1
ligand3912-0,1
ligand35264-0,1
ligand2672-0,1
ligand12490-0,1
ligand33397-0,1
ligand12892-0,1
ligand12891-0,1
ligand9694-0,1
ligand23364-0,1
ligand21804-0,1
ligand687-0,1
ligand29932-0,1
ligand35443-0,1
ligand23236-0,1
ligand11556-0,1
ligand29834-0,1
ligand17242-0,1
ligand24734-0,1
ligand32911-0,1
ligand2360-0,1
ligand35442-0,1
ligand33428-0,1
ligand25534-0,1
ligand32880-0,1
ligand37424-0,1
ligand28185-0,1
ligand12202-0,1
ligand36688-0,1
ligand25187-0,1
ligand19543-0,1
ligand35657-0,1
ligand35658-0,1
ligand24008-0,1
ligand18416-0,1
ligand36136-0,1
ligand10922-0,1
ligand31055-0,1
ligand10348-0,1
ligand32620-0,1
ligand1078-0,1
ligand17613-0,1
ligand31424-0,1
ligand30118-0,1
ligand32340-0,1
ligand29919-0,1
ligand21314-0,1
ligand25592-0,1
ligand34904-0,1
ligand14814-0,1
ligand8355-0,1
ligand11859-0,1
ligand4557-0,1
ligand5378-0,1
ligand11143-0,1
ligand28816-0,1
ligand9733-0,1
ligand21009-0,1
ligand23089-0,1
ligand26728-0,1
ligand19692-0,1
ligand14491-0,1
ligand4815-0,1
ligand12959-0,1
ligand9429-0,1
ligand10411-0,1
ligand29731-0,1
ligand5428-0,1
ligand15256-0,1
ligand13610-0,1
ligand3822-0,1
ligand1498-0,1
ligand23168-0,1
ligand36337-0,1
ligand20569-0,1
ligand36361-0,1
ligand38134-0,1
ligand5553-0,1
ligand1358-0,1
ligand15537-0,1
ligand14662-0,1
ligand18149-0,1
ligand18148-0,1
ligand11923-0,1
ligand28884-0,1
ligand31655-0,1
ligand6037-0,1
ligand766-0,1
ligand35855-0,1
ligand32313-0,1
ligand15399-0,1
ligand23711-0,1
ligand30789-0,1
ligand37667-0,1
ligand5097-0,1
ligand32730-0,1
ligand1025-0,1
ligand26932-0,1
ligand16680-0,1
ligand11107-0,1
ligand29522-0,1
ligand35981-0,1
ligand22498-0,1
ligand14183-0,1
ligand11700-0,1
ligand25140-0,1
ligand25141-0,1
ligand13974-0,1
ligand37795-0,1
ligand7757-0,1
ligand25982-0,1
ligand3084-0,1
ligand15527-0,1
ligand11352-0,1
ligand35204-0,1
ligand31511-0,1
ligand21708-0,1
ligand32786-0,1
ligand6645-0,1
ligand12620-0,1
ligand26832-0,1
ligand22099-0,1
ligand3610-0,1
ligand28409-0,1
ligand11287-0,1
ligand28762-0,1
ligand12995-0,1
ligand33798-0,1
ligand35384-0,1
ligand4630-0,1
ligand35338-0,1
ligand26620-0,1
ligand32909-0,1
ligand15743-0,1
ligand35712-0,1
ligand23018-0,1
ligand30858-1,1
ligand25001-0,1
ligand4113-0,1
ligand21362-0,1
ligand27063-0,1
ligand15393-0,1
ligand33618-0,1
ligand4282-0,1
ligand30729-0,1
ligand12114-0,1
ligand6897-0,1
ligand16731-0,1
ligand37405-0,1
ligand8877-0,1
ligand31636-0,1
ligand31636-1,1
ligand24866-0,1
ligand17877-0,1
ligand30090-0,1
ligand27830-0,1
ligand10354-0,1
ligand20474-0,1
ligand11513-0,1
ligand33238-0,1
ligand8268-0,1
ligand9716-0,1
ligand29643-0,1
ligand32789-0,1
ligand22764-0,1
ligand15526-0,1
ligand15180-0,1
ligand20873-0,1
ligand3020-0,1
ligand33790-0,1
ligand1875-0,1
ligand3270-0,1
ligand11068-0,1
ligand35449-0,1
ligand17533-0,1
ligand12552-0,1
ligand31692-0,1
ligand13632-0,1
ligand2751-0,1
ligand30858-0,1
ligand29649-0,1
ligand34404-0,1
ligand16989-0,1
ligand23279-0,1
ligand30562-0,1
ligand11865-0,1
ligand33704-0,1
ligand32071-0,1
ligand31304-0,1
ligand16789-0,1
ligand14533-0,1
ligand24705-0,1
ligand22486-0,1
ligand37175-0,1
ligand12279-0,1
ligand30352-0,1
ligand12394-0,1
ligand7116-0,1
ligand13270-0,1
ligand22679-0,1
ligand5528-1,1
ligand22487-0,1
ligand18231-0,1
ligand27802-0,1
ligand13498-0,1
ligand35865-0,1
ligand15837-0,1
ligand5164-0,1
ligand16298-0,1
ligand16913-0,1
ligand31444-0,1
ligand33555-0,1
ligand38151-0,1
ligand24850-0,1
ligand14702-0,1
ligand12880-0,1
ligand29717-0,1
ligand26399-0,1
ligand14828-0,1
ligand38145-0,1
ligand37385-0,1
ligand18119-0,1
ligand20324-0,1
ligand25956-0,1
ligand4197-0,1
ligand35913-0,1
ligand37949-0,1
ligand30615-0,1
ligand29778-0,1
ligand8345-0,1
ligand36236-0,1
ligand27627-0,1
ligand24618-0,1
ligand16381-0,1
ligand34972-0,1
ligand34969-0,1
ligand37114-0,1
ligand33719-0,1
ligand30151-0,1
ligand27414-0,1
ligand19695-0,1
ligand11786-0,1
ligand16016-0,1
ligand142-0,1
ligand28709-0,1
ligand1380-0,1
ligand16990-0,1
ligand2846-0,1
ligand37137-0,1
ligand18722-0,1
ligand31213-0,1
ligand36304-0,1
ligand11967-0,1
ligand17743-0,1
ligand29582-0,1
ligand20521-0,1
ligand25799-0,1
ligand20538-0,1
ligand4174-0,1
ligand1101-0,1
ligand22808-0,1
ligand24360-0,1
ligand7172-0,1
ligand26091-0,1
ligand29311-0,1
ligand17299-0,1
ligand37070-0,1
ligand3883-0,1
ligand25438-0,1
ligand17646-0,1
ligand7384-0,1
ligand24109-0,1
ligand3113-0,1
ligand27450-0,1
ligand21460-0,1
ligand3828-0,1
ligand16732-0,1
ligand23685-0,1
ligand23746-0,1
ligand13165-0,1
ligand30140-0,1
ligand35110-0,1
ligand12380-0,1
ligand21961-0,1
ligand10317-0,1
ligand19671-0,1
ligand3667-0,1
ligand37263-0,1
ligand21310-0,1
ligand1623-0,1
ligand5824-0,1
ligand13213-0,1
ligand18046-0,1
ligand18685-0,1
ligand2664-0,1
ligand15109-0,1
ligand28381-0,1
ligand18452-0,1
ligand12456-0,1
ligand20125-0,1
ligand16628-0,1
ligand38196-0,1
ligand4846-0,1
ligand12496-0,1
ligand16532-0,1
ligand38325-0,1
ligand25466-0,1
ligand19906-0,1
ligand33752-0,1
ligand4870-0,1
ligand19000-0,1
ligand20950-0,1
ligand28274-0,1
ligand24345-0,1
ligand15110-0,1
ligand19825-0,1
ligand5532-0,1
ligand29333-0,1
ligand17098-0,1
ligand14755-0,1
ligand5251-0,1
ligand14216-0,1
ligand23271-0,1
ligand37188-0,1
ligand12864-0,1
ligand23768-0,1
ligand2173-0,1
ligand17561-0,1
ligand20689-0,1
ligand16137-0,1
ligand7731-0,1
ligand19508-0,1
ligand432-0,1
ligand38121-0,1
ligand28830-0,1
ligand24828-0,1
ligand4330-0,1
ligand22951-0,1
ligand8230-0,1
ligand6753-0,1
ligand23929-0,1
ligand30510-0,1
ligand36026-0,1
ligand335-0,1
ligand29942-0,1
ligand37335-0,1
ligand18645-0,1
ligand11238-0,1
ligand17683-0,1
ligand4109-0,1
ligand8758-0,1
ligand15708-0,1
ligand32821-0,1
ligand26119-0,1
ligand6979-0,1
ligand30366-0,1
ligand31553-0,1
ligand31998-0,1
ligand19604-0,1
ligand9784-0,1
ligand17028-0,1
ligand5531-0,1
ligand35339-0,1
ligand15516-0,1
ligand27891-0,1
ligand19158-0,1
ligand15007-0,1
ligand7582-0,1
ligand27911-0,1
ligand31183-0,1
ligand31541-0,1
ligand3655-0,1
ligand26237-0,1
ligand37125-0,1
ligand29772-0,1
ligand5715-0,1
ligand3681-0,1
ligand11337-0,1
ligand23947-0,1
ligand30600-0,1
ligand32616-0,1
ligand33670-0,1
ligand36620-0,1
ligand31481-0,1
ligand393-0,1
ligand3824-0,1
ligand5385-0,1
ligand11272-0,1
ligand33583-0,1
ligand21704-0,1
ligand6735-0,1
ligand17050-0,1
ligand31159-0,1
ligand1677-0,1
ligand20037-0,1
ligand19591-0,1
ligand17068-0,1
ligand5537-0,1
ligand8667-0,1
ligand8753-0,1
ligand30075-0,1
ligand28847-0,1
ligand26205-0,1
ligand26062-0,1
ligand4817-0,1
ligand4520-0,1
ligand26642-0,1
ligand21253-0,1
ligand3988-0,1
ligand30821-0,1
ligand27052-0,1
ligand5136-0,1
ligand28738-0,1
ligand35301-0,1
ligand22465-0,1
ligand26283-0,1
ligand18134-0,1
ligand38295-0,1
ligand16356-0,1
ligand16355-0,1
ligand15557-0,1
ligand13239-0,1
ligand5651-0,1
ligand7579-0,1
ligand6924-0,1
ligand31573-0,1
ligand22994-0,1
ligand18206-0,1
ligand35216-0,1
ligand6485-0,1
ligand33586-0,1
ligand20151-0,1
ligand21613-0,1
ligand4336-0,1
ligand30180-0,1
ligand35083-0,1
ligand1111-0,1
ligand20120-0,1
ligand3611-0,1
ligand31457-0,1
ligand16372-0,1
ligand22137-0,1
ligand34531-0,1
ligand12553-0,1
ligand10651-0,1
ligand34214-0,1
ligand32779-0,1
ligand21879-0,1
ligand15142-0,1
ligand3215-0,1
ligand37996-0,1
ligand33585-0,1
ligand32174-0,1
ligand34803-0,1
ligand30463-0,1
ligand2895-0,1
ligand11456-0,1
ligand11668-0,1
ligand7986-0,1
ligand4969-0,1
ligand8661-0,1
ligand31850-0,1
ligand8674-0,1
ligand19118-0,1
ligand32346-0,1
ligand19558-0,1
ligand15274-0,1
ligand12706-0,1
ligand10463-0,1
ligand5192-0,1
ligand16254-0,1
ligand10308-0,1
ligand12230-0,1
ligand18931-0,1
ligand13494-0,1
ligand15849-0,1
ligand37829-0,1
ligand5826-0,1
ligand18420-0,1
ligand31088-0,1
ligand34107-0,1
ligand18488-0,1
ligand23245-0,1
ligand22014-0,1
ligand28927-0,1
ligand7210-0,1
ligand25224-0,1
ligand24001-0,1
ligand11522-0,1
ligand17471-0,1
ligand17470-0,1
ligand1858-0,1
ligand5675-0,1
ligand4032-0,1
ligand35210-0,1
ligand19290-0,1
ligand35853-0,1
ligand14728-0,1
ligand1818-0,1
ligand18496-0,1
ligand23785-0,1
ligand11331-0,1
ligand22303-0,1
ligand32992-0,1
ligand32991-0,1
ligand21136-0,1
ligand23660-0,1
ligand25402-0,1
ligand29445-0,1
ligand2018-0,1
ligand30634-0,1
ligand17621-0,1
ligand31040-0,1
ligand6079-0,1
ligand19760-0,1
ligand32254-0,1
ligand2996-0,1
ligand28460-0,1
ligand29628-0,1
ligand24616-0,1
ligand36750-0,1
ligand29411-0,1
ligand9176-0,1
ligand3714-0,1
ligand31075-0,1
ligand28532-0,1
ligand6909-0,1
ligand32392-0,1
ligand14352-0,1
ligand21749-0,1
ligand2927-0,1
ligand11306-0,1
ligand29039-0,1
ligand22010-0,1
ligand33879-0,1
ligand22373-0,1
ligand34545-0,1
ligand23002-0,1
ligand19839-0,1
ligand1006-0,1
ligand22485-0,1
ligand28440-0,1
ligand12429-0,1
ligand30951-0,1
ligand5872-0,1
ligand3079-0,1
ligand18655-0,1
ligand19010-0,1
ligand18453-0,1
ligand18195-0,1
ligand25536-0,1
ligand1764-0,1
ligand12214-0,1
ligand958-0,1
ligand24061-0,1
ligand8158-0,1
ligand33157-0,1
ligand20290-0,1
ligand21756-0,1
ligand8823-1,1
ligand28370-0,1
ligand20325-0,1
ligand24947-0,1
ligand14429-0,1
ligand10038-0,1
ligand8272-0,1
ligand7455-0,1
ligand30612-0,1
ligand33446-0,1
ligand1903-0,1
ligand2970-0,1
ligand22306-0,1
ligand26464-0,1
ligand5700-0,1
ligand24160-0,1
ligand33077-0,1
ligand26717-0,1
ligand13332-0,1
ligand31116-0,1
ligand25714-0,1
ligand5918-0,1
ligand5917-0,1
ligand20012-0,1
ligand26243-0,1
ligand31117-0,1
ligand31486-0,1
ligand11349-0,1
ligand35217-0,1
ligand22990-0,1
ligand33497-0,1
ligand6477-0,1
ligand11413-0,1
ligand1447-0,1
ligand14228-0,1
ligand5749-0,1
ligand38119-0,1
ligand17354-0,1
ligand3556-0,1
ligand21309-0,1
ligand18124-0,1
ligand3973-0,1
ligand29197-0,1
ligand18620-0,1
ligand12713-0,1
ligand2114-0,1
ligand4412-0,1
ligand37713-0,1
ligand9363-0,1
ligand1088-0,1
ligand33744-0,1
ligand3638-0,1
ligand14987-0,1
ligand38321-0,1
ligand33951-0,1
ligand4493-0,1
ligand14618-0,1
ligand36719-0,1
ligand1524-0,1
ligand24814-0,1
ligand32807-0,1
ligand8609-0,1
ligand30604-0,1
ligand30008-0,1
ligand37378-0,1
ligand26568-0,1
ligand22258-0,1
ligand22124-0,1
ligand23755-0,1
ligand30274-0,1
ligand36521-0,1
ligand32427-0,1
ligand9562-0,1
ligand9213-0,1
ligand12867-0,1
ligand28157-0,1
ligand30567-0,1
ligand19515-0,1
ligand2419-0,1
ligand31906-0,1
ligand18163-0,1
ligand12174-0,1
ligand2985-0,1
ligand2986-0,1
ligand26287-0,1
ligand34258-0,1
ligand15249-0,1
ligand27040-0,1
ligand32705-0,1
ligand30690-0,1
ligand18811-0,1
ligand36758-0,1
ligand35388-0,1
ligand7121-0,1
ligand14295-0,1
ligand38076-0,1
ligand25907-0,1
ligand15515-0,1
ligand34517-0,1
ligand1914-0,1
ligand25021-0,1
ligand7040-0,1
ligand11261-0,1
ligand16081-0,1
ligand29396-0,1
ligand12307-0,1
ligand4536-0,1
ligand31130-0,1
ligand21055-0,1
ligand9324-0,1
ligand33598-0,1
ligand9294-0,1
ligand12628-0,1
ligand14594-0,1
ligand37772-0,1
ligand14676-0,1
ligand16432-0,1
ligand4769-0,1
ligand15251-0,1
ligand10364-0,1
ligand18877-0,1
ligand9931-0,1
ligand12086-0,1
ligand27017-0,1
ligand81-0,1
ligand23161-0,1
ligand33401-0,1
ligand7150-0,1
ligand25846-0,1
ligand530-0,1
ligand36174-0,1
ligand3356-0,1
ligand6014-0,1
ligand1634-0,1
ligand2892-0,1
ligand15834-1,1
ligand28869-0,1
ligand25167-0,1
ligand10412-0,1
ligand37236-0,1
ligand36157-0,1
ligand16859-0,1
ligand4679-0,1
ligand3447-0,1
ligand21089-0,1
ligand6478-0,1
ligand17183-0,1
ligand18016-0,1
ligand22637-0,1
ligand33740-0,1
ligand3072-0,1
ligand12437-0,1
ligand20041-0,1
ligand35732-0,1
ligand22614-0,1
ligand7016-0,1
ligand7015-0,1
ligand25760-0,1
ligand22993-0,1
ligand16258-0,1
ligand20133-0,1
ligand15351-0,1
ligand15666-0,1
ligand31853-0,1
ligand14974-0,1
ligand33553-0,1
ligand37611-0,1
ligand37989-0,1
ligand30979-0,1
ligand6867-0,1
ligand29065-0,1
ligand27259-0,1
ligand27890-0,1
ligand11265-0,1
ligand4283-0,1
ligand21317-0,1
ligand7265-0,1
ligand28881-0,1
ligand32678-0,1
ligand20110-0,1
ligand6268-0,1
ligand35974-0,1
ligand32305-0,1
ligand37501-0,1
ligand10639-0,1
ligand3478-0,1
ligand8126-0,1
ligand31086-0,1
ligand3134-0,1
ligand32086-0,1
ligand3085-0,1
ligand24325-0,1
ligand36814-0,1
ligand7826-0,1
ligand16805-0,1
ligand2914-0,1
ligand3321-0,1
ligand1165-0,1
ligand23643-0,1
ligand5699-0,1
ligand3210-0,1
ligand26323-0,1
ligand13071-0,1
ligand12478-0,1
ligand26121-0,1
ligand38172-0,1
ligand27084-0,1
ligand37208-0,1
ligand10643-0,1
ligand3589-0,1
ligand16886-0,1
ligand37463-0,1
ligand36277-0,1
ligand10850-0,1
ligand31045-0,1
ligand18077-0,1
ligand35040-0,1
ligand15657-0,1
ligand33529-0,1
ligand15349-0,1
ligand36276-0,1
ligand32046-0,1
ligand25385-0,1
ligand22474-0,1
ligand28484-0,1
ligand35538-0,1
ligand32654-0,1
ligand23302-0,1
ligand16650-0,1
ligand884-0,1
ligand10519-0,1
ligand27822-0,1
ligand34988-0,1
ligand16040-0,1
ligand35487-0,1
ligand16021-0,1
ligand1653-0,1
ligand515-0,1
ligand31458-0,1
ligand24094-0,1
ligand9084-0,1
ligand25650-0,1
ligand19017-0,1
ligand21498-0,1
ligand27289-0,1
ligand12609-0,1
ligand22177-0,1
ligand34586-0,1
ligand19126-0,1
ligand16473-0,1
ligand10512-0,1
ligand1614-0,1
ligand24699-0,1
ligand34305-0,1
ligand158-0,1
ligand157-0,1
ligand6064-0,1
ligand26067-0,1
ligand28309-0,1
ligand24693-0,1
ligand25672-0,1
ligand4285-0,1
ligand37386-0,1
ligand12522-0,1
ligand29538-0,1
ligand30137-0,1
ligand19061-0,1
ligand36908-0,1
ligand3827-0,1
ligand32292-0,1
ligand10089-0,1
ligand21330-0,1
ligand37768-0,1
ligand946-0,1
ligand7854-0,1
ligand21051-0,1
ligand28974-0,1
ligand36306-0,1
ligand6213-0,1
ligand13151-0,1
ligand28443-0,1
ligand18997-0,1
ligand32491-0,1
ligand19077-0,1
ligand37714-0,1
ligand27960-0,1
ligand36948-0,1
ligand21510-0,1
ligand21235-0,1
ligand5607-0,1
ligand36320-0,1
ligand22421-0,1
ligand36406-0,1
ligand24381-0,1
ligand2760-0,1
ligand13075-0,1
ligand1017-0,1
ligand25926-0,1
ligand7459-0,1
ligand29219-0,1
ligand31832-0,1
ligand20103-0,1
ligand15258-0,1
ligand11986-0,1
ligand31208-0,1
ligand30390-0,1
ligand17917-0,1
ligand27895-0,1
ligand36959-0,1
ligand28047-0,1
ligand9410-0,1
ligand34726-0,1
ligand29252-0,1
ligand25514-0,1
ligand10094-0,1
ligand28689-0,1
ligand14925-0,1
ligand29189-0,1
ligand21271-0,1
ligand4810-0,1
ligand22097-0,1
ligand19842-0,1
ligand24478-0,1
ligand9104-0,1
ligand30288-0,1
ligand9555-0,1
ligand9706-0,1
ligand7392-0,1
ligand9125-0,1
ligand22364-0,1
ligand10714-0,1
ligand27902-0,1
ligand10436-0,1
ligand33797-0,1
ligand29344-0,1
ligand10339-0,1
ligand20872-0,1
ligand17577-0,1
ligand8600-0,1
ligand37037-0,1
ligand37038-0,1
ligand37360-0,1
ligand8993-0,1
ligand13453-0,1
ligand15604-0,1
ligand6370-0,1
ligand9364-0,1
ligand12804-0,1
ligand33324-0,1
ligand17373-0,1
ligand34864-0,1
ligand15018-0,1
ligand37379-0,1
ligand26880-0,1
ligand31446-0,1
ligand32472-0,1
ligand21903-0,1
ligand31883-0,1
ligand24574-0,1
ligand17617-0,1
ligand28678-0,1
ligand3685-0,1
ligand18363-0,1
ligand33445-0,1
ligand27468-0,1
ligand7346-0,1
ligand37053-0,1
ligand16164-0,1
ligand8368-0,1
ligand28223-0,1
ligand6089-0,1
ligand25854-0,1
ligand34246-0,1
ligand20931-0,1
ligand15826-0,1
ligand12042-0,1
ligand30377-0,1
ligand29929-0,1
ligand25182-0,1
ligand12582-0,1
ligand29385-0,1
ligand26355-0,1
ligand31918-0,1
ligand24926-0,1
ligand8111-0,1
ligand8186-0,1
ligand14320-0,1
ligand26054-0,1
ligand1854-0,1
ligand31101-0,1
ligand25833-0,1
ligand32001-0,1
ligand36468-0,1
ligand16169-0,1
ligand4832-0,1
ligand7555-0,1
ligand33574-0,1
ligand2852-0,1
ligand3609-0,1
ligand8108-0,1
ligand27753-0,1
ligand17735-0,1
ligand5640-0,1
ligand3052-0,1
ligand30485-0,1
ligand37776-0,1
ligand27903-0,1
ligand23920-0,1
ligand27598-0,1
ligand13523-0,1
ligand2248-0,1
ligand20463-0,1
ligand3041-0,1
ligand19910-0,1
ligand9021-0,1
ligand4043-0,1
ligand16534-0,1
ligand28453-0,1
ligand32541-0,1
ligand27482-0,1
ligand31590-0,1
ligand16631-0,1
ligand6534-0,1
ligand11190-0,1
ligand11270-0,1
ligand33393-0,1
ligand24521-0,1
ligand15435-0,1
ligand35742-0,1
ligand13443-0,1
ligand4587-0,1
ligand30506-0,1
ligand25424-0,1
ligand6026-0,1
ligand18733-0,1
ligand15578-0,1
ligand12418-0,1
ligand23176-0,1
ligand25820-0,1
ligand33715-0,1
ligand8831-0,1
ligand29382-0,1
ligand37730-0,1
ligand26534-0,1
ligand1096-0,1
ligand32743-0,1
ligand8119-0,1
ligand31426-0,1
ligand17958-0,1
ligand962-0,1
ligand17905-0,1
ligand10342-0,1
ligand8583-0,1
ligand26676-0,1
ligand8849-0,1
ligand20536-0,1
ligand27810-0,1
ligand2912-0,1
ligand31549-0,1
ligand31816-0,1
ligand16902-0,1
ligand38067-0,1
ligand31589-0,1
ligand29331-0,1
ligand28143-0,1
ligand5834-0,1
ligand29459-0,1
ligand37995-0,1
ligand19381-0,1
ligand35759-0,1
ligand36535-0,1
ligand2392-0,1
ligand13731-0,1
ligand7741-0,1
ligand20598-0,1
ligand233-0,1
ligand4132-0,1
ligand11569-0,1
ligand22305-0,1
ligand2516-0,1
ligand11629-0,1
ligand2517-0,1
ligand1601-0,1
ligand35649-0,1
ligand25732-0,1
ligand25916-0,1
ligand31495-0,1
ligand18972-0,1
ligand27381-0,1
ligand12463-0,1
ligand23939-0,1
ligand24873-0,1
ligand33470-0,1
ligand35232-0,1
ligand561-0,1
ligand27524-0,1
ligand27164-0,1
ligand25199-0,1
ligand37764-0,1
ligand20271-0,1
ligand16987-0,1
ligand33469-0,1
ligand21689-0,1
ligand32552-0,1
ligand17103-0,1
ligand8121-0,1
ligand19762-0,1
ligand7593-0,1
ligand7474-0,1
ligand10772-0,1
ligand32007-0,1
ligand7147-0,1
ligand4515-0,1
ligand34964-0,1
ligand24881-0,1
ligand27990-0,1
ligand28491-0,1
ligand28492-0,1
ligand37569-0,1
ligand17323-0,1
ligand27965-0,1
ligand30454-0,1
ligand21443-0,1
ligand5160-0,1
ligand18462-0,1
ligand31927-0,1
ligand9161-0,1
ligand37559-0,1
ligand22686-0,1
ligand14600-0,1
ligand34454-0,1
ligand19276-0,1
ligand32185-0,1
ligand20030-0,1
ligand34973-0,1
ligand17395-0,1
ligand9312-0,1
ligand26911-0,1
ligand10358-0,1
ligand28313-0,1
ligand16903-0,1
ligand26729-0,1
ligand13824-0,1
ligand34636-0,1
ligand26780-0,1
ligand33490-0,1
ligand6446-0,1
ligand19227-0,1
ligand15562-0,1
ligand4701-0,1
ligand16601-0,1
ligand7925-0,1
ligand20621-0,1
ligand30492-0,1
ligand8723-0,1
ligand1451-0,1
ligand35687-0,1
ligand11335-0,1
ligand8838-0,1
ligand18923-0,1
ligand3833-0,1
ligand35625-0,1
ligand35624-0,1
ligand9462-0,1
ligand2499-0,1
ligand6098-0,1
ligand29907-0,1
ligand21763-0,1
ligand36701-0,1
ligand34103-0,1
ligand16253-0,1
ligand11775-0,1
ligand21204-0,1
ligand29274-0,1
ligand23507-0,1
ligand32066-0,1
ligand4603-0,1
ligand32039-0,1
ligand23723-0,1
ligand16210-0,1
ligand31166-0,1
ligand37366-0,1
ligand32734-0,1
ligand35727-0,1
ligand8069-0,1
ligand3260-0,1
ligand26073-0,1
ligand7883-0,1
ligand33947-0,1
ligand13420-0,1
ligand25501-0,1
ligand26883-0,1
ligand34687-0,1
ligand15643-0,1
ligand30039-0,1
ligand3598-0,1
ligand29025-0,1
ligand5516-0,1
ligand7433-0,1
ligand11126-0,1
ligand35418-0,1
ligand36330-0,1
ligand18495-0,1
ligand12438-0,1
ligand29681-0,1
ligand28556-0,1
ligand29511-0,1
ligand37033-0,1
ligand3325-0,1
ligand34657-0,1
ligand6257-0,1
ligand4395-0,1
ligand8901-0,1
ligand13342-0,1
ligand13941-0,1
ligand30040-0,1
ligand37770-0,1
ligand30944-0,1
ligand30626-0,1
ligand31565-0,1
ligand5186-0,1
ligand32108-0,1
ligand20314-0,1
ligand11455-0,1
ligand18612-0,1
ligand18612-1,1
ligand14048-0,1
ligand20164-0,1
ligand20595-0,1
ligand8389-0,1
ligand16331-0,1
ligand6099-0,1
ligand25520-0,1
ligand23668-0,1
ligand37912-0,1
ligand21170-0,1
ligand5279-0,1
ligand24918-0,1
ligand28104-0,1
ligand22565-0,1
ligand34499-0,1
ligand24630-0,1
ligand14149-0,1
ligand18309-0,1
ligand21861-0,1
ligand3453-0,1
ligand37417-0,1
ligand33510-0,1
ligand23601-0,1
ligand8260-0,1
ligand30957-0,1
ligand33023-0,1
ligand37787-0,1
ligand16999-0,1
ligand29718-0,1
ligand30133-0,1
ligand12459-0,1
ligand28954-0,1
ligand19070-0,1
ligand28286-0,1
ligand5356-0,1
ligand9321-0,1
ligand19628-0,1
ligand37112-0,1
ligand21823-0,1
ligand32318-0,1
ligand31154-0,1
ligand28310-0,1
ligand13516-0,1
ligand22791-0,1
ligand35148-0,1
ligand29034-0,1
ligand27237-0,1
ligand7088-0,1
ligand33468-0,1
ligand27344-0,1
ligand38125-0,1
ligand21880-0,1
ligand1243-0,1
ligand19750-0,1
ligand9389-0,1
ligand18318-0,1
ligand16655-0,1
ligand7773-0,1
ligand9262-0,1
ligand19851-0,1
ligand6521-0,1
ligand20854-0,1
ligand20855-0,1
ligand19445-0,1
ligand29203-0,1
ligand29851-0,1
ligand33724-0,1
ligand28901-0,1
ligand14699-0,1
ligand33759-0,1
ligand3630-0,1
ligand37802-0,1
ligand19388-0,1
ligand32840-0,1
ligand32712-0,1
ligand30052-0,1
ligand13164-0,1
ligand23060-0,1
ligand25845-0,1
ligand19421-0,1
ligand9037-0,1
ligand21607-0,1
ligand21729-0,1
ligand38164-0,1
ligand20142-0,1
ligand23730-0,1
ligand14234-0,1
ligand15717-0,1
ligand20373-0,1
ligand21877-0,1
ligand34176-0,1
ligand19739-0,1
ligand31109-0,1
ligand12364-0,1
ligand18295-0,1
ligand10543-0,1
ligand16717-0,1
ligand12851-0,1
ligand10149-0,1
ligand25152-0,1
ligand10465-0,1
ligand5928-0,1
ligand19600-0,1
ligand34279-0,1
ligand25254-0,1
ligand28844-0,1
ligand34911-0,1
ligand2835-0,1
ligand21893-0,1
ligand37126-0,1
ligand19035-0,1
ligand20462-0,1
ligand24395-0,1
ligand28295-0,1
ligand1679-0,1
ligand37861-0,1
ligand9709-0,1
ligand9857-0,1
ligand33682-0,1
ligand5570-1,1
ligand8771-0,1
ligand26286-0,1
ligand30060-0,1
ligand3312-0,1
ligand16810-0,1
ligand38005-0,1
ligand23693-0,1
ligand3697-0,1
ligand17313-0,1
ligand21249-0,1
ligand13570-0,1
ligand14141-0,1
ligand35819-0,1
ligand22186-0,1
ligand30116-0,1
ligand27827-0,1
ligand16129-0,1
ligand16130-0,1
ligand212-0,1
ligand10260-0,1
ligand3176-0,1
ligand31267-0,1
ligand15112-0,1
ligand29426-0,1
ligand12732-0,1
ligand8611-0,1
ligand8749-0,1
ligand17843-0,1
ligand37359-0,1
ligand7894-0,1
ligand2574-0,1
ligand16652-0,1
ligand12788-0,1
ligand38271-0,1
ligand2181-0,1
ligand18470-0,1
ligand26532-0,1
ligand7913-0,1
ligand37457-0,1
ligand7445-0,1
ligand36957-0,1
ligand32473-0,1
ligand32214-0,1
ligand13389-0,1
ligand31892-0,1
ligand36652-0,1
ligand36651-0,1
ligand8564-0,1
ligand30553-0,1
ligand4880-0,1
ligand5155-0,1
ligand27338-0,1
ligand25161-0,1
ligand10946-0,1
ligand3471-0,1
ligand8646-0,1
ligand8645-0,1
ligand34133-0,1
ligand30372-0,1
ligand33261-0,1
ligand3596-0,1
ligand23315-0,1
ligand5935-0,1
ligand27877-0,1
ligand16812-0,1
ligand4944-0,1
ligand33415-0,1
ligand21622-0,1
ligand19905-0,1
ligand17156-0,1
ligand20932-0,1
ligand35064-0,1
ligand25642-0,1
ligand19382-0,1
ligand31127-0,1
ligand31393-0,1
ligand18342-0,1
ligand19395-0,1
ligand24227-0,1
ligand37161-0,1
ligand5399-0,1
ligand24150-0,1
ligand22005-0,1
ligand9453-0,1
ligand34794-0,1
ligand6483-0,1
ligand10363-0,1
ligand25889-0,1
ligand11454-0,1
ligand12089-0,1
ligand5126-0,1
ligand11391-0,1
ligand10732-0,1
ligand3943-0,1
ligand24430-0,1
ligand32083-0,1
ligand10130-0,1
ligand32084-0,1
ligand10193-0,1
ligand15772-0,1
ligand2166-0,1
ligand11024-0,1
ligand33601-0,1
ligand15324-0,1
ligand34479-0,1
ligand28127-0,1
ligand11936-0,1
ligand15716-0,1
ligand28323-0,1
ligand28262-0,1
ligand14597-0,1
ligand24923-0,1
ligand1369-0,1
ligand6569-0,1
ligand3152-0,1
ligand4558-0,1
ligand23944-0,1
ligand9030-0,1
ligand12298-0,1
ligand389-0,1
ligand33655-0,1
ligand3349-0,1
ligand2406-0,1
ligand28537-0,1
ligand7960-0,1
ligand31095-0,1
ligand16749-0,1
ligand17005-0,1
ligand5462-0,1
ligand18812-0,1
ligand33250-0,1
ligand17964-0,1
ligand20670-0,1
ligand7872-0,1
ligand29537-0,1
ligand23767-0,1
ligand14786-0,1
ligand14785-0,1
ligand17368-0,1
ligand17369-0,1
ligand33756-0,1
ligand6284-0,1
ligand10051-0,1
ligand23283-0,1
ligand11638-0,1
ligand27665-0,1
ligand6334-0,1
ligand23775-0,1
ligand11725-0,1
ligand80-0,1
ligand22554-0,1
ligand26692-0,1
ligand9098-0,1
ligand20132-0,1
ligand21621-0,1
ligand12249-0,1
ligand26702-0,1
ligand25321-0,1
ligand16396-0,1
ligand18793-0,1
ligand6673-0,1
ligand3149-0,1
ligand9464-0,1
ligand22837-0,1
ligand25892-0,1
ligand26437-0,1
ligand14182-0,1
ligand33832-0,1
ligand26357-0,1
ligand22712-0,1
ligand37856-0,1
ligand25690-0,1
ligand4704-0,1
ligand12465-0,1
ligand10740-0,1
ligand8054-0,1
ligand8903-0,1
ligand29300-0,1
ligand32946-0,1
ligand24792-0,1
ligand3942-0,1
ligand32760-0,1
ligand16184-0,1
ligand29475-0,1
ligand31762-0,1
ligand29521-0,1
ligand23838-0,1
ligand10532-0,1
ligand132-0,1
ligand34065-0,1
ligand31350-0,1
ligand28228-0,1
ligand2106-0,1
ligand9588-0,1
ligand4402-0,1
ligand21334-0,1
ligand35049-0,1
ligand30508-0,1
ligand14510-0,1
ligand23962-0,1
ligand23218-0,1
ligand28540-0,1
ligand25435-0,1
ligand14929-0,1
ligand22307-0,1
ligand2371-0,1
ligand37984-0,1
ligand21205-0,1
ligand26224-0,1
ligand32033-0,1
ligand4521-0,1
ligand4003-0,1
ligand27194-0,1
ligand37023-0,1
ligand23380-0,1
ligand6656-0,1
ligand1229-0,1
ligand31308-0,1
ligand36764-0,1
ligand36592-0,1
ligand4750-0,1
ligand33621-0,1
ligand19659-0,1
ligand28451-0,1
ligand4414-0,1
ligand27921-0,1
ligand7971-0,1
ligand32627-0,1
ligand3539-0,1
ligand36979-0,1
ligand19052-0,1
ligand32100-0,1
ligand15287-0,1
ligand28470-0,1
ligand32881-0,1
ligand36188-0,1
ligand35460-0,1
ligand12991-0,1
ligand10575-0,1
ligand36967-0,1
ligand31430-0,1
ligand31431-0,1
ligand10746-0,1
ligand27932-0,1
ligand34409-0,1
ligand3010-0,1
ligand22174-0,1
ligand27811-0,1
ligand5697-0,1
ligand20785-0,1
ligand17941-0,1
ligand13674-0,1
ligand2739-0,1
ligand6597-0,1
ligand33543-0,1
ligand20735-0,1
ligand11526-0,1
ligand29903-0,1
ligand27694-0,1
ligand6850-0,1
ligand11999-0,1
ligand19266-0,1
ligand9815-0,1
ligand23673-0,1
ligand7311-0,1
ligand31266-0,1
ligand2934-0,1
ligand9298-0,1
ligand436-0,1
ligand27537-0,1
ligand10664-0,1
ligand8870-0,1
ligand26757-0,1
ligand26756-0,1
ligand25850-0,1
ligand9921-0,1
ligand14704-0,1
ligand1407-0,1
ligand21445-0,1
ligand24271-0,1
ligand22501-0,1
ligand25508-0,1
ligand10387-0,1
ligand19706-0,1
ligand9340-0,1
ligand28563-0,1
ligand35354-0,1
ligand7089-0,1
ligand34899-0,1
ligand35054-0,1
ligand18135-0,1
ligand6297-0,1
ligand8332-0,1
ligand21647-0,1
ligand34660-0,1
ligand6471-0,1
ligand30566-0,1
ligand24291-0,1
ligand5625-0,1
ligand5509-0,1
ligand16748-0,1
ligand7898-0,1
ligand12033-0,1
ligand17524-0,1
ligand6570-0,1
ligand2507-0,1
ligand29775-0,1
ligand7779-0,1
ligand34253-0,1
ligand20227-0,1
ligand5919-0,1
ligand34318-0,1
ligand13790-0,1
ligand8526-0,1
ligand9331-0,1
ligand14268-0,1
ligand25686-0,1
ligand37404-0,1
ligand30811-0,1
ligand19335-0,1
ligand4001-0,1
ligand14705-0,1
ligand31168-0,1
ligand5302-0,1
ligand13476-0,1
ligand21584-0,1
ligand30439-0,1
ligand8075-0,1
ligand18278-0,1
ligand35537-0,1
ligand7306-0,1
ligand16979-0,1
ligand2484-0,1
ligand8184-0,1
ligand21545-0,1
ligand37676-0,1
ligand19289-0,1
ligand16236-0,1
ligand18611-0,1
ligand29985-0,1
ligand28567-0,1
ligand31963-0,1
ligand34115-0,1
ligand13662-0,1
ligand32391-0,1
ligand27737-0,1
ligand37283-0,1
ligand3114-0,1
ligand30163-0,1
ligand25727-0,1
ligand21081-0,1
ligand12396-0,1
ligand23829-0,1
ligand14067-0,1
ligand16982-0,1
ligand15191-0,1
ligand28289-0,1
ligand31932-0,1
ligand37127-0,1
ligand3441-0,1
ligand20601-0,1
ligand2794-0,1
ligand19575-0,1
ligand14797-0,1
ligand37467-0,1
ligand27619-0,1
ligand17546-0,1
ligand16581-0,1
ligand38314-0,1
ligand15493-0,1
ligand6348-0,1
ligand36133-0,1
ligand10479-0,1
ligand19139-0,1
ligand26713-0,1
ligand29051-0,1
ligand9854-0,1
ligand9811-0,1
ligand3500-0,1
ligand20617-0,1
ligand31891-0,1
ligand29251-0,1
ligand33850-0,1
ligand28647-0,1
ligand9788-0,1
ligand23393-0,1
ligand19196-0,1
ligand8931-0,1
ligand4053-0,1
ligand19464-0,1
ligand9166-0,1
ligand4377-0,1
ligand15686-0,1
ligand4865-0,1
ligand9992-0,1
ligand19922-0,1
ligand8573-0,1
ligand12774-0,1
ligand38115-0,1
ligand31470-0,1
ligand15913-0,1
ligand20102-0,1
ligand21273-0,1
ligand30475-0,1
ligand13336-0,1
ligand12331-0,1
ligand30894-0,1
ligand24072-0,1
ligand13111-0,1
ligand4849-0,1
ligand22836-0,1
ligand8149-0,1
ligand1923-0,1
ligand9997-0,1
ligand21488-0,1
ligand28761-0,1
ligand12748-0,1
ligand32577-0,1
ligand31274-0,1
ligand15480-0,1
ligand15113-0,1
ligand12176-0,1
ligand4075-0,1
ligand27453-0,1
ligand10414-0,1
ligand12257-0,1
ligand37433-0,1
ligand1515-0,1
ligand3442-0,1
ligand17538-0,1
ligand2269-0,1
ligand26217-0,1
ligand16126-0,1
ligand35153-0,1
ligand23895-0,1
ligand4338-0,1
ligand10206-0,1
ligand4758-0,1
ligand4172-0,1
ligand34948-0,1
ligand6556-0,1
ligand35716-0,1
ligand23108-0,1
ligand28851-0,1
ligand12073-0,1
ligand10302-0,1
ligand26937-0,1
ligand35314-0,1
ligand23227-0,1
ligand19538-0,1
ligand34173-0,1
ligand27547-0,1
ligand29053-0,1
ligand32047-0,1
ligand21568-0,1
ligand15036-0,1
ligand37809-0,1
ligand19716-0,1
ligand37810-0,1
ligand9523-0,1
ligand6094-0,1
ligand16059-0,1
ligand2710-0,1
ligand1670-0,1
ligand36643-0,1
ligand178-0,1
ligand3952-0,1
ligand7017-0,1
ligand790-0,1
ligand24736-0,1
ligand22908-0,1
ligand12185-0,1
ligand31829-0,1
ligand13784-0,1
ligand10373-0,1
ligand22589-0,1
ligand4816-0,1
ligand19167-0,1
ligand29307-0,1
ligand7426-0,1
ligand2002-0,1
ligand14018-0,1
ligand26716-0,1
ligand20464-0,1
ligand16600-0,1
ligand16544-0,1
ligand2056-0,1
ligand6365-0,1
ligand38190-0,1
ligand17946-0,1
ligand21431-0,1
ligand22112-0,1
ligand9081-0,1
ligand29269-0,1
ligand20084-0,1
ligand3614-0,1
ligand26761-0,1
ligand4077-0,1
ligand30863-0,1
ligand35881-0,1
ligand14019-0,1
ligand15499-0,1
ligand31626-0,1
ligand25788-0,1
ligand37128-0,1
ligand3143-0,1
ligand14312-0,1
ligand23777-0,1
ligand25835-0,1
ligand11698-0,1
ligand34491-0,1
ligand19459-0,1
ligand11447-0,1
ligand20894-0,1
ligand19145-0,1
ligand27946-0,1
ligand30431-0,1
ligand8455-0,1
ligand8424-0,1
ligand18919-0,1
ligand2768-0,1
ligand15518-0,1
ligand32750-0,1
ligand32440-0,1
ligand10614-0,1
ligand27568-0,1
ligand18635-0,1
ligand10945-0,1
ligand33841-0,1
ligand20210-0,1
ligand7982-0,1
ligand8497-0,1
ligand4068-0,1
ligand10274-0,1
ligand29058-0,1
ligand22245-0,1
ligand12905-0,1
ligand34397-0,1
ligand6093-0,1
ligand33362-0,1
ligand25808-0,1
ligand26273-0,1
ligand28318-0,1
ligand28319-0,1
ligand25401-0,1
ligand14612-0,1
ligand24136-0,1
ligand36748-0,1
ligand24875-0,1
ligand26143-0,1
ligand19854-0,1
ligand15888-0,1
ligand16268-0,1
ligand35119-0,1
ligand2302-0,1
ligand20109-0,1
ligand32189-0,1
ligand28073-0,1
ligand34013-0,1
ligand21353-0,1
ligand6096-0,1
ligand6553-0,1
ligand2721-0,1
ligand17093-0,1
ligand19067-0,1
ligand16148-0,1
ligand32518-0,1
ligand22077-0,1
ligand15453-0,1
ligand10796-0,1
ligand22497-0,1
ligand31358-0,1
ligand25666-0,1
ligand11911-0,1
ligand18815-0,1
ligand19364-0,1
ligand20994-0,1
ligand6066-0,1
ligand33757-0,1
ligand8614-0,1
ligand11154-0,1
ligand32300-0,1
ligand15447-0,1
ligand18768-0,1
ligand7328-0,1
ligand20846-0,1
ligand17030-0,1
ligand25794-0,1
ligand16384-0,1
ligand30049-0,1
ligand15712-0,1
ligand10742-0,1
ligand15367-0,1
ligand37724-0,1
ligand16834-0,1
ligand7294-0,1
ligand18657-0,1
ligand16223-0,1
ligand12452-0,1
ligand34480-0,1
ligand10062-0,1
ligand23221-0,1
ligand7775-0,1
ligand34584-0,1
ligand427-0,1
ligand34583-0,1
ligand28801-0,1
ligand23717-0,1
ligand21683-0,1
ligand3840-0,1
ligand3449-0,1
ligand20522-0,1
ligand23954-0,1
ligand10043-0,1
ligand27432-0,1
ligand20764-0,1
ligand29167-0,1
ligand1759-0,1
ligand23078-0,1
ligand31808-0,1
ligand34534-0,1
ligand4328-0,1
ligand18022-0,1
ligand7125-0,1
ligand9554-0,1
ligand7473-0,1
ligand10248-0,1
ligand25564-0,1
ligand1774-0,1
ligand20677-0,1
ligand22590-0,1
ligand34742-0,1
ligand29840-0,1
ligand18658-0,1
ligand29699-0,1
ligand11852-0,1
ligand29308-0,1
ligand15431-0,1
ligand30550-0,1
ligand18120-0,1
ligand34970-0,1
ligand12843-0,1
ligand16567-0,1
ligand36670-0,1
ligand23470-0,1
ligand18771-0,1
ligand5024-0,1
ligand4906-0,1
ligand34032-0,1
ligand25697-0,1
ligand22478-0,1
ligand35500-0,1
ligand21138-0,1
ligand25883-0,1
ligand6473-0,1
ligand29204-0,1
ligand22423-0,1
ligand32457-0,1
ligand17878-0,1
ligand13237-0,1
ligand27387-0,1
ligand29873-0,1
ligand22885-0,1
ligand24725-0,1
ligand29282-0,1
ligand20697-0,1
ligand5978-0,1
ligand23833-0,1
ligand8138-0,1
ligand16842-0,1
ligand10831-0,1
ligand3186-0,1
ligand20155-0,1
ligand23499-0,1
ligand4721-0,1
ligand35149-0,1
ligand19881-0,1
ligand6179-0,1
ligand17642-0,1
ligand23004-0,1
ligand12324-0,1
ligand22884-0,1
ligand7336-0,1
ligand10821-0,1
ligand26923-0,1
ligand35213-0,1
ligand29233-0,1
ligand34896-0,1
ligand23376-0,1
ligand37061-0,1
ligand9990-0,1
ligand4407-0,1
ligand1929-0,1
ligand20802-0,1
ligand19678-0,1
ligand38226-0,1
ligand13439-0,1
ligand35796-0,1
ligand5479-0,1
ligand24144-0,1
ligand27409-0,1
ligand27378-0,1
ligand2021-0,1
ligand5107-0,1
ligand36078-0,1
ligand9654-0,1
ligand18587-0,1
ligand36278-0,1
ligand14678-0,1
ligand35790-0,1
ligand34695-0,1
ligand13703-0,1
ligand36617-0,1
ligand22220-0,1
ligand7873-0,1
ligand14051-0,1
ligand23899-0,1
ligand9987-0,1
ligand11399-0,1
ligand8373-0,1
ligand681-0,1
ligand11695-0,1
ligand15049-0,1
ligand5812-0,1
ligand6343-0,1
ligand21419-0,1
ligand28421-0,1
ligand32751-0,1
ligand26472-0,1
ligand27543-0,1
ligand24134-0,1
ligand14236-0,1
ligand29844-0,1
ligand15375-0,1
ligand34747-0,1
ligand30044-0,1
ligand7047-0,1
ligand38205-0,1
ligand8123-0,1
ligand11336-0,1
ligand19178-0,1
ligand12020-0,1
ligand26210-0,1
ligand5292-0,1
ligand31568-0,1
ligand17828-0,1
ligand32804-0,1
ligand2991-0,1
ligand31522-0,1
ligand2343-0,1
ligand28193-0,1
ligand16456-0,1
ligand22863-0,1
ligand5274-0,1
ligand21824-0,1
ligand28316-0,1
ligand23766-0,1
ligand11895-0,1
ligand5940-0,1
ligand8892-0,1
ligand25279-0,1
ligand29146-0,1
ligand31764-0,1
ligand10702-0,1
ligand22348-0,1
ligand30388-0,1
ligand23791-0,1
ligand1713-0,1
ligand11872-0,1
ligand8548-0,1
ligand31800-0,1
ligand6355-0,1
ligand31697-0,1
ligand28778-0,1
ligand22260-0,1
ligand18304-0,1
ligand30769-0,1
ligand24560-0,1
ligand34269-0,1
ligand29830-0,1
ligand21168-0,1
ligand5245-0,1
ligand34478-0,1
ligand30502-0,1
ligand30488-0,1
ligand16973-0,1
ligand14769-0,1
ligand1462-0,1
ligand27256-0,1
ligand27257-0,1
ligand28030-0,1
ligand2139-0,1
ligand15226-0,1
ligand23115-0,1
ligand21159-0,1
ligand18184-0,1
ligand32626-0,1
ligand3481-0,1
ligand31748-0,1
ligand32278-0,1
ligand18693-0,1
ligand6463-0,1
ligand24848-0,1
ligand25941-0,1
ligand27907-0,1
ligand32816-0,1
ligand28504-0,1
ligand20545-0,1
ligand5839-0,1
ligand19940-0,1
ligand21438-0,1
ligand29494-0,1
ligand29495-0,1
ligand31602-0,1
ligand31602-1,1
ligand10379-0,1
ligand34406-0,1
ligand20692-0,1
ligand22156-0,1
ligand3670-0,1
ligand20702-0,1
ligand129-0,1
ligand10457-0,1
ligand25092-0,1
ligand20901-0,1
ligand27234-0,1
ligand32728-0,1
ligand10761-0,1
ligand35022-0,1
ligand23972-0,1
ligand4351-0,1
ligand27111-0,1
ligand611-0,1
ligand33566-0,1
ligand13023-0,1
ligand23737-0,1
ligand2498-0,1
ligand5401-0,1
ligand32773-0,1
ligand26403-0,1
ligand12569-0,1
ligand28388-0,1
ligand30724-0,1
ligand5213-0,1
ligand36451-0,1
ligand19599-0,1
ligand4369-0,1
ligand24749-0,1
ligand748-0,1
ligand34501-0,1
ligand17235-0,1
ligand31379-0,1
ligand20567-0,1
ligand16856-0,1
ligand34985-0,1
ligand23789-0,1
ligand4490-0,1
ligand31865-0,1
ligand12561-0,1
ligand33804-0,1
ligand3047-0,1
ligand18511-0,1
ligand22746-0,1
ligand931-0,1
ligand15006-0,1
ligand30522-0,1
ligand19451-0,1
ligand16228-0,1
ligand21650-0,1
ligand28989-0,1
ligand11476-0,1
ligand36837-0,1
ligand31107-0,1
ligand18027-0,1
ligand36871-0,1
ligand4561-0,1
ligand7366-0,1
ligand25521-0,1
ligand5014-0,1
ligand19468-0,1
ligand19467-0,1
ligand22743-0,1
ligand24493-0,1
ligand2174-0,1
ligand5129-0,1
ligand33818-0,1
ligand26725-0,1
ligand3582-0,1
ligand30313-0,1
ligand1064-0,1
ligand1063-0,1
ligand21582-0,1
ligand13659-0,1
ligand33675-0,1
ligand13881-0,1
ligand4551-0,1
ligand7845-0,1
ligand32291-0,1
ligand37766-0,1
ligand11071-0,1
ligand27578-0,1
ligand23823-0,1
ligand29312-0,1
ligand23915-0,1
ligand29442-0,1
ligand15030-0,1
ligand2640-0,1
ligand27942-0,1
ligand20716-0,1
ligand3264-0,1
ligand30310-0,1
ligand21283-0,1
ligand33925-0,1
ligand29767-0,1
ligand1466-0,1
ligand37976-0,1
ligand30661-0,1
ligand3054-0,1
ligand33385-0,1
ligand30658-0,1
ligand18618-0,1
ligand28468-0,1
ligand35085-0,1
ligand24154-0,1
ligand17717-0,1
ligand114-0,1
ligand36166-0,1
ligand20630-0,1
ligand14620-0,1
ligand15993-0,1
ligand32575-0,1
ligand28924-0,1
ligand27100-0,1
ligand26252-0,1
ligand27764-0,1
ligand6423-0,1
ligand17072-0,1
ligand18647-0,1
ligand35088-0,1
ligand3309-0,1
ligand21547-0,1
ligand2334-0,1
ligand2421-0,1
ligand25839-0,1
ligand3203-0,1
ligand21413-0,1
ligand33252-0,1
ligand20350-0,1
ligand1423-0,1
ligand8428-0,1
ligand34403-0,1
ligand30877-0,1
ligand32592-0,1
ligand34302-0,1
ligand33768-0,1
ligand5920-0,1
ligand13853-0,1
ligand25945-0,1
ligand20704-0,1
ligand32624-0,1
ligand21030-0,1
ligand9627-0,1
ligand24000-0,1
ligand26233-0,1
ligand4971-0,1
ligand20990-0,1
ligand6998-0,1
ligand18202-0,1
ligand18241-0,1
ligand20300-0,1
ligand12755-0,1
ligand22437-0,1
ligand15297-0,1
ligand34224-0,1
ligand13536-0,1
ligand6999-0,1
ligand31175-0,1
ligand27715-0,1
ligand2116-0,1
ligand11514-0,1
ligand28898-0,1
ligand31971-0,1
ligand10426-0,1
ligand18862-0,1
ligand31138-0,1
ligand18600-0,1
ligand3429-0,1
ligand35441-0,1
ligand24011-0,1
ligand24341-0,1
ligand26762-0,1
ligand1866-0,1
ligand33625-0,1
ligand37280-0,1
ligand16062-0,1
ligand20062-0,1
ligand19210-0,1
ligand23412-0,1
ligand11906-0,1
ligand16573-0,1
ligand15205-0,1
ligand24662-0,1
ligand37684-0,1
ligand15420-0,1
ligand25123-0,1
ligand24452-0,1
ligand24453-0,1
ligand1273-0,1
ligand29573-0,1
ligand6390-0,1
ligand37593-0,1
ligand20533-0,1
ligand35728-0,1
ligand31678-0,1
ligand10778-0,1
ligand22512-0,1
ligand11429-0,1
ligand16177-0,1
ligand17159-0,1
ligand21451-1,1
ligand18718-0,1
ligand7719-0,1
ligand2711-0,1
ligand17130-0,1
ligand28743-0,1
ligand35800-0,1
ligand16143-0,1
ligand22541-0,1
ligand5655-0,1
ligand12382-0,1
ligand16553-0,1
ligand4959-0,1
ligand28984-0,1
ligand6330-0,1
ligand23369-0,1
ligand30908-0,1
ligand698-0,1
ligand32363-0,1
ligand19785-0,1
ligand3069-0,1
ligand5989-0,1
ligand10228-0,1
ligand30767-0,1
ligand36368-0,1
ligand21705-0,1
ligand7284-0,1
ligand36096-0,1
ligand1503-0,1
ligand15792-0,1
ligand17863-0,1
ligand11605-0,1
ligand18544-0,1
ligand19081-0,1
ligand26899-0,1
ligand23608-0,1
ligand27156-0,1
ligand7929-0,1
ligand12139-0,1
ligand22610-0,1
ligand5849-0,1
ligand33065-0,1
ligand7566-0,1
ligand398-0,1
ligand24514-0,1
ligand37213-0,1
ligand9547-0,1
ligand7761-0,1
ligand24527-0,1
ligand23293-0,1
ligand36192-0,1
ligand7261-0,1
ligand4595-0,1
ligand21714-0,1
ligand28615-0,1
ligand33615-0,1
ligand37637-0,1
ligand13537-0,1
ligand27441-0,1
ligand6823-0,1
ligand26151-0,1
ligand26012-0,1
ligand5613-0,1
ligand7570-0,1
ligand5991-0,1
ligand19934-0,1
ligand7448-0,1
ligand8287-0,1
ligand6162-0,1
ligand9412-0,1
ligand28611-0,1
ligand4876-0,1
ligand12730-0,1
ligand10068-0,1
ligand15286-0,1
ligand22924-0,1
ligand16140-0,1
ligand16410-0,1
ligand15104-0,1
ligand19148-0,1
ligand19582-0,1
ligand1845-0,1
ligand34995-0,1
ligand27308-0,1
ligand28155-0,1
ligand4271-0,1
ligand24260-0,1
ligand24399-0,1
ligand13054-0,1
ligand20389-0,1
ligand27357-0,1
ligand23905-0,1
ligand5229-0,1
ligand18459-0,1
ligand20882-0,1
ligand33933-0,1
ligand35363-0,1
ligand26040-0,1
ligand16662-0,1
ligand3909-0,1
ligand34824-0,1
ligand35834-0,1
ligand36050-0,1
ligand31081-0,1
ligand22048-0,1
ligand32530-0,1
ligand10323-0,1
ligand20551-0,1
ligand22525-0,1
ligand10666-0,1
ligand33089-0,1
ligand8222-0,1
ligand19777-0,1
ligand32551-0,1
ligand21776-0,1
ligand15052-0,1
ligand6728-0,1
ligand13338-0,1
ligand17133-0,1
ligand34607-0,1
ligand20938-0,1
ligand19386-0,1
ligand11645-0,1
ligand35113-0,1
ligand27360-0,1
ligand33348-0,1
ligand17598-0,1
ligand16937-0,1
ligand28488-0,1
ligand30732-0,1
ligand23206-0,1
ligand31079-0,1
ligand34634-0,1
ligand23916-0,1
ligand12238-0,1
ligand7322-0,1
ligand11340-0,1
ligand292-0,1
ligand27803-0,1
ligand21256-0,1
ligand30807-0,1
ligand27652-0,1
ligand5495-0,1
ligand25245-0,1
ligand20557-0,1
ligand29862-0,1
ligand27852-0,1
ligand32281-0,1
ligand29887-0,1
ligand36840-0,1
ligand23949-0,1
ligand16484-0,1
ligand10718-0,1
ligand16641-0,1
ligand5358-0,1
ligand28402-0,1
ligand35249-0,1
ligand16427-0,1
ligand34978-0,1
ligand465-0,1
ligand18457-0,1
ligand31191-0,1
ligand21514-0,1
ligand881-0,1
ligand7670-0,1
ligand12559-0,1
ligand20898-0,1
ligand9817-0,1
ligand27275-0,1
ligand31402-0,1
ligand24106-0,1
ligand1236-0,1
ligand9526-0,1
ligand16899-0,1
ligand13953-0,1
ligand21617-0,1
ligand4237-0,1
ligand15409-0,1
ligand20098-0,1
ligand36508-0,1
ligand1075-0,1
ligand36121-0,1
ligand38223-0,1
ligand6696-0,1
ligand10521-0,1
ligand27744-0,1
ligand21024-0,1
ligand286-0,1
ligand37466-0,1
ligand11104-0,1
ligand26785-0,1
ligand31537-0,1
ligand12256-0,1
ligand32020-0,1
ligand30201-0,1
ligand37418-0,1
ligand21471-0,1
ligand15687-0,1
ligand36365-0,1
ligand31957-0,1
ligand4281-0,1
ligand13020-0,1
ligand7010-0,1
ligand21056-0,1
ligand36892-0,1
ligand38192-0,1
ligand14112-0,1
ligand30530-0,1
ligand14611-0,1
ligand2025-0,1
ligand22638-0,1
ligand27978-0,1
ligand7882-0,1
ligand18801-0,1
ligand31202-0,1
ligand4012-0,1
ligand4013-0,1
ligand13601-0,1
ligand20204-0,1
ligand13128-0,1
ligand38212-0,1
ligand36786-0,1
ligand27733-0,1
ligand8924-0,1
ligand28549-0,1
ligand35543-0,1
ligand33082-0,1
ligand23021-0,1
ligand34776-0,1
ligand21355-0,1
ligand4807-0,1
ligand19598-0,1
ligand8409-0,1
ligand28757-0,1
ligand7385-0,1
ligand31014-0,1
ligand33501-0,1
ligand27591-0,1
ligand24789-0,1
ligand27212-0,1
ligand17956-0,1
ligand35892-0,1
ligand20857-0,1
ligand15946-0,1
ligand9542-0,1
ligand9064-0,1
ligand9065-0,1
ligand7813-0,1
ligand4994-0,1
ligand1807-0,1
ligand667-0,1
ligand11136-0,1
ligand12164-0,1
ligand35092-0,1
ligand28755-0,1
ligand32168-0,1
ligand12482-0,1
ligand27316-0,1
ligand33983-0,1
ligand20149-0,1
ligand28422-0,1
ligand6792-0,1
ligand31548-0,1
ligand21028-0,1
ligand11058-0,1
ligand27343-0,1
ligand15066-0,1
ligand1421-0,1
ligand8715-0,1
ligand26797-0,1
ligand7396-0,1
ligand23865-0,1
ligand23879-0,1
ligand29412-0,1
ligand20020-0,1
ligand3372-0,1
ligand35578-0,1
ligand18548-0,1
ligand26647-0,1
ligand34328-0,1
ligand5683-0,1
ligand3593-0,1
ligand645-0,1
ligand15663-0,1
ligand26069-0,1
ligand36938-0,1
ligand33283-0,1
ligand32825-0,1
ligand17000-0,1
ligand4941-0,1
ligand23382-0,1
ligand1837-0,1
ligand32348-0,1
ligand37927-0,1
ligand37598-0,1
ligand36440-0,1
ligand18888-0,1
ligand16402-0,1
ligand4246-0,1
ligand7420-0,1
ligand13043-0,1
ligand25132-0,1
ligand18048-0,1
ligand22239-0,1
ligand15492-0,1
ligand16702-0,1
ligand25009-0,1
ligand20778-0,1
ligand14324-0,1
ligand11356-0,1
ligand14557-0,1
ligand9610-0,1
ligand7296-0,1
ligand18194-0,1
ligand13801-0,1
ligand28963-0,1
ligand34512-0,1
ligand29848-0,1
ligand22152-0,1
ligand20984-0,1
ligand35789-0,1
ligand30665-0,1
ligand23041-0,1
ligand16266-0,1
ligand10663-0,1
ligand25233-0,1
ligand22748-0,1
ligand7956-0,1
ligand25647-0,1
ligand25648-0,1
ligand30793-0,1
ligand26829-0,1
ligand38198-0,1
ligand16309-0,1
ligand34215-0,1
ligand15541-0,1
ligand10283-0,1
ligand2195-0,1
ligand5949-0,1
ligand17240-0,1
ligand34314-0,1
ligand22888-0,1
ligand28776-0,1
ligand25867-0,1
ligand29694-0,1
ligand9422-0,1
ligand26909-0,1
ligand37142-0,1
ligand22206-0,1
ligand16503-0,1
ligand9918-0,1
ligand16122-0,1
ligand18879-0,1
ligand28803-0,1
ligand36868-0,1
ligand35953-0,1
ligand13042-0,1
ligand2040-0,1
ligand30589-0,1
ligand13587-0,1
ligand9111-0,1
ligand14954-0,1
ligand3273-0,1
ligand21381-0,1
ligand12322-0,1
ligand22887-0,1
ligand25400-0,1
ligand27612-0,1
ligand24710-0,1
ligand23336-0,1
ligand19784-0,1
ligand22107-0,1
ligand2085-0,1
ligand26122-0,1
ligand2482-0,1
ligand13269-0,1
ligand11674-0,1
ligand780-0,1
ligand781-0,1
ligand24635-0,1
ligand4597-0,1
ligand36596-0,1
ligand7847-0,1
ligand15247-0,1
ligand6946-0,1
ligand26349-0,1
ligand28365-0,1
ligand3975-0,1
ligand11440-0,1
ligand18272-0,1
ligand3758-0,1
ligand34897-0,1
ligand14599-0,1
ligand9546-0,1
ligand26332-0,1
ligand11222-0,1
ligand36231-0,1
ligand26798-0,1
ligand14489-0,1
ligand21829-0,1
ligand24815-0,1
ligand19292-0,1
ligand21137-0,1
ligand35057-0,1
ligand9174-0,1
ligand32338-0,1
ligand2883-0,1
ligand12039-0,1
ligand23522-0,1
ligand35293-0,1
ligand28254-0,1
ligand7039-0,1
ligand13919-0,1
ligand33884-0,1
ligand36832-0,1
ligand23372-0,1
ligand15762-0,1
ligand7299-0,1
ligand36563-0,1
ligand11521-0,1
ligand13990-0,1
ligand4473-0,1
ligand16983-0,1
ligand17121-0,1
ligand17120-0,1
ligand18514-0,1
ligand18515-0,1
ligand7333-0,1
ligand22604-0,1
ligand8009-0,1
ligand27066-0,1
ligand12215-0,1
ligand24460-0,1
ligand32120-0,1
ligand33693-0,1
ligand10622-0,1
ligand10855-0,1
ligand18445-0,1
ligand8876-0,1
ligand7422-0,1
ligand28966-0,1
ligand16217-0,1
ligand20877-0,1
ligand4160-0,1
ligand31147-0,1
ligand6662-0,1
ligand20520-0,1
ligand28646-0,1
ligand1330-0,1
ligand17519-0,1
ligand37084-0,1
ligand21292-0,1
ligand37658-0,1
ligand33273-0,1
ligand15236-0,1
ligand6885-0,1
ligand8969-0,1
ligand29514-0,1
ligand29761-0,1
ligand30369-0,1
ligand3161-0,1
ligand26115-0,1
ligand31178-0,1
ligand28720-0,1
ligand16595-0,1
ligand27774-0,1
ligand18835-0,1
ligand8048-0,1
ligand29234-0,1
ligand18890-0,1
ligand27887-0,1
ligand9419-0,1
ligand6175-0,1
ligand10470-0,1
ligand32793-0,1
ligand4059-0,1
ligand5632-0,1
ligand9232-0,1
ligand20766-0,1
ligand27188-0,1
ligand7720-0,1
ligand17161-0,1
ligand3031-0,1
ligand3676-0,1
ligand3007-0,1
ligand26579-0,1
ligand23243-0,1
ligand22544-0,1
ligand19896-0,1
ligand25488-0,1
ligand20616-0,1
ligand24612-0,1
ligand8219-0,1
ligand29870-0,1
ligand9633-0,1
ligand19249-0,1
ligand19248-0,1
ligand7914-0,1
ligand9226-0,1
ligand5810-0,1
ligand23234-0,1
ligand38187-0,1
ligand32753-0,1
ligand25819-0,1
ligand13732-0,1
ligand15751-0,1
ligand26387-0,1
ligand23138-0,1
ligand24829-0,1
ligand26280-0,1
ligand37373-0,1
ligand37624-0,1
ligand25563-0,1
ligand13782-0,1
ligand12483-0,1
ligand34283-0,1
ligand17188-0,1
ligand31662-0,1
ligand26843-0,1
ligand3213-0,1
ligand9608-0,1
ligand14270-0,1
ligand3679-0,1
ligand16822-0,1
ligand28719-0,1
ligand22262-0,1
ligand2016-0,1
ligand7046-0,1
ligand35507-0,1
ligand12378-0,1
ligand15157-0,1
ligand8065-0,1
ligand23993-0,1
ligand22312-0,1
ligand5149-0,1
ligand34825-0,1
ligand34511-0,1
ligand8294-0,1
ligand28156-0,1
ligand20589-0,1
ligand36795-0,1
ligand27403-0,1
ligand32704-0,1
ligand11171-0,1
ligand14807-0,1
ligand15497-0,1
ligand15844-0,1
ligand2698-0,1
ligand36528-0,1
ligand33323-0,1
ligand34252-0,1
ligand3289-0,1
ligand30478-0,1
ligand31657-0,1
ligand23847-0,1
ligand7007-0,1
ligand19037-0,1
ligand15410-0,1
ligand29970-0,1
ligand37185-0,1
ligand35517-0,1
ligand19803-0,1
ligand25029-0,1
ligand16247-0,1
ligand32411-0,1
ligand18441-0,1
ligand32032-0,1
ligand7094-0,1
ligand5560-0,1
ligand34604-0,1
ligand33931-0,1
ligand11692-0,1
ligand7750-0,1
ligand2774-0,1
ligand15919-0,1
ligand13311-0,1
ligand3174-0,1
ligand36899-0,1
ligand17443-0,1
ligand3489-0,1
ligand33075-0,1
ligand14021-0,1
ligand22526-0,1
ligand25998-0,1
ligand37923-0,1
ligand7930-0,1
ligand18414-0,1
ligand28730-0,1
ligand18949-0,1
ligand10875-0,1
ligand31905-0,1
ligand13955-0,1
ligand25509-0,1
ligand24418-0,1
ligand22506-0,1
ligand20890-0,1
ligand36498-0,1
ligand37526-0,1
ligand2918-0,1
ligand19411-0,1
ligand32110-0,1
ligand20234-0,1
ligand7599-0,1
ligand25228-0,1
ligand10807-0,1
ligand27704-0,1
ligand19444-0,1
ligand3168-0,1
ligand35918-0,1
ligand17451-0,1
ligand37738-0,1
ligand19024-0,1
ligand27098-0,1
ligand1288-0,1
ligand576-0,1
ligand797-0,1
ligand30123-0,1
ligand392-0,1
ligand4143-0,1
ligand30664-0,1
ligand19205-0,1
ligand33745-0,1
ligand31498-0,1
ligand29101-0,1
ligand30317-0,1
ligand23296-0,1
ligand20017-0,1
ligand37326-0,1
ligand9926-0,1
ligand22930-0,1
ligand2481-0,1
ligand12977-0,1
ligand37950-0,1
ligand26545-0,1
ligand20045-0,1
ligand3954-0,1
ligand16656-0,1
ligand28703-0,1
ligand30345-0,1
ligand32515-0,1
ligand33004-0,1
ligand16690-0,1
ligand37547-0,1
ligand7434-0,1
ligand3564-0,1
ligand31599-0,1
ligand35415-0,1
ligand24122-0,1
ligand26494-0,1
ligand32722-0,1
ligand37896-0,1
ligand21849-0,1
ligand1208-0,1
ligand21141-0,1
ligand17753-0,1
ligand7454-0,1
ligand5786-0,1
ligand2983-0,1
ligand3992-0,1
ligand24764-0,1
ligand8400-0,1
ligand15153-0,1
ligand19574-0,1
ligand30544-0,1
ligand24155-0,1
ligand18713-0,1
ligand5995-0,1
ligand36640-0,1
ligand18516-0,1
ligand4638-0,1
ligand2082-0,1
ligand36095-0,1
ligand26938-0,1
ligand10023-0,1
ligand34602-0,1
ligand21059-0,1
ligand17044-0,1
ligand26078-0,1
ligand37118-0,1
ligand30900-0,1
ligand17029-0,1
ligand15773-0,1
ligand34144-0,1
ligand1052-0,1
ligand843-0,1
ligand27477-0,1
ligand22061-0,1
ligand216-0,1
ligand15812-0,1
ligand26094-0,1
ligand30248-0,1
ligand1399-0,1
ligand7651-0,1
ligand16753-0,1
ligand14034-0,1
ligand8839-0,1
ligand4125-0,1
ligand20685-0,1
ligand3110-0,1
ligand28092-0,1
ligand25873-0,1
ligand20638-0,1
ligand12144-0,1
ligand29092-0,1
ligand23320-0,1
ligand14330-0,1
ligand35696-0,1
ligand12487-0,1
ligand23678-0,1
ligand37549-0,1
ligand23441-0,1
ligand3374-0,1
ligand6565-0,1
ligand2167-0,1
ligand27756-0,1
ligand2141-0,1
ligand38139-0,1
ligand3624-0,1
ligand18562-0,1
ligand22109-0,1
ligand11543-0,1
ligand11542-0,1
ligand28594-0,1
ligand30674-0,1
ligand36618-0,1
ligand16901-0,1
ligand37493-0,1
ligand11490-1,1
ligand32941-0,1
ligand13963-0,1
ligand16054-0,1
ligand14070-0,1
ligand7209-0,1
ligand26075-0,1
ligand28994-0,1
ligand4497-0,1
ligand14941-0,1
ligand408-0,1
ligand19143-0,1
ligand31723-0,1
ligand31820-0,1
ligand33709-0,1
ligand24997-0,1
ligand17066-0,1
ligand16476-0,1
ligand24240-0,1
ligand13202-0,1
ligand13947-0,1
ligand29748-0,1
ligand10975-0,1
ligand28429-0,1
ligand22202-0,1
ligand31398-0,1
ligand34237-0,1
ligand7591-0,1
ligand326-0,1
ligand12575-0,1
ligand35891-0,1
ligand8720-0,1
ligand8135-0,1
ligand13347-0,1
ligand34317-0,1
ligand33151-0,1
ligand34348-0,1
ligand33525-0,1
ligand31870-0,1
ligand30451-0,1
ligand38247-0,1
ligand22361-0,1
ligand25609-0,1
ligand12865-0,1
ligand11259-0,1
ligand24765-0,1
ligand36530-0,1
ligand13426-0,1
ligand14486-0,1
ligand5577-0,1
ligand347-0,1
ligand25398-0,1
ligand19151-0,1
ligand27375-0,1
ligand24454-0,1
ligand31334-0,1
ligand19885-0,1
ligand34148-0,1
ligand21192-0,1
ligand25022-0,1
ligand2475-0,1
ligand8159-0,1
ligand1316-0,1
ligand7432-0,1
ligand36074-0,1
ligand36150-0,1
ligand13786-0,1
ligand28758-0,1
ligand10544-0,1
ligand29589-0,1
ligand8890-0,1
ligand2997-0,1
ligand14800-0,1
ligand14799-0,1
ligand32323-0,1
ligand29706-0,1
ligand30651-0,1
ligand10079-0,1
ligand34597-0,1
ligand19400-0,1
ligand18180-0,1
ligand37656-0,1
ligand4460-0,1
ligand31845-0,1
ligand23527-0,1
ligand37292-0,1
ligand24105-0,1
ligand36579-0,1
ligand27565-0,1
ligand30703-0,1
ligand4774-0,1
ligand3635-0,1
ligand25499-0,1
ligand25500-0,1
ligand6323-0,1
ligand2462-0,1
ligand24398-0,1
ligand28864-0,1
ligand33018-0,1
ligand8940-0,1
ligand18909-0,1
ligand31567-0,1
ligand17056-0,1
ligand8830-0,1
ligand104-0,1
ligand21618-0,1
ligand35830-0,1
ligand27253-0,1
ligand29787-0,1
ligand31141-0,1
ligand31210-0,1
ligand17473-0,1
ligand31601-0,1
ligand2224-0,1
ligand6559-0,1
ligand24648-0,1
ligand24647-0,1
ligand8458-0,1
ligand4249-0,1
ligand17537-0,1
ligand25643-0,1
ligand29372-0,1
ligand36477-0,1
ligand34455-0,1
ligand14779-0,1
ligand17695-0,1
ligand10281-0,1
ligand13183-0,1
ligand10681-0,1
ligand6722-0,1
ligand34799-0,1
ligand37615-0,1
ligand20301-0,1
ligand8043-0,1
ligand35637-0,1
ligand1464-0,1
ligand14044-0,1
ligand13716-0,1
ligand25674-0,1
ligand6428-0,1
ligand34830-0,1
ligand32638-0,1
ligand29563-0,1
ligand27910-0,1
ligand16136-0,1
ligand22789-0,1
ligand11350-0,1
ligand19473-0,1
ligand30185-0,1
ligand8929-0,1
ligand29196-0,1
ligand15909-0,1
ligand15533-0,1
ligand9003-0,1
ligand34676-0,1
ligand20050-0,1
ligand5600-0,1
ligand27596-0,1
ligand965-0,1
ligand17032-0,1
ligand30823-0,1
ligand33010-0,1
ligand16684-0,1
ligand3377-0,1
ligand19749-0,1
ligand8696-0,1
ligand25083-0,1
ligand19943-0,1
ligand7129-0,1
ligand32944-0,1
ligand22678-0,1
ligand38028-0,1
ligand13535-0,1
ligand33121-0,1
ligand2132-0,1
ligand5411-0,1
ligand17690-0,1
ligand34444-0,1
ligand28357-0,1
ligand8210-0,1
ligand25494-0,1
ligand8823-0,1
ligand37192-0,1
ligand14710-0,1
ligand3092-0,1
ligand6408-0,1
ligand5095-0,1
ligand1283-0,1
ligand25894-0,1
ligand32639-0,1
ligand8031-0,1
ligand30669-0,1
ligand8255-0,1
ligand16873-0,1
ligand36702-0,1
ligand29380-0,1
ligand37528-0,1
ligand24170-0,1
ligand24169-0,1
ligand24321-0,1
ligand742-0,1
ligand6035-0,1
ligand26517-0,1
ligand26688-0,1
ligand12277-0,1
ligand12548-0,1
ligand14988-0,1
ligand15284-0,1
ligand32979-0,1
ligand30477-0,1
ligand37574-0,1
ligand23898-0,1
ligand26239-0,1
ligand36669-0,1
ligand17984-0,1
ligand15580-0,1
ligand24656-0,1
ligand33079-0,1
ligand20668-0,1
ligand17535-0,1
ligand32516-0,1
ligand21048-0,1
ligand12787-0,1
ligand8122-0,1
ligand9274-0,1
ligand35309-0,1
ligand23960-0,1
ligand31889-0,1
ligand19523-0,1
ligand11491-0,1
ligand16024-0,1
ligand15852-0,1
ligand35091-0,1
ligand9470-0,1
ligand34681-0,1
ligand6606-0,1
ligand6011-0,1
ligand23571-0,1
ligand13133-0,1
ligand7988-0,1
ligand36590-0,1
ligand16592-0,1
ligand6071-0,1
ligand14222-0,1
ligand8147-0,1
ligand14951-0,1
ligand8949-0,1
ligand20082-0,1
ligand16036-0,1
ligand25726-0,1
ligand23606-0,1
ligand23605-0,1
ligand13945-0,1
ligand6796-0,1
ligand12059-0,1
ligand33154-0,1
ligand29456-0,1
ligand25949-0,1
ligand24308-0,1
ligand36354-0,1
ligand36355-0,1
ligand11204-0,1
ligand7800-0,1
ligand30341-0,1
ligand15278-0,1
ligand33653-0,1
ligand29531-0,1
ligand10443-0,1
ligand29578-0,1
ligand32871-0,1
ligand20673-0,1
ligand22847-0,1
ligand7489-0,1
ligand28663-0,1
ligand27739-0,1
ligand25887-0,1
ligand36244-0,1
ligand34544-0,1
ligand18113-0,1
ligand14148-0,1
ligand23683-0,1
ligand18389-0,1
ligand37132-0,1
ligand9616-0,1
ligand814-0,1
ligand16687-0,1
ligand36260-0,1
ligand36259-0,1
ligand77-0,1
ligand26675-0,1
ligand17807-0,1
ligand13102-0,1
ligand2453-0,1
ligand27667-0,1
ligand7019-0,1
ligand29523-0,1
ligand28008-0,1
ligand17264-0,1
ligand31941-0,1
ligand16541-0,1
ligand35937-0,1
ligand5441-0,1
ligand27998-0,1
ligand16052-0,1
ligand7400-0,1
ligand8045-0,1
ligand9755-0,1
ligand684-0,1
ligand33849-0,1
ligand32995-0,1
ligand14309-0,1
ligand24753-0,1
ligand356-0,1
ligand33984-0,1
ligand24914-0,1
ligand8446-0,1
ligand19675-0,1
ligand704-0,1
ligand18532-0,1
ligand27914-0,1
ligand11855-0,1
ligand5815-0,1
ligand17893-0,1
ligand954-0,1
ligand14773-0,1
ligand24351-0,1
ligand31484-0,1
ligand2742-0,1
ligand13896-0,1
ligand7823-0,1
ligand19764-0,1
ligand8622-0,1
ligand25763-0,1
ligand12887-0,1
ligand37622-0,1
ligand34354-0,1
ligand35100-0,1
ligand29363-0,1
ligand16743-0,1
ligand8662-0,1
ligand11013-0,1
ligand21672-0,1
ligand13595-0,1
ligand10204-0,1
ligand34763-0,1
ligand32731-0,1
ligand19048-1,1
ligand19048-0,1
ligand9310-0,1
ligand36491-0,1
ligand16453-0,1
ligand17079-0,1
ligand32260-0,1
ligand12680-0,1
ligand33603-0,1
ligand22064-0,1
ligand10667-0,1
ligand28142-0,1
ligand1021-0,1
ligand23573-0,1
ligand29346-0,1
ligand37921-0,1
ligand2124-0,1
ligand9634-0,1
ligand13187-0,1
ligand24438-0,1
ligand19179-0,1
ligand5720-0,1
ligand34581-0,1
ligand20820-0,1
ligand15799-0,1
ligand26951-0,1
ligand32466-0,1
ligand10849-0,1
ligand17111-0,1
ligand24204-0,1
ligand19794-0,1
ligand5135-0,1
ligand9443-0,1
ligand4487-0,1
ligand36329-0,1
ligand3148-0,1
ligand14877-0,1
ligand20911-0,1
ligand21303-0,1
ligand24659-0,1
ligand11992-0,1
ligand17759-0,1
ligand2412-0,1
ligand18446-0,1
ligand32498-0,1
ligand21770-0,1
ligand36364-0,1
ligand33687-0,1
ligand18952-0,1
ligand12005-0,1
ligand27050-0,1
ligand2753-0,1
ligand25594-0,1
ligand10160-0,1
ligand7059-0,1
ligand26997-0,1
ligand21943-0,1
ligand32210-0,1
ligand14870-0,1
ligand37392-0,1
ligand12674-0,1
ligand33126-0,1
ligand1008-0,1
ligand2408-0,1
ligand29194-0,1
ligand36336-0,1
ligand3360-0,1
ligand2925-0,1
ligand34006-0,1
ligand17375-0,1
ligand21643-0,1
ligand24498-0,1
ligand4694-0,1
ligand32126-0,1
ligand14176-0,1
ligand20409-0,1
ligand23859-0,1
ligand10971-0,1
ligand31336-0,1
ligand11985-0,1
ligand11449-0,1
ligand32672-0,1
ligand37390-0,1
ligand28870-0,1
ligand35581-0,1
ligand3181-0,1
ligand37938-0,1
ligand18776-0,1
ligand24575-0,1
ligand24431-0,1
ligand18641-0,1
ligand18642-0,1
ligand1724-0,1
ligand23137-0,1
ligand31464-0,1
ligand20883-0,1
ligand15685-0,1
ligand3259-0,1
ligand34385-0,1
ligand439-1,1
ligand28940-0,1
ligand17176-0,1
ligand32048-0,1
ligand37453-0,1
ligand20264-0,1
ligand7020-0,1
ligand9589-0,1
ligand15974-0,1
ligand29722-0,1
ligand25660-0,1
ligand15795-0,1
ligand11828-0,1
ligand20625-0,1
ligand4017-0,1
ligand21588-0,1
ligand37621-0,1
ligand5206-0,1
ligand3751-0,1
ligand16577-0,1
ligand852-0,1
ligand19951-0,1
ligand1431-0,1
ligand18692-0,1
ligand11894-0,1
ligand24652-0,1
ligand8216-0,1
ligand11289-0,1
ligand31344-0,1
ligand204-0,1
ligand31388-0,1
ligand31011-0,1
ligand5947-0,1
ligand26257-0,1
ligand32729-0,1
ligand26051-0,1
ligand33859-0,1
ligand16661-0,1
ligand37582-0,1
ligand23416-0,1
ligand20698-0,1
ligand33576-0,1
ligand23863-0,1
ligand6118-0,1
ligand35019-0,1
ligand16391-0,1
ligand10579-0,1
ligand9544-0,1
ligand27504-0,1
ligand37785-0,1
ligand17851-0,1
ligand16928-0,1
ligand7421-0,1
ligand28734-0,1
ligand14840-0,1
ligand27623-0,1
ligand10042-0,1
ligand32744-0,1
ligand14673-0,1
ligand23025-0,1
ligand30655-0,1
ligand30654-0,1
ligand1392-0,1
ligand30772-0,1
ligand24768-0,1
ligand30932-0,1
ligand33954-0,1
ligand11061-0,1
ligand3850-0,1
ligand10915-0,1
ligand18653-0,1
ligand28810-0,1
ligand25936-0,1
ligand26518-0,1
ligand30643-0,1
ligand9102-0,1
ligand22598-0,1
ligand25881-0,1
ligand25880-0,1
ligand19107-0,1
ligand28445-0,1
ligand24660-0,1
ligand27176-0,1
ligand23695-0,1
ligand33788-0,1
ligand24131-0,1
ligand17194-0,1
ligand8964-0,1
ligand11123-0,1
ligand31547-0,1
ligand9129-0,1
ligand2529-0,1
ligand12399-0,1
ligand15182-0,1
ligand28386-0,1
ligand7524-0,1
ligand20887-0,1
ligand6087-0,1
ligand16724-0,1
ligand13297-0,1
ligand35096-0,1
ligand23370-0,1
ligand19453-0,1
ligand13975-0,1
ligand17027-0,1
ligand9336-0,1
ligand30950-0,1
ligand9945-0,1
ligand23809-0,1
ligand13712-0,1
ligand28057-0,1
ligand36718-0,1
ligand35663-0,1
ligand32079-0,1
ligand23932-0,1
ligand2660-0,1
ligand30691-0,1
ligand23276-0,1
ligand32861-0,1
ligand3696-0,1
ligand36349-0,1
ligand35494-0,1
ligand2761-0,1
ligand6083-0,1
ligand31124-0,1
ligand25239-0,1
ligand24384-0,1
ligand36032-0,1
ligand25360-0,1
ligand24921-0,1
ligand9472-0,1
ligand15449-0,1
ligand35261-0,1
ligand21180-0,1
ligand25922-0,1
ligand865-0,1
ligand2008-0,1
ligand19321-0,1
ligand17346-0,1
ligand34883-0,1
ligand37793-0,1
ligand18068-0,1
ligand27300-0,1
ligand19767-0,1
ligand32790-0,1
ligand33185-0,1
ligand33086-0,1
ligand9019-0,1
ligand23858-0,1
ligand33371-0,1
ligand38079-0,1
ligand15648-0,1
ligand18140-0,1
ligand6663-0,1
ligand7590-0,1
ligand34375-0,1
ligand6402-0,1
ligand28463-0,1
ligand38166-0,1
ligand6941-0,1
ligand28553-0,1
ligand18519-0,1
ligand16001-0,1
ligand37358-0,1
ligand31837-0,1
ligand355-0,1
ligand36533-0,1
ligand33750-0,1
ligand12289-0,1
ligand24355-0,1
ligand23064-0,1
ligand33526-0,1
ligand38176-0,1
ligand2216-0,1
ligand20708-0,1
ligand14555-0,1
ligand3888-0,1
ligand6366-0,1
ligand5463-0,1
ligand31874-0,1
ligand6178-0,1
ligand26961-0,1
ligand12190-0,1
ligand25924-0,1
ligand25784-0,1
ligand7127-0,1
ligand24248-0,1
ligand2689-0,1
ligand31067-0,1
ligand29105-0,1
ligand17312-0,1
ligand35405-0,1
ligand15185-0,1
ligand4644-0,1
ligand34374-0,1
ligand26371-0,1
ligand33610-0,1
ligand22383-0,1
ligand36275-0,1
ligand10140-0,1
ligand33203-0,1
ligand18534-0,1
ligand18556-0,1
ligand18555-0,1
ligand723-0,1
ligand7645-0,1
ligand36454-0,1
ligand23371-0,1
ligand1953-0,1
ligand36326-0,1
ligand7947-0,1
ligand2301-0,1
ligand26453-0,1
ligand10750-0,1
ligand38178-0,1
ligand4031-0,1
ligand12629-0,1
ligand29080-0,1
ligand22631-0,1
ligand31683-0,1
ligand32982-0,1
ligand27479-0,1
ligand33913-0,1
ligand36301-0,1
ligand770-0,1
ligand29814-0,1
ligand6525-0,1
ligand26894-0,1
ligand9248-0,1
ligand30450-0,1
ligand27714-0,1
ligand20027-0,1
ligand12907-0,1
ligand2006-0,1
ligand5929-0,1
ligand30100-0,1
ligand17447-0,1
ligand1458-0,1
ligand30989-0,1
ligand1061-0,1
ligand6412-0,1
ligand25963-0,1
ligand5372-0,1
ligand3936-0,1
ligand26947-0,1
ligand7014-0,1
ligand12058-0,1
ligand24177-0,1
ligand33211-0,1
ligand7920-0,1
ligand19730-0,1
ligand6813-0,1
ligand19198-0,1
ligand4178-0,1
ligand4762-0,1
ligand15365-0,1
ligand15414-0,1
ligand21841-0,1
ligand23496-0,1
ligand26940-0,1
ligand29978-0,1
ligand1287-0,1
ligand13983-0,1
ligand27747-0,1
ligand21940-0,1
ligand21580-0,1
ligand15395-0,1
ligand28944-0,1
ligand15216-0,1
ligand35719-0,1
ligand7167-0,1
ligand12416-0,1
ligand25211-0,1
ligand26506-0,1
ligand31423-0,1
ligand8307-0,1
ligand33943-0,1
ligand36932-0,1
ligand26726-0,1
ligand35786-0,1
ligand20686-0,1
ligand10409-0,1
ligand2287-1,1
ligand15636-0,1
ligand30500-0,1
ligand31897-0,1
ligand34451-0,1
ligand9845-0,1
ligand22724-0,1
ligand13356-0,1
ligand20382-0,1
ligand37402-0,1
ligand30109-0,1
ligand11591-0,1
ligand32303-0,1
ligand32304-0,1
ligand11551-0,1
ligand10091-0,1
ligand1173-0,1
ligand18866-0,1
ligand26022-0,1
ligand32501-0,1
ligand10812-0,1
ligand33098-0,1
ligand27730-0,1
ligand5915-0,1
ligand15509-0,1
ligand14116-0,1
ligand20435-0,1
ligand21783-0,1
ligand5719-0,1
ligand36756-0,1
ligand5855-0,1
ligand32167-0,1
ligand19368-0,1
ligand38293-0,1
ligand12351-0,1
ligand33221-0,1
ligand35136-0,1
ligand27628-0,1
ligand33982-0,1
ligand21407-0,1
ligand9678-0,1
ligand7424-0,1
ligand23224-0,1
ligand33425-0,1
ligand11740-0,1
ligand30414-0,1
ligand5543-0,1
ligand3998-0,1
ligand33799-0,1
ligand85-0,1
ligand15433-0,1
ligand35503-0,1
ligand23149-0,1
ligand25264-0,1
ligand24386-0,1
ligand16462-0,1
ligand37426-0,1
ligand37097-0,1
ligand34659-0,1
ligand35720-0,1
ligand33383-0,1
ligand15421-0,1
ligand25548-0,1
ligand16144-0,1
ligand10580-0,1
ligand2526-0,1
ligand19262-0,1
ligand34684-0,1
ligand34971-0,1
ligand34244-0,1
ligand13634-0,1
ligand2466-0,1
ligand3060-0,1
ligand36557-0,1
ligand276-0,1
ligand3642-0,1
ligand24880-0,1
ligand12476-0,1
ligand14427-0,1
ligand4808-0,1
ligand11579-0,1
ligand26198-0,1
ligand26420-0,1
ligand18487-0,1
ligand36836-0,1
ligand16760-0,1
ligand24448-0,1
ligand36784-0,1
ligand8199-0,1
ligand36555-0,1
ligand9984-0,1
ligand18731-0,1
ligand18567-0,1
ligand28860-0,1
ligand17153-0,1
ligand27243-0,1
ligand28138-0,1
ligand20213-0,1
ligand14175-0,1
ligand20345-0,1
ligand11046-0,1
ligand29579-0,1
ligand8899-0,1
ligand7181-0,1
ligand14382-0,1
ligand18957-0,1
ligand18956-0,1
ligand14813-0,1
ligand25177-0,1
ligand4874-0,1
ligand35605-0,1
ligand17321-0,1
ligand28638-0,1
ligand4660-0,1
ligand529-0,1
ligand32706-0,1
ligand3091-0,1
ligand10747-0,1
ligand32615-0,1
ligand34735-0,1
ligand24611-0,1
ligand12753-0,1
ligand5398-0,1
ligand16132-0,1
ligand9740-0,1
ligand8461-0,1
ligand16074-0,1
ligand33569-0,1
ligand25798-0,1
ligand13171-0,1
ligand10865-0,1
ligand22516-0,1
ligand30840-0,1
ligand31181-0,1
ligand29892-0,1
ligand29891-0,1
ligand10986-0,1
ligand28195-0,1
ligand16588-0,1
ligand34778-0,1
ligand24157-0,1
ligand24158-0,1
ligand6884-0,1
ligand35467-0,1
ligand13222-0,1
ligand25486-0,1
ligand1949-0,1
ligand20352-0,1
ligand28087-0,1
ligand22078-0,1
ligand34046-0,1
ligand2060-0,1
ligand20079-0,1
ligand35946-0,1
ligand20078-0,1
ligand18943-0,1
ligand8352-0,1
ligand36103-0,1
ligand33830-0,1
ligand33831-0,1
ligand9799-0,1
ligand27157-0,1
ligand20825-0,1
ligand24406-0,1
ligand27469-0,1
ligand16111-0,1
ligand11854-0,1
ligand10275-0,1
ligand6977-0,1
ligand12579-0,1
ligand16792-0,1
ligand27708-0,1
ligand24480-0,1
ligand13767-0,1
ligand11509-0,1
ligand12074-0,1
ligand9753-0,1
ligand868-0,1
ligand11849-0,1
ligand3856-0,1
ligand21818-0,1
ligand26558-0,1
ligand7721-0,1
ligand32637-0,1
ligand702-0,1
ligand34702-0,1
ligand21956-0,1
ligand23094-0,1
ligand25573-0,1
ligand37931-0,1
ligand5990-0,1
ligand29856-0,1
ligand8047-0,1
ligand24176-0,1
ligand4329-0,1
ligand19173-0,1
ligand88-0,1
ligand17190-0,1
ligand19865-0,1
ligand31854-0,1
ligand17756-0,1
ligand34352-0,1
ligand779-0,1
ligand12370-0,1
ligand38257-0,1
ligand13194-0,1
ligand2788-0,1
ligand20628-0,1
ligand3684-0,1
ligand1306-0,1
ligand37957-0,1
ligand29443-0,1
ligand35838-0,1
ligand2289-0,1
ligand4710-0,1
ligand29969-0,1
ligand18083-0,1
ligand21863-0,1
ligand30404-0,1
ligand32412-0,1
ligand11047-0,1
ligand20241-0,1
ligand18830-0,1
ligand29016-0,1
ligand19251-0,1
ligand9347-0,1
ligand31038-0,1
ligand29774-0,1
ligand35780-0,1
ligand16221-0,1
ligand17839-0,1
ligand18954-0,1
ligand3762-0,1
ligand38149-0,1
ligand32606-0,1
ligand29886-0,1
ligand24557-1,1
ligand24557-0,1
ligand6319-0,1
ligand19296-0,1
ligand36439-0,1
ligand34787-0,1
ligand10471-0,1
ligand2053-0,1
ligand34786-0,1
ligand28640-0,1
ligand34024-0,1
ligand32331-0,1
ligand2951-0,1
ligand31843-0,1
ligand26970-0,1
ligand31018-0,1
ligand2220-0,1
ligand2123-0,1
ligand37754-0,1
ligand3855-0,1
ligand7830-0,1
ligand13031-0,1
ligand13030-0,1
ligand36392-0,1
ligand16461-0,1
ligand7410-0,1
ligand36222-0,1
ligand15311-0,1
ligand34165-0,1
ligand988-0,1
ligand27592-0,1
ligand21083-0,1
ligand12852-0,1
ligand29572-0,1
ligand34160-0,1
ligand38080-0,1
ligand8855-0,1
ligand4584-0,1
ligand5844-0,1
ligand22843-0,1
ligand30160-0,1
ligand20436-0,1
ligand28358-0,1
ligand33259-0,1
ligand34456-0,1
ligand14289-0,1
ligand33853-0,1
ligand19498-0,1
ligand32784-0,1
ligand32356-0,1
ligand22229-0,1
ligand29466-0,1
ligand11887-0,1
ligand2746-0,1
ligand1274-0,1
ligand19646-0,1
ligand38037-0,1
ligand17785-0,1
ligand20799-0,1
ligand803-0,1
ligand12111-0,1
ligand16297-0,1
ligand11185-0,1
ligand12721-0,1
ligand2948-0,1
ligand7850-0,1
ligand8932-0,1
ligand1104-0,1
ligand10823-0,1
ligand37589-0,1
ligand29496-0,1
ligand13265-0,1
ligand37834-0,1
ligand13230-0,1
ligand34810-0,1
ligand27718-0,1
ligand29750-0,1
ligand20570-0,1
ligand2434-0,1
ligand7738-0,1
ligand4771-0,1
ligand36591-0,1
ligand15748-0,1
ligand27392-0,1
ligand8329-0,1
ligand29293-0,1
ligand38070-0,1
ligand31637-0,1
ligand1506-0,1
ligand4374-0,1
ligand33017-0,1
ligand7580-0,1
ligand17113-0,1
ligand10923-0,1
ligand20683-0,1
ligand27712-0,1
ligand36319-0,1
ligand35979-0,1
ligand9415-0,1
ligand23897-0,1
ligand33015-0,1
ligand33941-0,1
ligand6933-0,1
ligand28715-0,1
ligand24847-0,1
ligand23591-0,1
ligand35555-0,1
ligand22268-0,1
ligand22153-0,1
ligand1034-0,1
ligand27283-0,1
ligand9572-0,1
ligand38084-1,1
ligand38084-0,1
ligand6858-0,1
ligand3846-0,1
ligand13351-0,1
ligand21237-0,1
ligand10811-0,1
ligand32178-0,1
ligand6655-0,1
ligand29925-0,1
ligand31913-0,1
ligand29977-0,1
ligand10349-0,1
ligand27262-0,1
ligand5183-0,1
ligand27322-0,1
ligand14944-0,1
ligand9874-0,1
ligand30135-0,1
ligand36738-0,1
ligand35526-0,1
ligand25921-0,1
ligand11139-0,1
ligand5598-0,1
ligand7375-0,1
ligand35046-0,1
ligand18700-0,1
ligand12468-0,1
ligand30545-0,1
ligand25897-0,1
ligand38182-0,1
ligand8423-0,1
ligand3315-0,1
ligand30963-0,1
ligand20328-0,1
ligand36593-0,1
ligand14461-0,1
ligand1833-0,1
ligand31528-0,1
ligand26110-0,1
ligand22691-0,1
ligand22549-0,1
ligand8310-0,1
ligand30473-0,1
ligand7819-0,1
ligand35749-0,1
ligand8244-0,1
ligand20534-0,1
ligand13520-0,1
ligand3323-0,1
ligand29398-0,1
ligand8204-0,1
ligand7025-0,1
ligand35557-0,1
ligand17653-0,1
ligand3194-0,1
ligand13886-0,1
ligand21826-0,1
ligand36939-0,1
ligand18603-0,1
ligand4883-0,1
ligand23827-0,1
ligand25145-0,1
ligand10037-0,1
ligand14487-0,1
ligand16409-0,1
ligand3736-0,1
ligand13734-0,1
ligand5716-0,1
ligand30753-0,1
ligand1221-0,1
ligand16260-0,1
ligand36418-0,1
ligand33253-0,1
ligand19443-0,1
ligand17803-0,1
ligand14075-0,1
ligand25689-0,1
ligand26405-0,1
ligand28457-0,1
ligand9206-0,1
ligand25934-0,1
ligand18254-0,1
ligand34932-0,1
ligand30538-0,1
ligand37095-0,1
ligand9291-0,1
ligand4928-0,1
ligand30227-0,1
ligand2420-0,1
ligand18185-0,1
ligand28748-0,1
ligand32413-0,1
ligand19559-0,1
ligand14151-0,1
ligand29810-0,1
ligand24292-0,1
ligand4766-0,1
ligand27980-0,1
ligand22782-0,1
ligand18021-0,1
ligand26592-0,1
ligand17417-0,1
ligand9096-0,1
ligand15627-0,1
ligand32175-0,1
ligand36493-0,1
ligand32664-0,1
ligand33594-0,1
ligand7262-0,1
ligand16174-0,1
ligand12708-0,1
ligand324-0,1
ligand29923-0,1
ligand33794-0,1
ligand31725-0,1
ligand29666-0,1
ligand17468-0,1
ligand2365-0,1
ligand14976-0,1
ligand26964-0,1
ligand38303-0,1
ligand14888-0,1
ligand19291-0,1
ligand7621-0,1
ligand17462-0,1
ligand37357-0,1
ligand10491-0,1
ligand7876-0,1
ligand22958-0,1
ligand3357-0,1
ligand16869-0,1
ligand9154-0,1
ligand19294-0,1
ligand10537-0,1
ligand28244-0,1
ligand17862-0,1
ligand1366-0,1
ligand13836-0,1
ligand2778-0,1
ligand14719-0,1
ligand2953-0,1
ligand19295-0,1
ligand27272-0,1
ligand2001-0,1
ligand25556-0,1
ligand27819-0,1
ligand12154-0,1
ligand32815-0,1
ligand9587-0,1
ligand35965-0,1
ligand23019-0,1
ligand9297-0,1
ligand20777-0,1
ligand36812-0,1
ligand16896-0,1
ligand9849-0,1
ligand12800-0,1
ligand24208-0,1
ligand24432-0,1
ligand4825-0,1
ligand4826-0,1
ligand21827-0,1
ligand27318-0,1
ligand14709-0,1
ligand33600-0,1
ligand16198-0,1
ligand12153-0,1
ligand32540-0,1
ligand37901-0,1
ligand32957-0,1
ligand34286-0,1
ligand28433-0,1
ligand38137-0,1
ligand36922-0,1
ligand1023-0,1
ligand24034-0,1
ligand29057-0,1
ligand11813-0,1
ligand31163-0,1
ligand37451-0,1
ligand2096-0,1
ligand27288-0,1
ligand15858-0,1
ligand22176-0,1
ligand34668-0,1
ligand23011-0,1
ligand33679-0,1
ligand2494-0,1
ligand34232-0,1
ligand30727-0,1
ligand13207-0,1
ligand37900-0,1
ligand11368-0,1
ligand3812-0,1
ligand12605-0,1
ligand10301-0,1
ligand16172-0,1
ligand7732-0,1
ligand3561-0,1
ligand20181-0,1
ligand31074-0,1
ligand29813-0,1
ligand4349-0,1
ligand28541-0,1
ligand15193-0,1
ligand24841-0,1
ligand11121-0,1
ligand7199-0,1
ligand13455-0,1
ligand22883-0,1
ligand14524-0,1
ligand35987-0,1
ligand10654-0,1
ligand29267-0,1
ligand27361-0,1
ligand23175-0,1
ligand18214-0,1
ligand33714-0,1
ligand15630-0,1
ligand18795-0,1
ligand18796-0,1
ligand559-0,1
ligand11924-0,1
ligand14399-0,1
ligand16667-0,1
ligand29751-0,1
ligand29350-0,1
ligand18325-0,1
ligand18324-0,1
ligand8939-0,1
ligand5054-0,1
ligand18578-0,1
ligand3996-0,1
ligand19984-0,1
ligand35191-0,1
ligand17201-0,1
ligand11461-0,1
ligand29161-0,1
ligand36246-0,1
ligand10603-0,1
ligand34926-0,1
ligand34827-0,1
ligand8990-0,1
ligand28749-0,1
ligand994-0,1
ligand32117-1,1
ligand32117-0,1
ligand31611-0,1
ligand7968-0,1
ligand18527-0,1
ligand7182-0,1
ligand31580-0,1
ligand31579-0,1
ligand3710-0,1
ligand14132-0,1
ligand10934-0,1
ligand23440-0,1
ligand19307-0,1
ligand9659-0,1
ligand30150-0,1
ligand4659-0,1
ligand30918-0,1
ligand30917-0,1
ligand15404-0,1
ligand33277-0,1
ligand19203-0,1
ligand19146-0,1
ligand26467-0,1
ligand11381-0,1
ligand29292-0,1
ligand26814-0,1
ligand19092-0,1
ligand30728-0,1
ligand2723-0,1
ligand16877-0,1
ligand19014-0,1
ligand15853-0,1
ligand836-0,1
ligand17601-0,1
ligand10357-0,1
ligand22236-1,1
ligand1184-0,1
ligand30416-0,1
ligand16414-0,1
ligand12966-0,1
ligand31490-0,1
ligand34087-0,1
ligand13496-0,1
ligand19874-0,1
ligand36338-0,1
ligand4716-0,1
ligand16681-0,1
ligand30847-0,1
ligand27781-0,1
ligand19766-0,1
ligand23666-0,1
ligand13417-0,1
ligand30613-0,1
ligand27013-0,1
ligand31483-0,1
ligand33824-0,1
ligand6377-0,1
ligand28875-0,1
ligand34709-0,1
ligand4907-0,1
ligand31673-0,1
ligand23214-0,1
ligand17879-0,1
ligand35462-0,1
ligand4121-0,1
ligand10803-0,1
ligand16784-0,1
ligand14430-0,1
ligand17647-0,1
ligand25942-0,1
ligand5294-0,1
ligand38020-0,1
ligand27600-0,1
ligand16915-0,1
ligand5480-0,1
ligand21002-0,1
ligand20525-0,1
ligand5555-0,1
ligand31151-0,1
ligand13359-0,1
ligand26061-0,1
ligand8436-0,1
ligand28373-0,1
ligand33389-0,1
ligand27671-0,1
ligand31449-0,1
ligand35701-0,1
ligand3417-0,1
ligand5885-0,1
ligand10522-0,1
ligand22418-0,1
ligand25868-0,1
ligand34861-0,1
ligand1828-0,1
ligand28805-0,1
ligand32357-0,1
ligand31729-0,1
ligand10531-0,1
ligand10530-0,1
ligand36813-0,1
ligand26983-0,1
ligand7697-0,1
ligand21627-0,1
ligand20428-0,1
ligand16286-0,1
ligand19120-0,1
ligand6666-0,1
ligand27943-0,1
ligand8983-0,1
ligand8984-0,1
ligand21050-0,1
ligand31102-0,1
ligand18054-0,1
ligand37496-0,1
ligand37067-0,1
ligand17814-0,1
ligand2022-0,1
ligand7517-0,1
ligand10578-0,1
ligand14566-0,1
ligand25983-0,1
ligand6548-0,1
ligand20127-0,1
ligand8490-0,1
ligand3711-0,1
ligand34720-0,1
ligand37659-0,1
ligand31051-0,1
ligand7285-0,1
ligand25671-0,1
ligand34924-0,1
ligand15326-0,1
ligand37799-0,1
ligand37798-0,1
ligand9198-0,1
ligand30905-0,1
ligand20397-0,1
ligand29285-0,1
ligand33124-0,1
ligand24523-0,1
ligand36978-0,1
ligand34619-0,1
ligand34447-0,1
ligand32103-0,1
ligand17641-0,1
ligand34423-0,1
ligand22688-0,1
ligand5191-0,1
ligand29446-0,1
ligand10791-0,1
ligand14159-0,1
ligand28670-0,1
ligand15141-0,1
ligand21150-0,1
ligand4114-0,1
ligand9767-0,1
ligand16545-0,1
ligand23546-0,1
ligand37840-0,1
ligand33149-0,1
ligand19191-0,1
ligand1710-0,1
ligand21945-0,1
ligand8815-0,1
ligand37880-0,1
ligand8602-0,1
ligand28198-0,1
ligand10207-0,1
ligand16493-0,1
ligand22244-0,1
ligand19535-0,1
ligand22933-0,1
ligand33592-0,1
ligand17408-0,1
ligand10753-0,1
ligand18563-0,1
ligand18564-0,1
ligand35170-0,1
ligand31113-0,1
ligand10080-0,1
ligand37543-0,1
ligand17728-0,1
ligand26314-0,1
ligand542-0,1
ligand14983-0,1
ligand28957-0,1
ligand37305-0,1
ligand4795-0,1
ligand24894-0,1
ligand17548-0,1
ligand21320-0,1
ligand30885-0,1
ligand28711-0,1
ligand37746-0,1
ligand2030-0,1
ligand1013-0,1
ligand34125-0,1
ligand6382-0,1
ligand30331-0,1
ligand24490-0,1
ligand28116-0,1
ligand17692-0,1
ligand28476-0,1
ligand29374-0,1
ligand14593-0,1
ligand13481-0,1
ligand4843-0,1
ligand21363-0,1
ligand21356-0,1
ligand34147-0,1
ligand36709-0,1
ligand35769-0,1
ligand34849-0,1
ligand21847-0,1
ligand26294-0,1
ligand37862-0,1
ligand6692-0,1
ligand33174-0,1
ligand34768-0,1
ligand12224-0,1
ligand8669-0,1
ligand22419-0,1
ligand36401-0,1
ligand37449-0,1
ligand1039-0,1
ligand5795-0,1
ligand35564-0,1
ligand647-0,1
ligand32095-0,1
ligand20808-0,1
ligand14878-0,1
ligand18271-0,1
ligand9843-0,1
ligand29490-0,1
ligand37339-0,1
ligand24849-0,1
ligand22235-0,1
ligand20007-0,1
ligand14508-0,1
ligand10793-0,1
ligand5152-0,1
ligand36395-0,1
ligand30308-0,1
ligand10208-0,1
ligand4627-0,1
ligand36169-0,1
ligand19387-0,1
ligand32433-0,1
ligand1747-0,1
ligand34470-0,1
ligand14143-0,1
ligand5606-0,1
ligand12659-0,1
ligand35671-0,1
ligand17250-0,1
ligand8780-0,1
ligand26026-0,1
ligand12464-0,1
ligand36079-0,1
ligand33909-0,1
ligand11705-0,1
ligand25426-0,1
ligand16838-0,1
ligand30141-0,1
ligand7218-0,1
ligand7217-0,1
ligand3361-0,1
ligand32718-0,1
ligand1508-0,1
ligand13149-0,1
ligand14712-0,1
ligand37687-0,1
ligand31145-0,1
ligand14640-0,1
ligand15967-0,1
ligand18820-0,1
ligand14984-0,1
ligand29532-0,1
ligand16460-0,1
ligand2685-0,1
ligand29648-0,1
ligand6958-0,1
ligand28955-0,1
ligand25950-0,1
ligand9083-0,1
ligand17782-0,1
ligand30596-0,1
ligand72-0,1
ligand17509-0,1
ligand26564-0,1
ligand21160-0,1
ligand20447-0,1
ligand23156-0,1
ligand28181-0,1
ligand15749-0,1
ligand18861-0,1
ligand18920-0,1
ligand22785-0,1
ligand25218-0,1
ligand30719-0,1
ligand17672-0,1
ligand12695-0,1
ligand5530-0,1
ligand16471-0,1
ligand21404-0,1
ligand14902-0,1
ligand28613-0,1
ligand2352-0,1
ligand17552-0,1
ligand37707-0,1
ligand33027-0,1
ligand9127-0,1
ligand35705-0,1
ligand37585-0,1
ligand20321-0,1
ligand7733-0,1
ligand6202-0,1
ligand35490-0,1
ligand6013-0,1
ligand12080-0,1
ligand30175-0,1
ligand7577-0,1
ligand406-0,1
ligand11560-0,1
ligand26290-0,1
ligand35993-0,1
ligand26245-0,1
ligand13588-0,1
ligand36217-0,1
ligand7786-0,1
ligand459-0,1
ligand29596-0,1
ligand10419-0,1
ligand30707-0,1
ligand4353-0,1
ligand6481-0,1
ligand32921-0,1
ligand2506-0,1
ligand12694-0,1
ligand36426-0,1
ligand19580-0,1
ligand36005-0,1
ligand9681-0,1
ligand14871-0,1
ligand14291-0,1
ligand16713-0,1
ligand5775-0,1
ligand37712-0,1
ligand36425-0,1
ligand30945-0,1
ligand10480-0,1
ligand26011-0,1
ligand28827-0,1
ligand37591-0,1
ligand31380-0,1
ligand14613-0,1
ligand38130-0,1
ligand18955-0,1
ligand28708-0,1
ligand18332-0,1
ligand26308-0,1
ligand20414-0,1
ligand14351-0,1
ligand37333-0,1
ligand30554-0,1
ligand17887-0,1
ligand27798-0,1
ligand3820-0,1
ligand14209-0,1
ligand5254-0,1
ligand32588-0,1
ligand31582-0,1
ligand16109-0,1
ligand12770-0,1
ligand27784-0,1
ligand8464-0,1
ligand24036-0,1
ligand7359-0,1
ligand23419-0,1
ligand15302-0,1
ligand38181-0,1
ligand32661-0,1
ligand14962-0,1
ligand7520-0,1
ligand21088-0,1
ligand24013-0,1
ligand26028-0,1
ligand5394-0,1
ligand660-0,1
ligand25430-0,1
ligand14495-0,1
ligand37762-0,1
ligand16379-0,1
ligand2981-0,1
ligand1647-0,1
ligand27500-0,1
ligand649-0,1
ligand14311-0,1
ligand1602-0,1
ligand5760-0,1
ligand28299-0,1
ligand33702-0,1
ligand2787-0,1
ligand34961-0,1
ligand25665-0,1
ligand32-0,1
ligand1522-0,1
ligand29957-0,1
ligand15628-0,1
ligand38231-0,1
ligand6983-0,1
ligand26256-0,1
ligand4510-0,1
ligand29882-0,1
ligand8529-0,1
ligand8528-0,1
ligand29294-0,1
ligand18273-0,1
ligand2146-0,1
ligand27501-0,1
ligand9038-0,1
ligand28699-0,1
ligand35270-0,1
ligand16152-0,1
ligand27635-0,1
ligand15731-0,1
ligand29821-0,1
ligand24245-0,1
ligand9803-0,1
ligand25695-0,1
ligand34151-0,1
ligand8417-0,1
ligand32567-0,1
ligand35330-0,1
ligand23652-0,1
ligand28775-0,1
ligand28896-0,1
ligand30153-0,1
ligand30152-0,1
ligand28914-0,1
ligand11305-0,1
ligand3418-0,1
ligand4671-0,1
ligand6798-0,1
ligand21146-0,1
ligand23111-0,1
ligand7533-0,1
ligand34308-0,1
ligand38153-0,1
ligand35147-0,1
ligand5950-0,1
ligand14793-0,1
ligand7792-0,1
ligand18434-0,1
ligand1708-0,1
ligand1707-0,1
ligand33654-0,1
ligand18672-0,1
ligand25370-0,1
ligand15412-0,1
ligand12316-0,1
ligand34069-0,1
ligand31437-0,1
ligand26203-0,1
ligand17131-0,1
ligand10951-0,1
ligand27923-0,1
ligand4002-0,1
ligand16737-0,1
ligand5068-0,1
ligand6376-0,1
ligand28178-0,1
ligand146-0,1
ligand6205-0,1
ligand3540-0,1
ligand35515-0,1
ligand16316-0,1
ligand16317-0,1
ligand26763-0,1
ligand14614-0,1
ligand15350-0,1
ligand4785-0,1
ligand7480-0,1
ligand38018-0,1
ligand6302-0,1
ligand17899-0,1
ligand15934-0,1
ligand33373-0,1
ligand19071-0,1
ligand27447-0,1
ligand12584-0,1
ligand35829-0,1
ligand12413-0,1
ligand4403-0,1
ligand33190-0,1
ligand28822-0,1
ligand16458-0,1
ligand13829-0,1
ligand12624-0,1
ligand17934-0,1
ligand14164-0,1
ligand16034-0,1
ligand26711-0,1
ligand24140-0,1
ligand12830-0,1
ligand768-0,1
ligand34744-0,1
ligand27697-0,1
ligand4786-0,1
ligand20834-0,1
ligand9797-0,1
ligand3567-0,1
ligand28459-0,1
ligand23998-0,1
ligand331-0,1
ligand36910-0,1
ligand33364-0,1
ligand7267-0,1
ligand24293-0,1
ligand1767-0,1
ligand30602-0,1
ligand8994-0,1
ligand3153-0,1
ligand6794-0,1
ligand22623-0,1
ligand3920-0,1
ligand24375-0,1
ligand938-0,1
ligand15674-0,1
ligand27686-0,1
ligand19880-0,1
ligand34346-0,1
ligand18293-0,1
ligand26379-0,1
ligand16594-0,1
ligand34039-0,1
ligand23398-0,1
ligand24650-0,1
ligand30132-0,1
ligand10516-0,1
ligand35931-0,1
ligand36881-0,1
ligand37054-0,1
ligand1129-0,1
ligand17047-0,1
ligand8057-0,1
ligand31991-0,1
ligand30069-0,1
ligand23286-0,1
ligand23287-0,1
ligand4014-0,1
ligand9528-0,1
ligand11590-0,1
ligand1733-0,1
ligand22104-0,1
ligand27767-0,1
ligand26029-0,1
ligand17705-0,1
ligand12996-0,1
ligand17143-0,1
ligand28729-0,1
ligand20317-0,1
ligand11307-0,1
ligand37720-0,1
ligand6235-0,1
ligand28907-0,1
ligand32625-0,1
ligand29635-0,1
ligand3408-0,1
ligand8405-0,1
ligand10095-0,1
ligand9846-0,1
ligand1963-0,1
ligand1685-0,1
ligand9796-0,1
ligand16720-0,1
ligand19258-0,1
ligand34169-0,1
ligand22778-0,1
ligand4556-0,1
ligand28363-0,1
ligand18065-0,1
ligand6132-0,1
ligand311-0,1
ligand33544-0,1
ligand7961-0,1
ligand6910-0,1
ligand35660-0,1
ligand37881-0,1
ligand34365-0,1
ligand11035-0,1
ligand3499-0,1
ligand21567-0,1
ligand15029-0,1
ligand37926-0,1
ligand18086-0,1
ligand33681-0,1
ligand24203-0,1
ligand1790-0,1
ligand18754-0,1
ligand34579-0,1
ligand16571-0,1
ligand29595-0,1
ligand22166-0,1
ligand4523-0,1
ligand18650-0,1
ligand22997-0,1
ligand13334-0,1
ligand29920-0,1
ligand36950-0,1
ligand310-0,1
ligand29501-0,1
ligand3080-0,1
ligand18874-0,1
ligand30430-0,1
ligand16804-0,1
ligand36256-0,1
ligand13093-0,1
ligand6158-0,1
ligand15347-0,1
ligand18311-0,1
ligand31767-0,1
ligand11178-0,1
ligand21377-0,1
ligand35815-0,1
ligand26968-0,1
ligand15107-0,1
ligand20198-0,1
ligand17627-0,1
ligand10444-0,1
ligand19354-0,1
ligand36626-0,1
ligand12536-0,1
ligand36924-0,1
ligand6137-0,1
ligand8109-0,1
ligand28798-0,1
ligand32417-0,1
ligand259-0,1
ligand20059-0,1
ligand15299-0,1
ligand36099-0,1
ligand14544-0,1
ligand14934-0,1
ligand36711-0,1
ligand20928-0,1
ligand14579-0,1
ligand3461-0,1
ligand17953-0,1
ligand11861-0,1
ligand23235-0,1
ligand26662-0,1
ligand32919-0,1
ligand4651-0,1
ligand27922-0,1
ligand4961-0,1
ligand28444-0,1
ligand14000-0,1
ligand35014-0,1
ligand3937-0,1
ligand8110-0,1
ligand2307-0,1
ligand22122-0,1
ligand3615-0,1
ligand5347-0,1
ligand1483-0,1
ligand8797-0,1
ligand34940-0,1
ligand6773-0,1
ligand21748-0,1
ligand22381-0,1
ligand15102-0,1
ligand16479-0,1
ligand29963-0,1
ligand10138-0,1
ligand10139-0,1
ligand29365-0,1
ligand22704-0,1
ligand27585-0,1
ligand17935-0,1
ligand8245-0,1
ligand1418-0,1
ligand19867-0,1
ligand37920-0,1
ligand6700-0,1
ligand6300-0,1
ligand14089-0,1
ligand36523-0,1
ligand26881-0,1
ligand7780-0,1
ligand20341-0,1
ligand6668-0,1
ligand21997-0,1
ligand14688-0,1
ligand12132-0,1
ligand12159-0,1
ligand12133-0,1
ligand15534-0,1
ligand29351-0,1
ligand6853-0,1
ligand17031-0,1
ligand737-0,1
ligand28114-0,1
ligand17065-0,1
ligand41-0,1
ligand1697-0,1
ligand4082-0,1
ligand28910-0,1
ligand833-0,1
ligand5029-0,1
ligand27620-0,1
ligand23822-0,1
ligand28315-0,1
ligand14225-0,1
ligand24640-0,1
ligand11316-0,1
ligand29109-0,1
ligand18873-0,1
ligand926-0,1
ligand3956-0,1
ligand16531-0,1
ligand15312-0,1
ligand24515-0,1
ligand22725-0,1
ligand25844-0,1
ligand1852-0,1
ligand20581-0,1
ligand28141-0,1
ligand26014-0,1
ligand27184-0,1
ligand26593-0,1
ligand18028-0,1
ligand25635-0,1
ligand33904-0,1
ligand18435-0,1
ligand6519-1,1
ligand22483-0,1
ligand1846-0,1
ligand19555-0,1
ligand36799-0,1
ligand28977-0,1
ligand38158-0,1
ligand33141-0,1
ligand25704-0,1
ligand31873-0,1
ligand32192-0,1
ligand16527-0,1
ligand9029-0,1
ligand9028-0,1
ligand5006-0,1
ligand3151-0,1
ligand30196-0,1
ligand8327-0,1
ligand28240-0,1
ligand28051-0,1
ligand36305-0,1
ligand4037-0,1
ligand24497-0,1
ligand5581-0,1
ligand128-0,1
ligand1377-0,1
ligand24494-0,1
ligand15781-0,1
ligand31915-0,1
ligand32607-0,1
ligand34853-0,1
ligand33571-0,1
ligand31434-0,1
ligand33837-0,1
ligand36220-0,1
ligand21659-0,1
ligand14287-0,1
ligand33893-0,1
ligand15097-0,1
ligand20391-0,1
ligand22788-0,1
ligand19890-0,1
ligand17172-0,1
ligand19855-0,1
ligand34592-0,1
ligand15547-0,1
ligand28831-0,1
ligand14468-0,1
ligand19334-0,1
ligand2153-0,1
ligand38194-0,1
ligand14723-0,1
ligand29743-0,1
ligand5121-0,1
ligand20981-0,1
ligand17576-0,1
ligand3896-0,1
ligand30330-0,1
ligand32539-0,1
ligand28676-0,1
ligand1315-0,1
ligand36019-0,1
ligand32569-0,1
ligand6955-0,1
ligand16367-0,1
ligand11450-0,1
ligand5660-0,1
ligand14993-0,1
ligand10655-0,1
ligand14254-0,1
ligand37320-0,1
ligand38106-0,1
ligand31866-0,1
ligand26536-0,1
ligand33042-0,1
ligand9957-0,1
ligand6174-0,1
ligand31751-0,1
ligand24565-0,1
ligand7820-0,1
ligand17804-0,1
ligand22144-0,1
ligand21196-0,1
ligand28614-0,1
ligand27365-0,1
ligand27364-0,1
ligand10279-0,1
ligand13658-0,1
ligand13553-0,1
ligand102-0,1
ligand34632-0,1
ligand23612-0,1
ligand7108-0,1
ligand11612-0,1
ligand29588-0,1
ligand12497-0,1
ligand7797-0,1
ligand27348-0,1
ligand13609-0,1
ligand6305-0,1
ligand32246-0,1
ligand24771-0,1
ligand6025-0,1
ligand20976-0,1
ligand17229-0,1
ligand8306-0,1
ligand339-0,1
ligand20606-0,1
ligand6672-0,1
ligand555-0,1
ligand37838-0,1
ligand19686-0,1
ligand25122-0,1
ligand29758-0,1
ligand31300-0,1
ligand21838-0,1
ligand8570-0,1
ligand6239-0,1
ligand33161-0,1
ligand5142-0,1
ligand32041-0,1
ligand19455-0,1
ligand19252-0,1
ligand22357-0,1
ligand30300-0,1
ligand20159-0,1
ligand13798-0,1
ligand11085-0,1
ligand12958-0,1
ligand4052-0,1
ligand23072-0,1
ligand8764-0,1
ligand8503-0,1
ligand34826-0,1
ligand19621-0,1
ligand21300-0,1
ligand17333-0,1
ligand2862-0,1
ligand26806-0,1
ligand36517-0,1
ligand12933-0,1
ligand24721-0,1
ligand11860-0,1
ligand23070-0,1
ligand23071-0,1
ligand23566-0,1
ligand33148-0,1
ligand29981-0,1
ligand18631-0,1
ligand22707-0,1
ligand13422-0,1
ligand405-0,1
ligand4799-0,1
ligand26311-0,1
ligand8706-0,1
ligand5667-0,1
ligand3354-0,1
ligand21923-0,1
ligand2629-0,1
ligand35469-0,1
ligand21878-0,1
ligand34746-0,1
ligand15090-0,1
ligand24502-0,1
ligand10552-0,1
ligand22132-0,1
ligand13964-0,1
ligand7508-0,1
ligand6664-0,1
ligand34991-0,1
ligand11219-0,1
ligand12037-0,1
ligand14847-0,1
ligand2284-0,1
ligand10572-0,1
ligand3776-0,1
ligand18753-0,1
ligand1823-0,1
ligand22339-0,1
ligand22026-0,1
ligand21511-0,1
ligand5064-0,1
ligand34797-0,1
ligand4499-0,1
ligand36372-0,1
ligand31830-0,1
ligand37939-0,1
ligand11089-0,1
ligand27509-0,1
ligand37958-0,1
ligand24602-0,1
ligand22684-0,1
ligand9802-0,1
ligand12462-0,1
ligand31077-0,1
ligand5835-0,1
ligand31272-0,1
ligand7193-0,1
ligand22049-0,1
ligand17949-0,1
ligand13217-0,1
ligand36933-0,1
ligand1076-0,1
ligand27702-0,1
ligand12825-0,1
ligand19937-0,1
ligand37523-0,1
ligand19647-0,1
ligand28652-0,1
ligand31969-0,1
ligand21922-0,1
ligand33580-0,1
ligand27541-0,1
ligand36230-0,1
ligand6047-0,1
ligand20879-0,1
ligand21221-0,1
ligand15082-0,1
ligand29560-0,1
ligand7712-0,1
ligand37954-0,1
ligand36420-0,1
ligand13837-0,1
ligand33041-0,1
ligand18439-0,1
ligand27185-0,1
ligand20856-0,1
ligand5177-0,1
ligand8325-0,1
ligand18545-0,1
ligand8610-0,1
ligand19539-0,1
ligand28943-0,1
ligand6076-0,1
ligand23764-0,1
ligand28340-0,1
ligand4752-0,1
ligand4753-0,1
ligand14735-0,1
ligand37413-0,1
ligand29869-0,1
ligand14806-0,1
ligand3419-0,1
ligand15810-0,1
ligand14296-0,1
ligand1107-0,1
ligand11249-0,1
ligand36045-0,1
ligand32239-0,1
ligand26367-0,1
ligand8894-0,1
ligand28434-0,1
ligand20279-0,1
ligand33572-0,1
ligand22332-0,1
ligand24943-0,1
ligand20543-0,1
ligand31901-0,1
ligand31400-0,1
ligand31401-0,1
ligand36731-0,1
ligand8277-0,1
ligand5807-0,1
ligand26312-0,1
ligand24425-0,1
ligand2281-0,1
ligand19124-0,1
ligand36984-0,1
ligand5080-0,1
ligand22427-0,1
ligand35754-0,1
ligand17534-0,1
ligand9283-0,1
ligand6010-0,1
ligand14596-0,1
ligand8044-0,1
ligand11341-0,1
ligand20733-0,1
ligand7588-0,1
ligand4776-0,1
ligand30220-0,1
ligand31415-0,1
ligand17385-0,1
ligand4567-0,1
ligand36694-0,1
ligand12928-0,1
ligand36297-0,1
ligand33843-0,1
ligand14220-0,1
ligand6281-0,1
ligand29005-0,1
ligand7310-0,1
ligand19013-0,1
ligand24778-0,1
ligand10533-0,1
ligand22408-0,1
ligand2262-0,1
ligand22594-0,1
ligand36100-0,1
ligand36083-0,1
ligand1216-0,1
ligand10225-0,1
ligand10226-0,1
ligand1869-0,1
ligand36842-0,1
ligand30619-0,1
ligand14036-0,1
ligand13998-0,1
ligand21816-0,1
ligand35546-0,1
ligand2113-0,1
ligand37465-0,1
ligand8961-0,1
ligand4782-0,1
ligand15863-0,1
ligand2980-0,1
ligand38169-0,1
ligand15998-0,1
ligand10549-0,1
ligand23387-0,1
ligand11751-0,1
ligand19626-0,1
ligand28266-0,1
ligand25772-0,1
ligand31485-0,1
ligand18581-0,1
ligand2488-0,1
ligand32983-0,1
ligand33611-0,1
ligand33612-0,1
ligand20895-0,1
ligand10418-0,1
ligand36013-0,1
ligand38025-0,1
ligand17101-0,1
ligand9421-0,1
ligand23876-0,1
ligand12024-0,1
ligand32208-0,1
ligand11780-0,1
ligand11779-0,1
ligand8915-0,1
ligand8911-0,1
ligand9439-0,1
ligand511-0,1
ligand19309-0,1
ligand26066-0,1
ligand10830-0,1
ligand23194-0,1
ligand3623-0,1
ligand18576-0,1
ligand20431-0,1
ligand26092-0,1
ligand13669-0,1
ligand36875-0,1
ligand13640-0,1
ligand34748-0,1
ligand36599-0,1
ligand25477-1,1
ligand9901-0,1
ligand12251-0,1
ligand12901-0,1
ligand23187-0,1
ligand38184-0,1
ligand27320-0,1
ligand2989-0,1
ligand6997-0,1
ligand13251-0,1
ligand31463-0,1
ligand15416-0,1
ligand15417-0,1
ligand25481-0,1
ligand19528-0,1
ligand14930-0,1
ligand11732-0,1
ligand31264-0,1
ligand33303-0,1
ligand15695-0,1
ligand2923-0,1
ligand17559-0,1
ligand12278-0,1
ligand24338-0,1
ligand30459-0,1
ligand20209-0,1
ligand27941-0,1
ligand6639-0,1
ligand16371-0,1
ligand24649-0,1
ligand34086-0,1
ligand3220-0,1
ligand20134-0,1
ligand23076-0,1
ligand33201-0,1
ligand2265-0,1
ligand6189-0,1
ligand32343-0,1
ligand33294-0,1
ligand9063-0,1
ligand23260-0,1
ligand16554-0,1
ligand36824-0,1
ligand15096-0,1
ligand34575-0,1
ligand4565-0,1
ligand9004-0,1
ligand31019-0,1
ligand8900-0,1
ligand37222-0,1
ligand3332-0,1
ligand32127-0,1
ligand24615-0,1
ligand35902-0,1
ligand10593-0,1
ligand34105-0,1
ligand35875-0,1
ligand10092-0,1
ligand10093-0,1
ligand33450-0,1
ligand12965-0,1
ligand8625-0,1
ligand34572-0,1
ligand10293-0,1
ligand30021-0,1
ligand13920-0,1
ligand19989-0,1
ligand28971-0,1
ligand10594-0,1
ligand5291-0,1
ligand6072-0,1
ligand19903-0,1
ligand6291-0,1
ligand17482-0,1
ligand9242-0,1
ligand22828-0,1
ligand5571-0,1
ligand27291-0,1
ligand30745-0,1
ligand26580-0,1
ligand15048-0,1
ligand7114-0,1
ligand15972-0,1
ligand15971-0,1
ligand33742-0,1
ligand14943-0,1
ligand6231-0,1
ligand23801-0,1
ligand35626-0,1
ligand7729-0,1
ligand34361-0,1
ligand3005-0,1
ligand8463-0,1
ligand20445-0,1
ligand12015-0,1
ligand23940-0,1
ligand20591-0,1
ligand8981-0,1
ligand21620-0,1
ligand16157-0,1
ligand32187-0,1
ligand29996-0,1
ligand34573-0,1
ligand25333-0,1
ligand10515-0,1
ligand37641-0,1
ligand16259-0,1
ligand30028-0,1
ligand12389-0,1
ligand29089-0,1
ligand32533-0,1
ligand19140-0,1
ligand23917-0,1
ligand34986-0,1
ligand32196-0,1
ligand26950-0,1
ligand22974-0,1
ligand8029-0,1
ligand35118-0,1
ligand32443-0,1
ligand30384-0,1
ligand20904-0,1
ligand25685-0,1
ligand28192-0,1
ligand11173-0,1
ligand32326-0,1
ligand14314-0,1
ligand2423-0,1
ligand35590-0,1
ligand35590-1,1
ligand26336-0,1
ligand14386-0,1
ligand22302-0,1
ligand15688-0,1
ligand1997-0,1
ligand34422-0,1
ligand15389-0,1
ligand3686-0,1
ligand34811-0,1
ligand26324-0,1
ligand23367-0,1
ligand34820-0,1
ligand4358-0,1
ligand22698-0,1
ligand14499-0,1
ligand37741-0,1
ligand17864-0,1
ligand38281-0,1
ligand19184-0,1
ligand11384-0,1
ligand13560-0,1
ligand21765-0,1
ligand23705-0,1
ligand15078-0,1
ligand35710-0,1
ligand33105-0,1
ligand7909-0,1
ligand16920-0,1
ligand20441-0,1
ligand16566-0,1
ligand28084-0,1
ligand25160-0,1
ligand17772-0,1
ligand29477-0,1
ligand26737-0,1
ligand13870-0,1
ligand28959-0,1
ligand5670-0,1
ligand20896-0,1
ligand23295-0,1
ligand18084-0,1
ligand32560-0,1
ligand4301-0,1
ligand28866-0,1
ligand26373-0,1
ligand26866-0,1
ligand17136-0,1
ligand18808-0,1
ligand37155-0,1
ligand30977-0,1
ligand6221-0,1
ligand168-0,1
ligand29740-0,1
ligand9359-0,1
ligand2119-0,1
ligand19487-0,1
ligand19415-0,1
ligand37069-0,1
ligand13220-0,1
ligand33072-0,1
ligand32809-0,1
ligand27530-0,1
ligand14278-0,1
ligand6298-0,1
ligand25310-0,1
ligand9795-0,1
ligand23092-0,1
ligand23965-0,1
ligand18891-0,1
ligand12623-0,1
ligand26617-0,1
ligand5890-0,1
ligand3030-0,1
ligand18019-0,1
ligand10341-0,1
ligand16321-0,1
ligand30838-0,1
ligand28448-0,1
ligand9676-0,1
ligand17555-0,1
ligand37190-0,1
ligand18640-0,1
ligand14985-0,1
ligand13755-0,1
ligand12573-0,1
ligand7345-0,1
ligand12747-0,1
ligand34767-0,1
ligand36344-0,1
ligand18020-0,1
ligand3704-0,1
ligand18210-0,1
ligand16528-0,1
ligand7613-0,1
ligand12833-0,1
ligand22659-0,1
ligand32673-0,1
ligand6060-0,1
ligand30054-0,1
ligand26570-0,1
ligand26570-1,1
ligand23635-0,1
ligand11935-0,1
ligand29793-0,1
ligand11826-0,1
ligand30112-0,1
ligand16201-0,1
ligand17125-0,1
ligand4934-0,1
ligand21296-0,1
ligand18864-0,1
ligand37066-0,1
ligand18774-0,1
ligand34606-0,1
ligand14232-0,1
ligand16341-0,1
ligand15000-0,1
ligand15576-0,1
ligand5387-0,1
ligand28804-0,1
ligand17496-0,1
ligand16162-0,1
ligand16163-0,1
ligand5566-0,1
ligand25898-0,1
ligand16736-0,1
ligand8153-0,1
ligand26682-0,1
ligand9564-0,1
ligand34912-0,1
ligand2679-0,1
ligand34016-0,1
ligand10952-0,1
ligand10259-0,1
ligand26634-0,1
ligand8605-0,1
ligand13969-0,1
ligand29704-0,1
ligand22547-0,1
ligand37013-0,1
ligand23195-0,1
ligand21269-0,1
ligand32604-0,1
ligand37282-0,1
ligand2671-0,1
ligand2786-0,1
ligand2593-0,1
ligand11167-0,1
ligand18069-0,1
ligand11956-0,1
ligand1892-0,1
ligand37055-0,1
ligand12875-0,1
ligand26815-0,1
ligand9051-0,1
ligand37036-0,1
ligand27831-0,1
ligand33626-0,1
ligand22634-0,1
ligand4939-0,1
ligand18510-0,1
ligand17783-0,1
ligand11496-0,1
ligand12727-0,1
ligand10502-0,1
ligand23049-0,1
ligand2821-0,1
ligand9614-0,1
ligand35155-0,1
ligand34587-0,1
ligand11673-0,1
ligand24713-0,1
ligand6029-0,1
ligand28829-0,1
ligand9869-0,1
ligand30298-0,1
ligand27240-0,1
ligand32245-0,1
ligand31598-0,1
ligand25168-0,1
ligand12845-0,1
ligand35132-0,1
ligand12914-0,1
ligand31881-0,1
ligand25293-0,1
ligand5458-0,1
ligand35060-0,1
ligand36710-0,1
ligand35439-0,1
ligand22537-0,1
ligand31872-0,1
ligand4599-0,1
ligand35431-0,1
ligand35432-0,1
ligand1782-0,1
ligand5345-0,1
ligand5248-0,1
ligand17228-0,1
ligand19213-0,1
ligand17525-0,1
ligand29584-0,1
ligand7980-0,1
ligand14392-0,1
ligand402-0,1
ligand9159-0,1
ligand37729-0,1
ligand26784-0,1
ligand4746-0,1
ligand19147-0,1
ligand32564-0,1
ligand21975-0,1
ligand7638-0,1
ligand1276-0,1
ligand17781-0,1
ligand27258-0,1
ligand22225-0,1
ligand12742-0,1
ligand846-0,1
ligand26204-0,1
ligand25984-0,1
ligand23642-0,1
ligand14493-0,1
ligand10725-0,1
ligand32675-0,1
ligand29149-0,1
ligand28441-0,1
ligand3777-0,1
ligand13718-0,1
ligand24349-0,1
ligand27698-0,1
ligand36165-0,1
ligand8447-0,1
ligand9353-0,1
ligand16273-0,1
ligand8652-0,1
ligand12860-0,1
ligand397-0,1
ligand26985-0,1
ligand5346-0,1
ligand3439-0,1
ligand3440-0,1
ligand36055-0,1
ligand27058-0,1
ligand34710-0,1
ligand26734-0,1
ligand23881-0,1
ligand9561-0,1
ligand2435-0,1
ligand36723-0,1
ligand9273-0,1
ligand4469-0,1
ligand7972-0,1
ligand3214-0,1
ligand33197-0,1
ligand33107-0,1
ligand23828-0,1
ligand14221-0,1
ligand1617-0,1
ligand27056-0,1
ligand30455-0,1
ligand37584-0,1
ligand8265-0,1
ligand7889-0,1
ligand17938-0,1
ligand13884-0,1
ligand9924-0,1
ligand6228-0,1
ligand36544-0,1
ligand19848-0,1
ligand13608-0,1
ligand37608-0,1
ligand38129-0,1
ligand13134-0,1
ligand32894-0,1
ligand17167-0,1
ligand31898-0,1
ligand3404-0,1
ligand33088-0,1
ligand8229-0,1
ligand33748-0,1
ligand13040-0,1
ligand13616-0,1
ligand9744-0,1
ligand15797-0,1
ligand3320-0,1
ligand29438-0,1
ligand4303-0,1
ligand7746-0,1
ligand5435-0,1
ligand25789-0,1
ligand648-0,1
ligand22451-0,1
ligand2729-0,1
ligand1502-0,1
ligand24955-0,1
ligand6818-0,1
ligand25023-0,1
ligand12285-0,1
ligand3388-0,1
ligand5087-0,1
ligand6724-0,1
ligand28534-0,1
ligand30470-0,1
ligand23798-0,1
ligand31243-0,1
ligand20032-0,1
ligand1140-0,1
ligand21740-0,1
ligand38107-0,1
ligand29419-0,1
ligand9106-0,1
ligand7999-0,1
ligand6801-0,1
ligand20057-0,1
ligand31322-0,1
ligand33319-0,1
ligand33318-0,1
ligand15140-0,1
ligand25670-0,1
ligand29174-0,1
ligand1146-0,1
ligand20235-0,1
ligand28188-0,1
ligand27563-0,1
ligand25319-0,1
ligand12693-0,1
ligand11559-0,1
ligand15197-0,1
ligand17569-0,1
ligand2328-0,1
ligand23742-0,1
ligand11633-0,1
ligand35683-0,1
ligand12223-0,1
ligand24166-0,1
ligand1040-0,1
ligand36869-0,1
ligand22817-0,1
ligand4514-0,1
ligand1958-0,1
ligand1957-0,1
ligand24741-0,1
ligand11914-0,1
ligand8430-0,1
ligand8546-0,1
ligand37653-0,1
ligand24737-0,1
ligand32802-0,1
ligand35396-0,1
ligand35395-0,1
ligand10053-0,1
ligand24233-0,1
ligand30986-0,1
ligand10921-0,1
ligand36028-0,1
ligand21121-0,1
ligand35958-0,1
ligand34164-0,1
ligand28158-0,1
ligand7397-0,1
ligand20542-0,1
ligand36911-0,1
ligand29102-0,1
ligand26024-0,1
ligand26023-0,1
ligand36831-1,1
ligand21668-0,1
ligand24594-0,1
ligand11636-0,1
ligand27394-0,1
ligand26163-0,1
ligand18566-0,1
ligand24528-0,1
ligand14090-0,1
ligand20967-0,1
ligand15008-0,1
ligand8713-0,1
ligand32142-0,1
ligand18443-0,1
ligand2152-0,1
ligand35131-0,1
ligand34785-0,1
ligand35087-0,1
ligand4592-0,1
ligand15786-0,1
ligand20914-0,1
ligand30535-0,1
ligand26859-0,1
ligand26858-0,1
ligand7573-0,1
ligand5820-0,1
ligand1532-0,1
ligand17858-0,1
ligand14047-0,1
ligand11113-0,1
ligand15280-0,1
ligand21608-0,1
ligand5019-0,1
ligand37905-0,1
ligand10605-0,1
ligand30210-0,1
ligand9441-0,1
ligand14520-0,1
ligand11421-0,1
ligand13258-0,1
ligand36287-0,1
ligand29931-0,1
ligand13943-0,1
ligand31607-0,1
ligand13889-0,1
ligand14572-0,1
ligand24183-0,1
ligand12201-0,1
ligand11419-0,1
ligand2561-0,1
ligand16445-0,1
ligand13457-0,1
ligand27114-0,1
ligand16406-0,1
ligand6947-0,1
ligand35134-0,1
ligand23702-0,1
ligand8085-0,1
ligand3308-0,1
ligand7169-0,1
ligand16405-0,1
ligand13788-0,1
ligand8094-0,1
ligand8093-0,1
ligand17364-0,1
ligand20725-0,1
ligand1214-0,1
ligand35470-0,1
ligand9185-0,1
ligand3436-0,1
ligand13456-0,1
ligand21388-0,1
ligand4498-0,1
ligand17987-0,1
ligand29046-0,1
ligand21218-0,1
ligand29143-0,1
ligand19342-0,1
ligand5867-0,1
ligand14315-0,1
ligand17875-0,1
ligand24309-0,1
ligand35644-0,1
ligand26561-0,1
ligand24994-0,1
ligand36641-0,1
ligand35223-0,1
ligand2047-0,1
ligand33838-0,1
ligand36831-0,1
ligand11722-0,1
ligand30755-0,1
ligand14637-0,1
ligand30418-0,1
ligand3314-0,1
ligand3367-0,1
ligand4607-0,1
ligand25827-0,1
ligand27369-0,1
ligand33060-0,1
ligand33061-0,1
ligand22585-0,1
ligand20662-0,1
ligand34464-0,1
ligand23484-0,1
ligand9934-0,1
ligand21394-0,1
ligand17913-0,1
ligand17232-0,1
ligand6783-0,1
ligand20449-0,1
ligand1045-0,1
ligand31332-0,1
ligand2011-0,1
ligand1378-0,1
ligand22672-0,1
ligand7100-0,1
ligand23577-0,1
ligand24679-0,1
ligand38086-0,1
ligand12941-0,1
ligand31003-0,1
ligand27428-0,1
ligand95-0,1
ligand23318-0,1
ligand25601-0,1
ligand11815-0,1
ligand428-0,1
ligand8942-0,1
ligand36239-0,1
ligand458-0,1
ligand35099-0,1
ligand7008-0,1
ligand5417-0,1
ligand840-0,1
ligand2608-0,1
ligand786-0,1
ligand21036-0,1
ligand33652-0,1
ligand29937-0,1
ligand23866-0,1
ligand16097-0,1
ligand13835-0,1
ligand7689-0,1
ligand12668-0,1
ligand26554-0,1
ligand6003-0,1
ligand7870-0,1
ligand4645-0,1
ligand14935-0,1
ligand16242-0,1
ligand12969-0,1
ligand18800-0,1
ligand11711-0,1
ligand14342-0,1
ligand22946-0,1
ligand30471-0,1
ligand6000-0,1
ligand19662-0,1
ligand50-0,1
ligand4140-0,1
ligand23396-0,1
ligand3971-0,1
ligand37578-0,1
ligand33367-0,1
ligand24123-0,1
ligand7844-0,1
ligand24728-0,1
ligand6632-0,1
ligand37351-0,1
ligand35034-0,1
ligand3373-0,1
ligand32016-0,1
ligand15281-0,1
ligand36991-0,1
ligand4960-0,1
ligand33996-0,1
ligand1263-0,1
ligand27987-0,1
ligand486-0,1
ligand23153-0,1
ligand31235-0,1
ligand28608-0,1
ligand28062-0,1
ligand20519-0,1
ligand32782-0,1
ligand11908-0,1
ligand23868-0,1
ligand31689-0,1
ligand34009-0,1
ligand23835-0,1
ligand29693-0,1
ligand29692-0,1
ligand29912-0,1
ligand3542-0,1
ligand22632-0,1
ligand10186-0,1
ligand28857-0,1
ligand28100-0,1
ligand28101-0,1
ligand34102-0,1
ligand19090-0,1
ligand20818-0,1
ligand3425-0,1
ligand7491-0,1
ligand7490-0,1
ligand37221-0,1
ligand14482-0,1
ligand33108-0,1
ligand19371-0,1
ligand10481-0,1
ligand34476-0,1
ligand32372-0,1
ligand1646-0,1
ligand37082-0,1
ligand18508-0,1
ligand23269-0,1
ligand21393-0,1
ligand19705-0,1
ligand2885-0,1
ligand11494-0,1
ligand28968-0,1
ligand23461-0,1
ligand5368-0,1
ligand23425-0,1
ligand25418-0,1
ligand33815-0,1
ligand38099-0,1
ligand10642-0,1
ligand25146-0,1
ligand28649-0,1
ligand31526-0,1
ligand31321-0,1
ligand12527-0,1
ligand33423-0,1
ligand18518-0,1
ligand19225-0,1
ligand5542-0,1
ligand35985-0,1
ligand31265-0,1
ligand26228-0,1
ligand28341-0,1
ligand10129-0,1
ligand3712-0,1
ligand14604-0,1
ligand16170-0,1
ligand9366-0,1
ligand16850-0,1
ligand8677-0,1
ligand17508-0,1
ligand20190-0,1
ligand15532-0,1
ligand7544-0,1
ligand21867-0,1
ligand14690-0,1
ligand27826-0,1
ligand13254-0,1
ligand13273-0,1
ligand4155-0,1
ligand37723-0,1
ligand6723-0,1
ligand36749-0,1
ligand27825-0,1
ligand10624-0,1
ligand15422-0,1
ligand10672-0,1
ligand12655-0,1
ligand27555-0,1
ligand7290-0,1
ligand30177-0,1
ligand34633-0,1
ligand13868-0,1
ligand13936-0,1
ligand28512-0,1
ligand30910-0,1
ligand30045-0,1
ligand21727-0,1
ligand5506-0,1
ligand14238-0,1
ligand20375-0,1
ligand34936-0,1
ligand7631-0,1
ligand12726-0,1
ligand6694-0,1
ligand949-0,1
ligand5308-0,1
ligand24645-0,1
ligand25825-0,1
ligand11367-0,1
ligand15894-0,1
ligand28932-0,1
ligand33619-0,1
ligand21697-0,1
ligand26781-0,1
ligand24733-0,1
ligand29403-0,1
ligand28764-0,1
ligand7488-0,1
ligand3369-0,1
ligand34078-0,1
ligand6491-0,1
ligand18583-0,1
ligand24604-0,1
ligand9155-0,1
ligand24067-0,1
ligand9498-0,1
ligand680-0,1
ligand24372-0,1
ligand20330-0,1
ligand22337-0,1
ligand28259-0,1
ligand451-0,1
ligand24603-0,1
ligand37116-0,1
ligand11018-0,1
ligand25204-0,1
ligand25246-0,1
ligand9878-0,1
ligand37743-0,1
ligand17886-0,1
ligand31656-0,1
ligand26370-0,1
ligand1202-0,1
ligand17605-0,1
ligand17606-0,1
ligand1440-0,1
ligand30338-0,1
ligand38104-0,1
ligand10159-0,1
ligand23249-0,1
ligand26614-0,1
ligand29031-0,1
ligand14563-0,1
ligand24856-0,1
ligand9624-0,1
ligand29732-0,1
ligand509-0,1
ligand33457-0,1
ligand7048-0,1
ligand32536-0,1
ligand35896-0,1
ligand27128-0,1
ligand20310-0,1
ligand29144-0,1
ligand33774-0,1
ligand10266-0,1
ligand1663-0,1
ligand29062-0,1
ligand24035-0,1
ligand3150-0,1
ligand6582-0,1
ligand14861-0,1
ligand14764-0,1
ligand19391-0,1
ligand5215-0,1
ligand1811-0,1
ligand8817-0,1
ligand6242-0,1
ligand18481-0,1
ligand18480-0,1
ligand34620-0,1
ligand20809-0,1
ligand4439-0,1
ligand5825-0,1
ligand31033-0,1
ligand31032-0,1
ligand31031-0,1
ligand36859-0,1
ligand5721-0,1
ligand12179-0,1
ligand30246-0,1
ligand32689-0,1
ligand24556-0,1
ligand31064-0,1
ligand2875-0,1
ligand36429-0,1
ligand36291-0,1
ligand30480-0,1
ligand4427-0,1
ligand17293-0,1
ligand37997-0,1
ligand29910-0,1
ligand20323-0,1
ligand20385-0,1
ligand30581-0,1
ligand27680-0,1
ligand6532-0,1
ligand35016-0,1
ligand18240-0,1
ligand34058-0,1
ligand5255-0,1
ligand519-0,1
ligand13751-0,1
ligand21595-0,1
ligand33361-0,1
ligand21832-0,1
ligand18494-0,1
ligand16436-0,1
ligand7707-0,1
ligand11749-0,1
ligand8295-0,1
ligand25340-0,1
ligand27444-0,1
ligand33489-0,1
ligand33312-0,1
ligand20539-0,1
ligand16417-0,1
ligand25558-0,1
ligand30778-0,1
ligand22371-0,1
ligand16569-0,1
ligand25937-0,1
ligand2125-0,1
ligand24477-0,1
ligand4936-0,1
ligand15461-0,1
ligand5685-0,1
ligand14982-0,1
ligand9773-0,1
ligand25475-0,1
ligand13304-0,1
ligand33166-0,1
ligand28366-0,1
ligand28769-0,1
ligand8805-0,1
ligand31167-0,1
ligand12352-0,1
ligand31677-0,1
ligand32484-0,1
ligand22655-0,1
ligand8367-0,1
ligand34685-0,1
ligand33542-0,1
ligand29653-0,1
ligand9043-0,1
ligand14156-0,1
ligand11810-0,1
ligand34187-0,1
ligand22467-0,1
ligand33112-0,1
ligand34916-0,1
ligand34506-0,1
ligand8157-0,1
ligand9133-0,1
ligand19775-0,1
ligand32374-0,1
ligand909-0,1
ligand19281-0,1
ligand17138-0,1
ligand37327-0,1
ligand18930-0,1
ligand11354-0,1
ligand15099-0,1
ligand35787-0,1
ligand2936-0,1
ligand27019-0,1
ligand1068-0,1
ligand6050-0,1
ligand28754-0,1
ligand22580-0,1
ligand19831-0,1
ligand15243-0,1
ligand6693-0,1
ligand31716-0,1
ligand24522-0,1
ligand22987-0,1
ligand19075-0,1
ligand16768-0,1
ligand6095-0,1
ligand36647-0,1
ligand33502-0,1
ligand7053-0,1
ligand19608-0,1
ligand24063-0,1
ligand22110-0,1
ligand22317-0,1
ligand14366-0,1
ligand28466-0,1
ligand28465-0,1
ligand6357-0,1
ligand223-0,1
ligand20292-0,1
ligand20094-0,1
ligand33956-0,1
ligand12546-0,1
ligand4035-0,1
ligand26502-0,1
ligand24806-0,1
ligand882-0,1
ligand13129-0,1
ligand34658-0,1
ligand22457-0,1
ligand29586-0,1
ligand30829-0,1
ligand22134-0,1
ligand2367-0,1
ligand12181-0,1
ligand23638-0,1
ligand35822-0,1
ligand20056-0,1
ligand30688-0,1
ligand16252-0,1
ligand30577-0,1
ligand28771-0,1
ligand35646-0,1
ligand18465-0,1
ligand15384-0,1
ligand2972-0,1
ligand27991-0,1
ligand25371-0,1
ligand3656-0,1
ligand36882-0,1
ligand22062-0,1
ligand38264-0,1
ligand20337-0,1
ligand19664-0,1
ligand14658-0,1
ligand9477-0,1
ligand8884-0,1
ligand1322-0,1
ligand32699-0,1
ligand29611-0,1
ligand37542-0,1
ligand23113-0,1
ligand23581-0,1
ligand22998-0,1
ligand24677-0,1
ligand10297-0,1
ligand34002-0,1
ligand30297-0,1
ligand29817-0,1
ligand12894-0,1
ligand16906-0,1
ligand10007-0,1
ligand37425-0,1
ligand27947-0,1
ligand346-0,1
ligand5056-0,1
ligand18826-0,1
ligand32602-0,1
ligand26213-0,1
ligand33326-0,1
ligand14551-0,1
ligand46-0,1
ligand13208-0,1
ligand33668-0,1
ligand6127-0,1
ligand8934-0,1
ligand10991-0,1
ligand33037-0,1
ligand32437-0,1
ligand37331-0,1
ligand363-0,1
ligand35491-0,1
ligand3155-0,1
ligand33036-0,1
ligand20499-0,1
ligand21924-0,1
ligand28814-0,1
ligand28813-0,1
ligand26334-0,1
ligand13844-0,1
ligand1841-0,1
ligand4822-0,1
ligand25847-0,1
ligand2962-0,1
ligand24868-0,1
ligand8852-0,1
ligand20758-0,1
ligand22726-0,1
ligand17532-0,1
ligand15835-0,1
ligand6886-0,1
ligand7405-0,1
ligand10908-0,1
ligand16113-0,1
ligand30024-0,1
ligand7521-0,1
ligand3734-0,1
ligand15633-0,1
ligand15632-0,1
ligand5431-0,1
ligand31641-0,1
ligand28306-0,1
ligand15860-0,1
ligand15754-0,1
ligand3621-0,1
ligand20131-0,1
ligand998-0,1
ligand33570-0,1
ligand38209-0,1
ligand37671-0,1
ligand31414-0,1
ligand26645-0,1
ligand25483-0,1
ligand25073-0,1
ligand27709-0,1
ligand33321-0,1
ligand33712-0,1
ligand19619-0,1
ligand28582-0,1
ligand37503-0,1
ligand8032-0,1
ligand5926-0,1
ligand12820-0,1
ligand7906-0,1
ligand18220-0,1
ligand4893-0,1
ligand8997-0,1
ligand2115-0,1
ligand3835-0,1
ligand32128-0,1
ligand264-0,1
ligand13045-0,1
ligand21004-0,1
ligand28331-0,1
ligand37015-0,1
ligand27899-0,1
ligand30560-0,1
ligand26068-0,1
ligand10881-0,1
ligand18061-0,1
ligand18062-0,1
ligand32141-0,1
ligand5298-0,1
ligand24084-0,1
ligand15150-0,1
ligand25958-0,1
ligand12054-0,1
ligand9319-0,1
ligand29340-0,1
ligand29340-1,1
ligand34804-0,1
ligand33727-0,1
ligand15861-0,1
ligand34845-0,1
ligand31459-0,1
ligand1640-0,1
ligand23999-0,1
ligand24162-0,1
ligand17184-0,1
ligand25621-0,1
ligand25620-0,1
ligand19787-0,1
ligand9913-0,1
ligand5738-0,1
ligand14948-0,1
ligand15079-0,1
ligand19857-0,1
ligand34492-0,1
ligand19605-0,1
ligand35654-0,1
ligand30234-0,1
ligand2963-0,1
ligand10597-0,1
ligand34005-0,1
ligand17914-0,1
ligand16092-0,1
ligand17921-0,1
ligand5124-0,1
ligand20866-0,1
ligand10077-0,1
ligand22810-0,1
ligand19827-0,1
ligand23665-0,1
ligand32213-0,1
ligand30348-0,1
ligand5418-0,1
ligand18497-0,1
ligand9605-0,1
ligand22873-0,1
ligand33760-0,1
ligand2565-0,1
ligand36311-0,1
ligand17010-0,1
ligand32619-0,1
ligand36745-0,1
ligand31773-0,1
ligand36744-0,1
ligand29781-0,1
ligand10103-0,1
ligand9925-0,1
ligand14379-0,1
ligand31372-0,1
ligand30051-0,1
ligand16284-0,1
ligand3617-0,1
ligand4073-0,1
ligand11971-0,1
ligand8802-0,1
ligand35774-0,1
ligand2099-0,1
ligand2463-0,1
ligand16543-0,1
ligand5103-0,1
ligand24745-0,1
ligand6905-0,1
ligand5984-0,1
ligand19898-0,1
ligand24614-0,1
ligand2452-0,1
ligand37631-0,1
ligand23129-0,1
ligand3133-0,1
ligand37253-0,1
ligand14713-0,1
ligand18336-0,1
ligand21020-0,1
ligand2379-0,1
ligand11574-0,1
ligand20140-0,1
ligand36105-0,1
ligand918-0,1
ligand919-0,1
ligand26583-0,1
ligand3140-0,1
ligand6317-0,1
ligand23616-0,1
ligand36476-0,1
ligand30854-0,1
ligand5962-0,1
ligand5073-0,1
ligand30429-0,1
ligand37288-0,1
ligand33167-0,1
ligand32496-0,1
ligand5999-0,1
ligand14172-0,1
ligand10307-0,1
ligand4985-0,1
ligand23248-0,1
ligand27197-0,1
ligand14504-0,1
ligand5827-0,1
ligand36273-0,1
ligand4524-0,1
ligand24436-0,1
ligand27101-0,1
ligand19172-0,1
ligand29825-0,1
ligand3261-0,1
ligand23846-0,1
ligand12703-0,1
ligand12702-0,1
ligand31041-0,1
ligand13474-0,1
ligand37673-0,1
ligand13065-0,1
ligand35276-0,1
ligand33932-0,1
ligand12183-0,1
ligand21866-0,1
ligand28527-0,1
ligand9192-0,1
ligand35977-0,1
ligand16347-0,1
ligand15318-0,1
ligand15317-0,1
ligand21144-0,1
ligand1756-0,1
ligand7560-0,1
ligand29136-0,1
ligand11983-0,1
ligand22257-0,1
ligand10388-0,1
ligand13022-0,1
ligand13603-0,1
ligand11436-0,1
ligand34885-0,1
ligand17442-0,1
ligand18557-0,1
ligand24577-0,1
ligand9823-0,1
ligand24297-0,1
ligand3103-0,1
ligand7851-0,1
ligand30423-0,1
ligand14476-0,1
ligand11186-0,1
ligand37035-0,1
ligand26270-0,1
ligand36792-0,1
ligand474-0,1
ligand30546-0,1
ligand10798-0,1
ligand2331-0,1
ligand6347-0,1
ligand21166-0,1
ligand23765-0,1
ligand15620-0,1
ligand22716-0,1
ligand26444-0,1
ligand13970-0,1
ligand4680-0,1
ligand6913-0,1
ligand36664-0,1
ligand28601-0,1
ligand35004-0,1
ligand14573-0,1
ligand11412-0,1
ligand29712-0,1
ligand2374-0,1
ligand37751-0,1
ligand10431-0,1
ligand25231-0,1
ligand9157-0,1
ligand34520-0,1
ligand799-0,1
ligand20053-0,1
ligand4570-0,1
ligand22500-0,1
ligand26584-0,1
ligand28279-0,1
ligand27996-0,1
ligand36969-0,1
ligand31312-0,1
ligand12309-0,1
ligand22529-0,1
ligand35930-0,1
ligand26903-0,1
ligand23567-0,1
ligand18911-0,1
ligand30563-0,1
ligand8585-0,1
ligand14530-0,1
ligand28253-0,1
ligand580-0,1
ligand5895-0,1
ligand33237-0,1
ligand21910-0,1
ligand22489-0,1
ligand14803-0,1
ligand25891-0,1
ligand19193-0,1
ligand2050-0,1
ligand1223-0,1
ligand36570-0,1
ligand23343-0,1
ligand10294-0,1
ligand23913-0,1
ligand3566-0,1
ligand16694-0,1
ligand22674-0,1
ligand20343-0,1
ligand4612-0,1
ligand12555-0,1
ligand37249-0,1
ligand805-0,1
ligand25681-0,1
ligand1889-0,1
ligand22036-0,1
ligand29688-0,1
ligand29899-0,1
ligand34557-0,1
ligand11221-0,1
ligand10733-0,1
ligand7131-0,1
ligand23290-0,1
ligand17336-0,1
ligand34516-0,1
ligand14823-0,1
ligand22126-0,1
ligand30611-0,1
ligand21025-0,1
ligand20713-0,1
ligand2229-0,1
ligand1731-0,1
ligand12282-0,1
ligand33848-0,1
ligand32180-0,1
ligand5522-0,1
ligand37512-0,1
ligand25821-0,1
ligand12944-0,1
ligand13089-0,1
ligand13090-0,1
ligand28020-0,1
ligand18898-0,1
ligand24563-0,1
ligand18433-0,1
ligand21831-0,1
ligand4648-0,1
ligand9580-0,1
ligand9086-0,1
ligand34519-0,1
ligand13647-0,1
ligand22521-0,1
ligand32393-0,1
ligand18838-0,1
ligand18837-0,1
ligand25024-0,1
ligand8522-0,1
ligand29026-0,1
ligand27601-0,1
ligand23869-0,1
ligand14647-0,1
ligand26195-0,1
ligand37509-0,1
ligand18364-0,1
ligand33417-0,1
ligand10671-0,1
ligand16556-0,1
ligand37416-0,1
ligand29410-0,1
ligand18485-0,1
ligand24466-0,1
ligand33453-0,1
ligand31974-0,1
ligand26458-0,1
ligand24703-0,1
ligand4094-0,1
ligand28626-0,1
ligand36690-0,1
ligand9290-0,1
ligand9503-0,1
ligand19983-0,1
ligand15987-0,1
ligand30552-0,1
ligand13901-0,1
ligand24697-0,1
ligand1932-0,1
ligand28086-0,1
ligand23512-0,1
ligand7408-0,1
ligand28862-0,1
ligand21045-0,1
ligand35650-0,1
ligand3101-0,1
ligand3438-0,1
ligand21538-0,1
ligand29085-0,1
ligand12184-0,1
ligand1608-0,1
ligand22395-0,1
ligand29291-0,1
ligand18469-0,1
ligand7793-0,1
ligand29465-0,1
ligand29857-0,1
ligand4344-0,1
ligand30042-0,1
ligand38152-0,1
ligand16153-0,1
ligand13739-0,1
ligand37422-0,1
ligand34850-0,1
ligand21932-0,1
ligand30327-0,1
ligand8789-0,1
ligand3802-0,1
ligand4901-0,1
ligand7796-0,1
ligand3283-0,1
ligand38323-0,1
ligand36388-0,1
ligand15339-0,1
ligand4111-0,1
ligand16638-0,1
ligand32221-0,1
ligand33040-0,1
ligand32261-0,1
ligand20287-0,1
ligand18763-0,1
ligand14542-0,1
ligand10932-0,1
ligand4792-0,1
ligand5400-0,1
ligand25136-0,1
ligand26562-0,1
ligand32735-0,1
ligand33165-0,1
ligand23422-0,1
ligand29054-0,1
ligand28070-0,1
ligand30392-0,1
ligand15770-0,1
ligand4080-0,1
ligand34992-0,1
ligand30815-0,1
ligand12957-0,1
ligand32113-0,1
ligand38001-0,1
ligand37655-0,1
ligand28321-0,1
ligand14273-0,1
ligand25667-0,1
ligand34580-0,1
ligand36522-0,1
ligand101-0,1
ligand608-0,1
ligand4496-0,1
ligand19883-0,1
ligand29916-0,1
ligand4718-0,1
ligand19518-0,1
ligand8068-0,1
ligand15741-0,1
ligand30223-0,1
ligand14860-0,1
ligand15282-0,1
ligand14376-0,1
ligand36356-0,1
ligand20771-0,1
ligand10590-0,1
ligand35262-0,1
ligand28385-0,1
ligand22173-0,1
ligand19182-0,1
ligand32830-0,1
ligand5262-0,1
ligand35773-0,1
ligand27505-0,1
ligand30336-0,1
ligand8090-0,1
ligand7139-0,1
ligand26748-0,1
ligand1954-0,1
ligand38093-0,1
ligand37133-0,1
ligand7075-0,1
ligand35312-0,1
ligand6678-0,1
ligand17599-0,1
ligand28598-0,1
ligand25393-0,1
ligand17170-0,1
ligand29421-0,1
ligand11488-0,1
ligand13744-0,1
ligand1346-0,1
ligand27190-0,1
ligand37177-0,1
ligand15348-0,1
ligand22031-0,1
ligand28059-0,1
ligand31792-0,1
ligand13039-0,1
ligand11742-0,1
ligand33309-0,1
ligand22779-0,1
ligand26060-0,1
ligand12778-0,1
ligand9254-0,1
ligand35007-0,1
ligand11382-0,1
ligand11665-0,1
ligand33009-0,1
ligand4975-0,1
ligand32711-0,1
ligand37194-0,1
ligand17024-0,1
ligand15653-0,1
ligand32745-0,1
ligand28503-0,1
ligand17723-0,1
ligand12509-0,1
ligand1489-0,1
ligand13086-0,1
ligand30930-0,1
ligand36511-0,1
ligand26320-0,1
ligand34190-0,1
ligand27581-0,1
ligand7594-0,1
ligand255-0,1
ligand18187-0,1
ligand18188-0,1
ligand10151-0,1
ligand26616-0,1
ligand13665-0,1
ligand30921-0,1
ligand37736-0,1
ligand32543-0,1
ligand1137-0,1
ligand35776-0,1
ligand21425-0,1
ligand35228-0,1
ligand22155-0,1
ligand5067-0,1
ligand1669-0,1
ligand20908-0,1
ligand6145-0,1
ligand19955-0,1
ligand32726-0,1
ligand29663-0,1
ligand29600-0,1
ligand11712-0,1
ligand19450-0,1
ligand8909-0,1
ligand8908-0,1
ligand22030-0,1
ligand2851-0,1
ligand11898-0,1
ligand26219-0,1
ligand32082-0,1
ligand5341-0,1
ligand15651-0,1
ligand13135-0,1
ligand8250-0,1
ligand5059-0,1
ligand26246-0,1
ligand15355-0,1
ligand16046-0,1
ligand8813-0,1
ligand30521-0,1
ligand27985-0,1
ligand25613-0,1
ligand11242-0,1
ligand10779-0,1
ligand30796-0,1
ligand30208-0,1
ligand10844-0,1
ligand613-0,1
ligand13227-0,1
ligand10538-0,1
ligand29550-0,1
ligand1453-0,1
ligand17110-0,1
ligand25519-0,1
ligand25931-0,1
ligand35200-0,1
ligand35873-0,1
ligand31787-0,1
ligand23644-0,1
ligand27512-0,1
ligand26129-0,1
ligand33772-0,1
ligand17078-0,1
ligand16100-0,1
ligand12935-0,1
ligand1973-0,1
ligand37859-0,1
ligand11027-0,1
ligand37302-0,1
ligand23112-0,1
ligand29884-0,1
ligand2976-0,1
ligand20674-0,1
ligand24057-0,1
ligand31297-0,1
ligand28225-0,1
ligand34206-0,1
ligand34207-0,1
ligand7374-0,1
ligand21616-0,1
ligand37904-0,1
ligand5823-0,1
ligand8308-0,1
ligand9911-0,1
ligand29833-0,1
ligand25596-0,1
ligand29035-0,1
ligand35066-0,1
ligand34812-0,1
ligand23878-0,1
ligand6457-0,1
ligand27962-0,1
ligand5510-0,1
ligand27106-0,1
ligand12149-0,1
ligand37990-0,1
ligand25128-0,1
ligand20511-0,1
ligand15943-0,1
ligand36550-0,1
ligand32723-0,1
ligand20150-0,1
ligand10455-0,1
ligand2280-0,1
ligand7002-0,1
ligand26862-0,1
ligand33664-0,1
ligand30641-0,1
ligand9942-0,1
ligand27077-0,1
ligand20801-0,1
ligand7177-0,1
ligand28379-0,1
ligand22640-0,1
ligand33480-0,1
ligand4953-0,1
ligand12837-0,1
ligand119-0,1
ligand4643-0,1
ligand34894-0,1
ligand34052-0,1
ligand24763-0,1
ligand32788-0,1
ligand27640-0,1
ligand38150-0,1
ligand13313-0,1
ligand3490-0,1
ligand3599-0,1
ligand23537-0,1
ligand34837-0,1
ligand26127-0,1
ligand20664-0,1
ligand25805-0,1
ligand3713-0,1
ligand27340-0,1
ligand14506-0,1
ligand19974-0,1
ligand12347-0,1
ligand5797-0,1
ligand22360-0,1
ligand29615-0,1
ligand3924-0,1
ligand17374-0,1
ligand1179-0,1
ligand30968-0,1
ligand14721-0,1
ligand18531-0,1
ligand24216-0,1
ligand18159-0,1
ligand5674-0,1
ligand38111-0,1
ligand31603-0,1
ligand3976-0,1
ligand25227-0,1
ligand12484-0,1
ligand20307-0,1
ligand37039-0,1
ligand18666-0,1
ligand29682-0,1
ligand36153-0,1
ligand16858-0,1
ligand16291-1,1
ligand29452-0,1
ligand27182-0,1
ligand12444-0,1
ligand30812-0,1
ligand15536-0,1
ligand19030-0,1
ligand29220-0,1
ligand3604-0,1
ligand30144-0,1
ligand16230-0,1
ligand36351-0,1
ligand12405-0,1
ligand15824-0,1
ligand14732-0,1
ligand34045-0,1
ligand28282-0,1
ligand16644-0,1
ligand3497-0,1
ligand34427-0,1
ligand25234-0,1
ligand16199-1,1
ligand8305-0,1
ligand12470-0,1
ligand5527-0,1
ligand29617-0,1
ligand9387-0,1
ligand7347-0,1
ligand15136-0,1
ligand13353-0,1
ligand21494-0,1
ligand1411-0,1
ligand1784-0,1
ligand13437-0,1
ligand30741-0,1
ligand28736-0,1
ligand3535-0,1
ligand24163-0,1
ligand19133-0,1
ligand35390-0,1
ligand19297-0,1
ligand4657-0,1
ligand1234-0,1
ligand29435-0,1
ligand3362-0,1
ligand19846-0,1
ligand24799-0,1
ligand15292-0,1
ligand16934-0,1
ligand16935-0,1
ligand24718-0,1
ligand31923-0,1
ligand33122-0,1
ligand12745-0,1
ligand32485-0,1
ligand3948-0,1
ligand13883-0,1
ligand16893-0,1
ligand33967-0,1
ligand1931-0,1
ligand17522-0,1
ligand36594-0,1
ligand4159-0,1
ligand35237-0,1
ligand7298-0,1
ligand9556-0,1
ligand25694-0,1
ligand1753-0,1
ligand8657-0,1
ligand11130-0,1
ligand32534-0,1
ligand23627-0,1
ligand5641-0,1
ligand16398-0,1
ligand7407-0,1
ligand36890-0,1
ligand14758-0,1
ligand8806-0,1
ligand2971-0,1
ligand5994-0,1
ligand3384-0,1
ligand35409-0,1
ligand20277-0,1
ligand20728-0,1
ligand37064-0,1
ligand25329-0,1
ligand14011-0,1
ligand17230-0,1
ligand17775-0,1
ligand18716-0,1
ligand28627-0,1
ligand11498-0,1
ligand5161-0,1
ligand26658-0,1
ligand9893-0,1
ligand11462-0,1
ligand6023-0,1
ligand16279-0,1
ligand15005-0,1
ligand29738-0,1
ligand6844-0,1
ligand3541-0,1
ligand37427-0,1
ligand22045-0,1
ligand6969-0,1
ligand28224-0,1
ligand13197-0,1
ligand8988-0,1
ligand29533-0,1
ligand30934-0,1
ligand21974-0,1
ligand9017-0,1
ligand9018-0,1
ligand34083-0,1
ligand27216-0,1
ligand4450-0,1
ligand21384-0,1
ligand23123-0,1
ligand24336-0,1
ligand7762-0,1
ligand10615-0,1
ligand26646-0,1
ligand14282-0,1
ligand27885-0,1
ligand33308-0,1
ligand640-0,1
ligand9052-0,1
ligand20576-0,1
ligand24474-0,1
ligand31531-0,1
ligand27567-0,1
ligand22838-0,1
ligand37344-0,1
ligand13279-0,1
ligand19997-0,1
ligand34650-0,1
ligand23906-0,1
ligand35609-0,1
ligand22975-0,1
ligand20959-0,1
ligand18345-0,1
ligand4590-0,1
ligand5440-0,1
ligand16549-0,1
ligand18226-0,1
ligand15270-0,1
ligand37157-0,1
ligand28106-0,1
ligand19201-0,1
ligand11425-0,1
ligand10919-0,1
ligand5228-0,1
ligand29278-0,1
ligand19776-0,1
ligand9719-0,1
ligand9255-0,1
ligand37110-0,1
ligand33567-0,1
ligand4858-0,1
ligand21065-0,1
ligand35290-0,1
ligand32336-0,1
ligand4081-0,1
ligand36018-0,1
ligand37985-0,1
ligand14787-0,1
ligand14788-0,1
ligand23397-0,1
ligand28820-0,1
ligand16587-0,1
ligand5743-0,1
ligand8354-0,1
ligand2614-0,1
ligand11654-0,1
ligand3256-0,1
ligand1648-0,1
ligand33867-0,1
ligand28212-0,1
ligand11387-0,1
ligand34369-0,1
ligand10514-0,1
ligand29011-0,1
ligand18321-0,1
ligand24313-0,1
ligand4157-0,1
ligand24312-0,1
ligand8654-0,1
ligand33449-0,1
ligand19988-0,1
ligand15277-0,1
ligand35957-0,1
ligand20822-0,1
ligand31916-0,1
ligand13000-0,1
ligand4326-0,1
ligand28009-0,1
ligand24689-0,1
ligand20688-0,1
ligand6608-0,1
ligand31476-0,1
ligand28458-0,1
ligand31477-0,1
ligand21741-0,1
ligand28189-0,1
ligand29948-0,1
ligand36066-0,1
ligand13639-0,1
ligand15285-0,1
ligand21676-0,1
ligand15427-0,1
ligand13643-0,1
ligand18362-0,1
ligand29325-0,1
ligand16849-0,1
ligand24333-0,1
ligand20960-0,1
ligand12368-0,1
ligand29404-0,1
ligand16802-0,1
ligand11890-0,1
ligand28272-0,1
ligand27539-0,1
ligand8606-0,1
ligand31504-0,1
ligand38315-0,1
ligand33545-0,1
ligand29299-0,1
ligand2029-0,1
ligand14157-0,1
ligand34753-0,1
ligand30511-0,1
ligand21240-0,1
ligand16010-0,1
ligand2673-0,1
ligand11346-0,1
ligand28364-0,1
ligand26410-0,1
ligand26846-0,1
ligand1865-0,1
ligand24380-0,1
ligand32803-0,1
ligand19373-0,1
ligand20603-0,1
ligand6148-0,1
ligand14405-0,1
ligand26722-0,1
ligand17954-0,1
ligand2067-0,1
ligand23756-0,1
ligand15968-0,1
ligand20864-0,1
ligand30101-0,1
ligand741-0,1
ligand27226-0,1
ligand30773-0,1
ligand20500-0,1
ligand12106-0,1
ligand371-0,1
ligand14480-0,1
ligand30713-0,1
ligand28347-0,1
ligand5753-0,1
ligand13223-0,1
ligand33363-0,1
ligand7054-0,1
ligand13010-0,1
ligand20495-0,1
ligand4429-0,1
ligand4430-0,1
ligand17885-0,1
ligand31804-0,1
ligand36101-0,1
ligand8010-0,1
ligand14874-0,1
ligand2503-0,1
ligand35403-0,1
ligand3165-0,1
ligand29019-0,1
ligand22484-0,1
ligand23278-0,1
ligand19712-0,1
ligand20383-0,1
ligand11202-0,1
ligand10558-0,1
ligand35389-0,1
ligand24302-0,1
ligand19056-0,1
ligand19461-0,1
ligand12651-0,1
ligand37258-0,1
ligand9505-0,1
ligand20048-0,1
ligand22869-0,1
ligand11404-0,1
ligand27838-0,1
ligand26093-0,1
ligand28997-0,1
ligand17969-0,1
ligand31245-0,1
ligand24095-0,1
ligand25750-0,1
ligand11888-0,1
ligand19737-0,1
ligand13195-0,1
ligand35116-0,1
ligand24949-0,1
ligand35966-0,1
ligand18560-0,1
ligand29150-0,1
ligand23862-0,1
ligand760-0,1
ligand13011-0,1
ligand8710-0,1
ligand31834-0,1
ligand20358-0,1
ligand19008-0,1
ligand15707-0,1
ligand7515-0,1
ligand12498-0,1
ligand14801-0,1
ligand16194-0,1
ligand14771-0,1
ligand32396-0,1
ligand3516-0,1
ligand6405-0,1
ligand24014-0,1
ligand1935-0,1
ligand2806-0,1
ligand26384-0,1
ligand37031-0,1
ligand11588-0,1
ligand25011-0,1
ligand10012-0,1
ligand35518-0,1
ligand36798-0,1
ligand19089-0,1
ligand35883-0,1
ligand12312-0,1
ligand9573-0,1
ligand8089-0,1
ligand16947-0,1
ligand15896-0,1
ligand37059-0,1
ligand24658-0,1
ligand31165-0,1
ligand12466-0,1
ligand5280-0,1
ligand10047-0,1
ligand14435-0,1
ligand34891-0,1
ligand24174-0,1
ligand29792-0,1
ligand34532-0,1
ligand23959-0,1
ligand3563-0,1
ligand983-0,1
ligand5619-0,1
ligand17693-0,1
ligand30668-0,1
ligand2458-0,1
ligand2160-0,1
ligand16946-0,1
ligand8353-0,1
ligand36569-0,1
ligand31283-0,1
ligand31282-0,1
ligand22575-0,1
ligand12746-0,1
ligand1610-0,1
ligand10587-0,1
ligand5657-0,1
ligand35826-0,1
ligand15266-0,1
ligand28642-0,1
ligand10289-0,1
ligand18198-0,1
ligand30652-0,1
ligand18050-0,1
ligand36806-0,1
ligand5712-0,1
ligand28566-0,1
ligand5045-0,1
ligand26860-0,1
ligand23100-0,1
ligand12806-0,1
ligand20404-0,1
ligand21693-0,1
ligand11977-0,1
ligand29536-0,1
ligand26030-0,1
ligand22136-0,1
ligand17305-0,1
ligand33866-0,1
ligand5832-0,1
ligand15424-0,1
ligand17860-0,1
ligand31849-0,1
ligand29134-0,1
ligand8042-0,1
ligand20513-0,1
ligand33191-0,1
ligand27889-0,1
ligand37210-0,1
ligand2305-0,1
ligand13875-0,1
ligand33902-0,1
ligand36208-0,1
ligand15617-0,1
ligand23995-0,1
ligand921-0,1
ligand24591-0,1
ligand22015-0,1
ligand4594-0,1
ligand12172-0,1
ligand19106-0,1
ligand11851-0,1
ligand4668-0,1
ligand24365-0,1
ligand13035-0,1
ligand17624-0,1
ligand28897-0,1
ligand8342-0,1
ligand10408-0,1
ligand4421-0,1
ligand3503-0,1
ligand4206-0,1
ligand11958-0,1
ligand35168-0,1
ligand9991-0,1
ligand6970-0,1
ligand33762-0,1
ligand31581-0,1
ligand16526-0,1
ligand9851-0,1
ligand10034-0,1
ligand10400-0,1
ligand2382-0,1
ligand11194-0,1
ligand24392-0,1
ligand30584-0,1
ligand16994-0,1
ligand15920-0,1
ligand10338-0,1
ligand37532-0,1
ligand6088-0,1
ligand24327-0,1
ligand29987-0,1
ligand36893-0,1
ligand34345-0,1
ligand34170-0,1
ligand28168-0,1
ligand14170-0,1
ligand23252-0,1
ligand15001-0,1
ligand8557-0,1
ligand31686-0,1
ligand35685-0,1
ligand22929-0,1
ligand4182-0,1
ligand34171-0,1
ligand21902-0,1
ligand15514-0,1
ligand33588-0,1
ligand20587-0,1
ligand5219-0,1
ligand7495-0,1
ligand33306-0,1
ligand36614-0,1
ligand35402-0,1
ligand4676-0,1
ligand10406-0,1
ligand27687-0,1
ligand12108-0,1
ligand22560-0,1
ligand8550-0,1
ligand3805-0,1
ligand13400-0,1
ligand33667-0,1
ligand35365-0,1
ligand35839-0,1
ligand7049-0,1
ligand26628-0,1
ligand19051-0,1
ligand4175-0,1
ligand13542-0,1
ligand35818-0,1
ligand34756-0,1
ligand6001-0,1
ligand31247-0,1
ligand15905-0,1
ligand23751-0,1
ligand37956-0,1
ligand10054-0,1
ligand26236-0,1
ligand7678-0,1
ligand10155-0,1
ligand26183-0,1
ligand2713-0,1
ligand15927-0,1
ligand32107-0,1
ligand20510-0,1
ligand29002-0,1
ligand11245-0,1
ligand29003-0,1
ligand14431-0,1
ligand16787-0,1
ligand13253-0,1
ligand2135-0,1
ligand2714-0,1
ligand35246-0,1
ligand14623-0,1
ligand8017-0,1
ligand34342-0,1
ligand14375-0,1
ligand6236-0,1
ligand22345-0,1
ligand37775-0,1
ligand30671-0,1
ligand27140-0,1
ligand19129-0,1
ligand25860-0,1
ligand11555-0,1
ligand3400-0,1
ligand15199-0,1
ligand15883-0,1
ligand27926-0,1
ligand31313-0,1
ligand26850-0,1
ligand30678-0,1
ligand27494-0,1
ligand16730-0,1
ligand21005-0,1
ligand6068-0,1
ligand23597-0,1
ligand2250-0,1
ligand11353-0,1
ligand30091-0,1
ligand793-0,1
ligand13308-0,1
ligand32159-0,1
ligand6652-0,1
ligand31013-0,1
ligand20935-0,1
ligand14424-0,1
ligand2225-0,1
ligand33537-0,1
ligand18451-0,1
ligand22293-0,1
ligand14906-0,1
ligand34556-0,1
ligand25544-0,1
ligand11158-0,1
ligand714-0,1
ligand13533-0,1
ligand37536-0,1
ligand3387-0,1
ligand22463-0,1
ligand15035-0,1
ligand18521-0,1
ligand19711-0,1
ligand15276-0,1
ligand11675-0,1
ligand18832-0,1
ligand35112-0,1
ligand2733-0,1
ligand37849-0,1
ligand32000-0,1
ligand31999-0,1
ligand16373-0,1
ligand11611-0,1
ligand29898-0,1
ligand11856-0,1
ligand32436-0,1
ligand25927-0,1
ligand1060-0,1
ligand24687-0,1
ligand14730-0,1
ligand30426-0,1
ligand13206-0,1
ligand226-0,1
ligand6786-0,1
ligand19477-0,1
ligand10161-0,1
ligand36307-0,1
ligand20122-0,1
ligand33159-0,1
ligand2604-0,1
ligand17082-0,1
ligand23020-0,1
ligand12504-0,1
ligand33053-0,1
ligand6642-0,1
ligand25943-0,1
ligand28438-0,1
ligand26186-0,1
ligand769-0,1
ligand37666-0,1
ligand15026-0,1
ligand34590-0,1
ligand11829-0,1
ligand36357-0,1
ligand1771-0,1
ligand34475-0,1
ligand37367-0,1
ligand23352-0,1
ligand31818-0,1
ligand28845-0,1
ligand20408-0,1
ligand2639-0,1
ligand29151-0,1
ligand36603-0,1
ligand24489-0,1
ligand28359-0,1
ligand19036-0,1
ligand15163-0,1
ligand25930-0,1
ligand25014-0,1
ligand10789-0,1
ligand23065-0,1
ligand18373-0,1
ligand18936-0,1
ligand28479-0,1
ligand21359-0,1
ligand18395-0,1
ligand20793-0,1
ligand367-0,1
ligand231-0,1
ligand11490-0,1
ligand28616-0,1
ligand29018-0,1
ligand9858-0,1
ligand18294-0,1
ligand17907-0,1
ligand1986-0,1
ligand21839-0,1
ligand14917-0,1
ligand18377-0,1
ligand21726-0,1
ligand23219-0,1
ligand13838-0,1
ligand26820-0,1
ligand29871-0,1
ligand17295-0,1
ligand27238-0,1
ligand35633-0,1
ligand31255-0,1
ligand13432-0,1
ligand19845-0,1
ligand35858-0,1
ligand19743-0,1
ligand20430-0,1
ligand35929-0,1
ligand16568-0,1
ligand17996-0,1
ligand12647-0,1
ligand5601-0,1
ligand27207-0,1
ligand19255-0,1
ligand37537-0,1
ligand25217-0,1
ligand37337-0,1
ligand11693-0,1
ligand37322-0,1
ligand7924-0,1
ligand7887-0,1
ligand33581-0,1
ligand7574-0,1
ligand22862-0,1
ligand21950-0,1
ligand20964-0,1
ligand13247-0,1
ligand37850-0,1
ligand3963-0,1
ligand6250-0,1
ligand17409-0,1
ligand34651-0,1
ligand31566-0,1
ligand30709-0,1
ligand20417-0,1
ligand30865-0,1
ligand10029-0,1
ligand20148-0,1
ligand25504-0,1
ligand30064-0,1
ligand36818-0,1
ligand15713-0,1
ligand10905-0,1
ligand8565-0,1
ligand2840-0,1
ligand19456-0,1
ligand35055-0,1
ligand11824-0,1
ligand14643-0,1
ligand8736-0,1
ligand29339-0,1
ligand25263-0,1
ligand214-0,1
ligand38230-0,1
ligand24083-0,1
ligand24103-0,1
ligand5253-0,1
ligand14344-0,1
ligand11709-0,1
ligand13750-0,1
ligand8388-0,1
ligand15725-0,1
ligand19183-0,1
ligand13743-0,1
ligand34980-0,1
ligand35377-0,1
ligand13840-0,1
ligand22428-0,1
ligand28612-0,1
ligand30105-0,1
ligand15931-0,1
ligand36191-0,1
ligand26922-0,1
ligand25312-0,1
ligand32489-0,1
ligand21165-0,1
ligand3767-0,1
ligand33475-0,1
ligand30523-0,1
ligand162-0,1
ligand19585-0,1
ligand17326-0,1
ligand30682-0,1
ligand17963-0,1
ligand24031-0,1
ligand27981-0,1
ligand34038-0,1
ligand16929-0,1
ligand15293-0,1
ligand32581-0,1
ligand9569-0,1
ligand25604-0,1
ligand33328-0,1
ligand2037-0,1
ligand37669-0,1
ligand37076-0,1
ligand1979-0,1
ligand2341-0,1
ligand18572-0,1
ligand25183-0,1
ligand18675-0,1
ligand5934-0,1
ligand18834-0,1
ligand20903-0,1
ligand23545-0,1
ligand20656-0,1
ligand16251-0,1
ligand19228-0,1
ligand10680-0,1
ligand20285-0,1
ligand30831-0,1
ligand28493-0,1
ligand23548-0,1
ligand1972-0,1
ligand15726-0,1
ligand22608-0,1
ligand1162-0,1
ligand10232-0,1
ligand196-0,1
ligand7452-0,1
ligand7395-0,1
ligand14246-0,1
ligand19745-0,1
ligand11076-1,1
ligand31875-0,1
ligand36870-0,1
ligand21713-0,1
ligand13671-0,1
ligand17674-0,1
ligand19044-0,1
ligand21472-0,1
ligand8348-0,1
ligand23148-0,1
ligand36566-0,1
ligand36377-0,1
ligand21828-0,1
ligand38229-0,1
ligand5804-0,1
ligand4337-0,1
ligand31432-0,1
ligand7085-0,1
ligand18652-0,1
ligand31747-0,1
ligand20160-0,1
ligand8895-0,1
ligand23263-0,1
ligand17123-0,1
ligand14359-0,1
ligand25111-0,1
ligand13852-0,1
ligand2320-0,1
ligand20055-0,1
ligand24096-0,1
ligand18361-0,1
ligand20386-0,1
ligand25163-0,1
ligand24896-0,1
ligand20847-0,1
ligand32154-0,1
ligand18695-0,1
ligand13016-0,1
ligand2456-0,1
ligand31966-0,1
ligand20878-0,1
ligand21701-0,1
ligand27102-0,1
ligand24548-0,1
ligand2314-0,1
ligand27103-0,1
ligand26059-0,1
ligand25572-0,1
ligand37612-0,1
ligand14346-0,1
ligand19584-0,1
ligand15357-0,1
ligand19977-0,1
ligand10960-0,1
ligand28926-0,1
ligand4223-0,1
ligand4222-0,1
ligand21066-0,1
ligand13294-0,1
ligand21892-0,1
ligand37168-0,1
ligand36901-0,1
ligand20119-0,1
ligand3049-0,1
ligand3445-0,1
ligand11000-0,1
ligand15908-0,1
ligand3348-0,1
ligand13006-0,1
ligand36033-0,1
ligand7502-0,1
ligand26318-0,1
ligand30899-0,1
ligand31085-0,1
ligand24876-0,1
ligand6173-0,1
ligand36404-0,1
ligand21131-0,1
ligand18339-0,1
ligand30035-0,1
ligand26113-0,1
ligand30873-0,1
ligand13148-0,1
ligand36952-0,1
ligand37391-0,1
ligand35291-0,1
ligand37354-0,1
ligand7861-0,1
ligand9164-0,1
ligand28406-0,1
ligand29769-0,1
ligand7586-0,1
ligand19287-0,1
ligand34596-0,1
ligand23674-0,1
ligand12783-0,1
ligand1668-0,1
ligand19826-0,1
ligand20262-0,1
ligand16392-0,1
ligand6514-0,1
ligand31794-0,1
ligand31376-0,1
ligand24606-0,1
ligand24919-0,1
ligand29601-0,1
ligand2184-0,1
ligand23437-0,1
ligand12577-0,1
ligand12576-0,1
ligand38019-0,1
ligand31382-0,1
ligand10888-0,1
ligand12329-0,1
ligand24231-0,1
ligand34559-0,1
ligand19968-0,1
ligand19967-0,1
ligand32771-0,1
ligand26818-0,1
ligand32762-0,1
ligand2800-0,1
ligand9664-0,1
ligand22689-0,1
ligand17286-0,1
ligand2258-0,1
ligand22866-0,1
ligand36918-0,1
ligand31319-0,1
ligand749-0,1
ligand32920-0,1
ligand6149-1,1
ligand16820-0,1
ligand20154-0,1
ligand23056-0,1
ligand31452-0,1
ligand38131-0,1
ligand34740-0,1
ligand28068-0,1
ligand11266-0,1
ligand33998-0,1
ligand4449-0,1
ligand16000-0,1
ligand31842-0,1
ligand13081-0,1
ligand13897-0,1
ligand9272-0,1
ligand6149-0,1
ligand31120-0,1
ligand20681-0,1
ligand34703-0,1
ligand32109-0,1
ligand23463-0,1
ligand19681-0,1
ligand26010-0,1
ligand30224-0,1
ligand15242-0,1
ligand14233-0,1
ligand224-0,1
ligand35602-0,1
ligand6227-0,1
ligand7563-0,1
ligand25261-0,1
ligand35601-0,1
ligand11378-0,1
ligand37437-0,1
ligand30935-0,1
ligand28339-0,1
ligand9196-0,1
ligand28417-0,1
ligand22848-0,1
ligand33554-0,1
ligand31962-0,1
ligand4060-0,1
ligand32918-0,1
ligand22011-0,1
ligand30119-0,1
ligand24481-0,1
ligand28482-0,1
ligand1106-0,1
ligand19462-0,1
ligand21011-0,1
ligand2183-0,1
ligand5857-0,1
ligand25260-0,1
ligand13216-0,1
ligand18840-0,1
ligand4560-0,1
ligand7281-0,1
ligand20049-0,1
ligand30609-0,1
ligand23622-0,1
ligand8012-0,1
ligand24915-0,1
ligand14711-0,1
ligand29055-0,1
ligand34368-0,1
ligand14031-0,1
ligand27706-0,1
ligand28221-0,1
ligand20306-0,1
ligand27795-0,1
ligand3416-0,1
ligand7402-0,1
ligand24889-0,1
ligand20416-0,1
ligand31293-0,1
ligand1862-0,1
ligand23505-0,1
ligand22881-0,1
ligand13602-0,1
ligand20189-0,1
ligand13522-0,1
ligand3654-0,1
ligand33054-0,1
ligand9433-0,1
ligand29120-0,1
ligand7232-0,1
ligand16388-0,1
ligand29179-0,1
ligand20097-0,1
ligand30842-0,1
ligand36677-0,1
ligand28060-0,1
ligand28403-0,1
ligand5086-0,1
ligand15966-0,1
ligand13246-0,1
ligand14438-0,1
ligand32752-0,1
ligand1839-0,1
ligand34500-0,1
ligand11960-0,1
ligand11961-0,1
ligand37530-0,1
ligand813-0,1
ligand24755-0,1
ligand29180-0,1
ligand7133-0,1
ligand16337-0,1
ligand7496-0,1
ligand24596-0,1
ligand19815-0,1
ligand30017-0,1
ligand28962-0,1
ligand23244-0,1
ligand2977-0,1
ligand37117-0,1
ligand19972-0,1
ligand11803-0,1
ligand19816-0,1
ligand14239-0,1
ligand36628-0,1
ligand33994-0,1
ligand3804-0,1
ligand8798-0,1
ligand8024-0,1
ligand22400-0,1
ligand5063-0,1
ligand2947-0,1
ligand30893-0,1
ligand22287-0,1
ligand31556-0,1
ligand19352-0,1
ligand4903-0,1
ligand35849-0,1
ligand10120-0,1
ligand10469-0,1
ligand28483-0,1
ligand35493-0,1
ligand7189-0,1
ligand9401-0,1
ligand5170-0,1
ligand1636-0,1
ligand3292-0,1
ligand24628-0,1
ligand4300-0,1
ligand37215-0,1
ligand25451-0,1
ligand25450-0,1
ligand10440-0,1
ligand33125-0,1
ligand23817-0,1
ligand31659-0,1
ligand9249-0,1
ligand27027-0,1
ligand378-0,1
ligand26326-0,1
ligand23598-0,1
ligand28763-0,1
ligand18347-0,1
ligand4008-0,1
ligand21941-0,1
ligand9623-0,1
ligand22394-0,1
ligand19578-0,1
ligand4669-0,1
ligand34663-0,1
ligand37987-0,1
ligand1966-0,1
ligand8257-0,1
ligand30462-0,1
ligand29038-0,1
ligand35962-0,1
ligand5242-0,1
ligand9411-0,1
ligand29988-0,1
ligand33260-0,1
ligand20490-0,1
ligand20948-0,1
ligand37468-0,1
ligand13140-0,1
ligand853-0,1
ligand27088-0,1
ligand29860-0,1
ligand33717-0,1
ligand13922-0,1
ligand13364-0,1
ligand37340-0,1
ligand23779-0,1
ligand29043-0,1
ligand34502-0,1
ligand28931-0,1
ligand17947-0,1
ligand24802-0,1
ligand14124-0,1
ligand18517-0,1
ligand27070-0,1
ligand18033-0,1
ligand37111-0,1
ligand23760-0,1
ligand23158-0,1
ligand20996-0,1
ligand38100-0,1
ligand30077-0,1
ligand22654-0,1
ligand27727-0,1
ligand23871-0,1
ligand4554-0,1
ligand32622-0,1
ligand25792-0,1
ligand35292-0,1
ligand31710-0,1
ligand28071-0,1
ligand32282-0,1
ligand32325-0,1
ligand9977-0,1
ligand29518-0,1
ligand16617-0,1
ligand18854-0,1
ligand30252-0,1
ligand11125-0,1
ligand850-0,1
ligand18977-0,1
ligand12271-0,1
ligand27642-0,1
ligand2372-0,1
ligand27643-0,1
ligand1644-0,1
ligand9959-0,1
ligand37313-0,1
ligand21609-0,1
ligand36681-0,1
ligand26795-0,1
ligand18915-0,1
ligand23163-0,1
ligand27456-0,1
ligand4066-0,1
ligand29868-0,1
ligand26436-0,1
ligand25292-0,1
ligand20669-0,1
ligand4588-0,1
ligand21077-0,1
ligand28657-0,1
ligand27835-1,1
ligand16103-0,1
ligand36602-0,1
ligand665-0,1
ligand31083-0,1
ligand4327-0,1
ligand24555-0,1
ligand2496-0,1
ligand23344-0,1
ligand21603-0,1
ligand10890-0,1
ligand2919-0,1
ligand20836-0,1
ligand1715-0,1
ligand36117-0,1
ligand30683-0,1
ligand22275-0,1
ligand33589-0,1
ligand6134-0,1
ligand9099-0,1
ligand27270-0,1
ligand24691-0,1
ligand4044-0,1
ligand4368-0,1
ligand10710-0,1
ligand25673-0,1
ligand9342-0,1
ligand7943-0,1
ligand3746-0,1
ligand6774-0,1
ligand9116-0,1
ligand15866-0,1
ligand82-0,1
ligand36945-0,1
ligand12083-0,1
ligand24184-0,1
ligand8694-0,1
ligand17757-0,1
ligand31496-0,1
ligand34925-0,1
ligand14303-0,1
ligand23046-0,1
ligand12698-0,1
ligand342-0,1
ligand25740-0,1
ligand12161-0,1
ligand30154-0,1
ligand4016-0,1
ligand28760-0,1
ligand15352-0,1
ligand14804-0,1
ligand21985-0,1
ligand3170-0,1
ligand2387-0,1
ligand5901-0,1
ligand34732-0,1
ligand3764-0,1
ligand13556-0,1
ligand29127-0,1
ligand32548-0,1
ligand29128-0,1
ligand32052-0,1
ligand25758-0,1
ligand12087-0,1
ligand3169-0,1
ligand8124-0,1
ligand28759-0,1
ligand17709-0,1
ligand34680-0,1
ligand6846-0,1
ligand20773-0,1
ligand16336-0,1
ligand804-0,1
ligand24264-0,1
ligand4550-0,1
ligand29314-0,1
ligand25317-0,1
ligand14363-0,1
ligand15584-0,1
ligand30976-0,1
ligand37681-0,1
ligand34679-0,1
ligand36449-0,1
ligand12196-0,1
ligand26543-0,1
ligand29347-0,1
ligand8790-0,1
ligand29638-0,1
ligand34349-0,1
ligand34561-0,1
ligand35583-0,1
ligand16914-0,1
ligand13103-0,1
ligand5143-0,1
ligand33870-0,1
ligand6965-0,1
ligand35861-0,1
ligand24726-0,1
ligand10306-0,1
ligand15366-0,1
ligand8103-0,1
ligand34229-0,1
ligand36062-0,1
ligand18186-0,1
ligand18093-0,1
ligand38068-0,1
ligand23405-0,1
ligand26325-0,1
ligand38216-0,1
ligand2201-0,1
ligand7673-0,1
ligand37522-0,1
ligand16649-0,1
ligand15660-0,1
ligand20599-0,1
ligand6687-0,1
ligand26162-0,1
ligand12372-0,1
ligand4029-0,1
ligand36763-0,1
ligand12815-0,1
ligand30281-0,1
ligand10329-0,1
ligand32563-0,1
ligand7329-0,1
ligand21093-0,1
ligand25730-0,1
ligand26631-0,1
ligand13433-0,1
ligand14949-0,1
ligand19439-0,1
ligand4370-0,1
ligand15831-0,1
ligand31782-0,1
ligand22569-0,1
ligand15319-0,1
ligand15429-0,1
ligand17269-0,1
ligand1584-0,1
ligand2232-0,1
ligand15263-0,1
ligand7045-0,1
ligand31137-0,1
ligand17061-0,1
ligand33200-0,1
ligand33987-0,1
ligand34777-0,1
ligand25061-0,1
ligand2337-0,1
ligand25059-0,1
ligand36879-0,1
ligand37045-0,1
ligand28426-0,1
ligand26659-0,1
ligand11108-0,1
ligand33676-0,1
ligand26114-0,1
ligand22773-0,1
ligand2095-0,1
ligand37934-0,1
ligand28302-0,1
ligand29100-0,1
ligand13717-0,1
ligand37942-0,1
ligand16815-0,1
ligand4713-0,1
ligand32279-0,1
ligand10704-0,1
ligand22844-0,1
ligand19479-0,1
ligand37617-0,1
ligand30018-0,1
ligand37477-0,1
ligand37734-0,1
ligand10231-0,1
ligand30937-0,1
ligand8376-0,1
ligand22297-0,1
ligand733-0,1
ligand25587-0,1
ligand25381-0,1
ligand2850-0,2
ligand752-0,2
ligand8804-0,2
ligand23359-0,2
ligand1055-0,2
ligand19216-0,2
ligand33134-0,2
ligand32808-0,2
ligand12450-0,2
ligand3160-0,2
ligand5570-0,2
ligand18489-0,2
ligand23667-0,2
ligand29498-0,2
ligand1551-0,2
ligand19735-0,2
ligand2587-0,2
ligand19931-0,2
ligand12648-0,2
ligand7093-0,2
ligand10662-0,2
ligand12227-0,2
ligand5789-0,2
ligand16353-0,2
ligand8675-0,2
ligand4604-0,2
ligand2051-0,2
ligand18307-0,2
ligand3263-0,2
ligand15200-0,2
ligand8741-0,2
ligand7539-0,2
ligand10365-0,2
ligand30802-0,2
ligand10589-0,2
ligand13878-0,2
ligand20841-0,2
ligand11216-0,2
ligand4218-0,2
ligand27181-0,2
ligand6041-0,2
ligand6710-0,2
ligand16765-0,2
ligand6599-0,2
ligand18721-0,2
ligand5662-0,2
ligand23585-0,2
ligand16390-0,2
ligand9-0,2
ligand10851-0,2
ligand33101-0,2
ligand15610-0,2
ligand6845-0,2
ligand4272-0,2
ligand5515-0,2
ligand16883-0,2
ligand8241-0,2
ligand13337-0,2
ligand3025-0,2
ligand3587-0,2
ligand15481-0,2
ligand1046-0,2
ligand15228-0,2
ligand20552-0,2
ligand1294-0,2
ligand1795-0,2
ligand14794-0,2
ligand1424-0,2
ligand7238-0,2
ligand1203-0,2
ligand18132-0,2
ligand27787-0,2
ligand16218-0,2
ligand12287-0,2
ligand21075-0,2
ligand27662-0,2
ligand2270-0,2
ligand19409-0,2
ligand2324-0,2
ligand1656-0,2
ligand11727-0,2
ligand17826-0,2
ligand13119-0,2
ligand7611-0,2
ligand9603-0,2
ligand15405-0,2
ligand15167-0,2
ligand17640-0,2
ligand5924-0,2
ligand5421-0,2
ligand11748-0,2
ligand14447-0,2
ligand17809-0,2
ligand18114-0,2
ligand31650-0,2
ligand13515-0,2
ligand23066-0,2
ligand15595-0,2
ligand26566-0,2
ligand2502-0,2
ligand7487-0,2
ligand2900-0,2
ligand20701-0,2
ligand4049-0,2
ligand6849-0,2
ligand14384-0,2
ligand14972-0,2
ligand3162-0,2
ligand30263-0,2
ligand14408-0,2
ligand4797-0,2
ligand15378-0,2
ligand100-0,2
ligand28521-0,2
ligand37019-0,2
ligand20629-0,2
ligand7456-0,2
ligand36561-0,2
ligand8708-0,2
ligand5412-0,2
ligand15985-0,2
ligand13014-0,2
ligand18344-0,2
ligand17173-0,2
ligand12226-0,2
ligand6677-0,2
ligand22004-0,2
ligand6144-0,2
ligand29890-0,2
ligand1264-0,2
ligand4963-0,2
ligand14332-0,2
ligand4897-0,2
ligand4054-0,2
ligand7788-0,2
ligand20423-0,2
ligand12828-0,2
ligand3484-0,2
ligand1654-0,2
ligand8189-0,2
ligand20790-0,2
ligand19917-0,2
ligand4345-0,2
ligand18471-0,2
ligand19916-0,2
ligand2988-0,2
ligand20203-0,2
ligand11691-0,2
ligand32233-0,2
ligand159-0,2
ligand10075-0,2
ligand1419-0,2
ligand14846-0,2
ligand24268-0,2
ligand3491-0,2
ligand36067-0,2
ligand14049-0,2
ligand16238-0,2
ligand19314-0,2
ligand20051-0,2
ligand25489-0,2
ligand3600-0,2
ligand21135-0,2
ligand9752-0,2
ligand11097-0,2
ligand20624-0,2
ligand11088-0,2
ligand15502-0,2
ligand4715-0,2
ligand29565-0,2
ligand4983-0,2
ligand8390-0,2
ligand16676-0,2
ligand2780-0,2
ligand6811-0,2
ligand20563-0,2
ligand9059-0,2
ligand8456-0,2
ligand9008-0,2
ligand11321-0,2
ligand2194-0,2
ligand7831-0,2
ligand6108-0,2
ligand19665-0,2
ligand11031-0,2
ligand21044-0,2
ligand20111-0,2
ligand17137-0,2
ligand1518-0,2
ligand30357-0,2
ligand9338-0,2
ligand6991-0,2
ligand1701-0,2
ligand19260-0,2
ligand6238-0,2
ligand14832-0,2
ligand9651-0,2
ligand2626-0,2
ligand8960-0,2
ligand13327-0,2
ligand23519-0,2
ligand5736-0,2
ligand15061-0,2
ligand25675-0,2
ligand8784-0,2
ligand5339-0,2
ligand504-0,2
ligand9787-0,2
ligand10748-0,2
ligand12141-0,2
ligand22327-0,2
ligand3225-0,2
ligand10863-0,2
ligand18079-0,2
ligand2582-0,2
ligand28562-0,2
ligand28780-0,2
ligand12128-0,2
ligand13583-0,2
ligand7264-0,2
ligand29952-0,2
ligand27001-0,2
ligand11442-0,2
ligand9066-0,2
ligand27761-0,2
ligand1441-0,2
ligand7105-0,2
ligand20371-0,2
ligand492-0,2
ligand9093-0,2
ligand2019-0,2
ligand8807-0,2
ligand22675-0,2
ligand2791-0,2
ligand5525-0,2
ligand7466-0,2
ligand3129-0,2
ligand25031-0,2
ligand28236-0,2
ligand21042-0,2
ligand4920-0,2
ligand25975-0,2
ligand17666-0,2
ligand15151-0,2
ligand21378-0,2
ligand14790-0,2
ligand4946-0,2
ligand1526-0,2
ligand12720-0,2
ligand48-0,2
ligand2178-0,2
ligand9131-0,2
ligand1260-0,2
ligand19612-0,2
ligand1371-0,2
ligand24629-0,2
ligand4110-0,2
ligand16691-0,2
ligand19344-0,2
ligand14317-0,2
ligand16887-0,2
ligand18537-0,2
ligand8778-0,2
ligand5582-0,2
ligand31628-0,2
ligand26072-0,2
ligand10215-0,2
ligand11572-0,2
ligand9916-0,2
ligand1161-0,2
ligand16691-1,2
ligand4767-0,2
ligand15586-0,2
ligand19414-0,2
ligand15022-0,2
ligand28171-0,2
ligand19964-0,2
ligand14470-0,2
ligand782-0,2
ligand7260-0,2
ligand2734-0,2
ligand9632-0,2
ligand4917-0,2
ligand721-0,2
ligand29195-0,2
ligand11481-0,2
ligand9831-0,2
ligand2177-0,2
ligand21336-0,2
ligand11598-0,2
ligand11750-0,2
ligand29734-0,2
ligand12985-0,2
ligand18243-0,2
ligand6136-0,2
ligand2700-0,2
ligand16446-0,2
ligand12606-0,2
ligand10417-0,2
ligand17210-0,2
ligand19318-0,2
ligand2121-0,2
ligand16195-0,2
ligand16611-0,2
ligand2579-0,2
ligand24823-0,2
ligand2054-0,2
ligand1248-0,2
ligand29843-0,2
ligand5900-0,2
ligand1134-0,2
ligand15346-0,2
ligand3399-0,2
ligand8718-0,2
ligand21344-0,2
ligand19953-0,2
ligand5497-0,2
ligand13580-0,2
ligand7923-0,2
ligand20390-0,2
ligand765-0,2
ligand8040-0,2
ligand7962-0,2
ligand2822-0,2
ligand20953-0,2
ligand11339-0,2
ligand18418-0,2
ligand25050-0,2
ligand17703-0,2
ligand8800-0,2
ligand3932-0,2
ligand16774-0,2
ligand17859-0,2
ligand13931-0,2
ligand14521-0,2
ligand17633-0,2
ligand8933-0,2
ligand3863-0,2
ligand4658-0,2
ligand11764-0,2
ligand13577-0,2
ligand22906-0,2
ligand7024-0,2
ligand2657-0,2
ligand13317-0,2
ligand14973-0,2
ligand1586-0,2
ligand4320-0,2
ligand11290-0,2
ligand25809-0,2
ligand2889-0,2
ligand4436-0,2
ligand24998-0,2
ligand6167-0,2
ligand23088-0,2
ligand29063-0,2
ligand15387-0,2
ligand4090-0,2
ligand9285-0,2
ligand11314-0,2
ligand26596-0,2
ligand16967-0,2
ligand11169-0,2
ligand496-0,2
ligand3626-0,2
ligand5169-0,2
ligand7679-0,2
ligand544-0,2
ligand6086-0,2
ligand10574-0,2
ligand22462-0,2
ligand32344-0,2
ligand31797-0,2
ligand22492-0,2
ligand2278-0,2
ligand2535-0,2
ligand19215-0,2
ligand1761-1,2
ligand2508-0,2
ligand3366-0,2
ligand5733-0,2
ligand3305-0,2
ligand2062-0,2
ligand11756-0,2
ligand3475-0,2
ligand6367-0,2
ligand2267-0,2
ligand9428-0,2
ligand21550-0,2
ligand4516-0,2
ligand1324-0,2
ligand5666-0,2
ligand1249-0,2
ligand33882-0,2
ligand14319-0,2
ligand6387-0,2
ligand11957-0,2
ligand565-0,2
ligand9982-0,2
ligand13548-0,2
ligand11641-0,2
ligand1482-0,2
ligand17402-0,2
ligand9871-0,2
ligand2894-0,2
ligand7141-0,2
ligand3216-0,2
ligand5430-0,2
ligand28075-0,2
ligand9907-0,2
ligand19791-0,2
ligand4582-0,2
ligand19793-0,2
ligand21995-0,2
ligand5085-0,2
ligand15535-0,2
ligand25110-0,2
ligand22700-0,2
ligand20152-0,2
ligand17498-0,2
ligand9598-0,2
ligand6283-0,2
ligand6052-0,2
ligand14114-0,2
ligand289-0,2
ligand12939-0,2
ligand8739-0,2
ligand8076-0,2
ligand13184-0,2
ligand18591-0,2
ligand30898-0,2
ligand10987-0,2
ligand5704-0,2
ligand8284-0,2
ligand20786-0,2
ligand2804-0,2
ligand12796-0,2
ligand31461-0,2
ligand24585-0,2
ligand22941-0,2
ligand34230-0,2
ligand18444-0,2
ligand6512-0,2
ligand12272-0,2
ligand5193-0,2
ligand15765-0,2
ligand29939-0,2
ligand28415-0,2
ligand13812-0,2
ligand8177-0,2
ligand21070-0,2
ligand26341-0,2
ligand13763-0,2
ligand801-0,2
ligand19062-0,2
ligand25528-0,2
ligand2282-0,2
ligand19353-0,2
ligand4254-0,2
ligand18878-0,2
ligand16322-0,2
ligand22890-0,2
ligand22519-0,2
ligand17915-0,2
ligand13707-0,2
ligand22636-0,2
ligand4508-0,2
ligand1252-0,2
ligand30350-0,2
ligand17144-0,2
ligand13546-0,2
ligand29073-0,2
ligand7794-0,2
ligand29488-0,2
ligand12824-0,2
ligand8864-0,2
ligand5502-0,2
ligand996-0,2
ligand1689-0,2
ligand19481-0,2
ligand9891-0,2
ligand92-0,2
ligand19447-0,2
ligand24229-0,2
ligand15734-0,2
ligand7078-0,2
ligand3668-0,2
ligand18860-0,2
ligand3255-0,2
ligand9031-0,2
ligand13301-0,2
ligand17592-0,2
ligand2706-0,2
ligand7233-0,2
ligand354-0,2
ligand7461-0,2
ligand9211-0,2
ligand3795-0,2
ligand4823-0,2
ligand2213-0,2
ligand36717-0,2
ligand25429-0,2
ligand5359-0,2
ligand8834-0,2
ligand3801-0,2
ligand16675-0,2
ligand32505-0,2
ligand32506-0,2
ligand23232-0,2
ligand5478-0,2
ligand26469-0,2
ligand5125-0,2
ligand7536-0,2
ligand3382-0,2
ligand15491-0,2
ligand23001-0,2
ligand19005-0,2
ligand23749-0,2
ligand15689-0,2
ligand134-0,2
ligand19019-0,2
ligand6163-0,2
ligand15168-0,2
ligand9759-0,2
ligand10698-0,2
ligand4847-0,2
ligand4783-0,2
ligand35882-0,2
ligand27729-0,2
ligand27297-0,2
ligand24225-0,2
ligand13044-0,2
ligand1573-0,2
ligand17420-0,2
ligand8937-0,2
ligand23749-1,2
ligand8228-0,2
ligand11284-0,2
ligand9318-0,2
ligand7959-0,2
ligand4415-0,2
ligand374-0,2
ligand27204-0,2
ligand8619-0,2
ligand16231-0,2
ligand587-0,2
ligand15616-0,2
ligand1560-0,2
ligand5373-0,2
ligand13289-0,2
ligand25149-0,2
ligand29707-0,2
ligand13805-0,2
ligand4116-0,2
ligand7863-0,2
ligand33696-0,2
ligand2464-0,2
ligand2338-0,2
ligand35908-0,2
ligand12136-0,2
ligand10510-0,2
ligand27853-0,2
ligand25754-0,2
ligand6259-0,2
ligand19805-0,2
ligand1762-0,2
ligand32502-0,2
ligand1308-0,2
ligand16308-0,2
ligand13869-0,2
ligand30303-0,2
ligand10981-0,2
ligand10021-0,2
ligand1433-0,2
ligand25325-0,2
ligand4968-0,2
ligand17603-0,2
ligand9511-0,2
ligand9246-0,2
ligand4492-0,2
ligand24328-0,2
ligand11827-0,2
ligand4346-0,2
ligand6340-0,2
ligand10804-0,2
ligand17945-0,2
ligand24280-0,2
ligand10871-0,2
ligand33251-0,2
ligand26049-0,2
ligand11897-0,2
ligand16274-0,2
ligand14123-0,2
ligand8587-0,2
ligand10767-0,2
ligand10462-0,2
ligand19952-0,2
ligand23474-0,2
ligand5337-0,2
ligand13698-0,2
ligand8460-0,2
ligand5977-0,2
ligand6903-0,2
ligand16688-0,2
ligand10407-0,2
ligand8172-0,2
ligand29662-0,2
ligand598-0,2
ligand6033-0,2
ligand16084-0,2
ligand15986-0,2
ligand18725-0,2
ligand9151-0,2
ligand9151-1,2
ligand16957-0,2
ligand26446-0,2
ligand11415-0,2
ligand33694-0,2
ligand3570-0,2
ligand5656-0,2
ligand7749-0,2
ligand25086-0,2
ligand6461-1,2
ligand5593-0,2
ligand22762-0,2
ligand15664-0,2
ligand1304-0,2
ligand6460-0,2
ligand521-0,2
ligand12328-0,2
ligand17177-0,2
ligand9756-0,2
ligand3842-0,2
ligand34759-0,2
ligand26689-0,2
ligand8349-0,2
ligand4572-0,2
ligand19250-0,2
ligand8115-0,2
ligand8114-0,2
ligand6393-0,2
ligand3244-0,2
ligand6713-0,2
ligand1990-0,2
ligand14570-0,2
ligand16357-0,2
ligand15138-0,2
ligand4908-0,2
ligand12738-0,2
ligand14189-0,2
ligand31770-0,2
ligand11616-0,2
ligand1527-0,2
ligand1473-0,2
ligand10335-0,2
ligand7530-0,2
ligand19645-0,2
ligand24403-0,2
ligand2893-0,2
ligand6906-0,2
ligand6503-0,2
ligand6020-0,2
ligand7244-0,2
ligand21110-0,2
ligand21451-0,2
ligand3070-0,2
ligand302-0,2
ligand27815-0,2
ligand17528-0,2
ligand4213-0,2
ligand6840-0,2
ligand12799-0,2
ligand13557-0,2
ligand8433-0,2
ligand26775-0,2
ligand24782-0,2
ligand10585-0,2
ligand25265-0,2
ligand2859-0,2
ligand11135-0,2
ligand29633-0,2
ligand8510-0,2
ligand4413-0,2
ligand14691-0,2
ligand12007-0,2
ligand933-0,2
ligand603-0,2
ligand15784-0,2
ligand11297-0,2
ligand22645-0,2
ligand1554-0,2
ligand2394-0,2
ligand1033-0,2
ligand2603-0,2
ligand12321-0,2
ligand17055-0,2
ligand7097-0,2
ligand19530-0,2
ligand11115-0,2
ligand8315-0,2
ligand15359-0,2
ligand7769-0,2
ligand1565-0,2
ligand1351-0,2
ligand13613-0,2
ligand1535-0,2
ligand22914-0,2
ligand26553-0,2
ligand24587-0,2
ligand2744-0,2
ligand7457-0,2
ligand21564-0,2
ligand11955-0,2
ligand18235-0,2
ligand560-0,2
ligand21148-0,2
ligand8209-0,2
ligand10996-0,2
ligand21257-0,2
ligand17033-0,2
ligand15248-0,2
ligand2321-0,2
ligand13923-0,2
ligand24791-0,2
ligand7578-0,2
ligand6135-0,2
ligand24927-0,2
ligand18991-0,2
ligand4447-0,2
ligand14135-0,2
ligand27429-0,2
ligand26565-0,2
ligand11838-0,2
ligand338-0,2
ligand5617-0,2
ligand11553-0,2
ligand8542-0,2
ligand7361-0,2
ligand29013-0,2
ligand22096-0,2
ligand12578-0,2
ligand12578-1,2
ligand105-0,2
ligand22007-0,2
ligand6369-0,2
ligand26038-0,2
ligand9252-0,2
ligand10964-0,2
ligand22919-0,2
ligand3336-0,2
ligand8091-0,2
ligand15796-0,2
ligand16205-0,2
ligand15306-0,2
ligand29332-0,2
ligand4083-0,2
ligand9771-0,2
ligand947-0,2
ligand12688-0,2
ligand28784-0,2
ligand17596-0,2
ligand12264-0,2
ligand5714-0,2
ligand13865-0,2
ligand10100-0,2
ligand22616-0,2
ligand10699-0,2
ligand14718-0,2
ligand8491-0,2
ligand31769-0,2
ligand16207-0,2
ligand21465-0,2
ligand24423-0,2
ligand14302-0,2
ligand11657-0,2
ligand9381-0,2
ligand20230-0,2
ligand26696-0,2
ligand26338-0,2
ligand3345-0,2
ligand1588-0,2
ligand17733-0,2
ligand14854-0,2
ligand13441-0,2
ligand7106-0,2
ligand6576-0,2
ligand12488-0,2
ligand17739-0,2
ligand9305-0,2
ligand9863-0,2
ligand7764-0,2
ligand10261-0,2
ligand7928-0,2
ligand21199-0,2
ligand20997-0,2
ligand27330-0,2
ligand9494-0,2
ligand12619-0,2
ligand11640-0,2
ligand36698-0,2
ligand3905-0,2
ligand9809-0,2
ligand19078-0,2
ligand15171-0,2
ligand4996-0,2
ligand3897-0,2
ligand8603-0,2
ligand18785-0,2
ligand3977-0,2
ligand14428-0,2
ligand5234-0,2
ligand34822-0,2
ligand30892-0,2
ligand4464-0,2
ligand11896-0,2
ligand7124-0,2
ligand194-0,2
ligand22170-0,2
ligand1674-0,2
ligand10277-0,2
ligand18738-0,2
ligand8593-0,2
ligand7418-0,2
ligand23874-0,2
ligand19079-0,2
ligand5180-0,2
ligand6279-0,2
ligand27222-0,2
ligand225-0,2
ligand1678-0,2
ligand20455-0,2
ligand8418-0,2
ligand33780-0,2
ligand30305-0,2
ligand19694-0,2
ligand5407-0,2
ligand30591-0,2
ligand32980-0,2
ligand9220-0,2
ligand18679-0,2
ligand22164-0,2
ligand1590-0,2
ligand9806-0,2
ligand15901-0,2
ligand31878-0,2
ligand21396-0,2
ligand6188-0,2
ligand18109-0,2
ligand2518-0,2
ligand4970-0,2
ligand27231-0,2
ligand12947-0,2
ligand3784-0,2
ligand34497-0,2
ligand4040-0,2
ligand3913-0,2
ligand28529-0,2
ligand6030-0,2
ligand22425-0,2
ligand10930-0,2
ligand2559-0,2
ligand11966-0,2
ligand21722-0,2
ligand4141-0,2
ligand29390-0,2
ligand1878-0,2
ligand10573-0,2
ligand12090-0,2
ligand35703-0,2
ligand3770-0,2
ligand11078-0,2
ligand2064-0,2
ligand5535-0,2
ligand34211-0,2
ligand31515-0,2
ligand9841-0,2
ligand22444-0,2
ligand17830-0,2
ligand13355-0,2
ligand12056-0,2
ligand8212-0,2
ligand20100-0,2
ligand7551-0,2
ligand13186-0,2
ligand10706-0,2
ligand20035-0,2
ligand7126-0,2
ligand7153-0,2
ligand563-0,2
ligand20365-0,2
ligand28097-0,2
ligand23824-0,2
ligand5079-0,2
ligand15727-0,2
ligand23821-0,2
ligand18244-0,2
ligand20633-0,2
ligand20106-0,2
ligand17148-0,2
ligand5163-0,2
ligand5848-0,2
ligand12373-0,2
ligand2931-0,2
ligand31258-0,2
ligand7071-0,2
ligand19717-0,2
ligand7789-0,2
ligand1381-0,2
ligand9126-0,2
ligand3640-0,2
ligand11271-0,2
ligand6241-0,2
ligand26047-0,2
ligand19341-0,2
ligand30038-0,2
ligand3346-0,2
ligand29259-0,2
ligand15068-0,2
ligand2027-0,2
ligand7070-0,2
ligand24396-0,2
ligand17748-0,2
ligand25055-0,2
ligand263-0,2
ligand17268-0,2
ligand22167-0,2
ligand161-0,2
ligand11308-0,2
ligand7258-0,2
ligand4130-0,2
ligand18249-0,2
ligand17608-0,2
ligand8100-0,2
ligand15272-0,2
ligand25125-0,2
ligand16470-0,2
ligand16718-0,2
ligand13142-0,2
ligand19360-0,2
ligand4596-0,2
ligand4666-0,2
ligand10792-0,2
ligand16214-0,2
ligand19493-0,2
ligand5768-0,2
ligand29827-0,2
ligand9516-0,2
ligand11402-0,2
ligand1189-0,2
ligand20548-0,2
ligand7634-0,2
ligand4484-0,2
ligand24213-0,2
ligand12305-0,2
ligand2304-0,2
ligand3724-0,2
ligand3576-0,2
ligand15259-0,2
ligand13180-0,2
ligand4532-0,2
ligand24821-0,2
ligand11795-0,2
ligand19484-0,2
ligand22657-0,2
ligand12376-0,2
ligand28520-0,2
ligand10044-0,2
ligand10352-0,2
ligand9455-0,2
ligand23265-0,2
ligand4632-0,2
ligand6455-0,2
ligand24257-0,2
ligand20468-0,2
ligand5980-0,2
ligand2588-0,2
ligand1773-0,2
ligand13655-0,2
ligand15543-0,2
ligand5604-0,2
ligand1238-0,2
ligand4180-0,2
ligand5031-0,2
ligand4258-0,2
ligand5624-0,2
ligand23010-0,2
ligand22736-0,2
ligand10563-0,2
ligand4611-0,2
ligand4034-0,2
ligand31069-0,2
ligand12616-0,2
ligand4425-0,2
ligand28207-0,2
ligand19761-0,2
ligand12999-0,2
ligand138-0,2
ligand11025-0,2
ligand29542-0,2
ligand7369-0,2
ligand5850-0,2
ligand11689-0,2
ligand15690-0,2
ligand5896-0,2
ligand30516-0,2
ligand981-0,2
ligand5317-0,2
ligand2878-0,2
ligand2528-0,2
ligand20225-0,2
ligand18750-0,2
ligand23155-0,2
ligand15553-0,2
ligand19781-0,2
ligand8558-0,2
ligand16978-0,2
ligand8176-0,2
ligand3858-0,2
ligand22098-0,2
ligand16477-0,2
ligand8253-0,2
ligand3512-0,2
ligand94-0,2
ligand29802-0,2
ligand25166-0,2
ligand22315-0,2
ligand6461-0,2
ligand25940-0,2
ligand2012-0,2
ligand7009-0,2
ligand30971-0,2
ligand5150-0,2
ligand28337-0,2
ligand620-0,2
ligand21295-0,2
ligand433-0,2
ligand26670-0,2
ligand32051-0,2
ligand8714-0,2
ligand6459-0,2
ligand12960-0,2
ligand2076-0,2
ligand10430-0,2
ligand18137-0,2
ligand10703-0,2
ligand11077-0,2
ligand24932-0,2
ligand24457-0,2
ligand1950-0,2
ligand21531-0,2
ligand247-0,2
ligand1804-0,2
ligand21623-0,2
ligand8438-0,2
ligand8321-0,2
ligand15857-0,2
ligand8957-0,2
ligand18014-0,2
ligand26557-0,2
ligand14558-0,2
ligand10933-0,2
ligand19643-0,2
ligand16666-0,2
ligand12978-0,2
ligand13950-0,2
ligand3907-0,2
ligand944-0,2
ligand22002-0,2
ligand8338-0,2
ligand15264-0,2
ligand36545-0,2
ligand9774-0,2
ligand16498-0,2
ligand22003-0,2
ligand28499-0,2
ligand24283-0,2
ligand22846-0,2
ligand18397-0,2
ligand11570-0,2
ligand3016-0,2
ligand7023-0,2
ligand3144-0,2
ligand8142-0,2
ligand672-0,2
ligand27845-0,2
ligand13097-0,2
ligand23661-0,2
ligand7235-0,2
ligand12900-0,2
ligand3258-0,2
ligand7564-0,2
ligand17928-0,2
ligand99-0,2
ligand533-0,2
ligand13741-0,2
ligand3167-0,2
ligand9491-0,2
ligand1798-0,2
ligand25035-0,2
ligand31554-0,2
ligand3034-0,2
ligand3505-0,2
ligand24757-0,2
ligand28021-0,2
ligand13563-0,2
ligand26285-0,2
ligand3572-0,2
ligand12027-0,2
ligand32986-0,2
ligand32423-0,2
ligand12109-0,2
ligand11917-0,2
ligand5987-0,2
ligand11793-0,2
ligand13856-0,2
ligand3819-0,2
ligand9969-0,2
ligand5283-0,2
ligand13168-0,2
ligand6995-0,2
ligand1676-0,2
ligand4693-0,2
ligand22001-0,2
ligand11383-0,2
ligand2903-0,2
ligand7090-0,2
ligand1595-0,2
ligand254-0,2
ligand8944-0,2
ligand1868-0,2
ligand6110-0,2
ligand3949-0,2
ligand12377-0,2
ligand24960-0,2
ligand3089-0,2
ligand12246-0,2
ligand18523-0,2
ligand23030-0,2
ligand3379-0,2
ligand16496-0,2
ligand4343-0,2
ligand4440-0,2
ligand20136-0,2
ligand15952-0,2
ligand8643-0,2
ligand13748-0,2
ligand18280-0,2
ligand422-0,2
ligand15538-0,2
ligand23490-0,2
ligand6803-0,2
ligand3852-0,2
ligand27059-0,2
ligand27957-0,2
ligand20631-0,2
ligand10504-0,2
ligand28152-0,2
ligand13104-0,2
ligand14887-0,2
ligand23008-0,2
ligand31801-0,2
ligand683-0,2
ligand19348-0,2
ligand6007-0,2
ligand31438-0,2
ligand4616-0,2
ligand6928-0,2
ligand36452-0,2
ligand15273-0,2
ligand26760-0,2
ligand14263-0,2
ligand14419-0,2
ligand15880-0,2
ligand6433-0,2
ligand7605-0,2
ligand16224-0,2
ligand16910-0,2
ligand6959-0,2
ligand12975-0,2
ligand22639-0,2
ligand12736-0,2
ligand6888-0,2
ligand13689-0,2
ligand16033-0,2
ligand3172-0,2
ligand4104-0,2
ligand35695-0,2
ligand5906-0,2
ligand23630-0,2
ligand7352-0,2
ligand22116-0,2
ligand3006-0,2
ligand10396-0,2
ligand20647-0,2
ligand24266-0,2
ligand15305-0,2
ligand1317-0,2
ligand1925-0,2
ligand6949-0,2
ligand8702-0,2
ligand4911-0,2
ligand5611-0,2
ligand3786-0,2
ligand16845-0,2
ligand3771-0,2
ligand440-0,2
ligand1924-0,2
ligand16686-0,2
ligand9484-0,2
ligand2063-0,2
ligand8673-0,2
ligand317-0,2
ligand4284-0,2
ligand9536-0,2
ligand1691-0,2
ligand22823-0,2
ligand13499-0,2
ligand12795-0,2
ligand4405-0,2
ligand18268-0,2
ligand5116-0,2
ligand26576-0,2
ligand12829-0,2
ligand3703-0,2
ligand8435-0,2
ligand1638-0,2
ligand13778-0,2
ligand26214-0,2
ligand13113-0,2
ligand23185-0,2
ligand13333-0,2
ligand2545-0,2
ligand7130-0,2
ligand23169-0,2
ligand18099-0,2
ligand23726-0,2
ligand31623-0,2
ligand28666-0,2
ligand16413-0,2
ligand7443-0,2
ligand9009-0,2
ligand4784-0,2
ligand4544-0,2
ligand535-0,2
ligand6251-0,2
ligand20952-0,2
ligand8139-0,2
ligand1497-0,2
ligand34577-0,2
ligand1205-0,2
ligand5190-0,2
ligand3708-0,2
ligand2399-0,2
ligand26447-0,2
ligand21641-0,2
ligand12336-0,2
ligand811-0,2
ligand5148-0,2
ligand26914-0,2
ligand22263-0,2
ligand15085-0,2
ligand4613-0,2
ligand19689-0,2
ligand10265-0,2
ligand816-0,2
ligand10049-0,2
ligand24410-0,2
ligand17563-0,2
ligand1509-0,2
ligand12838-0,2
ligand20261-0,2
ligand12529-0,2
ligand27078-0,2
ligand3406-0,2
ligand15585-0,2
ligand21632-0,2
ligand22965-0,2
ligand10824-0,2
ligand18913-0,2
ligand44-0,2
ligand7987-0,2
ligand567-0,2
ligand17726-0,2
ligand13962-0,2
ligand6838-0,2
ligand33135-0,2
ligand15995-0,2
ligand28050-0,2
ligand6954-0,2
ligand10198-0,2
ligand14892-0,2
ligand23979-0,2
ligand15714-0,2
ligand28721-0,2
ligand8999-0,2
ligand2949-0,2
ligand22277-0,2
ligand30202-0,2
ligand21395-0,2
ligand8467-0,2
ligand37694-0,2
ligand10082-0,2
ligand10143-0,2
ligand9328-0,2
ligand1959-0,2
ligand18478-0,2
ligand33066-0,2
ligand8668-0,2
ligand17419-0,2
ligand7904-0,2
ligand14113-0,2
ligand12088-0,2
ligand9005-0,2
ligand11550-0,2
ligand15959-0,2
ligand24267-0,2
ligand17205-0,2
ligand13685-0,2
ligand15126-0,2
ligand26445-0,2
ligand6624-0,2
ligand9725-0,2
ligand16755-0,2
ligand6308-0,2
ligand6809-0,2
ligand10286-0,2
ligand21464-0,2
ligand34261-0,2
ligand17343-0,2
ligand18950-0,2
ligand1286-0,2
ligand23262-0,2
ligand13701-0,2
ligand14327-0,2
ligand16867-0,2
ligand3809-0,2
ligand25250-0,2
ligand26036-0,2
ligand19175-0,2
ligand12290-0,2
ligand8917-0,2
ligand22213-0,2
ligand2779-0,2
ligand9557-0,2
ligand4605-0,2
ligand6875-0,2
ligand28233-0,2
ligand15446-0,2
ligand9120-0,2
ligand24393-0,2
ligand5772-0,2
ligand7585-0,2
ligand1209-0,2
ligand7710-0,2
ligand6621-0,2
ligand34386-0,2
ligand22635-0,2
ligand12600-0,2
ligand18118-0,2
ligand3698-0,2
ligand26474-0,2
ligand13066-0,2
ligand31908-0,2
ligand3955-0,2
ligand6649-0,2
ligand15009-0,2
ligand19872-0,2
ligand9101-0,2
ligand2403-0,2
ligand18080-0,2
ligand20107-0,2
ligand7441-0,2
ligand33056-0,2
ligand13887-0,2
ligand17233-0,2
ligand3673-0,2
ligand34960-0,2
ligand8480-0,2
ligand7211-0,2
ligand26248-0,2
ligand31994-0,2
ligand31027-0,2
ligand20838-0,2
ligand13505-0,2
ligand4095-0,2
ligand13506-0,2
ligand16727-0,2
ligand21894-0,2
ligand9834-0,2
ligand6199-0,2
ligand6304-0,2
ligand9739-0,2
ligand8982-0,2
ligand12210-0,2
ligand8826-0,2
ligand29156-0,2
ligand3959-0,2
ligand2193-0,2
ligand7927-1,2
ligand34418-0,2
ligand3096-0,2
ligand98-0,2
ligand3753-0,2
ligand4286-0,2
ligand15864-0,2
ligand15881-0,2
ligand7447-0,2
ligand15303-0,2
ligand905-0,2
ligand17045-0,2
ligand2052-0,2
ligand829-0,2
ligand14693-0,2
ligand9738-0,2
ligand6629-0,2
ligand487-0,2
ligand2211-0,2
ligand5320-0,2
ligand17025-0,2
ligand2015-0,2
ligand25978-0,2
ligand25389-0,2
ligand5496-0,2
ligand7937-0,2
ligand29474-0,2
ligand10870-0,2
ligand5856-0,2
ligand11840-0,2
ligand22310-0,2
ligand2551-0,2
ligand22714-0,2
ligand3274-0,2
ligand11032-0,2
ligand10773-0,2
ligand27688-0,2
ligand25017-0,2
ligand15703-0,2
ligand2144-0,2
ligand30173-0,2
ligand23360-0,2
ligand10700-0,2
ligand2441-0,2
ligand25209-0,2
ligand27016-0,2
ligand16750-0,2
ligand26426-0,2
ligand22378-0,2
ligand16216-0,2
ligand28324-0,2
ligand27970-0,2
ligand7318-0,2
ligand25165-0,2
ligand11678-0,2
ligand14794-1,2
ligand7871-0,2
ligand31699-0,2
ligand6120-0,2
ligand6605-0,2
ligand5592-0,2
ligand8369-0,2
ligand2176-0,2
ligand1135-0,2
ligand11444-0,2
ligand1683-0,2
ligand5864-0,2
ligand6107-0,2
ligand22945-0,2
ligand429-0,2
ligand4046-0,2
ligand13105-0,2
ligand3796-0,2
ligand3506-0,2
ligand4194-0,2
ligand13019-0,2
ligand3526-0,2
ligand1468-0,2
ligand26802-0,2
ligand11899-0,2
ligand24899-0,2
ligand6836-0,2
ligand12002-0,2
ligand1849-0,2
ligand337-0,2
ligand18626-0,2
ligand8437-0,2
ligand25281-0,2
ligand7095-0,2
ligand9890-0,2
ligand14017-0,2
ligand3147-0,2
ligand29336-0,2
ligand26172-0,2
ligand33455-0,2
ligand5875-0,2
ligand6699-0,2
ligand661-0,2
ligand729-0,2
ligand7323-0,2
ligand351-0,2
ligand12581-0,2
ligand18391-0,2
ligand18316-0,2
ligand24598-0,2
ligand29826-0,2
ligand2164-0,2
ligand3748-0,2
ligand663-0,2
ligand3553-0,2
ligand12180-0,2
ligand2553-0,2
ligand18001-0,2
ligand17852-0,2
ligand193-0,2
ligand5709-0,2
ligand22535-0,2
ligand2670-0,2
ligand25185-0,2
ligand12205-0,2
ligand2377-0,2
ligand10723-0,2
ligand4656-0,2
ligand26185-0,2
ligand1073-0,2
ligand11811-0,2
ligand17978-0,2
ligand491-0,2
ligand5205-0,2
ligand9184-0,2
ligand10441-0,2
ligand25201-0,2
ligand19814-0,2
ligand6695-0,2
ligand586-0,2
ligand4717-0,2
ligand28250-0,2
ligand14706-0,2
ligand13702-0,2
ligand10819-0,2
ligand22019-0,2
ligand20737-0,2
ligand3894-0,2
ligand14844-0,2
ligand1519-0,2
ligand6002-0,2
ligand2474-0,2
ligand11332-0,2
ligand3371-0,2
ligand18551-0,2
ligand19369-0,2
ligand149-0,2
ligand31347-0,2
ligand18360-0,2
ligand12724-0,2
ligand21989-0,2
ligand3358-0,2
ligand19038-0,2
ligand11247-0,2
ligand32822-0,2
ligand34505-0,2
ligand30972-0,2
ligand4144-0,2
ligand17932-0,2
ligand15951-0,2
ligand2726-0,2
ligand19610-0,2
ligand4794-0,2
ligand31276-0,2
ligand13957-0,2
ligand14129-0,2
ligand19630-0,2
ligand8165-0,2
ligand13211-0,2
ligand27255-0,2
ligand14033-0,2
ligand13112-0,2
ligand11646-0,2
ligand30617-0,2
ligand23061-0,2
ligand28848-0,2
ligand24935-0,2
ligand895-0,2
ligand28290-0,2
ligand23270-0,2
ligand15720-0,2
ligand14196-0,2
ligand166-0,2
ligand12113-0,2
ligand22059-0,2
ligand3303-0,2
ligand1880-0,2
ligand20311-0,2
ligand7387-0,2
ligand6207-0,2
ligand4820-0,2
ligand3978-0,2
ligand12339-0,2
ligand16788-0,2
ligand15914-0,2
ligand25923-0,2
ligand15131-0,2
ligand12335-0,2
ligand30752-0,2
ligand6209-0,2
ligand8783-0,2
ligand17057-0,2
ligand18536-0,2
ligand25267-0,2
ligand1305-0,2
ligand5853-0,2
ligand16888-0,2
ligand7472-0,2
ligand4086-0,2
ligand8691-0,2
ligand22601-0,2
ligand2150-0,2
ligand21435-0,2
ligand9887-0,3
ligand25162-0,3
ligand5799-0,3
ligand1736-0,3
ligand4933-0,3
ligand8991-0,3
ligand3838-0,3
ligand2512-0,3
ligand12206-0,3
ligand16433-0,3
ligand494-0,3
ligand11150-0,3
ligand28360-0,3
ligand25176-0,3
ligand284-0,3
ligand1703-0,3
ligand8016-0,3
ligand7325-0,3
ligand11552-0,3
ligand8533-0,3
ligand15567-0,3
ligand3338-0,3
ligand1702-0,3
ligand6206-0,3
ligand22938-0,3
ligand13612-0,3
ligand1484-0,3
ligand22333-0,3
ligand8516-0,3
ligand2058-0,3
ligand10765-0,3
ligand2101-0,3
ligand16512-0,3
ligand8346-1,3
ligand12306-0,3
ligand6720-0,3
ligand6585-0,3
ligand897-0,3
ligand12209-0,3
ligand8592-0,3
ligand8709-0,3
ligand21684-0,3
ligand14811-0,3
ligand14445-0,3
ligand5785-0,3
ligand5909-0,3
ligand4545-0,3
ligand8340-0,3
ligand11661-0,3
ligand3023-0,3
ligand9485-0,3
ligand16612-0,3
ligand4513-0,3
ligand6262-0,3
ligand411-0,3
ligand728-0,3
ligand16909-0,3
ligand19609-0,3
ligand22145-0,3
ligand17075-0,3
ligand6476-0,3
ligand26058-0,3
ligand12295-0,3
ligand18259-0,3
ligand16832-0,3
ligand1387-0,3
ligand1698-0,3
ligand692-0,3
ligand27267-0,3
ligand9644-0,3
ligand26249-0,3
ligand1254-0,3
ligand15472-0,3
ligand1127-0,3
ligand3111-0,3
ligand17578-0,3
ligand3695-0,3
ligand17911-0,3
ligand8452-0,3
ligand4426-0,3
ligand16570-0,3
ligand10965-0,3
ligand28023-0,3
ligand1211-0,3
ligand10330-0,3
ligand3126-0,3
ligand8264-0,3
ligand4530-0,3
ligand9082-0,3
ligand1086-0,3
ligand11087-0,3
ligand5172-0,3
ligand23479-0,3
ligand17493-0,3
ligand3836-0,3
ligand10837-0,3
ligand24354-0,3
ligand1357-0,3
ligand7807-0,3
ligand22548-0,3
ligand222-0,3
ligand738-0,3
ligand7656-0,3
ligand14835-0,3
ligand18085-0,3
ligand12597-0,3
ligand2563-0,3
ligand7992-0,3
ligand16343-0,3
ligand4279-0,3
ligand12505-0,3
ligand390-0,3
ligand6628-0,3
ligand10009-0,3
ligand3997-0,3
ligand691-0,3
ligand361-0,3
ligand22322-0,3
ligand863-0,3
ligand16304-0,3
ligand127-0,3
ligand7206-0,3
ligand522-0,3
ligand23976-0,3
ligand19379-0,3
ligand4674-0,3
ligand2866-0,3
ligand9378-0,3
ligand2609-0,3
ligand33235-0,3
ligand506-0,3
ligand18105-0,3
ligand7179-0,3
ligand11767-0,3
ligand21733-0,3
ligand971-0,3
ligand10027-0,3
ligand11997-0,3
ligand6043-0,3
ligand22829-0,3
ligand7004-0,3
ligand7275-0,3
ligand15926-0,3
ligand14104-0,3
ligand3880-0,3
ligand4362-0,3
ligand3859-0,3
ligand9454-0,3
ligand21732-0,3
ligand9827-0,3
ligand2045-0,3
ligand27615-0,3
ligand11137-0,3
ligand5207-0,3
ligand9545-0,3
ligand13800-0,3
ligand9316-0,3
ligand11327-0,3
ligand14122-0,3
ligand12043-0,3
ligand11022-0,3
ligand14895-0,3
ligand14307-0,3
ligand1732-0,3
ligand5783-0,3
ligand1004-0,3
ligand1050-0,3
ligand12008-0,3
ligand1718-0,3
ligand9702-0,3
ligand9762-0,3
ligand198-0,3
ligand1541-0,3
ligand2775-0,3
ligand2848-0,3
ligand8493-0,3
ligand9898-0,3
ligand20612-0,3
ligand5017-0,3
ligand2847-0,3
ligand12337-0,3
ligand9280-0,3
ligand4451-0,3
ligand6872-0,3
ligand8767-0,3
ligand3782-0,3
ligand8208-0,3
ligand7825-0,3
ligand10940-0,3
ligand2766-0,3
ligand19565-0,3
ligand13399-0,3
ligand1758-0,3
ligand8326-0,3
ligand4235-0,3
ligand6435-0,3
ligand6657-0,3
ligand4311-0,3
ligand9420-0,3
ligand14736-0,3
ligand3001-0,3
ligand1879-0,3
ligand8351-0,3
ligand10238-0,3
ligand10133-0,3
ligand9971-0,3
ligand2623-0,3
ligand1530-0,3
ligand21014-0,3
ligand12594-0,3
ligand2785-0,3
ligand5173-0,3
ligand9622-0,3
ligand10424-0,3
ligand9870-0,3
ligand787-0,3
ligand4221-0,3
ligand21194-0,3
ligand154-0,3
ligand3830-0,3
ligand4176-0,3
ligand25005-0,3
ligand27412-0,3
ligand6932-0,3
ligand4107-0,3
ligand7998-0,3
ligand7776-0,3
ligand28942-0,3
ligand7647-0,3
ligand934-0,3
ligand10172-0,3
ligand340-0,3
ligand6194-0,3
ligand15246-0,3
ligand1821-0,3
ligand7084-0,3
ligand5311-0,3
ligand2437-0,3
ligand652-0,3
ligand4079-0,3
ligand2830-0,3
ligand1589-0,3
ligand6048-0,3
ligand2456-1,3
ligand7714-0,3
ligand20956-0,3
ligand9663-0,3
ligand19866-0,3
ligand1824-0,3
ligand4610-0,3
ligand4856-0,3
ligand1754-0,3
ligand25098-0,3
ligand1621-0,3
ligand11411-0,3
ligand18772-0,3
ligand15206-0,3
ligand15323-0,3
ligand4322-0,3
ligand1942-0,3
ligand14549-0,3
ligand2668-1,3
ligand3108-0,3
ligand5132-0,3
ligand2572-0,3
ligand12525-0,3
ligand2585-0,3
ligand15856-0,3
ligand370-0,3
ligand8370-0,3
ligand12893-0,3
ligand634-0,3
ligand5304-0,3
ligand10539-0,3
ligand2992-0,3
ligand2266-0,3
ligand14174-0,3
ligand20273-0,3
ligand7389-0,3
ligand15846-0,3
ligand24363-0,3
ligand1231-0,3
ligand8878-0,3
ligand10628-0,3
ligand1612-1,3
ligand10536-0,3
ligand10648-0,3
ligand15977-0,3
ligand23179-0,3
ligand1349-0,3
ligand8078-0,3
ligand3480-0,3
ligand25046-0,3
ligand1883-0,3
ligand12896-0,3
ligand13503-0,3
ligand16562-0,3
ligand1675-0,3
ligand2910-0,3
ligand3837-0,3
ligand2510-0,3
ligand5756-0,3
ligand23911-0,3
ligand8347-0,3
ligand4378-0,3
ligand1592-0,3
ligand2591-0,3
ligand478-0,3
ligand18197-0,3
ligand17505-0,3
ligand1969-0,3
ligand941-0,3
ligand14896-0,3
ligand821-0,3
ligand6595-0,3
ligand33764-0,3
ligand1857-0,3
ligand10393-0,3
ligand6963-0,3
ligand5416-0,3
ligand5336-0,3
ligand199-0,3
ligand17767-0,3
ligand4315-0,3
ligand24145-0,3
ligand5914-0,3
ligand7041-0,3
ligand26743-0,3
ligand449-0,3
ligand13747-0,3
ligand2704-0,3
ligand3353-0,3
ligand7092-0,3
ligand4438-0,3
ligand5939-0,3
ligand24048-0,3
ligand16450-0,3
ligand27551-0,3
ligand10708-0,3
ligand7132-0,3
ligand1755-0,3
ligand23802-0,3
ligand1437-0,3
ligand3163-0,3
ligand160-0,3
ligand6714-0,3
ligand3385-0,3
ligand2000-0,3
ligand14490-0,3
ligand4677-0,3
ligand800-0,3
ligand23922-0,3
ligand5873-0,3
ligand7031-0,3
ligand8102-0,3
ligand11177-0,3
ligand6614-0,3
ligand10405-0,3
ligand878-0,3
ligand4406-0,3
ligand164-0,3
ligand7332-0,3
ligand20835-0,3
ligand4364-0,3
ligand12621-0,3
ligand961-0,3
ligand17853-0,3
ligand20559-0,3
ligand18303-0,3
ligand23541-0,3
ligand10835-0,3
ligand8680-0,3
ligand28623-0,3
ligand12349-0,3
ligand1799-0,3
ligand27526-0,3
ligand21480-0,3
ligand4287-0,3
ligand11142-0,3
ligand1666-0,3
ligand20167-0,3
ligand24322-0,3
ligand13412-0,3
ligand8314-0,3
ligand16098-0,3
ligand523-0,3
ligand10121-0,3
ligand2107-0,3
ligand3592-0,3
ligand2068-0,3
ligand2017-0,3
ligand13747-1,3
ligand10570-0,3
ligand229-0,3
ligand20694-0,3
ligand8974-0,3
ligand6610-0,3
ligand7503-0,3
ligand4745-0,3
ligand14145-0,3
ligand1659-0,3
ligand17160-0,3
ligand11982-0,3
ligand5138-0,3
ligand9517-0,3
ligand1344-0,3
ligand8576-0,3
ligand2073-0,3
ligand9367-0,3
ligand1018-0,3
ligand19009-0,3
ligand15694-0,3
ligand953-0,3
ligand5968-0,3
ligand15002-0,3
ligand2523-0,3
ligand2038-0,3
ligand11909-0,3
ligand497-0,3
ligand8923-0,3
ligand5688-0,3
ligand9169-0,3
ligand5231-0,3
ligand17429-0,3
ligand4956-0,3
ligand12218-0,3
ligand5972-0,3
ligand15316-0,3
ligand4478-0,3
ligand5322-0,3
ligand5260-0,3
ligand13475-0,3
ligand5945-0,3
ligand3759-0,3
ligand2601-0,3
ligand29557-0,3
ligand21591-0,3
ligand9821-0,3
ligand927-0,3
ligand5128-0,3
ligand18417-0,3
ligand5886-0,3
ligand13144-0,3
ligand10347-0,3
ligand5226-0,3
ligand1499-0,3
ligand6644-0,3
ligand14525-0,3
ligand1690-0,3
ligand767-0,3
ligand12631-0,3
ligand2906-0,3
ligand2611-0,3
ligand22984-0,3
ligand7360-0,3
ligand35-0,3
ligand27610-0,3
ligand16031-0,3
ligand8841-0,3
ligand3699-0,3
ligand1511-0,3
ligand11889-0,3
ligand7953-0,3
ligand21504-0,3
ligand8399-0,3
ligand4435-0,3
ligand2142-0,3
ligand7282-0,3
ligand1321-0,3
ligand5305-0,3
ligand917-0,3
ligand8112-0,3
ligand4154-0,3
ligand7028-0,3
ligand21220-0,3
ligand11418-0,3
ligand13242-0,3
ligand3911-0,3
ligand2253-0,3
ligand24694-0,3
ligand9094-0,3
ligand8258-0,3
ligand2407-0,3
ligand2300-0,3
ligand15671-0,3
ligand4459-0,3
ligand5030-0,3
ligand30030-0,3
ligand14950-0,3
ligand18009-0,3
ligand8146-0,3
ligand6866-0,3
ligand10528-0,3
ligand531-0,3
ligand11118-0,3
ligand14271-0,3
ligand5802-0,3
ligand11819-0,3
ligand7557-0,3
ligand21990-0,3
ligand1092-0,3
ligand4724-0,4
ligand959-0,4
ligand4940-0,4
ligand8181-0,4
ligand7234-0,4
ligand12397-0,4
ligand651-0,4
ligand7649-0,4
ligand15252-0,4
ligand43-0,4
ligand9449-0,4
ligand3756-0,4
ligand3671-0,4
ligand3537-0,4
ligand1058-0,4
ligand12802-0,4
ligand9607-0,4
ligand4916-0,4
ligand1224-0,4
ligand25348-0,4
ligand2592-0,4
ligand2094-0,4
ligand838-0,4
ligand20439-0,4
ligand8549-0,4
ligand2471-0,4
ligand4534-0,4
ligand17247-0,4
ligand8968-0,4
ligand2378-0,4
ligand4868-0,4
ligand2469-0,4
ligand2361-0,4
ligand22827-0,4
ligand12570-0,4
ligand9758-0,4
ligand8324-0,4
ligand4737-0,4
ligand15615-0,4
ligand1948-0,4
ligand7312-0,4
ligand19293-0,4
ligand18407-0,4
ligand20923-0,4
ligand1355-0,4
ligand616-0,4
ligand4232-0,4
ligand2616-0,4
ligand3914-0,4
ligand10423-0,4
ligand1226-0,4
ligand24149-0,4
ligand13765-0,4
ligand5306-0,4
ligand3076-0,4
ligand4895-0,4
ligand8751-0,4
ligand2683-0,4
ligand1181-0,4
ligand7157-0,4
ligand7254-0,4
ligand16096-0,4
ligand3364-0,4
ligand4352-0,4
ligand9899-0,4
ligand6665-0,4
ligand6859-0,4
ligand7144-0,4
ligand826-0,4
ligand2772-0,4
ligand632-0,4
ligand15681-0,4
ligand5942-0,4
ligand2-0,4
ligand8796-0,4
ligand13404-0,4
ligand10843-0,4
ligand2487-0,4
ligand6808-0,4
ligand7337-0,4
ligand1420-0,4
ligand9234-0,4
ligand13204-0,4
ligand1615-0,4
ligand5763-0,4
ligand13808-0,4
ligand10730-0,4
ligand8201-0,4
ligand10398-0,4
ligand6075-0,4
ligand776-0,4
ligand2428-0,4
ligand1890-0,4
ligand13791-0,4
ligand10371-0,4
ligand6077-0,4
ligand7902-0,4
ligand7044-0,4
ligand11781-0,4
ligand1815-0,4
ligand1094-0,4
ligand2443-0,4
ligand6133-0,4
ligand14448-0,4
ligand8872-0,4
ligand11147-0,4
ligand20794-0,4
ligand20850-0,4
ligand11464-0,4
ligand1118-0,4
ligand24433-0,4
ligand5916-0,4
ligand605-0,4
ligand16602-0,4
ligand8688-0,4
ligand9917-0,4
ligand9138-0,4
ligand10332-0,4
ligand10081-0,4
ligand6741-0,4
ligand6074-0,4
ligand1891-0,4
ligand437-0,4
ligand12235-0,4
ligand1632-0,4
ligand1124-0,4
ligand3293-0,4
ligand572-0,4
ligand219-0,4
ligand358-0,4
ligand14639-0,4
ligand2584-0,4
ligand4947-0,4
ligand4025-0,4
ligand513-0,4
ligand4431-0,4
ligand6881-0,4
ligand4747-0,4
ligand9639-0,4
ligand17472-0,4
ligand19194-0,4
ligand19029-0,4
ligand5040-0,4
ligand4401-0,4
ligand230-0,4
ligand2290-0,4
ligand827-0,4
ligand5208-0,4
ligand2643-0,4
ligand2994-0,4
ligand17149-0,4
ligand11663-0,4
ligand13929-0,4
ligand23429-0,4
ligand4990-0,4
ligand14367-0,4
ligand6951-0,4
ligand10756-0,4
ligand9457-0,4
ligand8420-0,4
ligand5447-0,4
ligand20276-0,4
ligand1912-0,4
ligand5212-0,4
ligand2668-0,4
ligand7567-0,4
ligand8887-0,4
ligand10163-0,4
ligand6040-0,4
ligand8518-0,4
ligand31-0,4
ligand3980-0,4
ligand3063-0,4
ligand6470-0,4
ligand3437-0,4
ligand735-0,4
ligand17456-0,4
ligand9770-0,4
ligand5878-0,4
ligand447-0,4
ligand11099-0,4
ligand17245-0,4
ligand13657-0,4
ligand17224-0,4
ligand78-0,4
ligand12672-0,4
ligand5558-0,4
ligand754-0,4
ligand19103-0,4
ligand25469-0,4
ligand12897-0,4
ligand16182-0,4
ligand11686-0,4
ligand952-0,4
ligand14274-0,4
ligand3138-0,4
ligand3933-0,4
ligand8215-0,4
ligand2684-0,4
ligand7690-0,4
ligand2384-0,4
ligand6670-0,4
ligand4253-0,4
ligand17734-0,4
ligand15753-0,4
ligand3341-0,4
ligand9368-0,4
ligand1024-0,4
ligand806-0,4
ligand8759-0,4
ligand1379-0,4
ligand332-0,4
ligand8566-0,4
ligand14066-0,4
ligand539-0,4
ligand3586-0,4
ligand1166-0,4
ligand9543-0,4
ligand9826-0,4
ligand5247-0,4
ligand785-0,4
ligand13201-0,4
ligand2720-0,4
ligand3136-0,4
ligand4148-0,4
ligand2315-0,4
ligand8403-0,4
ligand9236-0,4
ligand837-0,4
ligand6931-0,4
ligand10596-0,4
ligand1671-1,4
ligand5673-0,4
ligand6196-0,4
ligand9263-0,4
ligand4553-0,4
ligand2468-0,4
ligand3479-0,4
ligand22129-0,4
ligand4396-0,4
ligand2701-0,4
ligand3494-0,4
ligand7501-0,4
ligand7973-0,4
ligand8170-0,4
ligand6594-0,4
ligand4216-0,4
ligand16246-0,4
ligand10568-0,4
ligand3450-0,4
ligand28976-0,4
ligand16042-0,4
ligand11862-0,4
ligand19852-0,4
ligand5250-0,4
ligand25698-0,4
ligand2824-0,4
ligand21674-0,4
ligand4828-0,4
ligand5335-0,4
ligand717-0,4
ligand4005-0,4
ligand10119-0,4
ligand9293-0,4
ligand8164-0,4
ligand1133-0,4
ligand11576-0,4
ligand8077-0,4
ligand16261-0,4
ligand1079-0,4
ligand9672-0,4
ligand932-0,4
ligand1896-0,4
ligand10911-0,4
ligand8107-0,4
ligand894-0,5
ligand5539-0,5
ligand2148-0,5
ligand1687-0,5
ligand4925-0,5
ligand8963-0,5
ligand10588-0,5
ligand12092-0,5
ligand7331-0,5
ligand2562-0,5
ligand2349-0,5
ligand16064-0,5
ligand4036-0,5
ligand4593-0,5
ligand9800-0,5
ligand7602-0,5
ligand9966-0,5
ligand15501-0,5
ligand6397-0,5
ligand2522-0,5
ligand6854-0,5
ligand24665-0,5
ligand7353-0,5
ligand12420-0,5
ligand2363-0,5
ligand4367-0,5
ligand8361-0,5
ligand3128-0,5
ligand5526-0,5
ligand1952-0,5
ligand1855-0,5
ligand2602-0,5
ligand5237-0,5
ligand940-0,5
ligand6522-0,5
ligand7151-0,5
ligand10395-0,5
ligand377-0,5
ligand908-0,5
ligand2473-0,5
ligand5546-0,5
ligand991-0,5
ligand1944-0,5
ligand1479-0,5
ligand987-0,5
ligand5644-0,5
ligand2855-0,5
ligand26418-0,5
ligand11217-0,5
ligand2644-0,5
ligand295-0,5
ligand5955-0,5
ligand3075-0,5
ligand2288-0,5
ligand10757-0,5
ligand13147-0,5
ligand7572-0,5
ligand435-0,5
ligand26842-0,5
ligand14142-0,5
ligand2028-0,5
ligand5813-0,5
ligand13123-0,5
ligand19641-0,5
ligand4788-0,5
ligand549-0,5
ligand3122-0,5
ligand1809-0,5
ligand20254-0,5
ligand27096-0,5
ligand3951-0,5
ligand4205-0,5
ligand992-0,5
ligand1444-0,5
ligand8502-0,5
ligand3422-0,5
ligand3780-0,5
ligand1043-0,5
ligand689-0,5
ligand3317-0,5
ligand3226-0,5
ligand256-0,5
ligand145-0,5
ligand14243-0,5
ligand1438-0,5
ligand110-0,5
ligand12814-0,5
ligand6515-0,5
ligand12440-0,5
ligand200-0,5
ligand13858-0,5
ligand18208-0,5
ligand1947-0,5
ligand3579-0,5
ligand13628-0,5
ligand12135-0,5
ligand11626-0,5
ligand7798-0,5
ligand8684-0,5
ligand1429-0,5
ligand596-0,5
ligand14027-0,5
ligand1356-0,5
ligand8731-0,5
ligand11644-0,5
ligand1688-0,5
ligand3625-0,5
ligand505-0,5
ligand2126-0,5
ligand3658-0,5
ligand3472-0,5
ligand1136-0,5
ligand778-0,5
ligand7381-0,5
ligand238-0,5
ligand28461-0,5
ligand1504-0,5
ligand950-0,5
ligand10087-0,5
ligand1655-0,5
ligand10774-0,5
ligand2580-0,5
ligand5633-0,5
ligand9531-0,5
ligand7406-0,5
ligand13626-0,5
ligand3340-0,5
ligand7994-0,5
ligand4517-0,5
ligand7391-0,5
ligand2950-0,5
ligand2130-0,5
ligand9673-0,5
ligand568-0,5
ligand2533-0,5
ligand3322-0,5
ligand266-0,5
ligand18715-0,5
ligand12204-0,5
ligand5910-0,6
ligand5514-0,6
ligand3783-0,6
ligand2393-0,6
ligand1501-0,6
ligand3672-0,6
ligand2583-0,6
ligand3970-0,6
ligand394-0,6
ligand6379-0,6
ligand1352-0,6
ligand3065-0,6
ligand593-0,6
ligand4304-0,6
ligand1410-0,6
ligand9677-0,6
ligand15162-0,6
ligand19576-0,6
ligand9327-0,6
ligand7003-0,6
ligand2409-0,6
ligand352-0,6
ligand3843-0,6
ligand1899-0,6
ligand7060-0,6
ligand1266-0,6
ligand4142-0,6
ligand820-0,6
ligand20184-0,6
ligand4468-0,6
ligand2169-0,6
ligand2783-0,6
ligand3268-0,6
ligand2271-0,6
ligand4575-0,6
ligand3879-0,6
ligand56-0,6
ligand13902-0,6
ligand1842-0,6
ligand1427-0,6
ligand6982-0,6
ligand12501-0,6
ligand2137-0,6
ligand1513-0,6
ligand3986-0,6
ligand9872-0,6
ligand5985-0,6
ligand4264-0,6
ligand12317-0,6
ligand14641-0,6
ligand1822-0,6
ligand1834-0,6
ligand5547-0,6
ligand10712-0,6
ligand15811-0,6
ligand8072-0,6
ligand623-0,6
ligand4629-0,6
ligand3241-0,6
ligand4048-0,6
ligand8791-0,6
ligand12990-0,6
ligand9509-0,6
ligand1206-0,6
ligand3239-0,6
ligand15298-0,6
ligand4749-0,6
ligand4531-0,6
ligand880-0,6
ligand1658-0,6
ligand2308-0,6
ligand4714-0,6
ligand438-0,6
ligand10456-0,6
ligand11050-0,6
ligand9337-0,6
ligand2163-0,6
ligand9976-0,6
ligand8037-0,6
ligand3899-0,7
ligand1269-0,7
ligand6269-0,7
ligand2675-0,7
ligand382-0,7
ligand7559-0,7
ligand15315-0,7
ligand4019-0,7
ligand396-0,7
ligand1533-0,7
ligand2946-0,7
ligand10787-0,7
ligand7107-0,7
ligand619-0,7
ligand3901-0,7
ligand11532-0,7
ligand1435-0,7
ligand285-0,7
ligand4276-0,7
ligand12832-0,7
ligand690-0,7
ligand366-0,7
ligand1918-0,7
ligand7967-0,7
ligand1032-0,7
ligand2342-0,7
ligand1459-0,7
ligand1010-0,7
ligand1281-0,7
ligand1671-0,7
ligand13596-0,7
ligand15165-0,7
ligand1132-0,7
ligand1579-0,7
ligand3757-0,7
ligand424-0,7
ligand1386-0,7
ligand657-0,7
ligand5822-0,7
ligand2728-0,7
ligand711-0,7
ligand2849-0,7
ligand3029-0,7
ligand2501-0,7
ligand13670-0,7
ligand3878-0,7
ligand3038-0,7
ligand6338-0,7
ligand220-0,7
ligand345-0,7
ligand2812-0,7
ligand14335-0,7
ligand564-0,7
ligand3818-0,7
ligand1275-0,7
ligand1594-0,8
ligand65-0,8
ligand7727-0,8
ligand2395-0,8
ligand4173-0,8
ligand1609-0,8
ligand7623-0,8
ligand7713-0,8
ligand1927-0,8
ligand2413-0,8
ligand1422-0,8
ligand4127-0,8
ligand4733-0,8
ligand3529-0,8
ligand3077-0,8
ligand669-0,8
ligand1257-0,8
ligand45-0,8
ligand1471-0,8
ligand643-0,8
ligand349-0,8
ligand743-0,8
ligand2226-0,8
ligand1860-0,8
ligand2790-0,8
ligand7276-0,8
ligand30-0,8
ligand1415-0,8
ligand2651-0,8
ligand15870-0,8
ligand775-0,8
ligand3690-0,8
ligand7655-0,8
ligand1128-0,8
ligand4667-0,8
ligand11286-0,8
ligand2715-0,8
ligand163-0,9
ligand1988-0,9
ligand8052-0,9
ligand3591-0,9
ligand6119-0,9
ligand4998-0,9
ligand20214-0,9
ligand1242-0,9
ligand2039-0,9
ligand8634-0,9
ligand5452-0,9
ligand3473-0,9
ligand8638-0,9
ligand693-0,9
ligand1320-0,9
ligand218-0,9
ligand1443-0,9
ligand1591-0,9
ligand957-0,9
ligand2540-0,9
ligand3860-0,9
ligand877-0,9
ligand5615-0,9
ligand11161-0,9
ligand679-0,9
ligand2552-0,9
ligand2472-0,9
ligand12626-0,9
ligand4875-0,9
ligand1292-0,9
ligand937-0,9
ligand19640-0,9
ligand1856-0,9
ligand9237-0,9
ligand1667-0,10
ligand2393-1,10
ligand602-0,10
ligand896-0,10
ligand4167-0,10
ligand1567-0,10
ligand753-0,10
ligand5913-0,10
ligand10076-0,10
ligand6161-0,10
ligand1472-0,10
ligand7076-0,10
ligand4853-0,10
ligand151-0,10
ligand1359-0,10
ligand575-0,10
ligand2655-0,10
ligand3177-0,10
ligand1605-0,10
ligand2500-0,10
ligand1775-0,10
ligand2935-0,10
ligand9881-0,10
ligand155-0,11
ligand7398-0,11
ligand9097-0,11
ligand5043-0,11
ligand1863-0,11
ligand5569-0,11
ligand122-0,11
ligand79-0,11
ligand152-0,11
ligand4989-0,11
ligand240-0,11
ligand42-0,11
ligand376-0,11
ligand1981-0,11
ligand5727-0,11
ligand107-0,11
ligand2422-0,11
ligand277-0,11
ligand2448-0,12
ligand858-0,12
ligand2966-0,12
ligand1011-0,12
ligand747-0,12
ligand495-0,12
ligand469-0,12
ligand13-0,12
ligand4147-0,12
ligand221-0,12
ligand6839-0,12
ligand2519-0,12
ligand4445-0,12
ligand1020-0,12
ligand13552-0,12
ligand2505-0,13
ligand718-0,13
ligand1044-0,13
ligand3330-0,13
ligand64-0,13
ligand5222-0,13
ligand1251-0,13
ligand4428-0,13
ligand10334-0,13
ligand7295-0,13
ligand883-0,13
ligand1814-0,13
ligand9656-0,14
ligand1087-0,14
ligand3398-0,14
ligand1555-0,14
ligand1414-0,14
ligand834-0,14
ligand258-0,14
ligand365-0,14
ligand841-0,14
ligand2549-0,14
ligand135-0,14
ligand1474-0,14
ligand1093-0,14
ligand913-0,15
ligand3741-0,15
ligand658-0,15
ligand16-0,15
ligand1416-0,15
ligand819-0,15
ligand297-0,15
ligand293-0,15
ligand532-0,15
ligand831-0,15
ligand5010-0,15
ligand2091-0,16
ligand11342-0,16
ligand1426-0,16
ligand3117-0,16
ligand112-0,16
ligand948-0,16
ligand2527-0,16
ligand554-0,16
ligand3706-0,16
ligand1859-0,16
ligand2402-0,16
ligand854-0,17
ligand668-0,17
ligand955-0,17
ligand3754-0,17
ligand1250-0,17
ligand1500-0,17
ligand3797-0,17
ligand1318-0,17
ligand96-0,17
ligand4042-0,17
ligand205-0,17
ligand421-0,17
ligand1014-0,17
ligand631-0,17
ligand1496-0,17
ligand75-0,17
ligand2385-0,17
ligand583-0,18
ligand1012-0,18
ligand774-0,18
ligand618-0,18
ligand2513-0,18
ligand4800-0,18
ligand7367-0,19
ligand61-0,19
ligand169-0,19
ligand274-0,19
ligand1797-0,20
ligand2179-0,20
ligand2356-0,20
ligand257-0,20
ligand423-0,20
ligand1926-0,20
ligand93-0,20
ligand209-0,21
ligand1319-0,21
ligand126-0,21
ligand2870-0,21
ligand1597-0,22
ligand1001-0,22
ligand688-0,22
ligand248-0,22
ligand550-0,22
ligand5388-0,22
ligand664-0,22
ligand165-0,23
ligand1246-0,23
ligand591-0,23
ligand481-0,23
ligand1788-0,24
ligand120-0,24
ligand364-0,24
ligand3044-0,25
ligand173-0,26
ligand3200-0,26
ligand83-0,26
ligand864-0,26
ligand773-0,26
ligand288-0,27
ligand441-0,27
ligand49-0,28
ligand1131-0,28
ligand131-0,30
ligand174-0,30
ligand245-0,31
ligand924-0,31
ligand468-0,31
ligand1228-0,31
ligand290-0,32
ligand201-0,32
ligand1190-0,32
ligand76-0,33
ligand3035-0,33
ligand710-0,34
ligand2882-0,35
ligand2735-0,35
ligand777-0,35
ligand6986-0,36
ligand234-0,36
ligand558-0,37
ligand484-0,40
ligand796-0,42
ligand659-0,42
ligand456-0,43
ligand103-0,43
ligand514-0,44
ligand699-0,47
ligand341-0,47
ligand40-0,47
ligand475-0,48
ligand2736-0,48
ligand847-0,48
ligand17-0,50
ligand636-0,53
ligand60-0,54
ligand538-0,54
ligand239-0,54
ligand282-0,58
ligand695-0,61
ligand37-0,61
ligand113-0,62
ligand124-0,63
ligand89-0,64
ligand1714-0,64
ligand54-0,64
ligand1188-0,65
ligand888-0,69
ligand73-0,78
ligand108-0,80
ligand1-0,81
ligand1145-0,85
ligand8-0,90
ligand353-0,91
ligand990-0,97
ligand117-0,101
ligand39-0,101
ligand136-0,103
ligand52-0,104
ligand115-0,109
ligand47-0,119
ligand313-0,125
ligand191-0,127
ligand301-0,134
ligand14-0,141
ligand251-0,144
ligand11-0,153
ligand325-0,155
ligand90-0,160
ligand22-0,160
ligand362-0,179
ligand59-0,196
ligand10-0,213
ligand4-0,220
ligand472-0,222
ligand6-0,257
ligand571-0,267
ligand344-0,272
ligand29-0,288
ligand91-0,532
ligand12-0,878
ligand36-0,1039
ligand28-0,1166
ligand20-0,1399
ligand0-0,6505
