,id,xyz,bo
0,NESLAC,1,1
1,QUFHIL,1,1
2,XOXXIR,3,3
3,XARRIS,2,2
4,UCIGUJ,2,2
5,NEMDIV,1,1
6,WIJLAE,2,2
7,ESAQAQ,3,3
8,QUJYIG,1,1
9,QATGIF,1,1
10,TOXLEX,1,1
11,XAGBIQ,2,2
12,HABTUD,1,1
13,ZAPCAY,1,1
14,MINXUE,3,3
15,BUFTIH,1,1
16,NEXTIT,1,1
17,PIKJAY,1,1
18,SADXIH,2,2
19,AQITEA,3,3
20,VOWVAE,2,2
21,GIWCIA,2,2
22,QIDNEX,3,3
23,ZOQFIU,3,3
24,COSJAW,3,3
25,UJALAT,3,3
26,GAJFON,3,3
27,KELREZ,3,3
28,ZOKROI,1,1
29,FIVWIQ,1,1
30,VESQIX,1,1
31,KAKQAQ,2,2
32,ZACKUJ,1,1
33,HINTUU,2,2
34,OWIWID,1,1
35,CAQZON,1,1
36,XIQQIZ,1,1
37,VUSXUE,3,3
38,HUNZUN,3,3
39,FANVUO,3,3
40,FEPVII,2,2
41,CACMIC,3,3
42,UMISAK,3,3
43,MUBLED,1,1
44,TOHCIF,2,2
45,JAYMUR,3,3
46,YONMIY,1,1
47,JUMJEJ,1,1
48,QAYROA,3,3
49,LIDXIJ,1,1
50,NEBBUS,2,2
51,KOJZEQ,3,3
52,WUCLOV,3,3
53,FUFHOD,3,3
54,GETSII,2,2
55,DOTVOA,3,3
56,KUJSIU,1,1
57,RUHQOD,1,1
58,NENSUX,3,3
59,VIPHAE,1,1
60,HUQSEU,1,1
61,LOWKAM,1,1
62,UDACAG,3,3
63,QELSUY,2,2
64,HAJLAG,2,2
65,KALVEA,1,1
66,IGEXIC,2,2
67,DUYZAA,2,2
68,GOKTEG,2,2
69,EVAGEN,2,2
70,XAMGIC,3,3
71,KOXVUQ,3,3
72,ZAMKUX,1,1
73,FELVOL,1,1
74,QAWGUR,3,3
75,QOJNOS,3,3
76,CAFLOO,1,1
77,TOLHEJ,3,3
78,FEHJAE,3,3
79,NUXQAA,2,2
80,KEVHOJ,3,3
81,BEWZIP,2,2
82,DETSAZ,1,1
83,TUTMEA,1,1
84,TUHZAA,1,1
85,EHOMOE,2,2
86,WEXPOF,3,3
87,HUNHII,2,2
88,LIRDAT,2,2
89,LEKWEE,2,2
90,MASVAD,3,3
91,DAYRAZ,3,3
92,MUNTOE,2,2
93,GETTOO,3,3
94,ALUVOT,3,3
95,YAKCOF,2,2
96,MUXXAG,3,3
97,TEYXUQ,3,3
98,ZEGJUQ,2,2
99,CEHXIZ,2,2
100,OHUHEE,1,1
101,TUJPUJ,2,2
102,HAXKAV,3,3
103,NUFNIN,2,2
104,DAHYIW,1,1
105,KUYNEX,2,2
106,ERUWAS,1,1
107,YEMZEY,3,3
108,CEPMIT,1,1
109,VICBOZ,3,3
110,ROQGIN,2,2
111,FBGLNI,3,3
112,TUDGUU,3,3
113,BAKKUX,1,1
114,KUKNAG,1,1
115,HUFNUR,2,2
116,MCENCO,2,2
117,WODRAI,3,3
118,NAVPIJ,2,2
119,MUKBID,3,3
120,ECAMEE,1,1
121,WEZXAA,1,1
122,MEBYIE,3,3
123,VOMRAR,3,3
124,KEDFEF,3,3
125,XUSKUR,1,1
126,EVUHUZ,1,1
127,MONSOZ,2,2
128,JUQZED,1,1
129,MIRJOP,3,3
130,IHUTIR,1,1
131,HESPOK,3,3
132,SIWHUC,2,2
133,POZMUM,1,1
134,PUFQEM,2,2
135,UYETIC,3,3
136,XOJHIN,2,2
137,KANPEU,2,2
138,WEDWOR,2,2
139,BIJBAZ,3,3
140,NAJYEE,3,3
141,ACILIH,1,1
142,ADAMAX,1,1
143,XIRTID,3,3
144,SOYVUX,2,2
145,DIYXUE,3,3
146,WAJDOA,2,2
147,VIHSOX,2,2
148,VIZDIU,2,2
149,AVORIM,3,3
150,HABHEX,1,1
151,PODPEF,3,3
152,ODUDIE,1,1
153,VEZXAA,2,2
154,LEBYIE,1,1
155,NEPNED,3,3
156,HAKCUR,2,2
157,WASGUS,3,3
158,RECNUJ,1,1
159,TILFAW,3,3
160,BISXUA,1,1
161,KOHRII,2,2
162,GIDPIW,1,1
163,AMEBOL,3,3
164,UZELIV,3,3
165,XEKGOJ,2,2
166,ANAVES,2,2
167,GUZVAY,2,2
168,HIDZEA,1,1
169,DADXOW,3,3
170,SEQRAI,3,3
171,PERPOU,3,3
172,ROKFUS,3,3
173,MEDZIF,3,3
174,AXOTAK,3,3
175,VEVPOC,3,3
176,QAHWIH,3,3
177,BEPMIT,3,3
178,YIMXEB,1,1
179,FIGGUY,3,3
180,ADUGOY,3,3
181,MOMHEC,1,1
182,XIXVOP,1,1
183,QETDOL,3,3
184,CIRPEZ,1,1
185,YUGCAH,1,1
186,NARGUM,1,1
187,IJEXIH,1,1
188,BICLOR,2,2
189,MERQAB,2,2
190,TILXIX,1,1
191,BAMTEP,1,1
192,EDIBAY,1,1
193,JOWYAV,1,1
194,XABZAC,3,3
195,QOGBEU,2,2
196,QAMHET,3,3
197,XEKWIV,3,3
198,WORKUJ,3,3
199,HEDVIV,1,1
200,EXEJAS,2,2
201,XEQSIV,1,1
202,DAYKOD,2,2
203,OMADIP,2,2
204,NADRUF,1,1
205,GILSIF,3,3
206,XORTAB,2,2
207,VIXROJ,2,2
208,JAHTAO,2,2
209,JUVJAN,2,2
210,DUMNEG,3,3
211,MOPLEJ,3,3
212,BOFDIM,3,3
213,FAHLUY,1,1
214,BOXLOS,1,1
215,KEVHAV,3,3
216,IDUXIQ,3,3
217,QUNWUU,1,1
218,NATXIQ,3,3
219,SUCGEC,2,2
220,UHEZEP,1,1
221,GENPAS,2,2
222,QARTAE,2,2
223,RAHYAC,2,2
224,NOCFOE,1,1
225,ICEWUJ,3,3
226,WIDLOK,2,2
227,SEBCUX,1,1
228,YIYBAK,3,3
229,VUGNES,3,3
230,IMOJUQ,1,1
231,GIQPAB,1,1
232,UFICAQ,3,3
233,QIFFET,2,2
234,GENGAI,3,3
235,HANGAH,2,2
236,MIVTUI,3,3
237,AFUCIO,3,3
238,FIMWAA,3,3
239,HIJDAH,2,2
240,VAPYOC,3,3
241,ZOMFAL,2,2
242,MIYWUQ,1,1
243,RIPZEY,2,2
244,KIHLET,3,3
245,INEWUV,3,3
246,UNIRAK,2,2
247,YOJVOJ,2,2
248,SAGVUS,1,1
249,SUYHUR,3,3
250,WUCLAJ,2,2
251,MUBLIG,1,1
252,RALROP,1,1
253,MUSGAJ,1,1
254,MUJHOP,3,3
255,UBEQEX,2,2
256,JIFPUM,1,1
257,JIHKAM,3,3
258,BAYYAC,2,2
259,WIYHOB,2,2
260,AQOYEM,3,3
261,EGUDAM,3,3
262,LIBGUA,3,3
263,ABZTMO,1,1
264,HANYIG,1,1
265,CUMBAP,3,3
266,CORNIG,1,1
267,WIQLIU,3,3
268,VEYJOY,3,3
269,QIWSEV,3,3
270,LANBIM,2,2
271,QOKMAE,3,3
272,ECOSAL,2,2
273,QAFNIX,2,2
274,ZOKRAU,2,2
275,BUPHOJ,1,1
276,ECIWEV,3,3
277,SISHEJ,1,1
278,EDOXAX,2,2
279,MAVPOR,3,3
280,IDEYIC,3,3
281,QUGWUN,1,1
282,HEYREK,1,1
283,RIRWUK,1,1
284,WUQLEB,3,3
285,UQIJOV,2,2
286,CEHDUR,3,3
287,BAVVUS,3,3
288,IJESUM,1,1
289,UHEJAS,1,1
290,NELLUN,2,2
291,ZIHRUG,2,2
292,IFIRIZ,3,3
293,RATPOS,2,2
294,ROSJUH,3,3
295,IWOFEH,2,2
296,BUJLOJ,3,3
297,KUYGAN,3,3
298,MIRDOH,2,2
299,PEZTEV,3,3
300,MIVQIT,2,2
301,BUCNUJ,3,3
302,CEKJEJ,3,3
303,FOWMAH,2,2
304,KOJSAG,1,1
305,AFAPIG,3,3
306,ZEQJAG,2,2
307,SOBZIW,1,1
308,DACCUG,2,2
309,FEJLOZ,1,1
310,MUCHOK,1,1
311,TOJYUM,2,2
312,HORCUP,3,3
313,WAQDEY,3,3
314,DIPMAT,3,3
315,GUHSUX,2,2
316,WOYQIM,3,3
317,YEGXOY,3,3
318,CUKVAI,1,1
319,XUJDUC,3,3
320,ZUJHIX,3,3
321,QUNBOT,1,1
322,BEHHAZ,3,3
323,UNEDEY,1,1
324,LELPOI,3,3
325,IKECIM,1,1
326,UZIVUX,1,1
327,FEKZUQ,1,1
328,OTUQIG,1,1
329,WUDWUQ,1,1
330,KUMDEE,1,1
331,OBELEP,2,2
332,QIGRED,2,2
333,FEDYUI,2,2
334,FOPSIN,3,3
335,RAQTUB,2,2
336,JOZRAU,1,1
337,FESTAZ,2,2
338,TEQGIH,3,3
339,LEVVUE,3,3
340,ZAYDIO,3,3
341,AKONAQ,3,3
342,TACCOS,3,3
343,IFIWUP,2,2
344,PAWKOQ,3,3
345,VILZUL,1,1
346,SOBTEL,2,2
347,MAPJAO,1,1
348,RAKRON,2,2
349,QAHPAR,3,3
350,PIGYUB,3,3
351,QOXGOZ,3,3
352,JUTNUJ,3,3
353,ABATIK,1,1
354,ASADAC,1,1
355,SOKSAN,1,1
356,ZIDFIF,1,1
357,FUNROW,1,1
358,RECKET,1,1
359,GITQEF,2,2
360,GIQGAO,1,1
361,UQUZOX,1,1
362,NAPCAI,1,1
363,NONVUH,1,1
364,KIQQUA,1,1
365,EQEPEX,1,1
366,PZRMSI,1,1
367,ASULUY,1,1
368,VUDKEM,3,3
369,LAPMEV,3,3
370,WACDAF,2,2
371,LIJDUG,1,1
372,PEFSEB,1,1
373,YILKOW,2,2
374,GUFDUG,2,2
375,PECKOX,1,1
376,DUKDAR,1,1
377,CALRUD,3,3
378,FEQLIA,1,1
379,WIHMIK,3,3
380,XIVMUL,3,3
381,COPQEE,2,2
382,DAQHAI,1,1
383,KIMCOC,1,1
384,TAWNEK,2,2
385,LIRCIY,1,1
386,DILDOS,3,3
387,WOBQOV,2,2
388,JENSOK,2,2
389,QURKAS,1,1
390,XOVFOD,3,3
391,IVEFAS,1,1
392,KIXSOA,2,2
393,MIBBIK,3,3
394,EPOWEM,3,3
395,EVUCIH,3,3
396,GUTCUV,3,3
397,OGETOK,3,3
398,XAHJUL,2,2
399,AXOTOW,2,2
400,YICXIS,1,1
401,IQIKAV,2,2
402,OQIPIO,1,1
403,ROLCED,2,2
404,COSTEL,2,2
405,RAMSUV,2,2
406,QENYOY,1,1
407,UHEFUL,1,1
408,YUGCOT,2,2
409,RIWZEG,1,1
410,JIDMAK,2,2
411,GEBQEL,2,2
412,DIVBUH,1,1
413,IWAHIA,1,1
414,FOPCOE,2,2
415,VOFCOL,3,3
416,QEFSEB,3,3
417,TOMYUS,3,3
418,FALKOU,3,3
419,MIJDUG,2,2
420,HOLBUG,3,3
421,JISBOC,2,2
422,SOMPAM,3,3
423,EHIYAW,2,2
424,COBQAM,2,2
425,AKEKAC,1,1
426,CAKPOV,3,3
427,EQEYOR,1,1
428,SEVLEL,3,3
429,FEDREO,2,2
430,DOVPAI,1,1
431,UYEMIV,3,3
432,HOXDON,2,2
433,ULUQIB,1,1
434,JAWXAJ,2,2
435,VUMKEV,1,1
436,WABNIY,2,2
437,IQAXED,1,1
438,CEJYAT,3,3
439,FISFEU,3,3
440,DAMVOC,3,3
441,GUPDOM,1,1
442,VEZQEW,1,1
443,BUTZOG,3,3
444,DOYZID,1,1
445,KIVTIU,2,2
446,MAQPOL,3,3
447,RUWJOL,1,1
448,XOSYAG,3,3
449,FAHNOU,3,3
450,EDOQIZ,3,3
451,EWEYEK,3,3
452,BACZEM,1,1
453,PEPHIE,2,2
454,TAQZER,3,3
455,AHETEO,1,1
456,PAPBER,1,1
457,CEWSON,2,2
458,JOCJOB,3,3
459,MAXNEG,2,2
460,KEHYEB,2,2
461,GAWBAL,1,1
462,YELKAE,3,3
463,AGUJOC,3,3
464,MOVZEF,1,1
465,APIDAG,2,2
466,NAYVOA,3,3
467,EFUSON,2,2
468,YIGCUN,1,1
469,QEVYAS,1,1
470,PUBJUS,1,1
471,DIVNUR,1,1
472,QUJRAP,2,2
473,WIBMAV,2,2
474,NASMEC,2,2
475,OFUREN,3,3
476,RAMSAD,1,1
477,MOHPUW,3,3
478,PADZAY,3,3
479,GEKTOG,2,2
480,KAWSEI,3,3
481,WEYVIH,3,3
482,KAFMUZ,2,2
483,YOGQAO,3,3
484,BEKHIK,1,1
485,EMUSEK,3,3
486,RECNOD,3,3
487,RUPHAL,3,3
488,WIGLEE,3,3
489,AROZEO,1,1
490,BIJWAU,3,3
491,KOCDUC,1,1
492,ZADBEP,1,1
493,JAJNIV,1,1
494,UDOVAM,2,2
495,VEXKAM,3,3
496,ZABFAJ,3,3
497,OWAHAX,1,1
498,IGURAF,2,2
499,REJGEU,2,2
500,IYANUU,1,1
501,BAGXUF,2,2
502,SUQROO,1,1
503,LODMAT,2,2
504,UQUTUY,1,1
505,SICKIY,3,3
506,BODWIA,3,3
507,MUFKEF,3,3
508,DAYKUJ,3,3
509,SAQJIH,1,1
510,KOQTUH,3,3
511,GEPZEG,2,2
512,SOSJAM,3,3
513,RASKOM,1,1
514,ODUCUM,3,3
515,WEFZEN,3,3
516,VIQWIB,3,3
517,ROWCUE,1,1
518,QOMNUC,3,3
519,IBAWEQ,1,1
520,YEDHAT,1,1
521,UWIQEX,3,3
522,MINZUG,1,1
523,RANHIB,1,1
524,NECHEJ,2,2
525,QUGGEH,1,1
526,DUSSOB,2,2
527,BEBQEF,2,2
528,CATKUG,2,2
529,FIKQIZ,3,3
530,CEKFEG,3,3
531,CENPAN,1,1
532,NESNAA,3,3
533,YAQPUE,1,1
534,BOCGOT,1,1
535,BOXWOD,1,1
536,HINSIJ,2,2
537,PAWGOK,3,3
538,UVOWAE,3,3
539,FEQPOG,3,3
540,QEFXAA,3,3
541,WOYSEL,1,1
542,VIMWOG,2,2
543,HAQNEV,2,2
544,PEBQUI,1,1
545,VOJWEW,3,3
546,GANCUW,1,1
547,SEJGEU,1,1
548,TAHYIM,3,3
549,NOCSAA,3,3
550,YAVBIK,1,1
551,ERUYUN,2,2
552,HIYKEG,2,2
553,QUBJUS,2,2
554,SUBFIH,1,1
555,GIQKAU,3,3
556,ODIXEE,2,2
557,CITHIZ,1,1
558,WENPOU,3,3
559,TEMRAI,1,1
560,HABCOG,1,1
561,ZOWNAA,2,2
562,SAYLUD,1,1
563,KIRDEY,1,1
564,GAMMEO,3,3
565,QOJLOQ,2,2
566,VACSUN,2,2
567,PASLAX,2,2
568,CINRAU,2,2
569,KIBLOA,1,1
570,IFOMOH,3,3
571,JEZNUB,1,1
572,OHERIC,3,3
573,YUNQEE,1,1
574,XIWNAT,2,2
575,HUMFAW,3,3
576,WUVPAE,3,3
577,YUHBAE,3,3
578,BOSFOF,2,2
579,YAKFIB,3,3
580,SOKVIA,3,3
581,CUWDON,1,1
582,XEVFIP,1,1
583,NELBOX,3,3
584,QAGVIE,3,3
585,UGIJEB,3,3
586,DOFCIN,1,1
587,EXIGIB,1,1
588,WIPZED,3,3
589,XAPFON,1,1
590,BUSVOC,2,2
591,WUXGAZ,1,1
592,MEKBEJ,2,2
593,YEJXER,1,1
594,SICLOH,3,3
595,PINBUN,1,1
596,BIWMID,1,1
597,OCOPEE,3,3
598,UFUHAH,2,2
599,FAVCOX,2,2
600,WAJFOC,3,3
601,ULONIU,1,1
602,VILDIF,3,3
603,IWIWOA,2,2
604,ESOCEU,2,2
605,MUHBOI,2,2
606,PACDIH,1,1
607,CAKRAH,2,2
608,BOLTIG,3,3
609,APEBAA,1,1
610,MASSEH,3,3
611,GUGWEK,3,3
612,WESVUP,1,1
613,XOTLOJ,1,1
614,XUYWAP,3,3
615,UTIYAY,2,2
616,QAQZEO,3,3
617,YATMAJ,2,2
618,FIZSIU,1,1
619,AFOYUR,3,3
620,HIVVOX,2,2
621,MANKUJ,1,1
622,VUHFAH,3,3
623,ZISBAE,2,2
624,KUYKAT,1,1
625,OGOMIH,2,2
626,MUCCIW,2,2
627,BULJEY,3,3
628,JIFYIJ,2,2
629,PIGWOT,3,3
630,LECFAB,2,2
631,WIMGIL,3,3
632,VIYDOX,1,1
633,XIBNEB,1,1
634,TOKZAU,1,1
635,AQOKOG,3,3
636,BERWAZ,2,2
637,OKEMOG,2,2
638,DORWOW,2,2
639,VOMPAP,3,3
640,WOCNIM,2,2
641,EJOWUY,1,1
642,AZARIF,1,1
643,TUJPOD,3,3
644,HUKKOP,2,2
645,WAQHEC,3,3
646,NEHRUN,1,1
647,LUHWUH,3,3
648,PACCON,2,2
649,VIXRUS,2,2
650,IKUKUX,1,1
651,KAPDEM,3,3
652,UHACAI,2,2
653,YAVLEP,3,3
654,PEMGOG,3,3
655,YEJSUC,2,2
656,DAVHUE,3,3
657,BEQRAS,3,3
658,ITUHOW,3,3
659,GEKDIL,3,3
660,BOCPOY,3,3
661,RIWFAI,1,1
662,EQICIR,3,3
663,NESYAL,2,2
664,JEGQAN,3,3
665,RETFEB,1,1
666,QAXCIB,3,3
667,FESVOS,1,1
668,IVOXAV,1,1
669,HISPOR,2,2
670,NARRUU,3,3
671,LIGXOP,3,3
672,NADPUD,2,2
673,QUJBED,3,3
674,TUNKET,2,2
675,COYDIE,3,3
676,FONLUS,2,2
677,QAMJEV,1,1
678,FEHQOY,2,2
679,UCEVOO,2,2
680,DUHMAV,3,3
681,CUHDUH,1,1
682,FERLAP,3,3
683,NEVQOU,2,2
684,DOBXAV,1,1
685,HOHYIM,1,1
686,XAVLEP,1,1
687,KINJOG,1,1
688,OMAVON,1,1
689,NEWPUD,1,1
690,PEVGIK,1,1
691,HESPUR,2,2
692,ROKDUQ,2,2
693,FIKTUP,3,3
694,LOSRIW,3,3
695,XUXZOI,1,1
696,GUYFAH,2,2
697,DUCKAN,2,2
698,RUQKAQ,3,3
699,LASXUY,2,2
700,PUXBAL,1,1
701,IQIPAA,3,3
702,QAKPIC,2,2
703,AYACAF,2,2
704,WIDPIM,1,1
705,MUNFIL,1,1
706,TULJAN,2,2
707,MECFAB,2,2
708,TIPSEU,1,1
709,WESCOQ,1,1
710,VASWIV,2,2
711,TADXOM,3,3
712,RIRYOJ,2,2
713,HOSPEK,3,3
714,ZACKOD,2,2
715,WONBAC,2,2
716,CEQKOZ,1,1
717,AMIQOE,3,3
718,SAJSAZ,3,3
719,DUPQEN,1,1
720,FISMOJ,3,3
721,TUDNIR,3,3
722,SUPXIL,3,3
723,TEVKEO,1,1
724,IZUPAU,3,3
725,IHIXOM,1,1
726,CINROI,2,2
727,XUXCOK,1,1
728,HEDJOP,1,1
729,XAFSAY,1,1
730,COWXUH,2,2
731,AUDETC,3,3
732,XIWNOH,2,2
733,XEKKOP,3,3
734,LASVUA,1,1
735,ESOCIA,1,1
736,FAQSEY,3,3
737,HUMFOK,3,3
738,XITKOA,2,2
739,FUVLEQ,1,1
740,SOVBAH,3,3
741,IKIBUC,1,1
742,JEMZAD,2,2
743,GOPQIL,3,3
744,XEDQAA,2,2
745,BOFXOK,3,3
746,KIWKAE,2,2
747,AKERUD,2,2
748,GANFEI,2,2
749,LUFNUX,3,3
750,QIXNUG,1,1
751,HUKGUS,1,1
752,VALBER,3,3
753,DOZSET,1,1
754,OCUSOW,3,3
755,WURBOC,2,2
756,AFORIW,2,2
757,SADMES,1,1
758,XOVTIM,2,2
759,OGOFUM,2,2
760,PESVEO,2,2
761,KOCXIK,2,2
762,QAMDEN,2,2
763,KECTOE,3,3
764,VAZWEY,3,3
765,KUMHIK,2,2
766,WELMUX,2,2
767,ZATMEM,3,3
768,UKONUD,2,2
769,YUXVUJ,3,3
770,SITDIM,1,1
771,SINWIW,3,3
772,PUWFIY,2,2
773,PUNGIP,3,3
774,GOFMAR,1,1
775,KILKEV,2,2
776,RIXGUA,3,3
777,ZIHBIB,1,1
778,DEVBUF,1,1
779,HAXPAA,1,1
780,GIXBEX,2,2
781,DEYMAV,3,3
782,OWETAM,3,3
783,NOWWOO,1,1
784,BIBTOX,2,2
785,LOMDEY,3,3
786,BISQIF,3,3
787,SUYXIW,1,1
788,FEKXUS,1,1
789,XACBAI,1,1
790,GEQYIN,3,3
791,RALNEB,1,1
792,BIQYEI,3,3
793,CALKAC,2,2
794,SEWSOC,2,2
795,XOGSUH,2,2
796,JOLKOO,1,1
797,MIZKAH,2,2
798,AZEGAQ,1,1
799,TUGNUF,3,3
800,IJIKEU,1,1
801,BEJWUI,2,2
802,KAYZAM,3,3
803,FOKXEJ,3,3
804,CIQGOY,3,3
805,AWONUW,1,1
806,FAJHUX,1,1
807,TONBED,1,1
808,MIVSIV,3,3
809,VOYJEY,1,1
810,SIWDUY,3,3
811,HESRAB,2,2
812,KADGOM,3,3
813,BOSJUR,3,3
814,DEBMEE,3,3
815,BUXYIE,2,2
816,XONQOH,3,3
817,ZIYYEL,3,3
818,QUWFIY,3,3
819,EXEVEJ,2,2
820,PAGHOV,2,2
821,YUGCUZ,2,2
822,IHIZUV,2,2
823,KAMYEF,2,2
824,POWFOW,1,1
825,GEKCAA,2,2
826,XIJTEQ,2,2
827,CUKJID,2,2
828,IVAQEE,1,1
829,WUGLEQ,3,3
830,ISENUR,3,3
831,OPIGIG,1,1
832,LIXTOB,3,3
833,FAVXUV,3,3
834,IQACIP,1,1
835,QUGNAI,3,3
836,WAYKIQ,2,2
837,JURCAC,2,2
838,ZELWUI,2,2
839,HEPLUN,1,1
840,BEWQOL,2,2
841,UMALEC,1,1
842,EYOVAQ,3,3
843,GACMII,2,2
844,ACAFUI,3,3
845,EXUKUD,2,2
846,WAQVAO,3,3
847,GARHOW,2,2
848,COPSEG,2,2
849,PESJUS,3,3
850,RIRYAV,3,3
851,LOXSAU,3,3
852,BOZVEU,1,1
853,AZUQAN,1,1
854,COHXON,1,1
855,POZSIG,1,1
856,QEVGEH,1,1
857,WULSIH,3,3
858,IZADES,1,1
859,TISDUX,2,2
860,BESCOV,1,1
861,ACOCIF,3,3
862,FUTCOO,3,3
863,LAWDUL,3,3
864,IHOYUB,3,3
865,WOCYET,3,3
866,HOJCUF,2,2
867,POMKEJ,3,3
868,NAMLIW,3,3
869,DAGVIU,1,1
870,OCIJES,2,2
871,QEFVAY,3,3
872,BASRUL,3,3
873,BESTOL,2,2
874,AROJOG,1,1
875,GUGPON,3,3
876,OVIPAL,1,1
877,ZUZLOY,1,1
878,DIDROZ,1,1
879,CAFPII,2,2
880,WAYBAD,1,1
881,QUNBUZ,1,1
882,NOMSOX,1,1
883,COLTED,3,3
884,KUDVAH,3,3
885,NIJSEH,2,2
886,BAXFIS,2,2
887,TIKQUA,1,1
888,NAHTAR,2,2
889,CUNBEU,2,2
890,GUQPUD,2,2
891,LEHPIZ,2,2
892,LIMTIK,2,2
893,KUQQAP,1,1
894,BUGBEN,1,1
895,FOBFOV,1,1
896,XEYYUW,3,3
897,EKALUY,3,3
898,VOMGOV,3,3
899,JUXHOB,3,3
900,MAHSOG,3,3
901,FIZCAU,3,3
902,EVUSUM,1,1
903,SOFZOD,2,2
904,WOMYEF,2,2
905,BAJHAW,1,1
906,YAFJOG,2,2
907,VIFVEM,3,3
908,DOGPAS,2,2
909,LASSIK,1,1
910,DAMTOA,1,1
911,IVOXOJ,1,1
912,ICEWOD,3,3
913,WOLSOF,3,3
914,PCTHFC,1,1
915,IQAZEF,3,3
916,ANOZEL,1,1
917,ALEBAU,3,3
918,GUSSIZ,1,1
919,HEGZUO,3,3
920,SICLAT,2,2
921,TTAZNP,3,3
922,HIGJIS,3,3
923,CIMBUV,2,2
924,NOXSIF,1,1
925,XABFEM,2,2
926,IMACEG,2,2
927,XOTLAV,2,2
928,BABROO,3,3
929,LOSRET,1,1
930,CENWIC,2,2
931,RAGHEM,3,3
932,KAYSIO,3,3
933,MAYHAV,2,2
934,ORUHUF,3,3
935,OMAZUZ,3,3
936,BAMQOW,1,1
937,ARAMIS,1,1
938,ECIBEY,3,3
939,LUNNEQ,1,1
940,WOSNOH,2,2
941,RIXXUR,3,3
942,MEHHOX,3,3
943,VUWBAS,3,3
944,FEKKAH,2,2
945,VAVYEA,1,1
946,KILTEE,2,2
947,SEWYUQ,3,3
948,XAHKEA,1,1
949,IYAZIT,2,2
950,VIMQOA,2,2
951,COGDOR,2,2
952,VEVDIL,3,3
953,DAFDEW,3,3
954,DIVZIS,3,3
955,TISLUF,2,2
956,MASKOI,1,1
957,GACLAB,1,1
958,MATLIF,3,3
959,HUPDAX,3,3
960,LELXUY,3,3
961,DAKXIZ,3,3
962,DIXTEM,2,2
963,QIPYET,3,3
964,PSEPNJ,3,3
965,WEJDOI,1,1
966,VAWJAH,3,3
967,VIFWOY,2,2
968,LAMTEY,2,2
969,TIRJIQ,3,3
970,VEMQUA,1,1
971,QOZBEO,3,3
972,PIMTOW,3,3
973,NAHLEO,3,3
974,CUKLEA,3,3
975,VEQDIE,3,3
976,JENWAD,3,3
977,LUWSUS,2,2
978,KAJXOL,3,3
979,NRACRH,2,2
980,HOTJUX,3,3
981,LADJOR,3,3
982,GACRIM,2,2
983,YALGOK,3,3
984,KEGYOL,2,2
985,VABMAP,3,3
986,DUHBIR,1,1
987,YILQIW,2,2
988,TAJKUO,1,1
989,SUWNAC,1,1
990,AKOMIX,3,3
991,YAYYAZ,3,3
992,VAYQUH,3,3
993,LEYTEP,3,3
994,XANHEB,3,3
995,ECIJEG,3,3
996,ZUZMEM,2,2
997,MONPIO,1,1
998,YUFJOB,1,1
999,SOBWOZ,1,1
1000,BEPGEK,2,2
1001,VOSYOR,3,3
1002,BEJTEQ,2,2
1003,FEXXAI,1,1
1004,SOQMEQ,3,3
1005,GINXAC,1,1
1006,GIWWOY,2,2
1007,BABTAB,3,3
1008,LOVBOP,3,3
1009,UWOZIQ,3,3
1010,YAKYER,3,3
1011,KAHGAF,1,1
1012,WUWBAS,2,2
1013,DITLOL,1,1
1014,QASTIQ,3,3
1015,UJIKAA,3,3
1016,MOFCOB,1,1
1017,NAVJAV,3,3
1018,XEWTIF,2,2
1019,HINGUK,1,1
1020,HOTQAJ,3,3
1021,NOTJIS,1,1
1022,ZOVBIX,2,2
1023,QOFYUG,1,1
1024,VOZGEY,3,3
1025,JUPCOM,2,2
1026,AFOHUY,3,3
1027,RIQDEB,2,2
1028,FUYYOP,2,2
1029,QUGVET,3,3
1030,OQIHUT,3,3
1031,ADIJAZ,3,3
1032,PIDTOL,2,2
1033,VEGCUI,3,3
1034,NIZDOT,1,1
1035,AYIJUN,3,3
1036,CIJJUA,2,2
1037,QOCJOL,1,1
1038,EFAXEP,3,3
1039,WUTYIU,3,3
1040,LEPCEQ,1,1
1041,WENCUR,1,1
1042,QOCSAE,3,3
1043,DONHEU,1,1
1044,MIZCAA,3,3
1045,WUSGAS,1,1
1046,HUKCAR,2,2
1047,HIHQOI,1,1
1048,KAYRAD,2,2
1049,ZACSEE,2,2
1050,CONZEN,1,1
1051,DUKNAY,2,2
1052,INOZOC,3,3
1053,MOBSUT,3,3
1054,QOWYOS,1,1
1055,TAYMOX,2,2
1056,HERGIY,1,1
1057,TOJFOP,3,3
1058,NITJAB,2,2
1059,MAJJOW,3,3
1060,XITSIC,1,1
1061,FAVLET,1,1
1062,DEWKOI,3,3
1063,KOJBUI,1,1
1064,KATWAH,1,1
1065,ZOBXAR,3,3
1066,WALCOF,1,1
1067,CIZWEO,2,2
1068,MIXRAO,1,1
1069,AXENUO,3,3
1070,IDAXES,3,3
1071,NAPPOK,3,3
1072,BEGMUV,1,1
1073,XIWVIJ,1,1
1074,YUQLIH,3,3
1075,MALWED,2,2
1076,NAJCOQ,1,1
1077,ZIZJOK,2,2
1078,IGUDET,1,1
1079,HUFQAD,1,1
1080,NIKXEK,1,1
1081,ETUCOM,3,3
1082,LALGAG,3,3
1083,ECUZEI,3,3
1084,TOPBOP,1,1
1085,BEFBAT,1,1
1086,KELFAJ,3,3
1087,LULQIS,3,3
1088,TITPES,3,3
1089,RONVIZ,2,2
1090,COBWUN,3,3
1091,QUBPEI,3,3
1092,CELNIS,1,1
1093,TUDQIV,1,1
1094,MOYQIC,3,3
1095,FODTAU,1,1
1096,DIXHUQ,3,3
1097,QOFLOQ,1,1
1098,DOMDOA,2,2
1099,XICWUE,2,2
1100,AXUTAO,3,3
1101,TARRAI,3,3
1102,MUHFUT,1,1
1103,UBOYAO,3,3
1104,LALYIH,3,3
1105,BOKWUU,3,3
1106,ACEWEK,2,2
1107,JEGPEQ,3,3
1108,WAPQUD,1,1
1109,ISULEO,2,2
1110,MISZOD,3,3
1111,LUYSUV,3,3
1112,IGAKUW,2,2
1113,KUYZAH,2,2
1114,BIXHIZ,2,2
1115,MEWSAL,3,3
1116,LILMUO,2,2
1117,JEDLIN,2,2
1118,NOJBAQ,3,3
1119,SECVEE,3,3
1120,XIVKAO,1,1
1121,TOCFOK,1,1
1122,TAPCAP,3,3
1123,GIRXEN,2,2
1124,LIMBAM,3,3
1125,QAKXEI,3,3
1126,ZUTCID,1,1
1127,IKEYOM,3,3
1128,JAWKOH,2,2
1129,MUPSUM,2,2
1130,NAWRUY,1,1
1131,NACCOJ,1,1
1132,NILVIN,2,2
1133,VIZWIK,1,1
1134,EXOKAE,2,2
1135,KOMWOA,3,3
1136,DUSRIU,2,2
1137,IGOPAW,3,3
1138,PAQBOY,1,1
1139,UHIQAD,1,1
1140,GACWUG,1,1
1141,REVHIK,3,3
1142,VAFSUU,1,1
1143,PIDMAR,2,2
1144,SOBPIK,2,2
1145,LECNOW,3,3
1146,BODFIJ,3,3
1147,XEBTOO,2,2
1148,TUKWUS,2,2
1149,AXEBAG,2,2
1150,JUDNEB,2,2
1151,DORQOQ,1,1
1152,PPTCFE,2,2
1153,YASKAE,3,3
1154,REDQAU,1,1
1155,URUHOF,2,2
1156,CIBBEV,1,1
1157,DEVFAP,1,1
1158,TULKEQ,1,1
1159,PIWNEP,1,1
1160,EQOCUJ,2,2
1161,BEQTAU,3,3
1162,POYGEQ,2,2
1163,ZOVKAZ,1,1
1164,MIVKOT,2,2
1165,HENPOF,2,2
1166,IXEZOB,2,2
1167,OHEQUO,1,1
1168,BAJNAF,1,1
1169,YOXWUD,2,2
1170,VEBYIK,1,1
1171,FAHDAU,3,3
1172,VUGSIA,2,2
1173,CUHWAD,2,2
1174,UWODOB,1,1
1175,GIMZIP,1,1
1176,LELTOM,2,2
1177,XOGBUT,2,2
1178,MIDRIA,3,3
1179,FERHUF,1,1
1180,XUDBON,3,3
1181,TENSUA,1,1
1182,NAVZIV,1,1
1183,ZOZCAS,3,3
1184,QAMLID,1,1
1185,BAFFOD,3,3
1186,FEBLII,2,2
1187,CIGCON,3,3
1188,DAWXAC,2,2
1189,PIDCAJ,3,3
1190,IZUFEP,1,1
1191,HIKCAF,3,3
1192,GARPEV,3,3
1193,DASCIL,3,3
1194,PICJIV,2,2
1195,ELOTOO,3,3
1196,WUFWOM,1,1
1197,GEZPAE,2,2
1198,DETBUC,2,2
1199,CADGIA,3,3
1200,QIMTAK,3,3
1201,VALCAM,3,3
1202,ZESXEC,3,3
1203,RABXAU,3,3
1204,KIJYEI,2,2
1205,COWKOO,3,3
1206,TELGIE,1,1
1207,XEYCEM,3,3
1208,GIVXUG,1,1
1209,TPCPCQ,2,2
1210,WACPEV,2,2
1211,HUNPUE,1,1
1212,DAKDUR,2,2
1213,CUXMUD,1,1
1214,PESWAP,1,1
1215,EPEJUG,1,1
1216,WONQUO,3,3
1217,SUNMUM,1,1
1218,HAKKOU,3,3
1219,FOZKEN,1,1
1220,BEHRIQ,1,1
1221,SASVUE,3,3
1222,EZASUU,2,2
1223,CICFON,1,1
1224,KUKMIN,2,2
1225,NOFSOQ,3,3
1226,OQIMEJ,1,1
1227,MOYFEM,1,1
1228,MINNEE,2,2
1229,PAHZOR,1,1
1230,XIMYUO,3,3
1231,SOBNOO,3,3
1232,FEPKIX,3,3
1233,ACUSUP,3,3
1234,YADTEE,1,1
1235,JIQBUH,3,3
1236,KESSOQ,3,3
1237,ITAZEK,3,3
1238,DAJROY,3,3
1239,PIFBEP,1,1
1240,YEWDAF,2,2
1241,SOGXIY,2,2
1242,WIWNUO,3,3
1243,IBOCUA,2,2
1244,WAVYIB,3,3
1245,MIFJAM,3,3
1246,WAHFAM,1,1
1247,FOJVUW,2,2
1248,BACWOT,2,2
1249,CUJXIR,1,1
1250,EGODAI,2,2
1251,UTELUD,1,1
1252,HUSFIK,1,1
1253,QABJUA,2,2
1254,MUBHIC,2,2
1255,DITWUB,3,3
1256,AMINOA,2,2
1257,QIHKOH,3,3
1258,MPZBEP,3,3
1259,JARSIF,2,2
1260,VEMHUT,3,3
1261,RISLEN,2,2
1262,ULOTUL,2,2
1263,VALDET,3,3
1264,ESENEY,1,1
1265,FEWREG,2,2
1266,XAMSAG,2,2
1267,RIYWOL,2,2
1268,HATPAV,2,2
1269,ESAWUR,2,2
1270,LECBUT,3,3
1271,TIDVOS,3,3
1272,KEYVOC,2,2
1273,TAHQID,3,3
1274,JUYCAJ,3,3
1275,WIDQAF,1,1
1276,MASKAU,2,2
1277,BAGROT,2,2
1278,SAVGUU,3,3
1279,BAJBUN,1,1
1280,HAMHOV,1,1
1281,TEZWUS,3,3
1282,EXIQAD,3,3
1283,NEMWEK,3,3
1284,QESYOC,2,2
1285,YABWEF,3,3
1286,HAXXOT,3,3
1287,GACYUH,3,3
1288,COSYOB,3,3
1289,EGEXOE,3,3
1290,MOQREQ,2,2
1291,KIRROW,1,1
1292,KUCYIR,3,3
1293,NABGEE,3,3
1294,BILGUZ,2,2
1295,OCODUG,2,2
1296,PETWAN,2,2
1297,FIZRAI,3,3
1298,WUDDUX,1,1
1299,DIGDUT,2,2
1300,TUJXOM,3,3
1301,YEYZIL,2,2
1302,REDQOI,3,3
1303,CIXHEY,3,3
1304,XIQKOZ,3,3
1305,HOHCUC,1,1
1306,DOLNIB,3,3
1307,DINVIH,1,1
1308,NAKYON,2,2
1309,IROXUL,1,1
1310,TOKKOU,3,3
1311,BUQFEY,1,1
1312,WUCXEZ,1,1
1313,TOQXOO,2,2
1314,KUSJUG,1,1
1315,MOYMUK,1,1
1316,IVUCAE,2,2
1317,ZEMNEN,3,3
1318,JEZCIA,2,2
1319,UBUCEC,3,3
1320,JETFUN,1,1
1321,VUVQIN,2,2
1322,NEHFEL,3,3
1323,UDUMAI,3,3
1324,HOHHER,1,1
1325,ODIYOQ,3,3
1326,YIDNUY,1,1
1327,XULVOR,2,2
1328,BAJGID,2,2
1329,QARWEO,3,3
1330,TUJHIQ,2,2
1331,COGTEZ,1,1
1332,OJUQOA,3,3
1333,ZEYCOV,2,2
1334,UCOLON,3,3
1335,GIMDAH,3,3
1336,QAJLIZ,3,3
1337,RAJRIF,1,1
1338,DEHPOV,1,1
1339,NULVIZ,3,3
1340,YESFEH,3,3
1341,MOVREX,1,1
1342,ZIJKAE,3,3
1343,RAFCIM,1,1
1344,CAZFIV,2,2
1345,FOHKAQ,3,3
1346,IHOCEO,2,2
1347,GEFNOX,1,1
1348,ZEHHED,1,1
1349,KITQOT,2,2
1350,OWUJOG,3,3
1351,ZUHZOT,3,3
1352,AVEZOR,2,2
1353,YIGGAX,2,2
1354,RURHOB,1,1
1355,SERSOX,1,1
1356,EFUNUQ,3,3
1357,SEKROQ,2,2
1358,NANFAM,3,3
1359,EHEWUJ,2,2
1360,NIFZOU,2,2
1361,UNAKIF,1,1
1362,GIJTEB,2,2
1363,TIDFIX,2,2
1364,IZUVAD,1,1
1365,XONBUX,3,3
1366,HENWEC,3,3
1367,JEFSIX,2,2
1368,YIQRAS,1,1
1369,IMOREI,1,1
1370,DURHIJ,2,2
1371,JEDLEM,2,2
1372,CEQCOS,1,1
1373,FALZUP,2,2
1374,YIVRAZ,3,3
1375,TIRCOO,3,3
1376,APOVOS,1,1
1377,AFAMEB,3,3
1378,ANAWUI,1,1
1379,XEFVEJ,1,1
1380,SUSKOH,1,1
1381,BAKCOH,3,3
1382,QIJDEV,2,2
1383,RAMKEY,3,3
1384,BAYTIE,2,2
1385,MAJJAK,2,2
1386,XEKJIG,3,3
1387,OGOWUF,1,1
1388,BIXCUH,2,2
1389,MANQID,2,2
1390,KAYGUN,3,3
1391,CSBRHC,2,2
1392,VIMQAJ,2,2
1393,YOXLAA,1,1
1394,XEPCEA,1,1
1395,WEFKIF,1,1
1396,REYKEP,1,1
1397,FEXQEH,2,2
1398,MOZDAJ,1,1
1399,KONBEW,3,3
1400,VOGCID,3,3
1401,YUYHAC,3,3
1402,EDABIV,2,2
1403,BAFDUH,1,1
1404,SIXDIM,3,3
1405,GALXOK,1,1
1406,DIGMIS,3,3
1407,CUGHER,3,3
1408,XUHVEB,3,3
1409,OGOGEW,1,1
1410,UWAXIA,3,3
1411,NEJLEU,2,2
1412,COHBIN,2,2
1413,YOPCAJ,2,2
1414,HOXYUQ,3,3
1415,XOBHUS,1,1
1416,LELFEP,3,3
1417,GIHPIW,3,3
1418,WERQUI,2,2
1419,EGOFOW,3,3
1420,NEZDOM,1,1
1421,LUCYAK,3,3
1422,HUMBAS,3,3
1423,KECNIR,2,2
1424,ACOWAU,1,1
1425,TIGXIQ,1,1
1426,VIPWOJ,2,2
1427,HAGTUH,2,2
1428,RUNJEQ,3,3
1429,ZIBTEM,3,3
1430,XEGPOP,3,3
1431,OXAQEK,2,2
1432,BUQCOI,1,1
1433,BAVRAR,2,2
1434,YEWHAK,1,1
1435,KEFMUE,3,3
1436,QUJMUF,2,2
1437,VEGDIV,3,3
1438,RESKOR,3,3
1439,WUPLUP,3,3
1440,HAXZAJ,3,3
1441,DIXVEO,2,2
1442,TAFDEM,2,2
1443,COKNAR,3,3
1444,FERQOJ,3,3
1445,OTAJIF,1,1
1446,WABCUZ,2,2
1447,FECTIT,2,2
1448,HUPFAZ,3,3
1449,IMAWOK,2,2
1450,NOCNOL,2,2
1451,WEDXEI,2,2
1452,COSWUC,3,3
1453,GUSKUA,2,2
1454,FEBNEH,1,1
1455,DAZFAO,3,3
1456,EMAXUL,2,2
1457,IGENOY,3,3
1458,MEJYUX,2,2
1459,NIDYEF,2,2
1460,JULFOL,2,2
1461,NUBSAG,2,2
1462,QUNHUF,1,1
1463,FEVSIL,3,3
1464,QIBWUV,2,2
1465,IYOXID,3,3
1466,ZOLMAO,3,3
1467,RIZKUI,3,3
1468,FAXYEI,2,2
1469,CEQQEY,1,1
1470,RUVTUY,2,2
1471,QELGIX,2,2
1472,COTPRH,2,2
1473,MIMLUP,3,3
1474,DOKROM,3,3
1475,PEZWUN,3,3
1476,DABDAL,2,2
1477,XACQOK,3,3
1478,YEGGOJ,3,3
1479,GEQSIE,3,3
1480,ROZYAH,2,2
1481,FERSUQ,3,3
1482,SIHYOY,3,3
1483,YUKDEQ,1,1
1484,YONYUX,3,3
1485,YOZFAX,1,1
1486,FULKOP,1,1
1487,YASPOY,3,3
1488,XETCOQ,3,3
1489,HINNEX,2,2
1490,NOWSAW,1,1
1491,YEKXAR,1,1
1492,GAKJEH,2,2
1493,MUYDOB,3,3
1494,JUKXEU,3,3
1495,ZEFXUG,2,2
1496,OCEHIR,1,1
1497,HUJYUH,3,3
1498,YOBHUS,2,2
1499,RINCAS,3,3
1500,NUDNIK,1,1
1501,LAHGEK,1,1
1502,DAJPAG,3,3
1503,CASXUP,2,2
1504,IMUCIE,2,2
1505,KETXIS,1,1
1506,FILBIM,2,2
1507,AXUZUR,1,1
1508,SAKTAC,3,3
1509,LEHJOZ,2,2
1510,QODHOG,1,1
1511,DOBGUW,2,2
1512,WIXMAR,2,2
1513,UGUBUT,3,3
1514,YANCOJ,1,1
1515,WUHREX,1,1
1516,GIRMEA,3,3
1517,CYPYZN,3,3
1518,RATXOZ,1,1
1519,EJEMAJ,3,3
1520,HINRUS,2,2
1521,NUZXIQ,2,2
1522,SIDXIN,1,1
1523,BACYUB,1,1
1524,RALXUB,1,1
1525,ACELIH,1,1
1526,MOTCRH,2,2
1527,XAMXES,1,1
1528,VAJKEZ,3,3
1529,DOMSUU,2,2
1530,IXASAD,1,1
1531,ISIYAM,3,3
1532,SEPLUW,2,2
1533,UCAWOK,2,2
1534,OPICEW,3,3
1535,KIMKOJ,3,3
1536,HIWFOL,2,2
1537,ZIMWEB,1,1
1538,WOBWAL,3,3
1539,PIJQIM,1,1
1540,TIYPAS,3,3
1541,HANQIY,1,1
1542,XAKGUL,3,3
1543,IXUWAA,3,3
1544,GONJOL,3,3
1545,HIGNET,3,3
1546,ZELJUX,3,3
1547,GOWRAL,3,3
1548,XISFIR,3,3
1549,UZAFAE,3,3
1550,JEKTEB,3,3
1551,JIFXUS,1,1
1552,LETJIH,1,1
1553,QOXHIU,2,2
1554,UTOWIK,2,2
1555,ZUMNEC,1,1
1556,KIRWEP,2,2
1557,FEJMEN,3,3
1558,UTAYEU,3,3
1559,ROMFIK,3,3
1560,CEQVAW,3,3
1561,VEWWUT,1,1
1562,FIMVIJ,2,2
1563,GALTOF,2,2
1564,NOLTAJ,2,2
1565,UMOXOJ,2,2
1566,GALZAU,1,1
1567,RIRMIR,3,3
1568,IKOGAT,1,1
1569,FOVHOO,3,3
1570,QAYSIV,3,3
1571,YIYJAU,3,3
1572,ZIZHOI,2,2
1573,FAVNEV,2,2
1574,DUPPUC,1,1
1575,XUFHOW,3,3
1576,NIZDUZ,1,1
1577,AYUSES,2,2
1578,ITUNUH,3,3
1579,KIPVAJ,3,3
1580,EDAWEM,3,3
1581,TIJCAR,1,1
1582,SIGTAE,1,1
1583,BUYBUT,3,3
1584,ENEYEE,1,1
1585,VIMFUU,3,3
1586,PIYBIL,3,3
1587,ZOLZAB,1,1
1588,PERHEC,2,2
1589,IXIGAX,3,3
1590,ROMTUL,3,3
1591,GIMVIJ,3,3
1592,EKAFUR,2,2
1593,YEJWUG,3,3
1594,HOYFEG,3,3
1595,UCUCIE,1,1
1596,DEJSER,3,3
1597,LOKSOV,3,3
1598,BOPYEL,2,2
1599,UHAPAW,3,3
1600,RIVZUU,3,3
1601,XEZVUU,2,2
1602,VOZYUG,1,1
1603,QALMEX,3,3
1604,LILSEF,3,3
1605,PUNTEZ,3,3
1606,VUKYIJ,3,3
1607,YOVNOM,2,2
1608,UKULAP,3,3
1609,GEMQUL,3,3
1610,EMUKUS,3,3
1611,CECJUT,1,1
1612,DUJXAK,1,1
1613,GIXQIR,1,1
1614,ZEQBAY,1,1
1615,YIWCIR,2,2
1616,ATIHUG,3,3
1617,JIQYUH,1,1
1618,METTAG,3,3
1619,ZESTEY,3,3
1620,ROMHEG,2,2
1621,GUMHOM,3,3
1622,FITYEO,2,2
1623,FIHNAO,3,3
1624,UBEWIJ,3,3
1625,BERZIK,1,1
1626,PEGSUP,2,2
1627,GAFQOT,2,2
1628,UJOMEN,1,1
1629,ITUKIU,1,1
1630,KEJPAQ,1,1
1631,DAGNUY,1,1
1632,AWEMAQ,3,3
1633,SUVVOU,2,2
1634,XIZVOU,3,3
1635,CIJCEE,2,2
1636,MOLTEM,3,3
1637,MUDWAM,1,1
1638,ILEGAJ,2,2
1639,MESDIY,1,1
1640,RABMAM,1,1
1641,GUZRUO,2,2
1642,PARKOJ,3,3
1643,VEGDEU,1,1
1644,PAQYOY,2,2
1645,GIPKIA,1,1
1646,UCISEH,2,2
1647,LAXFIZ,1,1
1648,CERQUN,2,2
1649,ZAHYEP,3,3
1650,YANCAV,1,1
1651,HAFYUM,1,1
1652,ATEWUT,3,3
1653,RIRFUW,2,2
1654,XESZOM,2,2
1655,LAFYAU,2,2
1656,TUNHOB,3,3
1657,RIZNEW,1,1
1658,TUMZOQ,1,1
1659,FAPTEW,2,2
1660,CCXZPR,1,1
1661,YANTAL,2,2
1662,RUJHOT,2,2
1663,RUGXUN,3,3
1664,RUSGAN,2,2
1665,ZUHZUZ,3,3
1666,MUYZIQ,1,1
1667,TAKDUH,3,3
1668,IRESAC,1,1
1669,LUNKOV,2,2
1670,UBIHIY,3,3
1671,JIFZAC,2,2
1672,SIZPOG,1,1
1673,YEVRAT,2,2
1674,KIBSUK,3,3
1675,AWOJUS,1,1
1676,VEQZUO,1,1
1677,IGUFIB,3,3
1678,PIJMUR,3,3
1679,RIVTUM,3,3
1680,YECKIC,3,3
1681,JETXEP,1,1
1682,WAWFAE,3,3
1683,BAHFUO,3,3
1684,CORZUF,3,3
1685,LISXAM,2,2
1686,SIHWOV,1,1
1687,NEFMOA,1,1
1688,FAHFAW,3,3
1689,MICWOL,1,1
1690,MOHFEW,3,3
1691,XEFZIS,3,3
1692,KOMKIG,2,2
1693,ROVFAL,2,2
1694,NUNWUQ,2,2
1695,BUHIPI,2,2
1696,ZEKHAA,2,2
1697,LOCNIC,2,2
1698,JEDGOR,1,1
1699,GOYBII,1,1
1700,AWAQAS,2,2
1701,ZAXXEB,3,3
1702,HUQGUW,2,2
1703,KINPIG,2,2
1704,MAFYAU,2,2
1705,VONSUM,2,2
1706,HIPFAN,1,1
1707,DENHAI,3,3
1708,YAFLUO,3,3
1709,ISUKUD,1,1
1710,RUQHIX,1,1
1711,QARRAC,2,2
1712,OKAKEQ,3,3
1713,IMUHUW,1,1
1714,COSNUV,3,3
1715,HUTSIZ,2,2
1716,NUWCOY,3,3
1717,BILGOT,2,2
1718,YIYDAM,3,3
1719,CODZOL,2,2
1720,MUPZIJ,1,1
1721,EVULAL,1,1
1722,KARHER,2,2
1723,MEJWUW,1,1
1724,KAMCOR,2,2
1725,BEMVIY,2,2
1726,CONAEN,2,2
1727,DOFNOC,3,3
1728,XATPAL,3,3
1729,DUQHOP,1,1
1730,AZUKIR,2,2
1731,BUBKUF,3,3
1732,EPEMIX,1,1
1733,PIXXID,3,3
1734,DEXSOQ,2,2
1735,EZEQIJ,3,3
1736,RAYJAG,1,1
1737,ENCOPH,2,2
1738,KIZQUH,1,1
1739,EDUVUV,3,3
1740,VOGHAD,3,3
1741,MIPSOW,1,1
1742,SUMQAT,1,1
1743,LIGBIP,2,2
1744,QUQFOX,3,3
1745,BOSLOM,2,2
1746,GILKOD,3,3
1747,JEWMAZ,1,1
1748,GOJQIH,1,1
1749,AMEJOR,3,3
1750,AMEDAA,1,1
1751,PIMVAI,1,1
1752,PEHRAX,1,1
1753,FEZRAG,3,3
1754,JEBJAB,2,2
1755,TUGXIE,2,2
1756,DAMYEX,2,2
1757,ZIMYEZ,1,1
1758,LIWQUE,2,2
1759,UNICAW,2,2
1760,DANKEK,1,1
1761,GATFEM,3,3
1762,BACWUZ,2,2
1763,IKONEB,3,3
1764,LADDUS,3,3
1765,YEHZIV,2,2
1766,ATIFUH,1,1
1767,ERORIO,3,3
1768,HENLIW,3,3
1769,POLGUU,3,3
1770,LAWRIO,1,1
1771,RALVUZ,1,1
1772,RAJPID,1,1
1773,FUMXER,3,3
1774,PIJFET,3,3
1775,BAFCIW,2,2
1776,UTOWEH,2,2
1777,LEKXAB,2,2
1778,XABBEI,1,1
1779,WANYIT,3,3
1780,JITTIP,2,2
1781,DUGTEF,3,3
1782,IDAJON,1,1
1783,GOZYAX,2,2
1784,HEDLUX,3,3
1785,APIYAA,1,1
1786,LUKDEA,1,1
1787,BANPOZ,1,1
1788,CIVZAJ,2,2
1789,HOZQUJ,1,1
1790,CPYQAU,3,3
1791,OXECIE,3,3
1792,SUQXOS,3,3
1793,CIRHAP,3,3
1794,ZEJGUT,2,2
1795,MUSQEX,2,2
1796,FIFPEQ,1,1
1797,MARDOY,1,1
1798,ADEYOX,1,1
1799,JEKJAN,3,3
1800,MEFSOJ,1,1
1801,VIVZOQ,3,3
1802,ZOTZUF,2,2
1803,TUJCAF,1,1
1804,BOJSEC,1,1
1805,JERRON,2,2
1806,JINWOV,2,2
1807,JIMKAV,1,1
1808,MIMBUH,3,3
1809,HIDLOX,3,3
1810,SEKNEC,3,3
1811,REQCOI,3,3
1812,WURDUK,2,2
1813,CCPYPT,3,3
1814,OYOCOV,2,2
1815,MAZWIT,2,2
1816,CUYGEJ,3,3
1817,URAWOC,1,1
1818,SIXFIO,3,3
1819,AQETIB,2,2
1820,CAFTIM,2,2
1821,ZUTJUT,3,3
1822,ZIZFOF,3,3
1823,IVUZUU,3,3
1824,BEJQOA,1,1
1825,HUPFOQ,1,1
1826,GATMUK,1,1
1827,CUGZUA,2,2
1828,ERIFIV,3,3
1829,PAQPED,3,3
1830,SULBEJ,1,1
1831,IGOLEY,1,1
1832,YAXFEI,3,3
1833,DISBUD,2,2
1834,NOKDIC,3,3
1835,XIXNIE,3,3
1836,MISQIO,3,3
1837,MIJPIF,2,2
1838,VAVBEA,3,3
1839,YIVYIM,1,1
1840,VIYPEC,1,1
1841,HOVLAI,1,1
1842,WAJNUS,1,1
1843,UCAWAW,1,1
1844,KINWOV,3,3
1845,OKUQOD,1,1
1846,IGOGUH,3,3
1847,OVANOP,3,3
1848,MIBDIM,3,3
1849,VOKYAX,2,2
1850,CAPQOZ,1,1
1851,JUZMIC,2,2
1852,FUJQOQ,2,2
1853,JENBOW,3,3
1854,ELEDOR,1,1
1855,JURGAG,3,3
1856,NADFED,3,3
1857,QOPBOM,1,1
1858,GIFPEQ,2,2
1859,ONIYEQ,2,2
1860,LEXKAB,3,3
1861,RORSEY,3,3
1862,JAMJEN,3,3
1863,XIXNID,2,2
1864,QOCDUL,1,1
1865,XEFTEI,3,3
1866,OKUVIC,1,1
1867,VIDCEQ,1,1
1868,FULGUR,1,1
1869,NADZUN,2,2
1870,OMALIX,2,2
1871,OGAWOL,3,3
1872,YEHHUP,2,2
1873,CEDVIT,3,3
1874,CNSBZP,3,3
1875,HUPFOP,2,2
1876,EWOFUU,1,1
1877,HUPHAC,3,3
1878,NEZMIR,1,1
1879,JUZJOD,1,1
1880,ZIZHAT,1,1
1881,ZUKMIB,2,2
1882,KITTIQ,1,1
1883,EZEXAI,1,1
1884,POPWUM,2,2
1885,ETORAH,2,2
1886,MERYAJ,1,1
1887,YASKUA,3,3
1888,RADPIW,2,2
1889,HISJID,2,2
1890,TADKAN,3,3
1891,KUXLOG,1,1
1892,KUVNUN,1,1
1893,NOLSIQ,2,2
1894,JIGWOL,2,2
1895,UCOLUV,1,1
1896,RUGTAP,3,3
1897,HEFJUZ,2,2
1898,UNIZOH,3,3
1899,VEVXOK,3,3
1900,RUQVAA,2,2
1901,XAYREX,3,3
1902,VOHROC,3,3
1903,LESTOS,2,2
1904,RAHVIF,3,3
1905,HUNGOP,1,1
1906,RIGCOB,3,3
1907,HUTZAY,2,2
1908,OCECUV,3,3
1909,KIMKAW,1,1
1910,BEXVOQ,2,2
1911,UBUFAY,3,3
1912,FOQQOR,3,3
1913,UCELIY,3,3
1914,AXUTUK,3,3
1915,EBUHUI,1,1
1916,COKGER,2,2
1917,QEHLIA,2,2
1918,BIKRUJ,3,3
1919,EQODEW,1,1
1920,COQTEH,1,1
1921,HOLSUZ,2,2
1922,QANBAL,3,3
1923,QAKTEE,3,3
1924,SEVJEK,3,3
1925,TATTIS,1,1
1926,IMIXUX,2,2
1927,WIGFEX,2,2
1928,EDUMAR,1,1
1929,LEKXAC,3,3
1930,IWIJOQ,1,1
1931,ZEMPUF,1,1
1932,ADUMUJ,3,3
1933,XENNIN,1,1
1934,GULGUR,3,3
1935,IDEHII,2,2
1936,MIPQUZ,2,2
1937,HUVROI,1,1
1938,LISQIN,2,2
1939,VUHBOQ,3,3
1940,NESMII,3,3
1941,KISZET,2,2
1942,OXAFID,3,3
1943,RUYREI,1,1
1944,JETSUW,2,2
1945,GUPRIV,1,1
1946,HENLIV,2,2
1947,PAMWEF,2,2
1948,DILWUU,1,1
1949,OGOGIB,2,2
1950,AHICEC,1,1
1951,ERUHAA,2,2
1952,MIKDIW,3,3
1953,XUVWIW,3,3
1954,OBILEQ,1,1
1955,WAXKOX,3,3
1956,UMUGUE,3,3
1957,XIVYIL,3,3
1958,QUHNEM,3,3
1959,NUVNAV,3,3
1960,EJAQAI,3,3
1961,CUHBAJ,2,2
1962,YIXGAQ,3,3
1963,YILXUQ,1,1
1964,NARCAM,3,3
1965,SUGMOY,1,1
1966,LUKXUK,2,2
1967,HOYHEI,3,3
1968,HISXUC,2,2
1969,PITPEO,2,2
1970,QAPCAL,1,1
1971,FIFPEP,1,1
1972,UJADAK,2,2
1973,YAQMUB,3,3
1974,LAWLAA,1,1
1975,CIRFOB,2,2
1976,YUBMAJ,3,3
1977,VIFREH,1,1
1978,EHEPIT,1,1
1979,BUQDEZ,1,1
1980,FADYOY,3,3
1981,SUQXOR,3,3
1982,HIFHUA,3,3
1983,NEWHII,3,3
1984,DODFAE,3,3
1985,DEDJEC,3,3
1986,KAVQUX,1,1
1987,LEDKEO,1,1
1988,MELQIH,1,1
1989,WAGNIC,1,1
1990,WEQFEE,3,3
1991,OXACUN,3,3
1992,SOQHOW,3,3
1993,MEJWUV,2,2
1994,OXIKEN,2,2
1995,ABEGOG,3,3
1996,HUSCON,3,3
1997,QAQYOX,3,3
1998,NUTQOK,2,2
1999,HIZDED,1,1
2000,EGEXUJ,2,2
2001,WEDVEG,1,1
2002,LEHZED,1,1
2003,NUWCOX,1,1
2004,ROBLOL,3,3
2005,SILLEG,3,3
2006,IWOPAL,2,2
2007,WIDSAE,2,2
2008,BEJFOM,3,3
2009,LOGYUE,2,2
2010,PAXWAP,3,3
2011,IROVAP,1,1
2012,RIZPOF,2,2
2013,FIRCEO,2,2
2014,COQSAF,2,2
2015,JAQSOJ,1,1
2016,LEVGUO,3,3
2017,PIHKUP,3,3
2018,IBOJES,1,1
2019,FOHWIJ,1,1
2020,UDIVIQ,1,1
2021,MITQIP,3,3
2022,OFITUV,2,2
2023,HULTUE,1,1
2024,XIGBEU,3,3
2025,NEVLOR,3,3
2026,REWYAU,1,1
2027,CINVOL,3,3
2028,ZANQUC,3,3
2029,AFILEG,2,2
2030,XAQZUO,1,1
2031,MIFHAN,2,2
2032,FOBKEN,2,2
2033,HOFJET,3,3
2034,ZAPLEH,3,3
2035,BOJMOE,2,2
2036,PABZIE,3,3
2037,TIKPIN,3,3
2038,GUVXAW,1,1
2039,TILWOA,3,3
2040,BULNIH,2,2
2041,UBIFET,2,2
2042,FEBKUW,1,1
2043,YEHTEL,3,3
2044,PIDFEP,3,3
2045,SEGXAG,2,2
2046,GODHEM,3,3
2047,RINSIR,1,1
2048,NOJYAP,1,1
2049,IWIDAU,2,2
2050,EJEMOW,3,3
2051,IDULUQ,3,3
2052,AWIKOJ,1,1
2053,RIRFUV,3,3
2054,YAMHOM,3,3
2055,FAXKUL,2,2
2056,GERFAM,2,2
2057,GIWLOO,3,3
2058,JEVWOX,3,3
2059,ZEWTUQ,2,2
2060,LEHDOT,2,2
2061,FOXVIX,3,3
2062,UYIZIM,1,1
2063,BODZOM,2,2
2064,IKOYEN,2,2
2065,OFARIZ,2,2
2066,PARKOK,3,3
2067,PICVAZ,2,2
2068,QUFPOX,2,2
2069,IRAXOQ,3,3
2070,FOQXEO,2,2
2071,KEWCOH,2,2
2072,IYEVUE,3,3
2073,SARRIQ,1,1
2074,NUNWUP,1,1
2075,ADUQEV,3,3
2076,VEVFEL,1,1
2077,GOLRIJ,3,3
2078,EZOTIY,3,3
2079,TIHPUZ,1,1
2080,WEMJUW,2,2
2081,RUWBAO,1,1
2082,XIVNIA,3,3
2083,QUNDOS,2,2
2084,PADYIF,3,3
2085,YUJPIC,2,2
2086,ACPYZN,3,3
2087,UCUZIF,1,1
2088,XETTAV,1,1
2089,DAFQIM,3,3
2090,XEHCEV,2,2
2091,KOCREB,3,3
2092,RIVTUL,3,3
2093,IJUXAP,1,1
2094,NUYMAY,1,1
2095,VUVCOF,1,1
2096,ZIZDUK,3,3
2097,WIPWAW,3,3
2098,COGJUE,3,3
2099,ZAYLES,2,2
2100,DOYKIN,2,2
2101,QORTID,1,1
2102,VIWLUL,2,2
2103,NISVES,3,3
2104,SIGMOM,3,3
2105,YEFQUW,3,3
2106,WIDFUO,1,1
2107,ICEJOT,1,1
2108,CUPBUN,1,1
2109,XAHGIY,3,3
2110,QABCIG,1,1
2111,EYEYAI,3,3
2112,DAXYOS,3,3
2113,MOXWOL,2,2
2114,UNELEF,3,3
2115,JINYOX,2,2
2116,QIGMEA,2,2
2117,DIVVEK,1,1
2118,RUWBOD,1,1
2119,GIMVIK,2,2
2120,BERDAE,3,3
2121,WEMDUO,1,1
2122,COQQUV,3,3
2123,GOYLIP,3,3
2124,DECZOB,3,3
2125,MISQEM,2,2
2126,JEBCEB,2,2
2127,LOSDUU,2,2
2128,YEFFUM,2,2
2129,MOMPOT,2,2
2130,OJAGEO,1,1
2131,UQESOB,1,1
2132,BOZRIS,1,1
2133,YUBJIP,3,3
2134,XUVGAW,1,1
2135,QONSES,2,2
2136,BPYCPT,3,3
2137,XILZAV,3,3
2138,TIGVEK,2,2
2139,SEVDED,1,1
2140,WIXCOW,2,2
2141,LIHVEG,2,2
2142,VUJHUF,3,3
2143,PEPGOK,1,1
2144,EWATEC,3,3
2145,WUQSEG,2,2
2146,ZATWAS,1,1
2147,ALUYEN,3,3
2148,JISJOK,3,3
2149,NEDLEQ,2,2
2150,ALINAN,1,1
2151,RADPET,1,1
2152,TIRQES,1,1
2153,SERJUU,3,3
2154,BIZBEV,1,1
2155,YIJWOF,1,1
2156,QUZPEI,2,2
2157,DUYGUC,1,1
2158,ZAVJUB,1,1
2159,LASGAN,2,2
2160,TUXJAY,3,3
2161,HOQREM,3,3
2162,QERHEB,3,3
2163,HAFLAF,1,1
2164,MAGDEE,2,2
2165,MADVEV,2,2
2166,SAWZIC,3,3
2167,NEZJAH,1,1
2168,JIFXUR,3,3
2169,JEKTEC,1,1
2170,MEZZOG,3,3
2171,WUVZOD,2,2
2172,DIXJUR,2,2
2173,DAXPEY,2,2
2174,AFUBAE,2,2
2175,DUNQUB,1,1
2176,DONTOQ,2,2
2177,QAPJEZ,2,2
2178,NACTUH,3,3
2179,GUCQAW,2,2
2180,ZABNUP,1,1
2181,NASPIG,2,2
2182,EJEVUN,1,1
2183,WIJZEV,3,3
2184,TEWLIT,3,3
2185,POZPAX,3,3
2186,BOQFUL,2,2
2187,YOPZOU,2,2
2188,TETWAR,3,3
2189,PAPSIL,2,2
2190,PAWZAP,1,1
2191,EVESED,3,3
2192,TOPYAZ,3,3
2193,REDHUD,2,2
2194,MAJFAG,3,3
2195,XURYUE,2,2
2196,MOYMAO,2,2
2197,TIXTEA,3,3
2198,AGEVAJ,3,3
2199,GOSWAM,1,1
2200,JOJRIM,1,1
2201,LAZGAU,3,3
2202,VABFIQ,1,1
2203,SEBKUG,2,2
2204,LETMOO,3,3
2205,FEGVOD,3,3
2206,JIYVAP,2,2
2207,ECOKEP,3,3
2208,YUWHUU,3,3
2209,POXQEB,2,2
2210,XEYHAO,1,1
2211,VIBPOM,3,3
2212,ECUXEJ,1,1
2213,EGIGUY,3,3
2214,GUKKOO,3,3
2215,VUKWEG,1,1
2216,WALCUI,3,3
2217,GECJAZ,2,2
2218,EFUGIW,3,3
2219,LANMOC,2,2
2220,RIRTER,3,3
2221,ABUXIF,3,3
2222,JUQKEN,3,3
2223,MIMYMO,1,1
2224,CIDDAX,2,2
2225,YASPOX,3,3
2226,NUKMIR,2,2
2227,USONUN,3,3
2228,NOBMOG,3,3
2229,PZADMO,1,1
2230,GEKWID,3,3
2231,SUZWIT,2,2
2232,XATRUJ,1,1
2233,RIXVAY,1,1
2234,XETTOJ,1,1
2235,QAWSIR,3,3
2236,ROGTIU,1,1
2237,WIJJAB,3,3
2238,XUTFEZ,2,2
2239,OFABAZ,2,2
2240,XALROR,1,1
2241,ESELIY,2,2
2242,POFWAL,3,3
2243,YAZNES,3,3
2244,XOBMIO,1,1
2245,HOVRES,1,1
2246,FEKNER,2,2
2247,AFAQAZ,3,3
2248,EYEPIK,1,1
2249,TETGEF,2,2
2250,LILXUA,3,3
2251,WEHNAZ,3,3
2252,CACKID,2,2
2253,BACYUC,3,3
2254,AEMANI,3,3
2255,GEVDIW,2,2
2256,WIVVUS,2,2
2257,YOZXIV,2,2
2258,XOCKUX,3,3
2259,IWIDOI,2,2
2260,NELDUF,2,2
2261,WOZLOP,1,1
2262,KATREE,3,3
2263,YACSUQ,2,2
2264,AVAZEC,1,1
2265,KAKWAV,2,2
2266,MIDWAX,3,3
2267,QOSKUF,1,1
2268,QAHHEN,2,2
2269,KUHSIQ,3,3
2270,FEXCOC,1,1
2271,CEPLOB,2,2
2272,GEBNEI,1,1
2273,CILGAI,3,3
2274,DAMYIZ,1,1
2275,LUQYEB,2,2
2276,QORJOW,2,2
2277,FEQJER,1,1
2278,IBOCAE,3,3
2279,RACNOZ,3,3
2280,DAKSAL,2,2
2281,IZOGOV,3,3
2282,DAMWEV,1,1
2283,ELOFES,2,2
2284,REWYOI,2,2
2285,HAWPIF,3,3
2286,VIWPID,3,3
2287,JOVLEO,1,1
2288,CUKNEB,1,1
2289,BEKBEB,3,3
2290,SULGUB,1,1
2291,KOWSUN,1,1
2292,FAWJAS,1,1
2293,JUYFIS,2,2
2294,FEGQIU,2,2
2295,MAHGEJ,3,3
2296,XELQIO,2,2
2297,VALCUI,3,3
2298,TICZOV,3,3
2299,AREPUI,3,3
2300,QOQMUE,3,3
2301,NIPCOE,2,2
2302,VEZGOX,2,2
2303,RIWREX,2,2
2304,NABLAG,3,3
2305,ZOTFIX,1,1
2306,MOQYAS,1,1
2307,FEXVUB,3,3
2308,JOFTIK,3,3
2309,TUDTOD,3,3
2310,OZOLAS,1,1
2311,PANLAT,3,3
2312,CISRAY,2,2
2313,MOVYAZ,3,3
2314,RASZUI,1,1
2315,AKAJUT,2,2
2316,BEFNOS,2,2
2317,RIMJUS,3,3
2318,PORJOW,2,2
2319,CUWGIM,2,2
2320,IHODUE,1,1
2321,WUQZOZ,1,1
2322,ICEHUX,1,1
2323,OPAWEJ,2,2
2324,KAJJIS,1,1
2325,GEPGIT,2,2
2326,EVINPT,2,2
2327,UTOGOA,3,3
2328,RAQPAB,2,2
2329,QUQXIJ,3,3
2330,ABEPAA,3,3
2331,QUHYIC,3,3
2332,RECCEK,2,2
2333,NAFGOT,3,3
2334,MUBTOS,2,2
2335,JOFCIQ,1,1
2336,FEVDIW,3,3
2337,FUBKOC,2,2
2338,WUPLUQ,1,1
2339,KOTJEL,1,1
2340,IKUMOQ,1,1
2341,UVURIO,3,3
2342,ZOPHOD,3,3
2343,YIQRAR,2,2
2344,PIBYOV,3,3
2345,YEKSEP,3,3
2346,XAZBEI,3,3
2347,GONHAS,3,3
2348,PIKPEG,3,3
2349,SEKROP,1,1
2350,ZELFUT,3,3
2351,VINJIM,2,2
2352,POQSIX,3,3
2353,TINFUV,1,1
2354,FODTOH,3,3
2355,KASNAU,3,3
2356,RUGVAR,2,2
2357,FEPREX,2,2
2358,EZAFOB,2,2
2359,EJOSAY,2,2
2360,RUYYOA,2,2
2361,YILXOH,3,3
2362,AREWEB,3,3
2363,SAHZEH,3,3
2364,KEMGUF,1,1
2365,CAJGIE,2,2
2366,BOHWEC,3,3
2367,VIMQAK,2,2
2368,CSBRHB,2,2
2369,ZIGGIJ,1,1
2370,MOFDEQ,3,3
2371,FIXTAK,3,3
2372,UNONUH,3,3
2373,VULGUH,1,1
2374,CEGFIE,3,3
2375,OMANIZ,2,2
2376,BUJVEH,2,2
2377,XEFVEK,3,3
2378,QOCFUN,1,1
2379,JAMHEL,3,3
2380,HEBMUX,3,3
2381,FIBKUY,3,3
2382,MUFCEY,1,1
2383,EHAGOJ,3,3
2384,MAJFUB,3,3
2385,TABSOF,3,3
2386,QEFKUL,1,1
2387,NESQAD,1,1
2388,KULMIQ,1,1
2389,WAQWEQ,3,3
2390,ENALUB,3,3
2391,BAYZEH,2,2
2392,ZOTXUE,2,2
2393,VUGDIM,3,3
2394,CEXTOS,1,1
2395,DAVWUW,1,1
2396,LAFRIT,1,1
2397,DEYROO,2,2
2398,NOJRIP,1,1
2399,LAZGUP,1,1
2400,KOWMIS,1,1
2401,GUJDOH,1,1
2402,DUGJUN,1,1
2403,HIRLOJ,3,3
2404,SIJQUZ,3,3
2405,KAPPUN,1,1
2406,KORREO,2,2
2407,IKOLEA,2,2
2408,IWALID,3,3
2409,GILKUK,2,2
2410,HOKMEZ,3,3
2411,TIJQIQ,1,1
2412,FENZOR,1,1
2413,ORAQAA,2,2
2414,PIYPAO,2,2
2415,OFEROI,3,3
2416,LAWPIL,3,3
2417,EZOHAC,2,2
2418,FUNHEB,2,2
2419,GAXLID,3,3
2420,BOKBAI,1,1
2421,CAKCOI,2,2
2422,ARUVEP,1,1
2423,FEVMUP,3,3
2424,PEVVEU,1,1
2425,AVAVEY,1,1
2426,POHKEG,1,1
2427,JELFOW,1,1
2428,IYINEJ,3,3
2429,LEGKAJ,3,3
2430,BAKJEC,1,1
2431,NOTDIJ,3,3
2432,WIJXIW,3,3
2433,XIZZOY,1,1
2434,PIXSAR,1,1
2435,ERUMEM,1,1
2436,LIZTOF,3,3
2437,DPPFEO,2,2
2438,ROMJIP,2,2
2439,TICXAH,1,1
2440,RORMUG,1,1
2441,DIHBIG,2,2
2442,ODADEF,2,2
2443,KAVXEK,2,2
2444,DAYQIE,3,3
2445,QIDCAK,2,2
2446,ASEKOB,1,1
2447,XOSZEL,2,2
2448,PERMOR,3,3
2449,DASQUJ,3,3
2450,GIWLUV,3,3
2451,HEHSAO,3,3
2452,RAWSUD,2,2
2453,NITMIN,2,2
2454,YIKHIJ,3,3
2455,SOSNUM,3,3
2456,PUJZAX,1,1
2457,FEVHIZ,2,2
2458,QUWRUY,1,1
2459,TURMOB,2,2
2460,SIMCIC,2,2
2461,BOMXOT,2,2
2462,LEZTUF,2,2
2463,HIQKUO,2,2
2464,TEGXEJ,2,2
2465,TUMQEX,3,3
2466,BIQQIB,3,3
2467,AMAMOQ,3,3
2468,QIFBEQ,1,1
2469,JANMER,3,3
2470,CABMAV,3,3
2471,JOBCAI,1,1
2472,QADKOX,2,2
2473,NOLXAQ,2,2
2474,REJQOM,2,2
2475,KIMWIM,1,1
2476,DEDHEA,3,3
2477,DEWPUQ,1,1
2478,OMENUP,2,2
2479,NIVBAX,3,3
2480,UKOSAQ,1,1
2481,AMIGEJ,2,2
2482,IBEFUR,2,2
2483,SULYIH,2,2
2484,RAFJAN,1,1
2485,CUDQAT,2,2
2486,YUZVUN,1,1
2487,RATSIP,2,2
2488,BAFHAV,1,1
2489,HIYZIY,2,2
2490,MIGWII,2,2
2491,BINCOT,3,3
2492,UGAXIM,1,1
2493,SADRIB,3,3
2494,TIHRUX,1,1
2495,BITPON,1,1
2496,REGZAE,3,3
2497,TOBBER,2,2
2498,FODJEO,2,2
2499,PEJHIW,3,3
2500,GISRAD,3,3
2501,PUSWUY,1,1
2502,BEJFUT,2,2
2503,SIBNEW,2,2
2504,BUPKII,3,3
2505,IFEWOH,2,2
2506,CIRDOW,3,3
2507,OHOHIC,2,2
2508,GUWGIP,3,3
2509,UGOVES,2,2
2510,YEJPEM,1,1
2511,GEZNIK,2,2
2512,MINNED,2,2
2513,OWOLUJ,2,2
2514,SISLEO,2,2
2515,YATRAO,2,2
2516,RAPVIP,2,2
2517,LISDIA,2,2
2518,SUNMUL,2,2
2519,QEZNOC,1,1
2520,ZOJNUH,2,2
2521,HEFJOT,1,1
2522,PODMEA,1,1
2523,KOMWAK,3,3
2524,BAMYAT,1,1
2525,OLUMUE,1,1
2526,BENCUT,3,3
2527,UGILIF,3,3
2528,VUWKED,2,2
2529,RABVOG,2,2
2530,RITBIJ,1,1
2531,FENTAV,1,1
2532,CAGROU,2,2
2533,YOQLOG,2,2
2534,NETHAX,3,3
2535,FOJZOU,3,3
2536,OREDIA,2,2
2537,EYAGOB,3,3
2538,IPOGEA,3,3
2539,IQIMUT,1,1
2540,COJQIC,1,1
2541,ZEJWES,3,3
2542,MAQJIZ,2,2
2543,NEXYAS,2,2
2544,DINHOZ,3,3
2545,RARPEG,2,2
2546,UCUQOZ,3,3
2547,BEVCAG,2,2
2548,WIBROO,2,2
2549,TAWJIM,3,3
2550,LIMBAL,1,1
2551,NAPNEZ,2,2
2552,GUDTEE,1,1
2553,OFIZOW,1,1
2554,FORMUW,3,3
2555,WURTEL,1,1
2556,WAJNAW,3,3
2557,CAPHUW,3,3
2558,QIVZEA,1,1
2559,WIJVIX,2,2
2560,DIDDEB,3,3
2561,TAQLUS,2,2
2562,FAZTOT,1,1
2563,PAKFOX,2,2
2564,OHEQUN,3,3
2565,HIKZAE,1,1
2566,YINPOD,2,2
2567,NONPAJ,3,3
2568,NAFGUZ,3,3
2569,HEXROV,1,1
2570,RAJBAG,3,3
2571,SIFYUD,3,3
2572,YESTUM,1,1
2573,SAZTAO,2,2
2574,XEKJEE,3,3
2575,JEWFEX,3,3
2576,ZUCGUC,1,1
2577,WUJFAL,1,1
2578,GILNEU,2,2
2579,ANABAU,1,1
2580,CIGMOW,3,3
2581,GIDFUU,2,2
2582,IFIQAR,3,3
2583,QUKPES,3,3
2584,IDUKEZ,3,3
2585,KIKSAC,1,1
2586,YOQKIA,1,1
2587,IREVIM,3,3
2588,SEGSED,2,2
2589,FICQUF,3,3
2590,LIBQEW,1,1
2591,XAHKEW,2,2
2592,FEQXAD,2,2
2593,DOCZEB,2,2
2594,AZOTIS,2,2
2595,QIHBIW,1,1
2596,DEDFEY,1,1
2597,MEFJUG,1,1
2598,ZIZJOJ,3,3
2599,QAHTOK,3,3
2600,WULLIZ,3,3
2601,XAXCOO,3,3
2602,XIWVIK,2,2
2603,WOKNUF,3,3
2604,KUSQOH,1,1
2605,CEYYOV,2,2
2606,LEPZIQ,3,3
2607,FUTRAN,3,3
2608,PABQOY,3,3
2609,AZAMEW,1,1
2610,TURCOZ,3,3
2611,FIBGOM,2,2
2612,QOLKUY,2,2
2613,TEVHUA,3,3
2614,YIWSUV,2,2
2615,BOJQIC,3,3
2616,SUPYAF,3,3
2617,AYIFAP,3,3
2618,SUSKAU,1,1
2619,JAKBAY,2,2
2620,VAVNEM,3,3
2621,IQEGAM,1,1
2622,UYOROR,3,3
2623,NONWES,3,3
2624,CAHJUT,3,3
2625,BODTUL,2,2
2626,EBUHAL,1,1
2627,WAQPOT,2,2
2628,DESWAA,1,1
2629,FOCJIR,3,3
2630,YELVUG,3,3
2631,MACHUV,1,1
2632,AHENAF,1,1
2633,SEQVAL,2,2
2634,AQUWEP,2,2
2635,SEHWAE,3,3
2636,NETDUP,1,1
2637,KEZMIO,2,2
2638,YUKXOU,1,1
2639,ATUQEL,2,2
2640,EHOYIK,3,3
2641,QUSYUA,2,2
2642,ZIKFAA,3,3
2643,CULPUU,2,2
2644,RAYHOO,1,1
2645,YOWHIB,3,3
2646,QEWROZ,1,1
2647,QIWNEQ,2,2
2648,WOCMUW,2,2
2649,CEQTAT,3,3
2650,XIGYEU,3,3
2651,FEQHEP,1,1
2652,SEFNOI,2,2
2653,XUSSEK,3,3
2654,QORFAF,1,1
2655,PARGOF,1,1
2656,ENGCOB,2,2
2657,OCECAD,3,3
2658,HOTQAK,3,3
2659,FEDXER,2,2
2660,TEPKUU,2,2
2661,BIPBAH,1,1
2662,TALTEF,1,1
2663,GEHWOI,3,3
2664,BUZYEB,2,2
2665,WADBUZ,2,2
2666,VUPNUS,1,1
2667,IWIHAX,3,3
2668,CAWTEB,2,2
2669,XERWUP,3,3
2670,QIDVUV,3,3
2671,TOBPUV,3,3
2672,YOWFEY,1,1
2673,WUVZUJ,2,2
2674,SOXDOA,3,3
2675,NITZEW,3,3
2676,WOJFEJ,2,2
2677,ICATAH,2,2
2678,LIBXOJ,2,2
2679,IJEREV,1,1
2680,HOSFAX,1,1
2681,SOQFUA,3,3
2682,LUSTOI,2,2
2683,FEGVUJ,3,3
2684,MAVJID,3,3
2685,ROGVIW,1,1
2686,XEMYAR,3,3
2687,RANNIE,2,2
2688,JULFUT,3,3
2689,RUZGUQ,2,2
2690,VAJBUH,1,1
2691,KIBTEV,3,3
2692,LEJGEP,3,3
2693,FEKGUA,3,3
2694,UFUGIM,3,3
2695,VUTKUS,3,3
2696,FEQCUA,1,1
2697,OWUZEN,3,3
2698,FEDSUC,1,1
2699,NUTHUG,2,2
2700,JECLIQ,1,1
2701,GOJXUY,1,1
2702,IWOPUI,1,1
2703,NILFOD,3,3
2704,HANVUP,1,1
2705,GIFLAI,2,2
2706,WEPPIT,2,2
2707,WESBIG,2,2
2708,VEBYEI,2,2
2709,JIZQAL,1,1
2710,JARCAG,3,3
2711,RUWBUJ,1,1
2712,QUCCAV,1,1
2713,ALOXAB,3,3
2714,TISLUG,1,1
2715,CUJHAS,3,3
2716,CIBLIL,3,3
2717,MAJJOA,1,1
2718,VUVZUJ,3,3
2719,BILRAQ,3,3
2720,QOBGAT,1,1
2721,PEXDUT,2,2
2722,EGETUG,2,2
2723,HAMQOB,3,3
2724,PORHOU,1,1
2725,CABMOJ,3,3
2726,MOHSIM,2,2
2727,ANIFEJ,2,2
2728,MEHHOY,3,3
2729,TUJTUO,3,3
2730,GEVCUH,1,1
2731,MEKTAY,3,3
2732,TIVHOV,3,3
2733,OJUJUY,3,3
2734,CISYIN,2,2
2735,ZANJUT,2,2
2736,BOFPOC,3,3
2737,AZUNAK,1,1
2738,GEZYER,1,1
2739,KUPDIJ,2,2
2740,BEWNOI,2,2
2741,EPUNEJ,1,1
2742,KEGYOM,3,3
2743,WAWMEP,3,3
2744,LAJHUZ,1,1
2745,XIKHEI,1,1
2746,TIGMIH,3,3
2747,MIFSAY,2,2
2748,LUZTOR,3,3
2749,VESLEK,1,1
2750,DEGHUV,2,2
2751,KAJXOM,1,1
2752,LUCBOA,3,3
2753,EYIZET,3,3
2754,JOWCIK,2,2
2755,OVEWIW,1,1
2756,YEGLEC,3,3
2757,SIWYOP,3,3
2758,YULHIW,3,3
2759,MOGNAZ,2,2
2760,YATPUH,3,3
2761,BUKROP,3,3
2762,CIZKUR,3,3
2763,UWEVAW,1,1
2764,OJABAC,2,2
2765,FIPWOQ,3,3
2766,MAVXUC,3,3
2767,TOPRIZ,2,2
2768,VUGXUR,3,3
2769,LOYYIK,1,1
2770,JEYWIU,3,3
2771,HONCIZ,3,3
2772,VIFVEL,3,3
2773,JEXZES,3,3
2774,EWIJEC,1,1
2775,YOJJEN,1,1
2776,DITCIU,2,2
2777,FURGIK,3,3
2778,JAFXAQ,2,2
2779,HOQDUM,1,1
2780,HUTYED,1,1
2781,SANCUF,3,3
2782,FUJKED,1,1
2783,RIBXAE,3,3
2784,BAZYEG,2,2
2785,XIFYUG,2,2
2786,FEZFEV,2,2
2787,PEWCAZ,1,1
2788,CUHFAN,2,2
2789,YOXFUN,3,3
2790,SAJMEW,3,3
2791,TUZVER,3,3
2792,JOCHOA,2,2
2793,MAPDUD,3,3
2794,VAHWAG,1,1
2795,VARJON,1,1
2796,HIKKOE,2,2
2797,RELZAL,2,2
2798,OHUMOT,2,2
2799,KIVHAY,1,1
2800,COMPAV,1,1
2801,NOGCUJ,3,3
2802,URSCNI,1,1
2803,ZAHJEX,1,1
2804,SIHCIX,2,2
2805,WOTDUE,3,3
2806,HUHPIK,2,2
2807,PIJBEQ,2,2
2808,WIBCAO,3,3
2809,TIGKEZ,2,2
2810,LEQVOT,3,3
2811,NALHOZ,3,3
2812,RIXBIJ,1,1
2813,TILFUS,1,1
2814,QARQEH,3,3
2815,OGAZEB,1,1
2816,NAPFES,3,3
2817,YUPWOV,2,2
2818,AKARIO,1,1
2819,VUCGIK,2,2
2820,TUWZOC,3,3
2821,NACRAK,2,2
2822,DEYDIU,1,1
2823,DAPGOS,3,3
2824,QISDAA,3,3
2825,CEVLEW,3,3
2826,JEYPOS,3,3
2827,WARHUU,3,3
2828,RIQKAD,3,3
2829,CAXFIR,3,3
2830,TOZMUQ,1,1
2831,TUFQEQ,3,3
2832,BIZQIK,2,2
2833,LANNEU,2,2
2834,RESFII,1,1
2835,LORFEE,3,3
2836,YIZLIC,1,1
2837,GELDEG,2,2
2838,GACMIH,1,1
2839,MAMBOV,1,1
2840,DOMLOI,3,3
2841,RAJMEW,2,2
2842,NAYMUY,2,2
2843,TIZFOY,1,1
2844,DOHCEI,1,1
2845,HEDSAO,1,1
2846,OHAPAO,2,2
2847,PAXMIL,2,2
2848,COZQAM,1,1
2849,KEXZES,2,2
2850,AYOVUH,2,2
2851,NEMMUP,2,2
2852,GUSJEM,1,1
2853,UCADAH,1,1
2854,OGIGOC,1,1
2855,GURGIK,3,3
2856,OSIVAQ,1,1
2857,NAKJUH,3,3
2858,CAXVON,1,1
2859,UROQUO,2,2
2860,YADLOE,3,3
2861,ETOVAL,3,3
2862,NUHLEK,1,1
2863,KEWRUZ,2,2
2864,NAJKOY,3,3
2865,HEYNOO,2,2
2866,MADWUL,2,2
2867,IZASEH,2,2
2868,QOLTUJ,1,1
2869,VARHUU,2,2
2870,VULVUT,2,2
2871,COBTEW,1,1
2872,DIQBOY,1,1
2873,ONIVUE,3,3
2874,BOYXUL,1,1
2875,XIGZUM,1,1
2876,CECBOE,2,2
2877,WASWET,3,3
2878,DIRPOJ,3,3
2879,JEJCOR,3,3
2880,OTIDOL,1,1
2881,FUTCON,3,3
2882,FILMUM,1,1
2883,OMOFEB,2,2
2884,YOTLAW,2,2
2885,IKUGOM,3,3
2886,ZUYGAB,3,3
2887,XAKFEW,3,3
2888,FAXJIB,1,1
2889,DUFXUX,2,2
2890,VAVFED,1,1
2891,PEYTAR,2,2
2892,UGUMIT,3,3
2893,FOKXEK,3,3
2894,POFSOT,1,1
2895,VIZXOR,2,2
2896,ISICES,3,3
2897,LIBWIE,2,2
2898,SIXLEQ,3,3
2899,YAPQAI,3,3
2900,ZOMHUG,1,1
2901,JABTIS,3,3
2902,FEXYIT,2,2
2903,RIVPUH,2,2
2904,HABXUH,1,1
2905,PCTXCR,1,1
2906,SIKVOZ,3,3
2907,JARGUF,2,2
2908,WEYQAS,1,1
2909,EMICIP,1,1
2910,SUYXIV,3,3
2911,MOBWAC,2,2
2912,RAGTUP,2,2
2913,WUPDOA,2,2
2914,FANFEH,3,3
2915,FIGYIE,2,2
2916,KALSOG,3,3
2917,PIPMUW,2,2
2918,FEPDAJ,1,1
2919,CUJLUR,1,1
2920,YIMDAZ,3,3
2921,TERWIX,1,1
2922,UTEXID,1,1
2923,YESWEB,3,3
2924,FENKOY,3,3
2925,NOPWOG,3,3
2926,OWAFAV,3,3
2927,HOMXAK,3,3
2928,YOMJEP,2,2
2929,TAMQII,2,2
2930,EMIDOV,3,3
2931,NEDQEW,1,1
2932,SIRPIU,1,1
2933,RIZJER,1,1
2934,RECYAC,3,3
2935,ATESUQ,1,1
2936,RIRBUR,2,2
2937,UHEFOC,2,2
2938,MHCOFE,2,2
2939,USECOL,2,2
2940,QAPYIP,1,1
2941,ZIHPUD,1,1
2942,HIMJUJ,3,3
2943,OLUKUC,3,3
2944,XUHRID,1,1
2945,HOQXEQ,2,2
2946,MAZZAS,1,1
2947,YOVCIV,1,1
2948,XUVZAQ,3,3
2949,RINWIV,2,2
2950,KOJXIQ,1,1
2951,WAXHIM,2,2
2952,ARIKUI,1,1
2953,NEKKIY,1,1
2954,MOWWEB,2,2
2955,EMAYEW,3,3
2956,WAPNUA,1,1
2957,KEGQOD,3,3
2958,OCUTIP,2,2
2959,RIBHEQ,3,3
2960,AGEBIY,1,1
2961,EXACAH,2,2
2962,FUVLEP,2,2
2963,SUGWEZ,1,1
2964,XEHYOB,3,3
2965,SULMUI,1,1
2966,VAVMUB,2,2
2967,QAVJOO,3,3
2968,VEQLIM,2,2
2969,XOPNEY,1,1
2970,BIHHAB,2,2
2971,AFIHEC,1,1
2972,JATDUE,1,1
2973,GOCPUK,1,1
2974,RUHDAA,1,1
2975,LUJCEY,3,3
2976,SEYCIL,3,3
2977,LIYWOI,2,2
2978,ZETNAN,2,2
2979,TEVKEN,3,3
2980,OKOFOL,1,1
2981,VAHGES,2,2
2982,MERCIV,3,3
2983,VUJNAR,3,3
2984,XOCSIT,3,3
2985,TOLDEF,3,3
2986,LALXAB,1,1
2987,HIMXIM,3,3
2988,LORMUC,3,3
2989,EWIDIX,3,3
2990,PUTTIK,1,1
2991,WENPAH,2,2
2992,HIPBAK,3,3
2993,ABEZAJ,1,1
2994,QEYDEF,2,2
2995,BADHAS,2,2
2996,UKONUE,3,3
2997,GECLUY,2,2
2998,BETDIO,2,2
2999,FAPNOB,2,2
3000,KETWUD,3,3
3001,OLUYID,3,3
3002,SIJLAY,1,1
3003,HEYYOB,2,2
3004,ERAFOS,1,1
3005,ACUGIP,1,1
3006,BOCKUA,3,3
3007,HOBKEP,1,1
3008,PABYOG,3,3
3009,KODQAV,1,1
3010,NIVHUV,1,1
3011,REKVUZ,3,3
3012,EMOPOO,1,1
3013,VUMWOR,2,2
3014,CEHTIV,3,3
3015,BIYSOS,1,1
3016,XOXZER,3,3
3017,VEZJIU,2,2
3018,ZETPIA,3,3
3019,EVENEB,1,1
3020,RISJEI,2,2
3021,LUFNUY,1,1
3022,ZIBLUT,1,1
3023,YUYNOX,1,1
3024,WAYLAJ,2,2
3025,SUSZAI,1,1
3026,TUSSUW,3,3
3027,YEKGUR,3,3
3028,OFAJUA,1,1
3029,PUHXUM,3,3
3030,AVOBUI,3,3
3031,WUHQAS,3,3
3032,KAWTAF,1,1
3033,UQUXAG,2,2
3034,XISROK,1,1
3035,VIHXEQ,3,3
3036,MAJBAC,3,3
3037,MIKWEJ,1,1
3038,LIJHUK,2,2
3039,FORNIL,2,2
3040,ZACLIC,1,1
3041,ULANIF,1,1
3042,OBOREC,2,2
3043,CAZWEH,3,3
3044,VIBDIU,2,2
3045,YIKGOR,2,2
3046,HINMAS,2,2
3047,HIWBOI,1,1
3048,GOXLOX,1,1
3049,TULJAO,1,1
3050,DELTET,1,1
3051,AKAREL,2,2
3052,PERROV,3,3
3053,LEGXUQ,2,2
3054,QOKZUL,3,3
3055,SCHXCO,2,2
3056,CAVQEY,1,1
3057,MARPEC,3,3
3058,PIYTUN,3,3
3059,IROBIC,3,3
3060,MEDXIE,3,3
3061,HIVTUB,2,2
3062,GISJEY,3,3
3063,WOBDAS,2,2
3064,XEFBUI,2,2
3065,DAWWEE,2,2
3066,MONXES,2,2
3067,JURMAM,2,2
3068,MADRER,3,3
3069,EPENAP,1,1
3070,KITWAO,2,2
3071,TOSQIB,1,1
3072,PEDPOG,2,2
3073,XEZWIM,1,1
3074,XIYYAJ,1,1
3075,KUFNEF,3,3
3076,CEDNUX,2,2
3077,AXAVAZ,1,1
3078,CETJIW,1,1
3079,GEZQIO,1,1
3080,EFIJEK,3,3
3081,MOPPOY,2,2
3082,EGALAD,1,1
3083,MAZTAK,3,3
3084,DERKOD,2,2
3085,DENREW,3,3
3086,TUKZEE,2,2
3087,QAJDIR,3,3
3088,KOLPUW,2,2
3089,LUXCOZ,1,1
3090,PAJVUU,3,3
3091,XUYWAQ,3,3
3092,FOBXID,3,3
3093,AHAJEY,3,3
3094,EPEBUX,3,3
3095,LABHIG,3,3
3096,RAHREA,2,2
3097,AXIKID,3,3
3098,WUWJOP,1,1
3099,GORYIV,2,2
3100,UFUHAI,1,1
3101,HAHQOY,3,3
3102,UGAYAF,1,1
3103,SOWVOR,2,2
3104,TEHCAO,1,1
3105,DALPEO,1,1
3106,REKJIE,1,1
3107,ABOFAZ,3,3
3108,ECOQOD,2,2
3109,UCAZED,2,2
3110,VOBDAS,1,1
3111,YEFBUI,3,3
3112,QOPVEW,3,3
3113,POKZUL,2,2
3114,ROHDID,3,3
3115,YUXZOH,3,3
3116,ZACBEO,1,1
3117,TOWZEN,1,1
3118,GIQGUK,3,3
3119,ADESOR,1,1
3120,MIWLUB,3,3
3121,PAYPOU,2,2
3122,HEFRIV,1,1
3123,LALMUH,3,3
3124,XIQTOH,3,3
3125,XITLER,3,3
3126,FIDRIT,1,1
3127,GILHES,1,1
3128,WEFMEB,1,1
3129,UYEQOF,3,3
3130,XUDDAB,2,2
3131,DURRUE,3,3
3132,BONWUX,2,2
3133,KUDVOU,3,3
3134,REKZOY,3,3
3135,FIBTUJ,1,1
3136,WOLMIT,2,2
3137,ROBDUK,3,3
3138,FOLFAN,1,1
3139,GIGGOV,2,2
3140,JOFGIU,3,3
3141,RADDAD,2,2
3142,OHONEF,3,3
3143,DEFHIG,1,1
3144,VECRII,1,1
3145,UWONUQ,2,2
3146,RECGEO,2,2
3147,TAXJUY,2,2
3148,MAWXIR,1,1
3149,SINYIY,1,1
3150,XIGCUO,3,3
3151,KUSNAP,1,1
3152,NODMIF,2,2
3153,USESES,2,2
3154,CIBJIJ,2,2
3155,BEPQAO,3,3
3156,XIMTIZ,3,3
3157,TULCIM,2,2
3158,ROBFOG,1,1
3159,MUTKAO,3,3
3160,CEGYIA,1,1
3161,LEQQEF,3,3
3162,QULQAR,3,3
3163,JORMEK,3,3
3164,ACOZIE,2,2
3165,WIJBUN,2,2
3166,ZOSBIU,3,3
3167,FEWZEO,3,3
3168,SUDWUM,1,1
3169,XOZLON,1,1
3170,VAYWUO,3,3
3171,ZENDAA,3,3
3172,WOTHOF,1,1
3173,PUTDAK,1,1
3174,HOVQAN,1,1
3175,NIDVUR,3,3
3176,RETXOD,3,3
3177,JEVHUR,1,1
3178,XOBLUV,3,3
3179,COYMAF,3,3
3180,VERGIK,1,1
3181,GEWCIY,1,1
3182,PIRNEJ,3,3
3183,HUCJUL,3,3
3184,FACFUM,3,3
3185,THOCCR,2,2
3186,GUGYIQ,2,2
3187,USAVES,1,1
3188,IVAQIG,3,3
3189,OWOFOX,3,3
3190,UCIWIN,3,3
3191,BERGEO,1,1
3192,TIYTAA,1,1
3193,KIGTEZ,2,2
3194,DAJXUJ,1,1
3195,QOFSAH,1,1
3196,NEXDUP,2,2
3197,KIJHIW,2,2
3198,ZIQJOC,1,1
3199,LINZUF,3,3
3200,PUSZIM,3,3
3201,KIRDEX,3,3
3202,GOGGEO,2,2
3203,HISYEN,1,1
3204,TENGEB,3,3
3205,CAPNUF,3,3
3206,DOYQOY,1,1
3207,NINXEQ,2,2
3208,BOJRUO,3,3
3209,SAWGEF,3,3
3210,TAZPEQ,2,2
3211,DOHTIG,2,2
3212,JELYOS,1,1
3213,DITSAB,2,2
3214,KAHXOH,3,3
3215,WUPZIR,2,2
3216,NICSIF,1,1
3217,DAKLUZ,2,2
3218,UJEKAW,2,2
3219,UDAMUL,1,1
3220,JAPJIW,2,2
3221,RIPQAL,3,3
3222,OBOKIB,2,2
3223,SOFDIA,1,1
3224,FIRWOT,3,3
3225,AGISEQ,2,2
3226,SOFCOG,2,2
3227,CERGEO,2,2
3228,DUSSOC,1,1
3229,YIHKEF,1,1
3230,FITTNS,2,2
3231,FAMMEN,2,2
3232,VETDIH,2,2
3233,ODOGUL,3,3
3234,KULRIU,3,3
3235,PEZSUK,3,3
3236,XOJTAU,2,2
3237,NEBRIW,1,1
3238,RASKOL,3,3
3239,SOTCIP,3,3
3240,SOJKAE,1,1
3241,MICSAU,2,2
3242,YORHIY,1,1
3243,VIDGIA,2,2
3244,ASASUJ,1,1
3245,ZEQQAQ,2,2
3246,TILCEZ,1,1
3247,JODVIL,1,1
3248,FAPBUV,2,2
3249,CEQBEF,1,1
3250,POFDAR,3,3
3251,DEYMOK,1,1
3252,PALNAS,2,2
3253,HABFEV,1,1
3254,NEHBEI,2,2
3255,QISHOP,3,3
3256,KUDJID,3,3
3257,DOCNOY,3,3
3258,NACPAI,1,1
3259,ANECOM,2,2
3260,BOKQAW,3,3
3261,UFUDAD,3,3
3262,AMAWER,2,2
3263,MAQWIK,2,2
3264,ONABOW,3,3
3265,ATOQIK,2,2
3266,UYAXOK,1,1
3267,INELAR,1,1
3268,SBZMPD,3,3
3269,HICJOV,2,2
3270,KIYGOP,1,1
3271,XUCHAF,3,3
3272,VUJWUU,1,1
3273,IKESOG,2,2
3274,HOLBUF,2,2
3275,FUNLEF,3,3
3276,TAVZEZ,1,1
3277,IRIJOK,2,2
3278,PIWXUQ,2,2
3279,XECTEE,1,1
3280,LAJNAN,3,3
3281,ACAQOK,3,3
3282,QACFEH,3,3
3283,KEHYEC,3,3
3284,ZORMIE,2,2
3285,GEGNIQ,3,3
3286,ZOLKOC,3,3
3287,LIXFIJ,1,1
3288,RAXFIH,3,3
3289,EZICUL,3,3
3290,FADFAV,1,1
3291,YOXDUL,3,3
3292,ZOVVAJ,3,3
3293,QASNOP,2,2
3294,EJUHUO,1,1
3295,UMAPOP,3,3
3296,OPEJAW,3,3
3297,FEZDET,2,2
3298,UKEBES,3,3
3299,HICMIP,2,2
3300,BOPQED,3,3
3301,LAGLEL,1,1
3302,IPOQUA,2,2
3303,MAQPOM,3,3
3304,XUDQOF,1,1
3305,CAJZEW,1,1
3306,JEXXEQ,3,3
3307,IDUVEK,3,3
3308,LAMWON,3,3
3309,YAZQEW,3,3
3310,LIBBIJ,2,2
3311,INITIL,1,1
3312,ABUPIX,1,1
3313,YENFED,1,1
3314,IGODIR,2,2
3315,JUNFAC,1,1
3316,CERRIC,2,2
3317,OJEZAE,2,2
3318,KIVZEX,2,2
3319,PEZDAC,2,2
3320,JATMEA,1,1
3321,VIXRAW,3,3
3322,WACDAG,2,2
3323,OMUWEZ,2,2
3324,TACTOH,2,2
3325,NONVUI,2,2
3326,XIWKIZ,3,3
3327,GOSQOW,3,3
3328,POHFOI,1,1
3329,NEGFAH,3,3
3330,EMOKAS,2,2
3331,DUCYIM,1,1
3332,AXEDUE,3,3
3333,TOFDAX,1,1
3334,AQICIN,1,1
3335,SUYCEU,1,1
3336,POFSUZ,1,1
3337,TIBXEH,1,1
3338,BEJWOF,3,3
3339,ZEQFUY,2,2
3340,BIJKEM,2,2
3341,SEPXET,1,1
3342,LIKROM,3,3
3343,TIPCUR,3,3
3344,IFIWUQ,3,3
3345,TOSTAZ,1,1
3346,CISZAG,3,3
3347,HIMJOD,3,3
3348,WUXPUD,1,1
3349,HEZYIX,3,3
3350,VOLVIC,3,3
3351,ABOQUE,3,3
3352,EYUPAR,2,2
3353,AFOYAV,2,2
3354,OGETOJ,3,3
3355,BESFIS,1,1
3356,REVPUF,1,1
3357,LOQVET,3,3
3358,GOPDIB,3,3
3359,MIKPUV,1,1
3360,EYIPEH,3,3
3361,HASMOD,1,1
3362,BILQIX,3,3
3363,IGIGIQ,2,2
3364,CYMPFE,2,2
3365,ZIRTOJ,2,2
3366,NUXVIM,2,2
3367,GALLIR,3,3
3368,YILLIP,3,3
3369,AQIFUD,2,2
3370,FIKZOP,2,2
3371,ONIQIM,3,3
3372,ZELYAU,1,1
3373,KIXFUV,3,3
3374,ZIDCUM,3,3
3375,SIDPIF,1,1
3376,MUZNIE,3,3
3377,LUNCAB,1,1
3378,OKIWIQ,3,3
3379,HUCDOZ,3,3
3380,ZEHBIZ,3,3
3381,PIBHUD,3,3
3382,RUPSAZ,1,1
3383,UQOWED,2,2
3384,ALOBEJ,3,3
3385,OZEVAR,2,2
3386,CEHDUS,1,1
3387,CIYQOQ,3,3
3388,KOGQED,2,2
3389,GITXOZ,3,3
3390,WAGZUB,3,3
3391,ESIKAT,2,2
3392,ZUWLIP,1,1
3393,ZIKWUO,2,2
3394,NAVNOO,3,3
3395,XIYBAJ,3,3
3396,DEDROU,3,3
3397,MEMDOX,3,3
3398,LEJQUP,3,3
3399,LANBIL,2,2
3400,AGOBOO,3,3
3401,SUMGEP,1,1
3402,FUNPUZ,3,3
3403,GUJWOA,1,1
3404,DOXWET,3,3
3405,ZIHNEM,3,3
3406,XINDEH,1,1
3407,JIHLEU,1,1
3408,BOVBAS,3,3
3409,PIHVAD,2,2
3410,RUPZIO,1,1
3411,ZURDEV,2,2
3412,KOCTED,1,1
3413,OJOVIU,3,3
3414,SUPHUH,2,2
3415,BOJBEI,3,3
3416,IMOHOK,1,1
3417,EHAZAP,3,3
3418,KEWROT,2,2
3419,YEMCEZ,3,3
3420,QOLTOD,3,3
3421,ICAWIV,2,2
3422,VIYHOC,2,2
3423,HUBNEZ,3,3
3424,WAYNOC,1,1
3425,CAMHYN,3,3
3426,KEJHEM,3,3
3427,ULOPUI,1,1
3428,CITSIL,1,1
3429,XEGHID,3,3
3430,HIJJOZ,3,3
3431,TEKMEE,2,2
3432,LOLREJ,3,3
3433,QEHXUW,3,3
3434,RULCAC,2,2
3435,HEWNUS,1,1
3436,SEJKEY,3,3
3437,BISJES,2,2
3438,JUYPAU,1,1
3439,QARMOM,2,2
3440,TEBDOT,3,3
3441,XUQCUH,3,3
3442,KASTII,3,3
3443,NOCFOD,2,2
3444,RIGBIU,3,3
3445,EBTFEC,2,2
3446,KUJCAT,2,2
3447,XAFXIO,2,2
3448,WAVTAR,3,3
3449,BUWJUY,3,3
3450,EQOKOL,1,1
3451,AKOWON,2,2
3452,CXPHOW,2,2
3453,EHIBUS,3,3
3454,EDAXAK,3,3
3455,LECZEZ,2,2
3456,GARJOC,1,1
3457,OBIZAC,3,3
3458,HUBPOJ,3,3
3459,ITITOU,3,3
3460,HAWXIO,3,3
3461,OXPRMN,2,2
3462,EGUDAL,1,1
3463,COWZUK,3,3
3464,SIZCUA,3,3
3465,LUZGAP,1,1
3466,PIJNIH,1,1
3467,FUVNER,1,1
3468,SOSVEB,2,2
3469,BOJKOC,1,1
3470,BETXAB,3,3
3471,WEKXUH,1,1
3472,ZAKTIR,2,2
3473,KAWQII,2,2
3474,JILGIY,1,1
3475,HUDMEY,3,3
3476,REHMEZ,1,1
3477,UGANUN,3,3
3478,FEHZID,2,2
3479,AKOGIR,3,3
3480,KERMAW,1,1
3481,EDUPUQ,2,2
3482,SODYIU,3,3
3483,QATLUU,3,3
3484,MABTOA,3,3
3485,FOLTIL,3,3
3486,KIHLEU,2,2
3487,TONGOU,3,3
3488,DIZQAE,2,2
3489,WOMKOZ,2,2
3490,BEBZOX,2,2
3491,UTIWUR,3,3
3492,RAFGEK,3,3
3493,FODPAP,1,1
3494,DISVEG,3,3
3495,MENMUR,1,1
3496,MOZGIU,1,1
3497,EGONAT,1,1
3498,FIRWUZ,3,3
3499,SEQRAH,3,3
3500,FOCNIV,2,2
3501,EKOKEV,2,2
3502,BAYWAZ,2,2
3503,HOFBEJ,3,3
3504,JEZLUV,3,3
3505,QEBQOF,3,3
3506,ANOXIL,2,2
3507,YIHYAP,1,1
3508,YIQVOJ,2,2
3509,XUSYIT,1,1
3510,FOHXOR,2,2
3511,TADZON,2,2
3512,QIQYAU,1,1
3513,QIRKAF,3,3
3514,CIMLOA,2,2
3515,WEWSOH,3,3
3516,QUWXUE,1,1
3517,ICIHUX,3,3
3518,MIJXIN,2,2
3519,TEHFET,2,2
3520,FOLJOH,2,2
3521,DISJUL,3,3
3522,VIXROK,3,3
3523,KASZIQ,3,3
3524,ZIZWAG,1,1
3525,SILDEY,3,3
3526,CEZVAH,2,2
3527,AGAKIC,3,3
3528,AFUZIL,2,2
3529,QEQWUF,2,2
3530,FURREP,3,3
3531,SOMYEZ,3,3
3532,NUWKOF,1,1
3533,RAMVEI,1,1
3534,DOSXAM,1,1
3535,IBENOU,2,2
3536,NEWYEV,3,3
3537,WAZROH,1,1
3538,REDYUX,3,3
3539,GUTFEI,3,3
3540,TADJIR,1,1
3541,SUNBIM,1,1
3542,GAPKER,1,1
3543,FAGTOY,3,3
3544,OCABAW,2,2
3545,QERGON,1,1
3546,SINBEZ,3,3
3547,KEXQAG,3,3
3548,QUKTEW,2,2
3549,WAPGIF,3,3
3550,BOHSID,2,2
3551,AXIWAI,1,1
3552,VUDKIO,2,2
3553,MIYBAZ,2,2
3554,OZASOY,2,2
3555,LOMHEB,3,3
3556,FAHNAH,1,1
3557,OYEGEF,3,3
3558,JUBYAG,2,2
3559,MOVDUY,3,3
3560,XACNAR,3,3
3561,EWANUN,3,3
3562,AGUXIK,3,3
3563,MOSPIT,1,1
3564,GIKVUS,3,3
3565,RETDEA,2,2
3566,QERPOT,3,3
3567,OFASAQ,3,3
3568,NONTAN,1,1
3569,FESTOP,3,3
3570,BUSZAS,2,2
3571,BAQSER,3,3
3572,QESZET,1,1
3573,SEFDAI,1,1
3574,SICNOK,3,3
3575,WEKMAB,1,1
3576,GOZQAP,1,1
3577,BEMLUA,3,3
3578,DAJXOD,1,1
3579,WOZSAH,3,3
3580,CUBCUY,3,3
3581,RAQQEJ,1,1
3582,CEXNID,1,1
3583,GOSVER,2,2
3584,VANTUA,3,3
3585,XADWOR,3,3
3586,YEMFUS,3,3
3587,XEMTIT,1,1
3588,TASLOO,1,1
3589,NANWUU,2,2
3590,AGAYUD,2,2
3591,OLUGUY,3,3
3592,COSTIN,2,2
3593,ZAVLUD,3,3
3594,KUFLED,2,2
3595,ADOCOO,2,2
3596,XUQFEV,3,3
3597,NOQVAS,1,1
3598,XONHUE,2,2
3599,MIMXIP,1,1
3600,QEZQUI,1,1
3601,XIDXEO,1,1
3602,XUJXIJ,3,3
3603,BOFMAN,2,2
3604,VETTUM,3,3
3605,YATTUL,3,3
3606,RAVVAM,1,1
3607,QUKDAC,2,2
3608,KATZIO,3,3
3609,FIHSUM,2,2
3610,ISENAV,3,3
3611,ECOQUJ,2,2
3612,USATEQ,1,1
3613,NEYPOY,3,3
3614,KAPVAZ,1,1
3615,IFUKOK,3,3
3616,YAKDIA,2,2
3617,BAGHIB,3,3
3618,GAGMAG,1,1
3619,XILGUU,3,3
3620,YODZUM,3,3
3621,DERKUJ,2,2
3622,XAJWOW,3,3
3623,ZOWRIM,3,3
3624,OFACEE,2,2
3625,TUDROB,3,3
3626,HEHGIK,3,3
3627,ENOQUV,3,3
3628,KIJTAZ,3,3
3629,VEKCOF,3,3
3630,TUQLAS,2,2
3631,RUQWIJ,2,2
3632,AVUSUF,3,3
3633,AFUMIA,2,2
3634,OMEHAS,1,1
3635,ARADUU,1,1
3636,KUMDIG,2,2
3637,QARZAK,3,3
3638,YOXQAF,2,2
3639,YAKZAN,2,2
3640,LATZUD,1,1
3641,FOMKUN,3,3
3642,JEDMUA,2,2
3643,GUKZOD,3,3
3644,IBIHOS,3,3
3645,METBET,2,2
3646,HUFBAL,3,3
3647,AXADEL,1,1
3648,WUXBEW,1,1
3649,TUGYAX,2,2
3650,VERWUN,2,2
3651,YAKVUF,1,1
3652,QUGREQ,3,3
3653,JOZROH,2,2
3654,EYIWOZ,3,3
3655,SUBJEG,3,3
3656,LIJHOE,2,2
3657,TEYCAB,1,1
3658,FICNAG,2,2
3659,QUZJUS,2,2
3660,UGARIF,3,3
3661,LISPAE,1,1
3662,PEZQUI,3,3
3663,KIBPER,2,2
3664,WAJTIK,3,3
3665,WEYDOW,2,2
3666,RANJIA,2,2
3667,ENUNAD,3,3
3668,LITYIY,3,3
3669,KASCEP,2,2
3670,SOSQOG,2,2
3671,OJAVED,1,1
3672,IWUPUM,3,3
3673,ODICIP,2,2
3674,XOXXIS,2,2
3675,HOVTEU,1,1
3676,XANLEG,3,3
3677,WELSIS,3,3
3678,UDOCAT,2,2
3679,FANVUN,3,3
3680,BIPQAV,1,1
3681,FEVPUV,1,1
3682,GARQUM,3,3
3683,QEDBIN,3,3
3684,LAYTEN,2,2
3685,KAHZOJ,3,3
3686,WEZQIB,3,3
3687,XESROE,3,3
3688,ZOPWUY,2,2
3689,AWIZAJ,2,2
3690,OQOCAZ,3,3
3691,JUYNEY,2,2
3692,NEZWUK,2,2
3693,LUMHAD,2,2
3694,HADBOG,3,3
3695,AHUBIR,1,1
3696,XATHEG,2,2
3697,LAWMIJ,1,1
3698,RELFEW,2,2
3699,MAYTEL,2,2
3700,UZOPEF,3,3
3701,TIFXUC,3,3
3702,GAVXAG,1,1
3703,NEDZAA,3,3
3704,TUTMEB,2,2
3705,ZOGJEK,3,3
3706,LEKWEF,3,3
3707,CATRAT,2,2
3708,COGWOO,1,1
3709,KEMZUB,1,1
3710,JAPMUJ,2,2
3711,ABAZIP,2,2
3712,ROBJAT,2,2
3713,PEKVIN,2,2
3714,NILWUC,3,3
3715,FAJFOM,3,3
3716,FEWXEO,1,1
3717,TIHMOP,3,3
3718,HIGTUM,1,1
3719,KOHBOA,1,1
3720,BIGYIZ,3,3
3721,MUZNED,1,1
3722,XAJWOU,1,1
3723,MURFUD,1,1
3724,NUKYUQ,1,1
3725,NEKGIV,3,3
3726,ASIGOZ,2,2
3727,TOHMEI,2,2
3728,JIBGEJ,3,3
3729,WOWVAF,2,2
3730,WIRGIP,3,3
3731,IXUHOZ,3,3
3732,YIXHET,2,2
3733,YAHVIP,2,2
3734,NUJVAS,1,1
3735,OPECET,3,3
3736,QUMWEA,1,1
3737,CAPWAT,3,3
3738,UCIBIT,1,1
3739,RIXWED,3,3
3740,TAHRAY,1,1
3741,DESDAJ,3,3
3742,PMCCOC,2,2
3743,JUCSIM,1,1
3744,OMAMAQ,3,3
3745,KOTGUY,1,1
3746,OXPRCP,2,2
3747,VONPEV,3,3
3748,VOMBEE,2,2
3749,IXOLOZ,1,1
3750,PITQOY,2,2
3751,JIBPEP,2,2
3752,OSIDIF,1,1
3753,INOYIU,3,3
3754,BOFMAL,2,2
3755,RIFJUO,3,3
3756,NEQCIV,2,2
3757,ZIRZOP,2,2
3758,LIWYUO,2,2
3759,XAGPUU,1,1
3760,CEVNIC,3,3
3761,NORDAB,3,3
3762,TETVEX,1,1
3763,HESGOE,1,1
3764,JETLUQ,2,2
3765,BOJPUO,3,3
3766,BEPTEV,3,3
3767,HEFWOG,3,3
3768,RUJYAW,1,1
3769,SISFEF,3,3
3770,FURLOU,2,2
3771,XIXCUE,1,1
3772,LAYCEV,3,3
3773,CICBAU,3,3
3774,POTVAY,1,1
3775,AWICOA,2,2
3776,QICYEH,3,3
3777,YAQYEU,3,3
3778,GEQKAO,3,3
3779,UWUMIL,1,1
3780,HIMFUE,3,3
3781,BEXKUL,1,1
3782,UROXIJ,3,3
3783,WEPFUU,2,2
3784,XAPFUT,1,1
3785,QODWAK,1,1
3786,IZUGUI,1,1
3787,NIQFOK,2,2
3788,EZEWEL,2,2
3789,WELSIQ,3,3
3790,BUJLAU,3,3
3791,TOQBIL,3,3
3792,LEJHUG,1,1
3793,HACRIP,3,3
3794,AVUVIY,2,2
3795,EFUQOO,3,3
3796,JEGDAB,3,3
3797,KATHUJ,3,3
3798,KOLYEQ,3,3
3799,YAQRUD,1,1
3800,XOBKIK,3,3
3801,NOSYIG,1,1
3802,BIXRAE,3,3
3803,BILMUE,2,2
3804,ZERVAX,1,1
3805,CDASCO,2,2
3806,COVKEG,1,1
3807,ODERIY,3,3
3808,QUJYID,2,2
3809,HIYPIP,2,2
3810,KAPQEA,2,2
3811,FUVGAF,1,1
3812,JIMCAK,1,1
3813,YOCVAN,2,2
3814,OWIPOA,2,2
3815,SUSTUV,3,3
3816,YEDJAU,3,3
3817,SOTVIJ,2,2
3818,NAWJEB,2,2
3819,PUYJIE,2,2
3820,DAXHOZ,2,2
3821,RUNKAM,2,2
3822,ZIDQEK,3,3
3823,KARYIN,2,2
3824,EXIWUD,2,2
3825,WATKAF,2,2
3826,GEVROO,2,2
3827,KASTEH,1,1
3828,KUMJEI,2,2
3829,CIJNUF,3,3
3830,ESOJUR,3,3
3831,UDEJUL,1,1
3832,MEVSEO,2,2
3833,HAFZEV,1,1
3834,FAXHEV,1,1
3835,ODITIH,3,3
3836,NEGDUZ,3,3
3837,OCOYUB,3,3
3838,HIPYAI,2,2
3839,YELNEJ,2,2
3840,SEGYIN,3,3
3841,VACMES,1,1
3842,JIRHIC,3,3
3843,ERULUB,1,1
3844,DEWXOT,3,3
3845,MEPLUP,3,3
3846,ALAGUS,1,1
3847,KUVMET,2,2
3848,ZANREN,3,3
3849,BOQKEY,1,1
3850,FUNRAH,3,3
3851,ASASOF,1,1
3852,ILUNAE,2,2
3853,QAHGOW,2,2
3854,IFOHIX,3,3
3855,KUFROV,1,1
3856,ZEPPAL,1,1
3857,NARPUT,3,3
3858,MBYPTA,3,3
3859,PUMPAO,1,1
3860,HAYXEK,2,2
3861,RINBEX,3,3
3862,RECNUI,2,2
3863,UCEDIR,2,2
3864,YODMUB,2,2
3865,VEZXAB,1,1
3866,AYIKIC,3,3
3867,GAQVOJ,3,3
3868,HOWKUA,2,2
3869,DAYLIA,2,2
3870,IROWIY,1,1
3871,SEKXOY,3,3
3872,YIDFOJ,2,2
3873,WEFQOR,1,1
3874,GASRUR,1,1
3875,EGABUL,3,3
3876,MAYHUP,1,1
3877,QOZQEE,1,1
3878,BILHIO,2,2
3879,DACHIA,3,3
3880,WAQCOH,3,3
3881,EPELAP,1,1
3882,JIYYIA,3,3
3883,TAYYIC,3,3
3884,WIJKEH,2,2
3885,MOKLAZ,1,1
3886,XOTLUP,2,2
3887,PEZTIA,3,3
3888,YIVHEQ,3,3
3889,COFDIN,3,3
3890,TOZZAL,3,3
3891,TOWDUE,2,2
3892,MIGTAB,1,1
3893,NOXHIR,2,2
3894,VEWSOJ,1,1
3895,XADWOP,2,2
3896,XADYAC,1,1
3897,DAFPAD,3,3
3898,COXBOH,2,2
3899,KICTAT,3,3
3900,NIYBIK,1,1
3901,CAMTES,2,2
3902,GUGBEP,3,3
3903,FUMGEB,2,2
3904,UBEFIU,1,1
3905,PORRET,3,3
3906,IXIHIH,1,1
3907,UJOKEK,3,3
3908,EFUHAQ,3,3
3909,QOTFEM,2,2
3910,XAWZEA,1,1
3911,HEDDUR,1,1
3912,YORMOH,1,1
3913,IGOCAJ,2,2
3914,YUQZUH,3,3
3915,LUKLEK,3,3
3916,APBNLA,1,1
3917,KOMCIZ,3,3
3918,NONTAL,1,1
3919,FIPZEJ,3,3
3920,LUNSIW,2,2
3921,OXEKIO,1,1
3922,KEXHOL,3,3
3923,GEKFIM,2,2
3924,ROYCOZ,2,2
3925,QANCIR,1,1
3926,OZOQUR,3,3
3927,XITYEH,3,3
3928,YOZYOC,2,2
3929,DIVGEU,3,3
3930,FIDPIT,3,3
3931,UXUWIU,3,3
3932,QUQGEO,3,3
3933,KEGTEV,1,1
3934,WAGHES,2,2
3935,HUGVAI,2,2
3936,UPAPUZ,1,1
3937,XAKSIN,2,2
3938,HUXSEZ,2,2
3939,BUYSUK,3,3
3940,ADIYAP,3,3
3941,GOPXUH,1,1
3942,ECUPIB,1,1
3943,VIWJUH,3,3
3944,QEMBET,1,1
3945,PEBQAO,1,1
3946,VEBJIV,2,2
3947,MUNXUR,1,1
3948,XOFPOX,1,1
3949,GEBZUI,3,3
3950,CAHRIM,3,3
3951,QAPRAE,1,1
3952,WUWVIT,2,2
3953,MIDVIF,3,3
3954,LORMOX,1,1
3955,YOTBUH,1,1
3956,AKEBIB,3,3
3957,WAWYOI,2,2
3958,KIFPUN,2,2
3959,NONZAT,3,3
3960,FOPSIM,2,2
3961,ZUGCEL,2,2
3962,DEFJED,3,3
3963,EZITUC,3,3
3964,WOQLAP,2,2
3965,XAWTEY,1,1
3966,KIJJET,3,3
3967,KEPKAV,1,1
3968,LANBIN,3,3
3969,XOVDUK,1,1
3970,GEGPAK,1,1
3971,KUCCAM,2,2
3972,ABUYAX,3,3
3973,TAQFUM,2,2
3974,RANTOP,1,1
3975,RAMFOC,3,3
3976,OJILEB,1,1
3977,POWDOV,3,3
3978,EMIFOV,3,3
3979,JEVFOF,3,3
3980,MIBLES,1,1
3981,SONLOY,3,3
3982,XOQXEI,2,2
3983,RIXWIG,1,1
3984,JORHON,3,3
3985,ZIHRUD,2,2
3986,JOQTAN,2,2
3987,VISXUR,3,3
3988,HUMFUQ,3,3
3989,CILXAX,2,2
3990,ZUCFEL,1,1
3991,BUJLOI,3,3
3992,XAFJUJ,2,2
3993,JUJCAV,1,1
3994,JODDAL,1,1
3995,LALDIM,3,3
3996,ETUNIT,1,1
3997,CUXKOX,3,3
3998,TESFON,2,2
3999,VAWYOI,1,1
4000,RUYZIV,2,2
4001,IHICAE,1,1
4002,AKUTIJ,1,1
4003,NIJVAG,2,2
4004,KAZMEF,2,2
4005,FIFHOS,3,3
4006,ICUCOZ,3,3
4007,PICKUL,1,1
4008,OBEROC,3,3
4009,ZORHUM,2,2
4010,UJEKUP,3,3
4011,ABAJAP,3,3
4012,WIWJUH,2,2
4013,XAFQAX,1,1
4014,EGUDAN,3,3
4015,NIPRAG,2,2
4016,WOZQUZ,3,3
4017,REWQOB,3,3
4018,TEPCOG,3,3
4019,ECIYIY,1,1
4020,MOQFAB,3,3
4021,XAPSAI,1,1
4022,COJBEK,2,2
4023,ATAVOJ,1,1
4024,HOKYAH,3,3
4025,ECOTEV,2,2
4026,XIXHIW,2,2
4027,MOVHOX,1,1
4028,NUBBOD,3,3
4029,OXUCOC,1,1
4030,VOHSIV,3,3
4031,BUZTAR,2,2
4032,BILXAX,2,2
4033,XUQCUJ,3,3
4034,RAQXAI,1,1
4035,MEYPIT,1,1
4036,QOBTOT,3,3
4037,REXBIF,1,1
4038,GAYBAJ,1,1
4039,LIWKEK,2,2
4040,WEGBEP,3,3
4041,TEBDOV,3,3
4042,NAPZOT,3,3
4043,IDAREL,3,3
4044,VEWTEX,3,3
4045,OXUZAJ,3,3
4046,MEXJEH,2,2
4047,HOGQOJ,3,3
4048,ALOKOB,3,3
4049,QIYCAD,3,3
4050,IHOLUN,3,3
4051,AFIVUH,2,2
4052,IBIQOD,1,1
4053,FIKSEX,3,3
4054,FOHFIT,2,2
4055,FIMWAB,3,3
4056,ZAZVIH,3,3
4057,PUSHAM,2,2
4058,YAXWEA,1,1
4059,QIXLUF,2,2
4060,PAKKIW,2,2
4061,VARQAG,1,1
4062,OCOWUZ,1,1
4063,BALNEL,1,1
4064,NEDXUQ,3,3
4065,VOFSIS,1,1
4066,MULRAN,3,3
4067,ZAWSID,1,1
4068,BOHJIS,2,2
4069,JOVMOY,3,3
4070,NOLGUR,3,3
4071,JAHVUK,1,1
4072,ICIDON,2,2
4073,IJUGOJ,3,3
4074,KOYGEK,3,3
4075,EGICAZ,2,2
4076,DEHSIW,1,1
4077,IYOPIY,1,1
4078,YOXDUN,1,1
4079,QIWCAA,2,2
4080,PAPBEQ,2,2
4081,VEZFEN,2,2
4082,BTCBZN,3,3
4083,DUJYIT,1,1
4084,XECTEG,3,3
4085,CIVKAU,1,1
4086,OGEVUS,2,2
4087,AGUFOZ,3,3
4088,MUGZOE,2,2
4089,JAYCUI,1,1
4090,TONKUC,3,3
4091,RUWZIS,2,2
4092,IRIJOI,3,3
4093,SAJDUF,3,3
4094,VEKDEV,3,3
4095,LOHNII,2,2
4096,NALJOZ,1,1
4097,COXBAT,3,3
4098,YOYBIY,3,3
4099,EHOJET,1,1
4100,SEVLEO,1,1
4101,INELAP,1,1
4102,UYAXOI,1,1
4103,WIYJUM,3,3
4104,HEJFAG,3,3
4105,QALYUY,3,3
4106,FIWTEL,1,1
4107,COYZUL,3,3
4108,MIKROO,2,2
4109,CIXPUU,3,3
4110,SUWSAF,3,3
4111,WAKGAT,3,3
4112,TUSCES,1,1
4113,ZUQFAS,2,2
4114,ZALJAA,2,2
4115,BOLVEE,3,3
4116,LIRCIZ,2,2
4117,PIHFER,1,1
4118,QUQYAC,3,3
4119,JUDZOZ,3,3
4120,DIQPIE,3,3
4121,REFCIQ,2,2
4122,EGUSAC,3,3
4123,JESPIG,3,3
4124,KIVFUQ,1,1
4125,JITKEC,2,2
4126,LOMVAL,2,2
4127,HOZBON,2,2
4128,WAQCAT,3,3
4129,XEHLOO,2,2
4130,USIRUK,3,3
4131,UHIWUD,2,2
4132,RESSIS,3,3
4133,WOPQIB,2,2
4134,FEVRAD,1,1
4135,WUYQOW,2,2
4136,LULRAN,1,1
4137,JEVDUJ,3,3
4138,WAPLUV,3,3
4139,WORNEW,2,2
4140,PUWTOS,3,3
4141,IDAYUJ,3,3
4142,AKONAR,3,3
4143,WOWQIK,3,3
4144,KUQHUC,1,1
4145,SUSVAF,1,1
4146,GARZIJ,1,1
4147,QEPXOZ,2,2
4148,PMHPYN,3,3
4149,FIGBED,2,2
4150,IPBXCO,2,2
4151,AROHOF,1,1
4152,KENQUS,3,3
4153,HEYLOO,2,2
4154,HAYJUO,3,3
4155,EZUXEF,1,1
4156,BIHTIZ,1,1
4157,TRIENI,3,3
4158,EWUSUK,3,3
4159,ISARAV,1,1
4160,ZAQYAR,3,3
4161,IWAZUE,1,1
4162,PELFAP,2,2
4163,XIMXIB,1,1
4164,IVOXUP,1,1
4165,SAMQON,2,2
4166,YOTNAW,1,1
4167,IQOSUD,2,2
4168,TEWMAJ,1,1
4169,RUCYOG,1,1
4170,AQAPOA,1,1
4171,RAJDUF,1,1
4172,WELHEE,1,1
4173,CEVLIA,3,3
4174,TILJOR,1,1
4175,CAFNON,1,1
4176,FEBVUD,3,3
4177,HIJVII,3,3
4178,SOYXAF,1,1
4179,ZAYVAY,3,3
4180,KIXQAK,2,2
4181,GAJFUT,3,3
4182,RUNNEV,2,2
4183,ITIXOZ,2,2
4184,SOQRIB,1,1
4185,LENJIX,3,3
4186,DOJRIF,3,3
4187,TUVNAZ,3,3
4188,HAPDOU,2,2
4189,JIKBAJ,3,3
4190,QASKEB,3,3
4191,GUZMOF,1,1
4192,VALGUO,1,1
4193,ZAFDEP,2,2
4194,NOVJIU,1,1
4195,FONGEV,2,2
4196,CAQZUT,1,1
4197,SUSSII,2,2
4198,HINTOO,2,2
4199,ZIKNOA,1,1
4200,CUXGOU,1,1
4201,MEMVEG,3,3
4202,KAXYOX,3,3
4203,LOFKAT,3,3
4204,XANGOM,1,1
4205,UVOWAF,2,2
4206,NAFTOH,1,1
4207,SUFDOM,3,3
4208,ZANGEA,2,2
4209,SABGAE,2,2
4210,QULQAP,3,3
4211,MAPHOE,1,1
4212,CIXNIH,3,3
4213,PEBQUJ,3,3
4214,OBEYIH,1,1
4215,CIBJIH,1,1
4216,XEKBIZ,2,2
4217,LIRFAU,2,2
4218,NOYWAB,3,3
4219,MALFEL,2,2
4220,POVLIW,1,1
4221,ZODZEZ,3,3
4222,OTUSEE,1,1
4223,PORYOK,3,3
4224,AGOGEJ,2,2
4225,JAHXOJ,1,1
4226,DEDWEP,2,2
4227,CERPEW,3,3
4228,KUPPUI,2,2
4229,EVALOE,2,2
4230,POPHOR,3,3
4231,MICSAW,1,1
4232,BAFWAG,1,1
4233,PEKMEZ,3,3
4234,XOPGAM,2,2
4235,TIYSEZ,3,3
4236,PEZSUI,2,2
4237,IDAPIM,3,3
4238,IBAWER,1,1
4239,TAJHIW,3,3
4240,YOCTAL,2,2
4241,SAYWAU,1,1
4242,RUSDIS,3,3
4243,YOMXUV,3,3
4244,GAWNAU,3,3
4245,CATKUD,3,3
4246,JUCCUH,3,3
4247,CUCPIC,1,1
4248,IHOBOX,2,2
4249,DEWXUZ,3,3
4250,SAJCEM,3,3
4251,ENEJEO,3,3
4252,FIQKAV,1,1
4253,RUZJED,2,2
4254,JATQAZ,3,3
4255,EYETIM,3,3
4256,NEZBUQ,2,2
4257,ADIRIP,2,2
4258,AWEPOH,2,2
4259,QUBXIW,3,3
4260,MAJREU,1,1
4261,OPOXUO,3,3
4262,WUSHIC,3,3
4263,DAKLUX,2,2
4264,LAYVEN,3,3
4265,GIKHEO,1,1
4266,GIYDUO,2,2
4267,YOBGEE,3,3
4268,QANFOA,3,3
4269,ILUKEI,1,1
4270,ADOCUT,1,1
4271,MURQOG,3,3
4272,QAMTOR,1,1
4273,LUTKAM,2,2
4274,UDOVAN,3,3
4275,QIDGUH,3,3
4276,JETNUS,1,1
4277,HIHGIP,3,3
4278,SIZCAF,2,2
4279,HIBPUE,2,2
4280,ROHMAD,3,3
4281,JAMGAI,3,3
4282,FUZSEA,2,2
4283,OQEMIJ,1,1
4284,EKAPIR,3,3
4285,HUBKOH,1,1
4286,ISONEJ,2,2
4287,NORQAM,1,1
4288,OZURIM,3,3
4289,TIVNOE,1,1
4290,FIBQIU,1,1
4291,EMENUF,1,1
4292,DISTEG,1,1
4293,VORRAY,3,3
4294,HEXJEB,3,3
4295,ZARYIC,3,3
4296,GASPUP,1,1
4297,HESPUQ,1,1
4298,TECBEL,3,3
4299,FICKEI,1,1
4300,TEYFEL,2,2
4301,VUYTEP,3,3
4302,GABNEC,3,3
4303,HESGUK,1,1
4304,ASEMAM,1,1
4305,GUYFAK,1,1
4306,UZUJUX,1,1
4307,UHILUS,3,3
4308,NEYKAG,3,3
4309,ATOSEH,3,3
4310,AHASIM,2,2
4311,LASXUZ,3,3
4312,DIBJUT,2,2
4313,SOBDUI,1,1
4314,QAYGOM,3,3
4315,XAJBOZ,1,1
4316,TELVEN,2,2
4317,ZIQDAE,1,1
4318,ASUKEF,3,3
4319,QETQOW,2,2
4320,GAVSIG,3,3
4321,RECLUK,1,1
4322,DIZJOL,1,1
4323,XOSYUA,2,2
4324,PAJDIP,3,3
4325,BOFFIL,2,2
4326,SOZCIW,2,2
4327,WAGSIG,1,1
4328,NABVIY,3,3
4329,LALVAX,2,2
4330,MERJOJ,1,1
4331,SUSCOB,1,1
4332,PHPCMN,2,2
4333,ZECFEV,3,3
4334,LEWBAS,3,3
4335,NOMHUU,3,3
4336,REXYIF,3,3
4337,LUJFUR,1,1
4338,ISAPOH,1,1
4339,HAYQUX,1,1
4340,WASYEY,1,1
4341,CIZQEJ,2,2
4342,IGEDAZ,1,1
4343,BACXIO,2,2
4344,VUXGAY,3,3
4345,QEGWUW,1,1
4346,ZUCMAO,1,1
4347,EKEBIH,1,1
4348,SUVLEB,1,1
4349,ZEJVAN,3,3
4350,BICNOS,2,2
4351,PIJGUM,1,1
4352,OFOJUQ,3,3
4353,GUPQAJ,2,2
4354,HADPIL,2,2
4355,YUFKIV,3,3
4356,DUGBUE,3,3
4357,ZOVTOV,2,2
4358,YAKCUK,3,3
4359,QEKJAT,2,2
4360,JUSGIP,1,1
4361,GIQPUS,3,3
4362,YAHQUX,1,1
4363,FAVSIG,1,1
4364,CUWMEP,1,1
4365,MAFHUX,2,2
4366,XIRHAJ,2,2
4367,LAGWEY,2,2
4368,QEDPOE,3,3
4369,ENOHAS,3,3
4370,IFUWEL,2,2
4371,VADQOH,2,2
4372,YIXTOQ,3,3
4373,VUFVEZ,2,2
4374,RIFMIG,1,1
4375,KOXQIZ,3,3
4376,AVUJAC,3,3
4377,CIMGEK,3,3
4378,MIPGEX,1,1
4379,BOCPOZ,2,2
4380,OFAQAQ,1,1
4381,BIVKUP,2,2
4382,KIQQAG,1,1
4383,MINFEX,3,3
4384,ETOHEB,2,2
4385,FINYEH,2,2
4386,LIDCEJ,2,2
4387,FOTMIM,3,3
4388,CENNIU,2,2
4389,WEZDIO,3,3
4390,MEBKOX,1,1
4391,AYEVEF,1,1
4392,WAJHAS,2,2
4393,APEBAB,1,1
4394,DAFKOO,1,1
4395,UBOSUB,2,2
4396,ESOCEV,2,2
4397,XOKPES,3,3
4398,RAQSEJ,2,2
4399,ODEWOJ,1,1
4400,ENSOCO,2,2
4401,JESREF,3,3
4402,TOWFUG,3,3
4403,SAXSEQ,1,1
4404,BADVEJ,2,2
4405,DENREU,3,3
4406,EMAYIA,3,3
4407,JAWMOM,2,2
4408,JEYGAW,1,1
4409,DONKUN,2,2
4410,ODIFAJ,3,3
4411,YAFZIO,2,2
4412,MIQTOZ,1,1
4413,WAZWEZ,1,1
4414,CESMAQ,3,3
4415,USIROE,3,3
4416,ZIYYEO,3,3
4417,IJOFIY,3,3
4418,UPAWEQ,1,1
4419,BAGJEA,2,2
4420,KOBRAW,2,2
4421,JIDTUO,3,3
4422,KOXVAW,1,1
4423,WASGAB,3,3
4424,UQUQED,3,3
4425,NEDQEU,2,2
4426,RAMDOA,1,1
4427,SIJKEB,3,3
4428,QAHBEG,2,2
4429,IWOSES,1,1
4430,UHUYEC,3,3
4431,UHINAC,3,3
4432,MOLPEJ,1,1
4433,LIDMER,3,3
4434,RADMEP,2,2
4435,IVEHUM,2,2
4436,ELUQIL,2,2
4437,WEWVEZ,3,3
4438,LUPWAX,1,1
4439,EWUSOE,3,3
4440,LEGDIL,1,1
4441,VEZSEA,1,1
4442,NOWWOL,2,2
4443,RUDREQ,1,1
4444,TATWOD,2,2
4445,FANFEJ,1,1
4446,LERTIN,3,3
4447,REDNAR,3,3
4448,TOXWEL,1,1
4449,MALFIO,3,3
4450,NIDJIX,1,1
4451,YEDQAB,2,2
4452,VUFXEB,3,3
4453,IXUZEG,2,2
4454,CAVXAZ,3,3
4455,BEHDOH,2,2
4456,MAQKAS,2,2
4457,KUHGAW,1,1
4458,FUVKAK,1,1
4459,QATKIH,2,2
4460,TELFOF,2,2
4461,OFODUI,2,2
4462,PUVRIJ,3,3
4463,GOJGUH,2,2
4464,ADOQEP,3,3
4465,KEWPOT,2,2
4466,FOYCUS,3,3
4467,LAMLAP,1,1
4468,XIXSEC,3,3
4469,KAYZAN,3,3
4470,OBUQOS,3,3
4471,HORCOJ,2,2
4472,JALTIC,2,2
4473,PUSJAO,3,3
4474,NOVMAO,3,3
4475,RUZCAR,1,1
4476,VEZJIW,3,3
4477,FIKQEZ,1,1
4478,COCYID,3,3
4479,VEWVEZ,1,1
4480,OTISOC,1,1
4481,RIYQOI,2,2
4482,LIRQOS,2,2
4483,DESVIH,1,1
4484,IQIWIO,1,1
4485,NUMMAM,1,1
4486,ZEFPOT,3,3
4487,VINPZN,3,3
4488,YUQSIO,3,3
4489,LIRFOI,2,2
4490,YUHRIF,1,1
4491,OCOYAG,2,2
4492,SORGAK,1,1
4493,KAKZEF,1,1
4494,QAVMIK,2,2
4495,QAGFAF,3,3
4496,ZIVJAT,1,1
4497,OHUSEQ,3,3
4498,FEKZOK,3,3
4499,CITFIV,3,3
4500,DAQCIJ,1,1
4501,QOPVIA,3,3
4502,FAFLOQ,2,2
4503,GEXPAC,1,1
4504,WUDWOK,1,1
4505,YAPJUY,1,1
4506,REDBUZ,2,2
4507,KOWREV,3,3
4508,IZUPAV,2,2
4509,GAMCEC,3,3
4510,JIZPIR,2,2
4511,VEMYUK,2,2
4512,UMOBII,3,3
4513,POZZAF,2,2
4514,BAVXAZ,2,2
4515,WUWFUQ,2,2
4516,VEQLIO,1,1
4517,IXUSOM,1,1
4518,MOGFAQ,2,2
4519,QALWAD,3,3
4520,REBMAQ,1,1
4521,DEPMAN,3,3
4522,QUVRIJ,2,2
4523,FAWYOS,3,3
4524,FAMDAZ,3,3
4525,PIJLIH,1,1
4526,XITKOB,1,1
4527,HAJWAS,3,3
4528,KOFGET,3,3
4529,DENRIA,3,3
4530,JUXVEF,3,3
4531,MUJJOQ,3,3
4532,YEXVAA,2,2
4533,WEKZUH,2,2
4534,KOLRAE,1,1
4535,UKIXOE,1,1
4536,NIJTAE,3,3
4537,LOBYOR,3,3
4538,VUPDOC,1,1
4539,RUJNUH,3,3
4540,BACDUG,2,2
4541,MEDOFE,2,2
4542,QIPXOC,3,3
4543,TIYVUS,2,2
4544,DEYDIW,3,3
4545,KEJTOJ,1,1
4546,YIPYOO,2,2
4547,GAVSED,1,1
4548,EPABED,3,3
4549,BEWSUT,3,3
4550,WOZQOT,3,3
4551,JIJVOQ,3,3
4552,NOXSIE,3,3
4553,DEQNAS,1,1
4554,XEJHON,1,1
4555,SIXPUO,1,1
4556,SEVNEM,3,3
4557,UZENET,3,3
4558,BIDBUN,2,2
4559,NOKRUC,3,3
4560,OJAQUM,3,3
4561,VIWCEL,1,1
4562,BOWSEM,2,2
4563,DIZQUB,3,3
4564,LEGTOG,2,2
4565,FONGIB,1,1
4566,POLCUR,2,2
4567,RAKRUT,2,2
4568,KENQOJ,1,1
4569,QOBTUZ,3,3
4570,KEMCOY,1,1
4571,OTAYEO,3,3
4572,TEHSIM,1,1
4573,ZUGVEC,3,3
4574,GIRLUO,2,2
4575,FIYHOL,1,1
4576,PUJGUY,3,3
4577,DIDPUB,1,1
4578,CEGYEW,1,1
4579,HTEPOS,2,2
4580,CAHGIB,3,3
4581,UCOZIW,3,3
4582,NANGEQ,3,3
4583,JAHTUI,2,2
4584,KIGSOJ,3,3
4585,BOHHIQ,1,1
4586,YOGVIA,1,1
4587,JELGIU,1,1
4588,VOMGOU,3,3
4589,ZEPPUI,3,3
4590,IDUTEK,1,1
4591,OYOPOK,1,1
4592,GASLIX,3,3
4593,NAYHIF,1,1
4594,VEHHUL,2,2
4595,NIVSAQ,1,1
4596,SEYJAL,1,1
4597,AKUFOC,3,3
4598,DURGAZ,3,3
4599,XAHTEF,3,3
4600,YEJQAG,2,2
4601,ESAFUZ,2,2
4602,QATREI,2,2
4603,YIYWAG,3,3
4604,MAJLAN,3,3
4605,ETETEE,3,3
4606,WALKOL,3,3
4607,ISAPAT,1,1
4608,MEDFOT,2,2
4609,DOWXIW,2,2
4610,IVEMIG,2,2
4611,CEZTOT,2,2
4612,GEKSEV,2,2
4613,CEWSUT,2,2
4614,MAPHAN,1,1
4615,DODYUQ,3,3
4616,LINHEW,2,2
4617,NAVREH,3,3
4618,TELDUJ,3,3
4619,FEXWEM,3,3
4620,EBOMIR,3,3
4621,GACSAE,2,2
4622,QEVPEQ,1,1
4623,XEYBAF,3,3
4624,GIJNUL,3,3
4625,BUPTEL,3,3
4626,HEXMNC,2,2
4627,CAFPIJ,2,2
4628,JUQXIF,1,1
4629,IKUPOU,3,3
4630,AVIJIZ,3,3
4631,AGITOA,1,1
4632,YOJSIZ,2,2
4633,FOTZET,2,2
4634,KAKFUZ,3,3
4635,DEFVOA,3,3
4636,LEFWOM,1,1
4637,QUGNAJ,2,2
4638,ADAZUD,1,1
4639,GAWGET,3,3
4640,KEMJES,3,3
4641,DUSTES,3,3
4642,IDEBEC,1,1
4643,WUXRUD,2,2
4644,IGUGUO,3,3
4645,LABHEF,1,1
4646,SOHJII,2,2
4647,TAVVIV,3,3
4648,MEGSIA,2,2
4649,YEDVEL,2,2
4650,XELLIK,3,3
4651,XOVDOE,1,1
4652,RIGGOD,2,2
4653,AJEKAE,1,1
4654,FOFVUT,3,3
4655,FIMKIX,2,2
4656,CEKWEX,3,3
4657,KUYSII,2,2
4658,LIKMUR,1,1
4659,YUMBAJ,3,3
4660,MTCYCR,1,1
4661,VISNER,3,3
4662,XILQIT,2,2
4663,VUCFAB,2,2
4664,SADKIU,3,3
4665,YEJBUK,3,3
4666,EGIGOU,1,1
4667,CUKROR,3,3
4668,BENFEH,1,1
4669,XEJPIL,2,2
4670,RUMDOS,2,2
4671,XENKAC,1,1
4672,HICGIN,1,1
4673,XEMWOC,3,3
4674,ASABUT,3,3
4675,NOKQEL,3,3
4676,FAYVIN,3,3
4677,SIPLUZ,2,2
4678,FEJFOR,3,3
4679,MUCBOC,3,3
4680,EGACIB,3,3
4681,TERHII,1,1
4682,SUHLAJ,2,2
4683,OBUYOZ,2,2
4684,LUSTOK,1,1
4685,DOWBUN,2,2
4686,WEHLAZ,3,3
4687,PEYLEM,3,3
4688,NONNIP,1,1
4689,RIJDAR,3,3
4690,IGITEY,1,1
4691,UPEFUS,3,3
4692,OCEZOO,3,3
4693,UBOBUI,3,3
4694,RANGAR,3,3
4695,KAQQAV,1,1
4696,SIKNIM,3,3
4697,IKENOC,3,3
4698,HUPCEB,2,2
4699,YAKYEQ,2,2
4700,FURHOQ,3,3
4701,OJANUI,2,2
4702,NIFVUU,3,3
4703,VIPWUP,2,2
4704,REVVAP,1,1
4705,SUJMEP,3,3
4706,POXMOE,2,2
4707,UDOPAH,3,3
4708,KUZHAO,2,2
4709,TIWRAW,1,1
4710,PUPNIZ,2,2
4711,SUSBIU,1,1
4712,QILGIB,2,2
4713,SOGVIU,3,3
4714,ZUZTIX,3,3
4715,WEJJAY,3,3
4716,UPILAJ,1,1
4717,KOLCOE,3,3
4718,DICMOT,3,3
4719,WOWKOK,3,3
4720,TIQXIA,2,2
4721,BAVPAS,2,2
4722,JAFWET,2,2
4723,ZUHCOU,3,3
4724,ECOBUV,2,2
4725,TICXOV,2,2
4726,HEGGOS,3,3
4727,DOMSOO,2,2
4728,ITIGAU,2,2
4729,HUBCAJ,3,3
4730,FEQQID,3,3
4731,LEBJIO,3,3
4732,JAHNIP,2,2
4733,DOGHEM,2,2
4734,AHIHAB,3,3
4735,NIRYEV,2,2
4736,ZOYSUD,3,3
4737,WACWOP,3,3
4738,OGIHIY,1,1
4739,MEMPEA,3,3
4740,VUTPAC,2,2
4741,BECTEI,2,2
4742,HIGPUI,2,2
4743,VALJEX,2,2
4744,VIMQOB,1,1
4745,SINHIG,3,3
4746,AWODOF,3,3
4747,OMELAU,2,2
4748,CPPHZR,1,1
4749,KIZVEW,2,2
4750,RARWAK,2,2
4751,HIHSUQ,1,1
4752,QIDDIS,2,2
4753,SIJDAR,3,3
4754,DAFDET,2,2
4755,KOZFIR,1,1
4756,FOTNUA,1,1
4757,JESJOG,2,2
4758,XOLXIG,1,1
4759,GECDUR,1,1
4760,GIRQOP,3,3
4761,VASVOB,3,3
4762,RIKYIW,3,3
4763,SICCEP,2,2
4764,OHOHEB,1,1
4765,IBILOU,2,2
4766,NICGUE,3,3
4767,BZASFE,2,2
4768,PSEPNI,3,3
4769,URABAS,2,2
4770,QOLPAI,1,1
4771,PAPHEZ,3,3
4772,QEKBOA,3,3
4773,BUYWUO,3,3
4774,QIHLEY,1,1
4775,LEVPAE,3,3
4776,UMOXUP,2,2
4777,KEDBEA,2,2
4778,UXUSIQ,2,2
4779,TOGCOH,3,3
4780,AXUSEU,1,1
4781,SEJXIQ,3,3
4782,KAVFAR,3,3
4783,JEHTAS,1,1
4784,QANGIV,2,2
4785,IBAFEY,3,3
4786,XAMFUN,3,3
4787,KOVYEB,3,3
4788,LAMSAT,2,2
4789,LOPTUF,2,2
4790,RERJON,3,3
4791,DIXZIU,3,3
4792,NAJVUS,3,3
4793,SEBRAU,2,2
4794,SIDMIB,1,1
4795,JEYVAK,3,3
4796,ZISSAZ,1,1
4797,EFULAU,2,2
4798,RALMUN,3,3
4799,AMOSIE,2,2
4800,QECVOJ,2,2
4801,GIRXEM,2,2
4802,MIBQEU,3,3
4803,CIFPEO,2,2
4804,LABYIY,3,3
4805,FIDDOL,2,2
4806,VOGHUU,1,1
4807,YEWQUO,2,2
4808,PUCMOP,1,1
4809,HOLHUO,1,1
4810,NEDNEQ,3,3
4811,QAPQIL,1,1
4812,HEBQIR,2,2
4813,WUQQEG,2,2
4814,YUGKUG,1,1
4815,HEDWUL,2,2
4816,RUHWUO,3,3
4817,DUSRIV,1,1
4818,OMARUP,1,1
4819,KUBSOR,2,2
4820,PAJROJ,3,3
4821,QEQXEQ,3,3
4822,DUPNEI,3,3
4823,COBWUM,3,3
4824,XOCKOT,1,1
4825,BIBBEU,3,3
4826,YAVTOE,2,2
4827,KEZMIM,2,2
4828,NIKSUY,2,2
4829,LISDEW,2,2
4830,DADRAC,3,3
4831,DAPMUC,1,1
4832,ALOQIB,2,2
4833,KUMGOP,2,2
4834,XUWHON,2,2
4835,ZIQBAC,2,2
4836,NINPIN,1,1
4837,JEGPER,2,2
4838,UXELAL,3,3
4839,RAJNUM,1,1
4840,XUDYUT,1,1
4841,VIFPIK,2,2
4842,XUPHOG,2,2
4843,LAQJIX,2,2
4844,COFRUM,2,2
4845,XUSTAG,3,3
4846,ODOZAM,1,1
4847,DARYIG,3,3
4848,LOQWUL,1,1
4849,QAQBOZ,1,1
4850,VIRMEO,2,2
4851,MUJRIS,3,3
4852,NAMSIG,2,2
4853,VIMFOO,3,3
4854,POKGAZ,2,2
4855,UHEGEU,1,1
4856,ZULFOB,1,1
4857,HAJVIX,1,1
4858,JIRLIG,3,3
4859,MOWTUO,2,2
4860,ZEYDEP,2,2
4861,BEXJIB,1,1
4862,FUGFET,3,3
4863,NEQYAJ,3,3
4864,WATTUG,1,1
4865,ZEPMOA,1,1
4866,XUJLOG,1,1
4867,NEQYOA,1,1
4868,DOFLOB,3,3
4869,RIQSIX,1,1
4870,HATPAU,2,2
4871,ZOLMUI,3,3
4872,IHOHUJ,3,3
4873,UZACII,3,3
4874,KUPMOA,1,1
4875,DOVDEZ,3,3
4876,DUDZOS,2,2
4877,QAHZOQ,3,3
4878,QOBPOP,2,2
4879,NUNWOK,2,2
4880,NUNYAX,3,3
4881,IMUJUV,1,1
4882,GOJTOO,2,2
4883,IYEXAM,2,2
4884,ZAFPUR,2,2
4885,HUJYAN,2,2
4886,GEYYUG,3,3
4887,GEZKUT,3,3
4888,ALIREU,2,2
4889,YUPXEO,2,2
4890,JULSAK,2,2
4891,YEJYOE,2,2
4892,DAPHEJ,3,3
4893,WIRSAT,2,2
4894,YUZCOM,2,2
4895,TOLBEB,3,3
4896,ROJZOG,2,2
4897,OKIJEA,1,1
4898,NABWAR,3,3
4899,KIKMEZ,3,3
4900,ORESEM,1,1
4901,XEDNOM,3,3
4902,BIKROF,2,2
4903,PERMOP,2,2
4904,BUYKIP,2,2
4905,NUPXAX,3,3
4906,RISPUF,3,3
4907,HUZTUT,2,2
4908,PIPNIN,1,1
4909,WUXCUO,3,3
4910,LETQIK,2,2
4911,UDAPOF,2,2
4912,IFOKAQ,1,1
4913,XIRGEM,3,3
4914,YORRUU,3,3
4915,WAMPEG,1,1
4916,WUHPIZ,2,2
4917,PIQTER,3,3
4918,DOKWEI,2,2
4919,QOCZEP,2,2
4920,ZEBSOR,3,3
4921,CAVYEE,3,3
4922,PAGLUH,2,2
4923,UNOREV,3,3
4924,GIDMIR,3,3
4925,WUGSIB,1,1
4926,JUKDAX,1,1
4927,QATHUS,1,1
4928,NOSZAY,3,3
4929,VAJGET,3,3
4930,FIQMOL,1,1
4931,ZOLHIT,3,3
4932,FEMFAG,2,2
4933,TETKEI,2,2
4934,YOLVIH,3,3
4935,HORLEF,2,2
4936,NIQBAS,2,2
4937,COPLIC,2,2
4938,YIKZUO,3,3
4939,ZOCKIL,3,3
4940,ZIKDUS,2,2
4941,MIDLAM,3,3
4942,NEGREZ,3,3
4943,CERSUO,3,3
4944,KODGEQ,3,3
4945,TOWYUC,1,1
4946,COCACR,2,2
4947,YARVEW,1,1
4948,SASVUF,3,3
4949,NIPZUK,2,2
4950,XACMIY,3,3
4951,RAMLAT,2,2
4952,ASAPEP,3,3
4953,NICLIW,1,1
4954,JADHEB,3,3
4955,KEFCOP,3,3
4956,XERNUG,2,2
4957,SIGQII,2,2
4958,UJETAF,3,3
4959,SUXXUE,2,2
4960,GESKUO,1,1
4961,QEVFAC,1,1
4962,PICTAZ,3,3
4963,FUMFUO,2,2
4964,VITKUE,2,2
4965,XIBQEE,1,1
4966,AMIPER,3,3
4967,FEVFET,2,2
4968,LALRUN,2,2
4969,DEPLEQ,3,3
4970,EHICIH,3,3
4971,NUXWUA,3,3
4972,XAFREE,3,3
4973,AZAMIA,1,1
4974,EPOMOM,3,3
4975,QASDAR,3,3
4976,YAMMIK,3,3
4977,WAWJOW,2,2
4978,FUVMAM,2,2
4979,TUDZUP,3,3
4980,XUYVIX,3,3
4981,TISWOK,1,1
4982,QARKUP,3,3
4983,LAJCIJ,3,3
4984,EROYAL,2,2
4985,MONYOE,2,2
4986,GUSKAG,2,2
4987,IMOLOM,1,1
4988,ICEFOL,3,3
4989,MENBIQ,2,2
4990,GIYPEM,3,3
4991,EWULAJ,2,2
4992,ZIJBID,2,2
4993,RIMDOG,1,1
4994,ZAQFUS,2,2
4995,UXEBAC,2,2
4996,ZEJGON,2,2
4997,ODUGAX,3,3
4998,OBIWIG,3,3
4999,HISXOX,3,3
5000,NOBCUD,2,2
5001,HIJWAB,3,3
5002,QEDZUW,3,3
5003,JOWDAD,3,3
5004,IFOBIS,1,1
5005,XAVXUQ,2,2
5006,ZIWCUG,2,2
5007,YECPEC,2,2
5008,OYUGUL,1,1
5009,TOQZUW,3,3
5010,QITNUD,1,1
5011,TORHUD,2,2
5012,ACERUV,2,2
5013,COCHIO,3,3
5014,KAYPUW,3,3
5015,LAZKAZ,1,1
5016,DUPKUW,1,1
5017,AXOWIV,3,3
5018,HIFQAS,1,1
5019,WEXMOC,1,1
5020,ENUHUR,3,3
5021,SOJXUK,3,3
5022,NELMIC,1,1
5023,RUZKOP,1,1
5024,RETPOX,2,2
5025,EJOZIN,2,2
5026,SASMAC,2,2
5027,PAJRAV,1,1
5028,UKIPAG,3,3
5029,HISHID,1,1
5030,CERHAJ,3,3
5031,ZUCLIS,3,3
5032,QOGCUL,3,3
5033,ROSLOC,3,3
5034,JEZQUE,1,1
5035,ABUFUY,2,2
5036,METTUA,1,1
5037,UPEJOP,2,2
5038,XEKTAK,2,2
5039,JIQYAN,1,1
5040,QIDZOW,1,1
5041,NATBAN,2,2
5042,ULULES,1,1
5043,XOVBOC,1,1
5044,SINVOC,3,3
5045,PEQQAG,2,2
5046,FUJJAY,1,1
5047,NIFZOV,1,1
5048,MASBIT,3,3
5049,WUPKEX,2,2
5050,CAMPIT,1,1
5051,SIXZAA,3,3
5052,VAMYOZ,3,3
5053,WEGZUH,1,1
5054,MUCREK,1,1
5055,WUGDIO,1,1
5056,RAZCOK,3,3
5057,HOKTIN,3,3
5058,ODUNIM,3,3
5059,JEDLEN,1,1
5060,WOMXAZ,3,3
5061,TIRDIJ,3,3
5062,GATJIW,3,3
5063,HUWFUB,2,2
5064,GIXCAS,2,2
5065,EBOYUS,3,3
5066,IVUJIS,2,2
5067,EQOFEW,3,3
5068,JAKKEM,1,1
5069,QEHNIA,3,3
5070,FOFROI,2,2
5071,QEZYOL,3,3
5072,ICIGIL,2,2
5073,QICDEN,3,3
5074,HEBHIG,1,1
5075,NOQPUE,2,2
5076,LEKZAC,2,2
5077,QAKVEE,3,3
5078,COGTEY,2,2
5079,VILLIL,3,3
5080,RUGMUB,1,1
5081,XUZMAI,2,2
5082,ZETSUO,3,3
5083,AHABER,3,3
5084,OCIKAO,3,3
5085,KOGBEO,2,2
5086,BOMFEQ,2,2
5087,VINDEC,3,3
5088,DAJKAD,3,3
5089,JUPZOL,3,3
5090,AGOQOD,3,3
5091,TUXFAV,2,2
5092,LALNER,3,3
5093,KIQGIA,3,3
5094,GIXTAI,2,2
5095,OFUQUB,2,2
5096,KESCIY,1,1
5097,KIVGIH,3,3
5098,DIRTUU,3,3
5099,DENQUM,1,1
5100,SACNZN,3,3
5101,UVAQOY,1,1
5102,ZUTJON,1,1
5103,EWEJEV,1,1
5104,UFEZUB,1,1
5105,VIXZUY,2,2
5106,ZEYSII,2,2
5107,SESWIW,1,1
5108,SETPOX,2,2
5109,HEXRAH,1,1
5110,ZOJREV,1,1
5111,WINJIO,3,3
5112,BALJEH,1,1
5113,HIVNIN,1,1
5114,OCEDIK,3,3
5115,MEWTIU,2,2
5116,MOSQOA,2,2
5117,JECGAD,1,1
5118,FILBIN,3,3
5119,GUVMUH,2,2
5120,QANLAV,3,3
5121,HEFQOA,3,3
5122,BAGWEP,1,1
5123,ZARDEF,1,1
5124,DERXOO,1,1
5125,XEJLAA,1,1
5126,OXIBAZ,3,3
5127,SUMSUP,1,1
5128,LAYREJ,2,2
5129,GIRMEB,3,3
5130,FIGCOP,1,1
5131,ESITAE,1,1
5132,AXIXIO,2,2
5133,UCONAD,3,3
5134,JICBEF,3,3
5135,ZOHQOE,3,3
5136,NUZXIR,2,2
5137,YALGUQ,3,3
5138,AYUMOW,2,2
5139,XEFDOC,3,3
5140,JEGKIQ,2,2
5141,FECFUP,1,1
5142,DOMSUV,3,3
5143,LIXGAC,1,1
5144,OBIBEK,1,1
5145,PIZGIQ,2,2
5146,HILFIT,3,3
5147,SORVUR,3,3
5148,XAQFIE,3,3
5149,FEJDOP,3,3
5150,HIHSOH,3,3
5151,WEXCUB,1,1
5152,KAPWEG,3,3
5153,SAFVEB,1,1
5154,MITMUZ,3,3
5155,XEJRIN,3,3
5156,LEPVEJ,3,3
5157,WENVUI,2,2
5158,KEVLUT,2,2
5159,NIYTOF,3,3
5160,ZONGUG,2,2
5161,XETCOR,2,2
5162,HALGOR,2,2
5163,QISGIJ,3,3
5164,OCEHIQ,3,3
5165,GEGQIW,1,1
5166,YIYQUS,2,2
5167,GAKJEK,2,2
5168,WOLPES,2,2
5169,LIYZIF,3,3
5170,OVIMAI,1,1
5171,TIVZIJ,3,3
5172,XAYWUS,2,2
5173,BIQJIW,1,1
5174,LUBJEA,1,1
5175,BIVCAK,1,1
5176,OQIHON,3,3
5177,ORECUK,3,3
5178,XAGJEX,3,3
5179,ROBBOA,3,3
5180,NEZCIH,3,3
5181,DESKIY,2,2
5182,SOQHAI,3,3
5183,OTIYOH,3,3
5184,ZESSAT,3,3
5185,QUNHUE,3,3
5186,XACSUS,3,3
5187,LISZUI,2,2
5188,TIKYOE,3,3
5189,SODXAK,3,3
5190,PUPRAW,1,1
5191,CIVDER,3,3
5192,FOPBER,2,2
5193,METSEJ,3,3
5194,COLWOQ,1,1
5195,NOKZOD,1,1
5196,MIDLUH,2,2
5197,UGINEE,3,3
5198,DOMQOM,3,3
5199,VUFLOY,2,2
5200,AREPUK,2,2
5201,WIYWOR,3,3
5202,SENQEH,1,1
5203,YIYCIT,2,2
5204,BAZZOS,3,3
5205,DEVTEE,3,3
5206,ACISEL,1,1
5207,BAZMOI,1,1
5208,XIYFUI,2,2
5209,HAPWOK,3,3
5210,ATUDEA,2,2
5211,EMOJIZ,3,3
5212,ICURAZ,1,1
5213,OPEREH,3,3
5214,EQODIA,1,1
5215,AJAZIV,2,2
5216,ZUYDII,3,3
5217,PIXFOT,2,2
5218,DAMWET,3,3
5219,CAYXIK,2,2
5220,GILGUD,2,2
5221,MUYTIJ,2,2
5222,TUXDOH,2,2
5223,ICEMIP,2,2
5224,ZOKMAR,1,1
5225,DIXHOK,3,3
5226,YISVOM,3,3
5227,ZOLDIN,1,1
5228,FEWWOT,1,1
5229,MIDNOD,2,2
5230,YOGLOV,2,2
5231,FUTWEW,2,2
5232,NARDIU,2,2
5233,TAVREQ,3,3
5234,CAQRAO,3,3
5235,CIDZIB,1,1
5236,TEBREX,3,3
5237,EKETUK,2,2
5238,TEDXOQ,2,2
5239,DICMUZ,3,3
5240,RECDAG,3,3
5241,MOXGIR,1,1
5242,BOKWOO,3,3
5243,FALZAV,2,2
5244,HEGPUG,3,3
5245,LIXPAN,1,1
5246,YEBTUU,2,2
5247,KEJPAR,2,2
5248,ONINIK,3,3
5249,GOZWAT,2,2
5250,JEYTAI,3,3
5251,UHIJOL,3,3
5252,EBUFUD,1,1
5253,TOXVUA,1,1
5254,SIGTAF,3,3
5255,XOZVEO,2,2
5256,YUFXIH,1,1
5257,BIXCAN,2,2
5258,MENYIQ,2,2
5259,RERHOL,1,1
5260,BUCQUM,3,3
5261,SOHRUE,1,1
5262,PEQZES,3,3
5263,COCJEN,1,1
5264,TICDES,1,1
5265,KUVRID,3,3
5266,PIWLEQ,1,1
5267,ZUSVIV,1,1
5268,XEPVIY,3,3
5269,MOBSON,3,3
5270,WUNHIY,2,2
5271,VACRIC,1,1
5272,CEVMUO,3,3
5273,ACUTEX,2,2
5274,TAYMUB,2,2
5275,XIQGOT,1,1
5276,TARWEQ,3,3
5277,WODCAV,3,3
5278,UGEVOS,3,3
5279,YUTVAL,3,3
5280,BORFIZ,2,2
5281,ITOHOP,2,2
5282,YODYIC,1,1
5283,FIZPOT,1,1
5284,AJUWAF,3,3
5285,UMOZUR,3,3
5286,DIRXUX,3,3
5287,RIQQEN,1,1
5288,YAFWOU,1,1
5289,WAFCIS,2,2
5290,FIPKEV,1,1
5291,VULPAU,3,3
5292,ZEHCAS,2,2
5293,IKIMIA,3,3
5294,DAWTAZ,3,3
5295,MORLEL,3,3
5296,CUPBUL,2,2
5297,XABPUN,3,3
5298,MOKMEE,2,2
5299,MADQAM,3,3
5300,COKWOO,2,2
5301,YEJBOE,3,3
5302,MESTCR,1,1
5303,EZEXOW,2,2
5304,DEBNOP,2,2
5305,VIXCOU,1,1
5306,PAKZEH,3,3
5307,XEZTOM,3,3
5308,GARRIC,3,3
5309,CUPNAD,3,3
5310,IBEHOQ,1,1
5311,QAHVOK,2,2
5312,SOLRIX,3,3
5313,COCSIX,3,3
5314,EWASAX,2,2
5315,LEPXIQ,3,3
5316,FAPSOF,2,2
5317,ZAQHOR,3,3
5318,MUJGIK,1,1
5319,GETKAT,2,2
5320,LUXYEL,1,1
5321,XIJWOD,3,3
5322,XIVNEW,3,3
5323,CIZBET,3,3
5324,HEDGII,3,3
5325,IDAMEH,3,3
5326,CIHYUN,1,1
5327,FILGUD,3,3
5328,NAJXAY,1,1
5329,PAWZAR,2,2
5330,ZUYMAK,1,1
5331,NIWTOC,2,2
5332,BUVMAG,2,2
5333,NITFOP,1,1
5334,EZAZIQ,1,1
5335,FIYWUF,1,1
5336,KIPVAI,2,2
5337,CALZUN,3,3
5338,YUSMUW,2,2
5339,VIQVUO,2,2
5340,COKGIS,1,1
5341,HAXSIK,2,2
5342,AYIMIE,3,3
5343,CPCBMO,1,1
5344,ZAVQAR,2,2
5345,ROBRIJ,3,3
5346,HALNEO,2,2
5347,DADPAA,2,2
5348,IVENAY,2,2
5349,FIQTUW,3,3
5350,DUFNEZ,3,3
5351,QOCVEJ,3,3
5352,TUQCIU,1,1
5353,EMEJUB,1,1
5354,YAXTUN,1,1
5355,CEPYUV,1,1
5356,UYOGOH,1,1
5357,WOPYIK,1,1
5358,MUZHEU,3,3
5359,MADVET,2,2
5360,CERDAG,2,2
5361,IDOSOJ,2,2
5362,OJELIA,1,1
5363,YUDYOM,1,1
5364,MOVPIZ,1,1
5365,QOVHEP,2,2
5366,KIHJEQ,2,2
5367,LIYJAF,2,2
5368,KEQWOS,3,3
5369,CEYRIH,2,2
5370,PIRDEC,1,1
5371,PICMUJ,1,1
5372,COWKUU,3,3
5373,KEDGOQ,2,2
5374,FOJTUV,3,3
5375,YOQBUD,2,2
5376,UDAKAM,3,3
5377,KIFDIO,3,3
5378,NICWEC,3,3
5379,HOZSOE,2,2
5380,NEFDEH,3,3
5381,SOBNUU,3,3
5382,IGAKAF,2,2
5383,WIWLUN,1,1
5384,DETRIE,3,3
5385,YOBCIB,2,2
5386,YAQHIJ,3,3
5387,YEBXOV,2,2
5388,VIRJUD,2,2
5389,NELQAY,3,3
5390,ONOJAE,2,2
5391,RUDQAL,1,1
5392,GATFEN,1,1
5393,CAFJAV,2,2
5394,ZADFIT,3,3
5395,WEVQET,2,2
5396,MURYUW,1,1
5397,EHIDUW,3,3
5398,ROJXOE,2,2
5399,KOHZIT,3,3
5400,VAWHOU,1,1
5401,SEJQUV,2,2
5402,XIZQED,1,1
5403,TESPIT,2,2
5404,WILYIC,2,2
5405,PODQOQ,2,2
5406,TEYGUA,3,3
5407,XOGBON,2,2
5408,QOMFOP,2,2
5409,YODNEM,3,3
5410,AWUBAX,3,3
5411,HANVAW,3,3
5412,OCOSOP,2,2
5413,CUDHUF,3,3
5414,PIGHUJ,3,3
5415,ELETIZ,3,3
5416,QAQWAI,3,3
5417,ZEFMAY,2,2
5418,DUDXOQ,2,2
5419,OTIWOG,1,1
5420,XUBDIJ,3,3
5421,BENDII,3,3
5422,XUDBUT,3,3
5423,KILXEK,2,2
5424,RADYAW,2,2
5425,QIBYUZ,1,1
5426,CEVXAE,3,3
5427,TOQMOC,2,2
5428,YOSXEL,2,2
5429,MOWZON,2,2
5430,LECBON,3,3
5431,REXJEL,1,1
5432,HUFQUU,2,2
5433,OKARID,3,3
5434,QAPTAC,3,3
5435,PADYID,2,2
5436,PERFEX,3,3
5437,QAPMOJ,3,3
5438,UGAZIM,1,1
5439,MULZOL,1,1
5440,KUWQEZ,3,3
5441,MALBIK,3,3
5442,BIPGIR,3,3
5443,GISPAD,1,1
5444,NEFMOB,3,3
5445,XOQBUD,1,1
5446,HEHVEV,2,2
5447,ZEKHAB,3,3
5448,VIDMIH,2,2
5449,SAVGOO,3,3
5450,FOKKEW,3,3
5451,QEMSEH,1,1
5452,EHEYAT,2,2
5453,LEJWUT,2,2
5454,ZAFWIM,1,1
5455,QOTNES,2,2
5456,UMIBOH,1,1
5457,NIHVAB,3,3
5458,MEHZEF,3,3
5459,IFUVUA,2,2
5460,NAVHOK,2,2
5461,ILIVAB,3,3
5462,QEWKUC,1,1
5463,LAHBUV,1,1
5464,OTOMAM,3,3
5465,FETPYR,2,2
5466,VIQZOL,1,1
5467,KOXRAS,3,3
5468,HOBQOF,2,2
5469,MIDNAO,1,1
5470,RIZNET,1,1
5471,KUPFEI,3,3
5472,YUMPIH,3,3
5473,RIXQIA,3,3
5474,YIKXUM,3,3
5475,COBYOL,1,1
5476,MITHED,2,2
5477,AYUMAK,2,2
5478,REVMAG,1,1
5479,NEVBAT,3,3
5480,NIPZOE,2,2
5481,CEHNAH,3,3
5482,CETYEH,3,3
5483,ABIFIE,1,1
5484,LEHFUZ,2,2
5485,RAYSOZ,3,3
5486,LEFDOS,2,2
5487,MOWDEI,2,2
5488,VOGQOY,1,1
5489,XIWDAK,3,3
5490,HAJDAZ,2,2
5491,KIFSIB,2,2
5492,SINTOA,3,3
5493,RUNDEJ,3,3
5494,LILCOZ,1,1
5495,EVURIW,2,2
5496,FAPMIU,3,3
5497,ZISDUE,1,1
5498,SEMMEC,3,3
5499,AYAPOG,2,2
5500,TAHZAG,3,3
5501,QULRIY,1,1
5502,XUFVIG,1,1
5503,LEWVIW,1,1
5504,IHEZOL,2,2
5505,CIXMAA,1,1
5506,VANPAB,1,1
5507,OGIMAV,1,1
5508,QAYTAO,2,2
5509,MOKDAS,2,2
5510,DIZYAN,3,3
5511,PAJPAT,3,3
5512,ZUDNIX,2,2
5513,VIDTEI,2,2
5514,CISROP,1,1
5515,PULKEO,2,2
5516,IGUHEZ,1,1
5517,DIGDON,1,1
5518,XOQWOR,3,3
5519,ZICGOL,1,1
5520,PEVDAV,1,1
5521,UGACEL,3,3
5522,FOYKAH,2,2
5523,OSAXIS,1,1
5524,UHEKEX,2,2
5525,LOJPAC,3,3
5526,SOTPEX,2,2
5527,KAWGOF,3,3
5528,UKAFAN,1,1
5529,ACEPUT,2,2
5530,LACQOX,2,2
5531,TORJUF,2,2
5532,NODGIX,2,2
5533,TOQXUU,2,2
5534,AMAVAO,1,1
5535,FUPRIT,2,2
5536,OMALIZ,3,3
5537,CIXSIN,1,1
5538,IHEJIP,1,1
5539,LENGOB,2,2
5540,REJJAS,3,3
5541,FIYYUI,3,3
5542,WIQMOA,1,1
5543,SEWBUR,2,2
5544,XUJYAC,2,2
5545,KISDOF,2,2
5546,JEBCIC,2,2
5547,YOKCIN,3,3
5548,COPPAY,1,1
5549,YIMNOX,2,2
5550,QEHKOE,3,3
5551,MOJYIV,2,2
5552,XIDYOY,2,2
5553,KOJBAO,2,2
5554,QORCIK,2,2
5555,CUNQEH,2,2
5556,YEJYUK,2,2
5557,IBIBUT,2,2
5558,QIFYIP,3,3
5559,IGALEH,3,3
5560,SUDHOR,1,1
5561,DAFFIB,2,2
5562,ZUTHOL,3,3
5563,FARBAC,2,2
5564,MUKJIN,3,3
5565,UJIYIW,3,3
5566,GALXUQ,1,1
5567,CUQMOR,2,2
5568,IHOHOD,3,3
5569,LAPRIE,2,2
5570,GUJFOH,2,2
5571,MIKDIU,2,2
5572,BIXSIN,2,2
5573,TUXDAT,2,2
5574,MACQOX,2,2
5575,ZISHAM,3,3
5576,WENDEZ,1,1
5577,FEWWAH,2,2
5578,SEWPIU,1,1
5579,FUHNAX,3,3
5580,WAGKUK,2,2
5581,MIPQUX,2,2
5582,SOTWAA,2,2
5583,SEPWOZ,2,2
5584,WODSIV,1,1
5585,UTIJOX,1,1
5586,BAFTIN,3,3
5587,VAYFAC,2,2
5588,KELZEG,2,2
5589,EFUNOK,3,3
5590,GOZWOH,2,2
5591,FINSEC,3,3
5592,CEVHEQ,2,2
5593,KUYXOU,1,1
5594,UTANIO,2,2
5595,YUQRUA,1,1
5596,MOCKUK,3,3
5597,YITVAY,3,3
5598,XUTHEA,1,1
5599,OJIVUY,2,2
5600,GAPMIT,2,2
5601,NESJOL,1,1
5602,AGOTIA,2,2
5603,AQUROT,2,2
5604,AJUYAH,2,2
5605,RECTIF,3,3
5606,SADGIN,3,3
5607,NUVNAU,3,3
5608,GEVMOJ,3,3
5609,LOMWER,1,1
5610,PAYTAN,3,3
5611,XIQGAI,3,3
5612,SEPGIG,1,1
5613,FULKAY,2,2
5614,WACNUJ,2,2
5615,UVOFUI,2,2
5616,WOKWOI,2,2
5617,VAVLIO,2,2
5618,LARZEK,2,2
5619,WOHKAI,2,2
5620,YAQMUA,2,2
5621,PIDXOT,1,1
5622,TEVHAG,3,3
5623,JAJCON,3,3
5624,GIXHIE,1,1
5625,ORAJOI,2,2
5626,SIWWUR,2,2
5627,DIFWIY,1,1
5628,GUQHEI,1,1
5629,BAXROI,2,2
5630,CECXER,1,1
5631,WOMVUQ,3,3
5632,NABYUN,2,2
5633,TODMIK,3,3
5634,PEJMOG,3,3
5635,VANKUQ,3,3
5636,KEKFUD,3,3
5637,QARBEU,1,1
5638,LITXAQ,3,3
5639,YATGAC,1,1
5640,TOQJIS,3,3
5641,OFEPOH,3,3
5642,ISOJIL,2,2
5643,HIBMUB,2,2
5644,AYOPOT,2,2
5645,CIVCOA,3,3
5646,SUHGEH,2,2
5647,BUNQEI,3,3
5648,GOBBOP,3,3
5649,YIQGAI,3,3
5650,WISBEI,1,1
5651,MUYTEH,3,3
5652,DIGCII,2,2
5653,IPEPNI,3,3
5654,HIWQAH,1,1
5655,JUZMIA,1,1
5656,LUYDAK,3,3
5657,ECEYIX,1,1
5658,EJAVES,2,2
5659,BADRIL,1,1
5660,SEKPOQ,2,2
5661,AXOKAZ,3,3
5662,QEXJOV,3,3
5663,BOVCEX,3,3
5664,ZOWMIJ,2,2
5665,MAVTUZ,1,1
5666,FOFRUQ,1,1
5667,NIPZOD,2,2
5668,GIFGEI,2,2
5669,CETYEI,1,1
5670,GIZPAI,2,2
5671,QEHBEN,2,2
5672,LIJBUC,2,2
5673,REWPIT,2,2
5674,BEZNEA,3,3
5675,LEXKAA,1,1
5676,FEHBAY,3,3
5677,WAMNUX,1,1
5678,XEMNUY,1,1
5679,MEQROS,3,3
5680,NOYSOL,1,1
5681,XUFHAI,3,3
5682,VUXTOZ,3,3
5683,FEXDER,3,3
5684,TIYWIK,3,3
5685,AFURIF,3,3
5686,MAWRIM,3,3
5687,UHEKEY,3,3
5688,LAZGOJ,2,2
5689,JELZEF,2,2
5690,MOZFAJ,3,3
5691,VAYVEA,1,1
5692,IWICEX,2,2
5693,YIZXOX,3,3
5694,KUTZII,1,1
5695,QODXEM,3,3
5696,FUGJEX,3,3
5697,YABBEK,2,2
5698,LOHMUS,2,2
5699,XIRNUH,2,2
5700,YOWMAY,3,3
5701,ZUYZOL,1,1
5702,JEBTIX,1,1
5703,VOMVUQ,1,1
5704,JANVIE,2,2
5705,EGAXIT,3,3
5706,FEMZIK,1,1
5707,BUJZIR,2,2
5708,DOJJUK,2,2
5709,QAYDEZ,3,3
5710,MIYJAG,2,2
5711,SAYJAE,1,1
5712,NEYFEC,2,2
5713,GEBKUT,3,3
5714,TAZQUH,2,2
5715,USUSUX,3,3
5716,QIBBAI,1,1
5717,MEKCUE,1,1
5718,VIJCEW,2,2
5719,NAQFAP,2,2
5720,ROZYOV,2,2
5721,BIQJEU,1,1
5722,TEWPUH,2,2
5723,SIFBUG,3,3
5724,QEDMOB,2,2
5725,LITQIS,1,1
5726,XEHCEU,3,3
5727,KOCREA,1,1
5728,YAJFAT,2,2
5729,BIXZAM,1,1
5730,HIHSAU,3,3
5731,CAZMAT,3,3
5732,XOBCIC,3,3
5733,CONHOF,3,3
5734,UZADUW,3,3
5735,XOXYAL,3,3
5736,LUMWAT,3,3
5737,HOMKAV,2,2
5738,FEXTAF,1,1
5739,SACGIP,1,1
5740,DUDQEZ,1,1
5741,EDUTOO,3,3
5742,TEXXEA,3,3
5743,EWIRUX,3,3
5744,VIQZOM,2,2
5745,YATPAN,3,3
5746,DEFGUR,3,3
5747,YUDBUU,3,3
5748,QEFBEK,3,3
5749,MISTUG,2,2
5750,SASTUE,2,2
5751,OQAGUJ,3,3
5752,OKUSUJ,3,3
5753,ROGDAV,3,3
5754,COBNOW,1,1
5755,XEFSAD,2,2
5756,CISLEV,3,3
5757,JEYZAP,3,3
5758,NAGMIT,1,1
5759,HETHIB,1,1
5760,JARHEP,2,2
5761,EQINOJ,2,2
5762,IVUFEK,3,3
5763,VAWHOT,3,3
5764,SIVTUO,3,3
5765,RUPNUM,1,1
5766,RAWQUE,3,3
5767,QUSBUB,2,2
5768,YOGWUN,1,1
5769,EZASON,2,2
5770,MISXAO,2,2
5771,YACQAU,2,2
5772,NEPFEX,1,1
5773,VOMJEM,2,2
5774,PEMDES,3,3
5775,COZLOT,3,3
5776,JOPFAY,2,2
5777,NUPTOH,3,3
5778,FARREV,2,2
5779,CIXZAM,3,3
5780,PUVDUH,2,2
5781,XERWAV,3,3
5782,JEHHEK,3,3
5783,KAJMAJ,1,1
5784,RIPWUL,3,3
5785,XEQKOV,2,2
5786,BSPRWC,2,2
5787,TEFPOK,3,3
5788,JACTOX,3,3
5789,FUTWIB,2,2
5790,EFAJOO,1,1
5791,EFOHUF,1,1
5792,YOXGIC,3,3
5793,RECQUL,1,1
5794,DICXAQ,1,1
5795,NISQAI,2,2
5796,POCFOC,3,3
5797,CIQJEU,3,3
5798,XOYTOU,3,3
5799,YEHTEO,1,1
5800,EHISUL,1,1
5801,KUYFES,1,1
5802,NEKFAK,3,3
5803,WOSLAT,3,3
5804,QISPER,1,1
5805,REPNAE,2,2
5806,BEKPUE,2,2
5807,RUZGAW,3,3
5808,VALFET,2,2
5809,KUBXIO,1,1
5810,XOVPIK,1,1
5811,NUSVIG,2,2
5812,OMENOJ,2,2
5813,HATRAV,3,3
5814,ABEGOD,2,2
5815,ELUGUN,2,2
5816,BENDIH,3,3
5817,XADVEE,3,3
5818,HECYOE,1,1
5819,PEXHUZ,1,1
5820,DUBREY,1,1
5821,DIHPOZ,3,3
5822,JEXPIO,2,2
5823,DALSOZ,1,1
5824,QOMHAB,2,2
5825,MAFYAW,1,1
5826,BITPUT,1,1
5827,WUCTIA,1,1
5828,QORMEQ,2,2
5829,WILYIB,3,3
5830,EQOMAB,1,1
5831,TOWPIE,1,1
5832,DICHIF,2,2
5833,VAQGUT,1,1
5834,LEWFAV,3,3
5835,GOPKON,3,3
5836,VUDCEF,1,1
5837,LUYTIK,3,3
5838,KUSDOS,3,3
5839,DAGKIF,1,1
5840,TUNXEH,2,2
5841,BADBAL,3,3
5842,NEDKAK,1,1
5843,PUCFEY,2,2
5844,FOCXOO,1,1
5845,BENJIP,3,3
5846,ASEWIG,1,1
5847,KADDEY,1,1
5848,POGZOA,1,1
5849,EKEFIM,1,1
5850,SOJTUG,2,2
5851,XCHDFE,2,2
5852,YILZAU,1,1
5853,COHKAN,3,3
5854,ITAHOC,3,3
5855,RAPHUN,3,3
5856,RIQXOE,2,2
5857,YAMDUM,2,2
5858,IJEWAY,1,1
5859,JEFHIM,3,3
5860,TUDSIV,3,3
5861,CAYVEF,3,3
5862,DAHXOB,3,3
5863,XIFVIR,2,2
5864,SULPUL,2,2
5865,ZUMNEA,1,1
5866,IQIMON,1,1
5867,NAKKEQ,3,3
5868,HEPFUG,2,2
5869,TIYGAK,1,1
5870,UFIBIX,3,3
5871,PIYPUI,2,2
5872,NOBSEC,2,2
5873,CALFED,2,2
5874,WIMFUW,3,3
5875,ULINOV,1,1
5876,PEVTIW,1,1
5877,FUVQEU,1,1
5878,CODDIJ,3,3
5879,DELPES,3,3
5880,MIYCEF,3,3
5881,WUPGET,3,3
5882,NOZHIV,3,3
5883,VILNEL,1,1
5884,GIPKEW,1,1
5885,ZIYJID,3,3
5886,NEHDIO,3,3
5887,COJJET,3,3
5888,HAXSIJ,2,2
5889,LUSHEO,2,2
5890,EWUPER,3,3
5891,TOCFUP,3,3
5892,LOZFOV,3,3
5893,NAGCIL,1,1
5894,NIRKAA,3,3
5895,CIJCEG,3,3
5896,TUVQUZ,1,1
5897,ZIGNUY,2,2
5898,GUQFEF,3,3
5899,KIDLIU,2,2
5900,ZIHMUA,3,3
5901,YIFQOT,1,1
5902,KURWIE,3,3
5903,EDICED,1,1
5904,CATDEG,3,3
5905,BOHROG,3,3
5906,IRIBOA,2,2
5907,BERZII,3,3
5908,TAPXOY,1,1
5909,KEVPEI,3,3
5910,FEWWOU,3,3
5911,EDEREO,1,1
5912,BIHYUO,2,2
5913,APINOE,2,2
5914,NUGLOQ,1,1
5915,FOJXOT,2,2
5916,WUGQEU,3,3
5917,WIJCIC,2,2
5918,QELNAX,3,3
5919,QAHTUQ,3,3
5920,GUJFAU,2,2
5921,HUCKIA,1,1
5922,ZIYXUC,3,3
5923,CESNIY,3,3
5924,EWOSAK,1,1
5925,JEGLOA,1,1
5926,GIQTUV,3,3
5927,QALMEZ,1,1
5928,UMOZUS,3,3
5929,FUQHIJ,3,3
5930,FIYBOF,2,2
5931,NUVNOI,3,3
5932,QEGQOI,3,3
5933,EXIFUN,3,3
5934,IFISAS,3,3
5935,UHAGAO,1,1
5936,XOTXIP,1,1
5937,XIQGOU,2,2
5938,QIBLAQ,2,2
5939,ZADMUP,2,2
5940,DEXHUJ,1,1
5941,AXIHOE,3,3
5942,EJODUE,2,2
5943,FIZGOO,1,1
5944,BIQDEM,1,1
5945,XUDYOL,3,3
5946,LOLCIA,2,2
5947,WOKWAU,2,2
5948,BOMVUV,1,1
5949,WOTREF,1,1
5950,MEDNUE,3,3
5951,NOSHIM,2,2
5952,UHIMIK,1,1
5953,KENBAI,3,3
5954,SIGTAG,2,2
5955,NUWXUB,1,1
5956,OJAGEL,3,3
5957,GAWSON,3,3
5958,YOKTEA,1,1
5959,NINBOF,1,1
5960,JAKWAU,3,3
5961,QUMZUW,1,1
5962,MOVWOJ,2,2
5963,POZNIC,3,3
5964,VIRXEA,3,3
5965,MEJYUZ,1,1
5966,PUXXIR,3,3
5967,OFIFEQ,2,2
5968,OPAWEI,3,3
5969,VAYXEY,3,3
5970,PUBKIH,3,3
5971,RAWCEA,1,1
5972,SEJTEI,3,3
5973,BILPAP,3,3
5974,MALBEI,3,3
5975,WABCUX,2,2
5976,KOPSUD,3,3
5977,HACFUP,2,2
5978,ZAQQAM,3,3
5979,MAFYOK,1,1
5980,RAYZIE,1,1
5981,WUPLUR,1,1
5982,IKUMOR,3,3
5983,GAKDIF,3,3
5984,EDAYIT,3,3
5985,RUDVIW,3,3
5986,HIMRIE,2,2
5987,NEKVIK,2,2
5988,MIPDAS,2,2
5989,YACQOI,2,2
5990,KAQHUG,2,2
5991,ZULTIJ,3,3
5992,TEKYUD,3,3
5993,FEYNAY,1,1
5994,OPEREI,3,3
5995,ACPIPR,2,2
5996,JAYPAD,1,1
5997,MOYDIN,3,3
5998,KUYTUW,1,1
5999,QIXXEE,1,1
6000,TIGXIS,3,3
6001,RAQYIT,3,3
6002,HAJDOP,1,1
6003,BAZMOH,2,2
6004,XEQROC,1,1
6005,KUHJED,3,3
6006,XERWOJ,3,3
6007,BAWJUH,2,2
6008,EJIPUK,3,3
6009,LIBXUP,2,2
6010,HEDWOC,3,3
6011,UGINED,3,3
6012,BOHPUK,3,3
6013,GERSUS,2,2
6014,FONCES,1,1
6015,OJUHUX,2,2
6016,PIYROE,2,2
6017,AGIWEV,2,2
6018,QIDTUW,1,1
6019,AVETUQ,2,2
6020,CILPAP,3,3
6021,HOMKOJ,2,2
6022,RATVAK,3,3
6023,ESIZOW,2,2
6024,VIQMAK,3,3
6025,QOCXIP,1,1
6026,XOSXIN,2,2
6027,RICVEI,1,1
6028,KAKWAU,2,2
6029,YANCOH,3,3
6030,GOPBES,3,3
6031,LEMREB,2,2
6032,RUJQOC,3,3
6033,LEHJOX,2,2
6034,PESLAE,1,1
6035,HIMWUX,3,3
6036,DIFYIA,3,3
6037,XARDOK,3,3
6038,EHEYOI,1,1
6039,XUXKUY,2,2
6040,AGAHUL,2,2
6041,LODGOA,3,3
6042,HACJAX,2,2
6043,YOKMIW,3,3
6044,CAYHOA,3,3
6045,QULNUG,3,3
6046,HIHDOS,2,2
6047,KINPEF,1,1
6048,BOVJAY,1,1
6049,RUJVIE,1,1
6050,QIGZEO,1,1
6051,BUXCOP,1,1
6052,ALIPIU,2,2
6053,KAHLIS,1,1
6054,LIPDAS,1,1
6055,XEJRIO,2,2
6056,NARMAV,1,1
6057,NIDWIH,2,2
6058,LABKOQ,2,2
6059,TAWXOG,3,3
6060,LOWJEP,1,1
6061,NIYMAN,1,1
6062,BAFJOK,2,2
6063,BIBGAX,3,3
6064,BIGQEQ,3,3
6065,FEGTUK,1,1
6066,BOWRUA,1,1
6067,RINTAK,1,1
6068,KUXKEV,3,3
6069,RIMFAX,3,3
6070,AWAFOW,1,1
6071,GAPCIL,1,1
6072,PUXQUU,3,3
6073,MIMKEY,3,3
6074,BAZTUS,3,3
6075,TINDON,1,1
6076,JAYGUL,1,1
6077,PICMOE,3,3
6078,UZOJAX,1,1
6079,IXAQOO,1,1
6080,BUFWAC,2,2
6081,TOWNUO,2,2
6082,SAPSUY,3,3
6083,QUDTNI,3,3
6084,DIZWUE,1,1
6085,LACMEK,2,2
6086,BOMFEP,3,3
6087,HEXLIF,3,3
6088,LITZAS,3,3
6089,ATOBIV,3,3
6090,SEVHEJ,2,2
6091,CANLEJ,3,3
6092,UTUQEH,3,3
6093,YOJGUZ,2,2
6094,CECZEP,2,2
6095,QUWWIP,1,1
6096,GUMSOX,3,3
6097,ZELDOL,1,1
6098,COZLUZ,3,3
6099,ROMSER,1,1
6100,OZUCES,1,1
6101,BANROZ,3,3
6102,MOYMUI,2,2
6103,KIQYAO,1,1
6104,ETIMIE,2,2
6105,DODJOW,3,3
6106,ZIRYEG,2,2
6107,WUCXEX,3,3
6108,OYATUE,3,3
6109,BERFOX,1,1
6110,WEYWAA,3,3
6111,NOVPUM,1,1
6112,ITUNAO,3,3
6113,RASMAB,3,3
6114,WIZWEJ,2,2
6115,QEDXOM,2,2
6116,LAGHEK,1,1
6117,WUJQOI,2,2
6118,CIDHAA,3,3
6119,AMEVEU,3,3
6120,FUQDIG,2,2
6121,PEMXOV,3,3
6122,YEXWEH,1,1
6123,GUZLES,2,2
6124,NOSSIZ,3,3
6125,EVUBUS,3,3
6126,DENQUL,1,1
6127,MPSBFE,1,1
6128,FOZWUP,1,1
6129,VICQAZ,2,2
6130,BAJWOZ,3,3
6131,HOPZAP,2,2
6132,ROJDEA,2,2
6133,ASIDEM,3,3
6134,ZEMYEV,1,1
6135,HECYUK,2,2
6136,ODOMOJ,3,3
6137,PAPHIX,3,3
6138,FAKMUA,3,3
6139,SAHZEK,1,1
6140,SODZOC,3,3
6141,COBRER,3,3
6142,RUVZOZ,2,2
6143,KUMYIB,3,3
6144,RALQIG,2,2
6145,RERQUA,1,1
6146,BONSAZ,2,2
6147,EZIKAC,1,1
6148,RICJAP,2,2
6149,AGAVIQ,2,2
6150,WAXKUB,2,2
6151,KAYPUV,2,2
6152,IYATIN,3,3
6153,AXEWUX,2,2
6154,CEZROS,1,1
6155,XEJGEC,1,1
6156,KATWOV,1,1
6157,SUYPEH,2,2
6158,KETQUV,1,1
6159,AGETOW,3,3
6160,JAXXEM,3,3
6161,JAPPUM,2,2
6162,XAVXUP,3,3
6163,KIPTOV,3,3
6164,JAMHEO,1,1
6165,VOZNAZ,2,2
6166,KESZEN,2,2
6167,AQATOD,2,2
6168,GUQDIG,3,3
6169,AMIYON,1,1
6170,GEFWAS,3,3
6171,GIZRAK,1,1
6172,TOHPEN,2,2
6173,WEPYOI,3,3
6174,YOMBIN,3,3
6175,KEKQOG,1,1
6176,FANGAC,3,3
6177,NUMBIH,3,3
6178,YAVCAB,1,1
6179,FAHCEY,2,2
6180,KIXYAT,2,2
6181,QAPFET,3,3
6182,GIRXIO,3,3
6183,FICCEA,1,1
6184,KEBXEV,3,3
6185,YIGGAZ,3,3
6186,NANQAU,3,3
6187,TAHXAD,2,2
6188,WOXQOP,3,3
6189,WODHEC,3,3
6190,AMEQAL,3,3
6191,GIBKUZ,1,1
6192,IGORUR,1,1
6193,YIKVAQ,3,3
6194,VACLUH,2,2
6195,BEBPOP,3,3
6196,HOKCIU,3,3
6197,ZEKZEU,3,3
6198,ESITUV,1,1
6199,VEYYOR,1,1
6200,NEVWAM,1,1
6201,ALINUH,1,1
6202,ENEKOZ,2,2
6203,QINXIU,2,2
6204,FOWWIA,1,1
6205,HIBXUM,2,2
6206,HAGTAO,1,1
6207,NIKFAR,2,2
6208,XERNUF,2,2
6209,TAHCUA,3,3
6210,CAWMET,2,2
6211,RODTAG,3,3
6212,BEQSIZ,2,2
6213,IRIYOA,1,1
6214,LISDIB,3,3
6215,RUNHIR,1,1
6216,QICSEB,2,2
6217,PUCCOI,1,1
6218,IHIKUH,2,2
6219,VIFLUU,3,3
6220,SADLAN,3,3
6221,TEXZEC,3,3
6222,CUXMUF,2,2
6223,YUQGUO,2,2
6224,LAPYAD,3,3
6225,ZAXDOR,3,3
6226,YOKQOF,3,3
6227,CEJDOL,2,2
6228,JOGRAZ,3,3
6229,HAZYIS,2,2
6230,SOFLIK,3,3
6231,SICSON,3,3
6232,TEQTIT,3,3
6233,HUPQUG,2,2
6234,XEBZOU,3,3
6235,HUSCUT,3,3
6236,PAQKIE,3,3
6237,UBICAL,2,2
6238,QIPNIO,1,1
6239,WOJCUW,2,2
6240,OWIZOK,2,2
6241,SAGWIH,3,3
6242,OSATEK,1,1
6243,CALMAG,1,1
6244,JAQSUP,1,1
6245,AFIGOL,1,1
6246,EKOHOC,2,2
6247,KEXLAB,3,3
6248,CUWREU,1,1
6249,HUHHAV,2,2
6250,OZAYOF,2,2
6251,OPABIR,2,2
6252,IQUHAD,3,3
6253,UDUDII,1,1
6254,ICEQOW,1,1
6255,XORRUT,2,2
6256,NADTAP,2,2
6257,KOTHIN,1,1
6258,APIRIC,2,2
6259,MILXAG,3,3
6260,CTMOPD,3,3
6261,GOBPIY,2,2
6262,HAXXOV,3,3
6263,HIPDAN,3,3
6264,QAPMUR,3,3
6265,QUCCOI,3,3
6266,FIHRET,2,2
6267,YEJYOD,3,3
6268,ULUPUN,2,2
6269,RADLAN,1,1
6270,WAPTEO,3,3
6271,WUWKEG,1,1
6272,WALCAO,1,1
6273,TURMOA,2,2
6274,GETGAO,3,3
6275,HATGAN,2,2
6276,FIVXUE,1,1
6277,ERUQUE,3,3
6278,IJITIG,2,2
6279,UCOREK,2,2
6280,RATJEE,1,1
6281,XAXZON,3,3
6282,XAGFET,1,1
6283,KOPHUS,1,1
6284,CABMAU,3,3
6285,FEKKOV,2,2
6286,ITADOY,3,3
6287,EPUKUW,3,3
6288,IPONAC,2,2
6289,RILGOL,3,3
6290,ATUTUF,2,2
6291,RIJMEE,2,2
6292,XUMBOW,3,3
6293,MONPEN,2,2
6294,YEHVEM,2,2
6295,OREDEV,3,3
6296,XOYVOW,3,3
6297,DAHTOX,2,2
6298,AWIKUP,1,1
6299,VEFREE,2,2
6300,PAGLUI,1,1
6301,JIPVUZ,1,1
6302,EQULIM,1,1
6303,XULCUF,1,1
6304,VUKPUO,3,3
6305,ZIGWOB,2,2
6306,LILXAG,3,3
6307,NIBXIF,2,2
6308,RELPUV,3,3
6309,CUJXIP,3,3
6310,ERAGIP,3,3
6311,FUSKAF,2,2
6312,CEPBUW,3,3
6313,PAQYUB,2,2
6314,DEJXAS,1,1
6315,ENSPAU,3,3
6316,PIMTAI,3,3
6317,MUPFAE,1,1
6318,QUTKEX,3,3
6319,RAGWIH,2,2
6320,COQXIR,3,3
6321,GUVMAL,3,3
6322,IVUDEI,2,2
6323,IJEBAA,1,1
6324,BOKWUW,2,2
6325,KAYBER,1,1
6326,TOMHAH,2,2
6327,DUQTIT,3,3
6328,SUJCIJ,3,3
6329,BIXFET,3,3
6330,OQOKUB,2,2
6331,ROBPII,3,3
6332,TATVEQ,2,2
6333,CYEPNI,3,3
6334,ZELHUX,1,1
6335,VAGLEV,1,1
6336,POHKIG,2,2
6337,VOQQAW,3,3
6338,IYADAN,3,3
6339,PIYRUK,2,2
6340,VUCVEW,3,3
6341,SEHWAF,2,2
6342,QOCTEI,1,1
6343,MAMSAU,2,2
6344,RIDJOE,2,2
6345,TODXEP,1,1
6346,JASPEZ,2,2
6347,PILBUI,3,3
6348,DAMBEZ,2,2
6349,XUCNUF,3,3
6350,QOJSAK,2,2
6351,JEFJIO,3,3
6352,NOHDAP,3,3
6353,DIFBEB,3,3
6354,VUNJIZ,3,3
6355,FIMSOL,3,3
6356,GALVOF,1,1
6357,JOBMAR,2,2
6358,YIRPIB,2,2
6359,SAMBAM,3,3
6360,PUJCAY,1,1
6361,NEHXAB,3,3
6362,HEQBIR,2,2
6363,FIJTIC,2,2
6364,WUJJUG,1,1
6365,CUJQON,1,1
6366,QUVJOI,3,3
6367,KEZDAY,1,1
6368,WALZAM,1,1
6369,WOFPAL,3,3
6370,ZAQJOQ,3,3
6371,YEBSIK,3,3
6372,LOSDOO,1,1
6373,JOJPIL,1,1
6374,BOSPII,3,3
6375,DANLUB,3,3
6376,FOGXIK,3,3
6377,QAHCOR,2,2
6378,BAHQAE,1,1
6379,EZEMON,2,2
6380,PAWXAQ,1,1
6381,OCEDEI,3,3
6382,CALXUM,1,1
6383,CONZEL,3,3
6384,JUSXEA,2,2
6385,GICTIX,3,3
6386,QOWWAB,2,2
6387,GAWQOL,3,3
6388,SIGXOV,1,1
6389,NONPAI,3,3
6390,AMOXZN,3,3
6391,PEVSUH,1,1
6392,BUCSUN,2,2
6393,EWAJUI,2,2
6394,ZOLXAB,2,2
6395,RERJOO,2,2
6396,KILMIF,1,1
6397,ONIKON,3,3
6398,GIFBON,1,1
6399,CNENCO,2,2
6400,EFIPUE,1,1
6401,KAJQES,1,1
6402,SEPKIJ,2,2
6403,GILNEV,1,1
6404,HAPKEO,3,3
6405,ZEZXIN,2,2
6406,PIQSOA,3,3
6407,UMAZOX,2,2
6408,GUKKUU,3,3
6409,TOKROB,3,3
6410,WAXGOV,1,1
6411,JASWAC,1,1
6412,DUJZAK,3,3
6413,NAXZER,3,3
6414,ECUTIG,2,2
6415,XAVMAM,1,1
6416,BAMWAO,3,3
6417,TUXHAX,2,2
6418,DUZWUQ,3,3
6419,LUJRIR,3,3
6420,ALDPMB,2,2
6421,PEKWUA,2,2
6422,TAPTAH,3,3
6423,EZIBEU,3,3
6424,HOLHUN,3,3
6425,HANJEO,3,3
6426,XUDKIR,3,3
6427,VAFXEF,1,1
6428,RUPYAE,2,2
6429,AZEFIX,1,1
6430,LERLOM,2,2
6431,VEJCIZ,2,2
6432,COXFOM,3,3
6433,MOCLEW,2,2
6434,YIFSOV,2,2
6435,NICBIN,2,2
6436,CAKTAL,1,1
6437,XAYPIZ,3,3
6438,MAKNIY,3,3
6439,TOCFOI,3,3
6440,UMAJID,3,3
6441,NEBSOC,3,3
6442,IRIYAJ,3,3
6443,NOJBAS,3,3
6444,QOTBEH,3,3
6445,WOHNIQ,2,2
6446,NOSCAZ,1,1
6447,JUPMAK,3,3
6448,LESZUF,2,2
6449,QIWWID,3,3
6450,EJOMEV,2,2
6451,SUVTOU,3,3
6452,WEVSIC,2,2
6453,BACLUO,1,1
6454,HETDIX,1,1
6455,IGOGAO,1,1
6456,MOFVUA,1,1
6457,HAZYEP,3,3
6458,CEWPEZ,2,2
6459,SADNUI,2,2
6460,ROFROX,1,1
6461,NATLAW,3,3
6462,FOJXUZ,2,2
6463,CEJHUX,3,3
6464,JOWCIH,2,2
6465,YIYVIM,2,2
6466,LUZMAX,1,1
6467,EVEZUC,3,3
6468,XIWFOC,1,1
6469,WICQOQ,3,3
6470,BEQSEY,3,3
6471,CUCDUC,1,1
6472,HUXGAK,3,3
6473,MELCAI,3,3
6474,OJEYIO,1,1
6475,BIZYIV,2,2
6476,CICJUX,1,1
6477,QITKEL,3,3
6478,CAFHOI,2,2
6479,LIZCAC,1,1
6480,TEGJUM,2,2
6481,QUDJII,2,2
6482,LUTJES,1,1
6483,JOBTOL,3,3
6484,QUZLOO,1,1
6485,VASVOC,2,2
6486,TAVNOU,1,1
6487,XOLXIF,3,3
6488,HAMHAH,1,1
6489,EHUZOY,3,3
6490,RIDZIN,1,1
6491,PIVMEO,2,2
6492,NOZMOE,3,3
6493,SEJVEK,3,3
6494,COGSOJ,1,1
6495,MASKOK,1,1
6496,JUMRUG,2,2
6497,WEGHEZ,1,1
6498,OWOPIA,2,2
6499,QIDSIH,2,2
6500,ZEQLUF,1,1
6501,XADZEH,1,1
6502,LUSVUQ,3,3
6503,PEKRIK,1,1
6504,WAVGOS,3,3
6505,YAQTOZ,1,1
6506,BIKLIT,2,2
6507,LIJYUC,1,1
6508,FUFKID,1,1
6509,QUNJUF,1,1
6510,JEBXIB,1,1
6511,BOFWIF,1,1
6512,ZEPMOW,2,2
6513,WEMSOX,2,2
6514,BAFJUR,1,1
6515,MOHSIN,3,3
6516,PUPPAT,1,1
6517,FUXMOB,2,2
6518,PANNAU,1,1
6519,SAMLOI,1,1
6520,WIWRIE,2,2
6521,WOKBAZ,3,3
6522,FOWGAA,3,3
6523,WEQDIG,3,3
6524,KONBIA,1,1
6525,LEYSAK,1,1
6526,TEDJIY,3,3
6527,ETUAUC,3,3
6528,PIVTIY,1,1
6529,HIXYES,1,1
6530,BIZKUQ,2,2
6531,KEVNUW,2,2
6532,BEWPEZ,2,2
6533,JAKNUE,2,2
6534,HOBZIL,1,1
6535,BENQES,1,1
6536,XOJRAP,3,3
6537,VIVXAZ,2,2
6538,WEGQIL,3,3
6539,WAWSOC,2,2
6540,WUPLOK,1,1
6541,BEJHUX,1,1
6542,BEGXOB,2,2
6543,UKUWON,3,3
6544,MELDEP,3,3
6545,FEWBOZ,2,2
6546,PECHEL,3,3
6547,QORHOV,3,3
6548,FEQHES,1,1
6549,ORESIO,3,3
6550,SARWAJ,3,3
6551,YOTCES,1,1
6552,ENGCOA,2,2
6553,XUYFAY,3,3
6554,QIFROM,1,1
6555,GUFKID,3,3
6556,ALULEB,1,1
6557,HATNEX,2,2
6558,IKENOB,3,3
6559,UQINAL,3,3
6560,WASVOC,3,3
6561,RIRJUX,2,2
6562,GUVXUQ,1,1
6563,VUGCAC,3,3
6564,PEDTUN,1,1
6565,VOPKOC,3,3
6566,IHETUL,3,3
6567,ASOGIZ,2,2
6568,UQEFON,3,3
6569,ACUJUG,1,1
6570,WELWIT,3,3
6571,TIKREL,1,1
6572,PUQZIK,1,1
6573,FIRPEE,2,2
6574,APUTOW,3,3
6575,TUBTER,3,3
6576,QEGYUY,2,2
6577,UXILOF,1,1
6578,CIFHAD,3,3
6579,ACECUK,1,1
6580,BADQON,2,2
6581,FAGZUL,2,2
6582,GINWEF,2,2
6583,WUHFOV,3,3
6584,MEDHAF,1,1
6585,VEMREL,1,1
6586,JAYSIM,1,1
6587,JEGSUK,1,1
6588,DACTOQ,1,1
6589,BOBSAM,3,3
6590,QEPCAP,1,1
6591,VIDGEV,3,3
6592,GIJYUW,2,2
6593,BODWEW,3,3
6594,PEMKUQ,2,2
6595,TIFTUX,3,3
6596,OJEXAD,1,1
6597,ROMRAM,2,2
6598,YILGAD,3,3
6599,AGUZEI,1,1
6600,UJAGEU,1,1
6601,MILYEO,3,3
6602,XEDFAN,3,3
6603,DIGPIW,1,1
6604,MOHKOL,1,1
6605,DAQJAI,3,3
6606,ZIQJAK,2,2
6607,IMIPAW,2,2
6608,DARVOI,3,3
6609,TCEXNF,2,2
6610,UYAXUQ,1,1
6611,XUYBUO,1,1
6612,QESXIV,3,3
6613,YICMII,3,3
6614,NOCCIT,3,3
6615,FUPQOW,3,3
6616,LORFEF,3,3
6617,GUYFOV,2,2
6618,XOVJAW,1,1
6619,SIMLAD,2,2
6620,ULUJET,1,1
6621,WEHHUM,2,2
6622,PIWXOK,2,2
6623,WIFVEO,1,1
6624,PORGIN,2,2
6625,ISANIZ,1,1
6626,YIXDEO,2,2
6627,NOXJER,3,3
6628,POKFIG,3,3
6629,WUXRUE,2,2
6630,ZAVBOQ,2,2
6631,TUVNOP,3,3
6632,YUQCOE,2,2
6633,VAZKUG,1,1
6634,GAHLOU,1,1
6635,DAKNAI,1,1
6636,QEJNIE,3,3
6637,PPZBNI,3,3
6638,AZAYUV,2,2
6639,TIJWIT,2,2
6640,ARAMIQ,3,3
6641,WACVEE,2,2
6642,IGATUF,3,3
6643,HIRMII,1,1
6644,KEGSUK,1,1
6645,HAHHOO,2,2
6646,SUTXUD,1,1
6647,PEWJIL,3,3
6648,IMACEE,1,1
6649,GOLFOF,2,2
6650,DOBZUS,2,2
6651,LERJAW,1,1
6652,APELAL,1,1
6653,KIZNAK,3,3
6654,JAWZAJ,3,3
6655,PEHZUA,3,3
6656,PUHDIF,2,2
6657,RUCREN,3,3
6658,EPABEE,3,3
6659,VAXMUD,3,3
6660,BOBTET,2,2
6661,XICZIS,3,3
6662,DAMTOC,2,2
6663,YICHUT,2,2
6664,QUVWUA,3,3
6665,IJEMEQ,3,3
6666,SOFZOF,2,2
6667,GAJMIP,3,3
6668,EJIHIP,1,1
6669,ROFDEV,3,3
6670,OCISIG,1,1
6671,ITUHAI,3,3
6672,LITBIZ,2,2
6673,IFIWOK,3,3
6674,JIRJEC,3,3
6675,VOJWIA,3,3
6676,LINFIZ,1,1
6677,PEMPAC,1,1
6678,TIZXEJ,1,1
6679,BAXFIQ,3,3
6680,LESNED,3,3
6681,ZULLUQ,1,1
6682,LAMBOU,1,1
6683,NAZMIN,3,3
6684,AHIGED,3,3
6685,XOKBUV,3,3
6686,MOMCAU,3,3
6687,XUTLEE,2,2
6688,GEGLIP,2,2
6689,DARQIX,3,3
6690,GEDGEB,1,1
6691,QELTEG,3,3
6692,WENPAK,1,1
6693,WIKZOI,3,3
6694,ZAYQIB,2,2
6695,TEMROW,1,1
6696,ZAZCIQ,1,1
6697,GIKXOQ,2,2
6698,UKONUF,2,2
6699,MIXMAI,3,3
6700,TURKOG,3,3
6701,KUPRAO,3,3
6702,TEFDIS,3,3
6703,KECZAT,2,2
6704,LUZLID,1,1
6705,LECSUJ,3,3
6706,BEJBOJ,3,3
6707,QUXWUD,3,3
6708,ADINUY,1,1
6709,MIFRIF,2,2
6710,MIDMES,1,1
6711,XOXZEQ,2,2
6712,XACYUY,1,1
6713,DUHCAL,3,3
6714,SIQGUX,2,2
6715,VUQNEB,2,2
6716,TUCYIC,1,1
6717,PUTCIR,1,1
6718,SAMJAS,1,1
6719,HOKBOB,3,3
6720,HEMTEY,2,2
6721,WIVPAS,2,2
6722,TAZGIK,1,1
6723,XUCFUX,3,3
6724,JOBLIY,2,2
6725,XEPNUC,3,3
6726,IDOWAD,1,1
6727,YOJZAY,2,2
6728,FIFDAC,2,2
6729,ODABEC,2,2
6730,CUMYOY,1,1
6731,RAVCOJ,1,1
6732,JAZQOU,1,1
6733,TAFRUO,1,1
6734,XEKKOR,1,1
6735,ZUTREN,3,3
6736,KUTNOF,1,1
6737,XOLYAZ,1,1
6738,JAYZAO,1,1
6739,AGOBUU,3,3
6740,QIWQEV,3,3
6741,WOWCOC,3,3
6742,WUWFUP,3,3
6743,QOWVII,3,3
6744,MEBGUZ,1,1
6745,IHOREF,1,1
6746,BELCUR,3,3
6747,LIZKAJ,3,3
6748,FEZZUI,2,2
6749,FENKOZ,3,3
6750,MAWSUC,1,1
6751,GUYDUZ,2,2
6752,LIDMES,3,3
6753,UHINAB,3,3
6754,CIXRUA,1,1
6755,JIQDUL,3,3
6756,SAQCOC,3,3
6757,OJODOH,1,1
6758,FUWXEC,3,3
6759,GEKCAC,2,2
6760,HUPKEJ,3,3
6761,YUJDOX,2,2
6762,HUBPUP,3,3
6763,QIFCAM,2,2
6764,NIDTAV,3,3
6765,CIYJAY,2,2
6766,ULUDIO,1,1
6767,SIRPIV,3,3
6768,RIZJEQ,2,2
6769,UJIZOC,1,1
6770,QATLOO,3,3
6771,XOQZEJ,3,3
6772,WEPJUY,3,3
6773,QISSAO,3,3
6774,SARFOJ,2,2
6775,HUMDUR,1,1
6776,LUYLUP,1,1
6777,RIJLAZ,2,2
6778,BASWID,3,3
6779,ROKHOP,1,1
6780,EGAKIJ,2,2
6781,FOYCUR,2,2
6782,UHIPIM,3,3
6783,RACZEB,2,2
6784,NAGYOL,3,3
6785,BODNIV,1,1
6786,NUTWUW,3,3
6787,WIPSAP,3,3
6788,IZIYOG,2,2
6789,HEKWEZ,2,2
6790,YASCAY,3,3
6791,BAKPUZ,1,1
6792,FUVKAJ,2,2
6793,VEJBAQ,3,3
6794,EFAGEA,3,3
6795,YEDQAC,3,3
6796,MEBBIG,1,1
6797,FEFFAX,2,2
6798,TETQUE,3,3
6799,TIFVOT,2,2
6800,AKOWUT,2,2
6801,PIHMOL,3,3
6802,OPADIT,3,3
6803,NOMJAD,3,3
6804,XUQMAA,1,1
6805,KEHLEO,1,1
6806,TISHAE,2,2
6807,NUZLAW,3,3
6808,LUVSEC,2,2
6809,WUFFOS,3,3
6810,TAXFON,2,2
6811,NONVAO,2,2
6812,UBOXER,1,1
6813,XOZREJ,2,2
6814,UNOJAJ,3,3
6815,LUTBIN,3,3
6816,NIKGIY,3,3
6817,GIBQIT,3,3
6818,CUDNAS,3,3
6819,RITZOK,3,3
6820,VOMGAH,3,3
6821,NUJDED,3,3
6822,NARPOL,1,1
6823,WACDUA,2,2
6824,VIXRUQ,3,3
6825,QUSMIC,3,3
6826,YUMJOI,1,1
6827,ZIFLIJ,2,2
6828,CISZUA,3,3
6829,POPQAM,1,1
6830,TACMUG,2,2
6831,ANOHUJ,1,1
6832,WIBDIV,3,3
6833,CORPUX,3,3
6834,NOGFEW,1,1
6835,NAMLEV,2,2
6836,FEZHEZ,1,1
6837,REKZOZ,3,3
6838,CHPFBF,2,2
6839,ALAGOK,2,2
6840,DOGGOW,1,1
6841,HIKBIO,1,1
6842,BEGNIO,1,1
6843,MIQZOC,2,2
6844,JEYGAV,1,1
6845,WIJGIG,3,3
6846,WUBCAX,3,3
6847,RUFSOA,2,2
6848,AFOYUP,1,1
6849,BEZZOZ,1,1
6850,FIKXAZ,3,3
6851,DASBAE,1,1
6852,ESOTEM,3,3
6853,GAFBOH,3,3
6854,QANQOM,2,2
6855,XOTLOH,1,1
6856,CPTICB,1,1
6857,ESOCEW,1,1
6858,LITKOS,1,1
6859,HECMEI,3,3
6860,KIFWED,2,2
6861,YIQVUP,2,2
6862,SOWVOQ,2,2
6863,SUWSUB,1,1
6864,XILPOB,1,1
6865,SICLOJ,1,1
6866,CENNIT,1,1
6867,IWEFOH,1,1
6868,OHUTOB,3,3
6869,ETOHEC,3,3
6870,QESXEU,3,3
6871,DILJUG,1,1
6872,BAXZUY,2,2
6873,BOKQUQ,3,3
6874,ZAWZUU,3,3
6875,HOXJUZ,3,3
6876,EJERUI,3,3
6877,GATLES,3,3
6878,DIBJUU,3,3
6879,KIFYIH,3,3
6880,ZURXAL,3,3
6881,ATOSEI,2,2
6882,BODRUI,3,3
6883,YAVKAK,2,2
6884,ULUSEA,3,3
6885,ULIJOR,1,1
6886,YELPUB,3,3
6887,FECWOC,3,3
6888,BONRIF,3,3
6889,OROWOJ,2,2
6890,MAYJUS,2,2
6891,GUCBAJ,2,2
6892,MOYWIG,3,3
6893,CAYREB,2,2
6894,GOGPEA,2,2
6895,ZOPYAG,3,3
6896,CENWEB,1,1
6897,NOLYIY,3,3
6898,QERLEE,1,1
6899,KIGHUE,3,3
6900,LASDEP,3,3
6901,GIDBOK,2,2
6902,IQOHUR,2,2
6903,JIZNOW,2,2
6904,TAFWEF,3,3
6905,SOXKEY,3,3
6906,YERFUX,3,3
6907,LIMTEJ,3,3
6908,YEQTUK,2,2
6909,SADCEI,3,3
6910,LAFTER,2,2
6911,QERGUT,1,1
6912,XEPKEJ,2,2
6913,XEBGUJ,2,2
6914,ZANPEM,1,1
6915,VIHXER,3,3
6916,XIVJER,1,1
6917,OVEXAP,1,1
6918,UDEJOC,3,3
6919,HAZCUJ,3,3
6920,CUVYEA,1,1
6921,HEYWOY,1,1
6922,WACFOZ,1,1
6923,DISHUM,1,1
6924,SAKWEK,1,1
6925,DALYOF,3,3
6926,XAMLAA,1,1
6927,LIJHUH,3,3
6928,QAXMEL,1,1
6929,PIFMAU,3,3
6930,KUJTUH,1,1
6931,MEPBAL,2,2
6932,ZOLGOZ,1,1
6933,JIXQAJ,3,3
6934,JUKKEI,1,1
6935,OKOVEP,2,2
6936,IMODOE,2,2
6937,ABOXIA,1,1
6938,MUCDOD,1,1
6939,AYUNIT,2,2
6940,ARADOO,2,2
6941,SUVBIX,1,1
6942,ULOPAO,1,1
6943,OTOYIH,3,3
6944,NAWHEA,3,3
6945,ODUCUO,3,3
6946,AJUDAN,1,1
6947,GUHHUM,3,3
6948,SERREN,1,1
6949,AKENIN,2,2
6950,KOKGUP,2,2
6951,UKEYEP,3,3
6952,ESOHUQ,3,3
6953,DAQCEH,1,1
6954,RIYJUF,3,3
6955,APIZIJ,2,2
6956,KUPPUH,3,3
6957,LODMAV,3,3
6958,LIBGAF,2,2
6959,PEKFUJ,1,1
6960,PEFXAC,1,1
6961,HIJXED,3,3
6962,SUKFIQ,1,1
6963,QABYAX,1,1
6964,IFEXID,3,3
6965,EQIJAR,3,3
6966,KADPAI,3,3
6967,SAWGEE,3,3
6968,REJGEW,1,1
6969,FUDLOG,2,2
6970,KAGBAZ,1,1
6971,QANHAS,1,1
6972,LEMVEF,3,3
6973,JISYOA,3,3
6974,RASLII,3,3
6975,UJUZEE,2,2
6976,SEWZIH,1,1
6977,VETCOM,2,2
6978,IZOVUP,1,1
6979,FEVRUW,3,3
6980,XOZNUV,3,3
6981,YUYGEF,3,3
6982,JAPJIT,3,3
6983,XAVBII,2,2
6984,YADKET,3,3
6985,TETCEA,2,2
6986,AGISER,2,2
6987,QEHQID,1,1
6988,GAGCUN,2,2
6989,SIDRED,3,3
6990,ZOJJAJ,3,3
6991,YODXUL,3,3
6992,KAHZUP,3,3
6993,KEVZIV,2,2
6994,LIDZIJ,3,3
6995,RERREN,1,1
6996,ODALEL,3,3
6997,GAXJEU,1,1
6998,RUQROM,2,2
6999,GABYEO,3,3
7000,QASKEC,2,2
7001,CALBEW,2,2
7002,FOGNOF,1,1
7003,BAYLOE,2,2
7004,WIDGIB,3,3
7005,FAWNAT,2,2
7006,FEZXAN,1,1
7007,DOHZEH,3,3
7008,OXTIPC,1,1
7009,RUFFUW,1,1
7010,BERGEL,1,1
7011,JAZFAS,2,2
7012,YIJFUW,1,1
7013,BEKFEE,3,3
7014,SOYVOT,1,1
7015,RIFHUL,3,3
7016,WEGRUW,3,3
7017,NORHOR,3,3
7018,YERZED,1,1
7019,RAYYOG,3,3
7020,PAWWIU,3,3
7021,LIZLIP,3,3
7022,JALMIW,1,1
7023,QADTOH,3,3
7024,YAZSIB,1,1
7025,QAGHAH,3,3
7026,GIRWOW,1,1
7027,POQKOY,2,2
7028,ABETAF,3,3
7029,QEYJEJ,1,1
7030,WOYDET,2,2
7031,ZUKPIG,3,3
7032,QAHKAP,1,1
7033,XADKET,1,1
7034,VAFNAT,3,3
7035,LIHLOG,2,2
7036,KIHKUJ,3,3
7037,ECEZAQ,1,1
7038,OBALOU,2,2
7039,KUDTUZ,3,3
7040,DECKUS,3,3
7041,OMEDOA,3,3
7042,KISYOA,2,2
7043,XOGQAM,1,1
7044,FOHJIX,3,3
7045,ANOJOF,1,1
7046,METWEO,3,3
7047,KUQDUX,2,2
7048,WEWMIX,3,3
7049,LUXMUO,2,2
7050,XUMFOD,1,1
7051,RIVWIC,2,2
7052,TUSTEH,2,2
7053,MOJMUV,3,3
7054,DUFFER,3,3
7055,XAYCEG,2,2
7056,CECGIB,2,2
7057,SIMNAF,3,3
7058,GUNGUT,2,2
7059,BEQYEE,3,3
7060,GADFAU,2,2
7061,TOGWER,3,3
7062,HALFEG,1,1
7063,GIZVAO,1,1
7064,TONPAP,3,3
7065,WETHIQ,1,1
7066,LUPREU,2,2
7067,GIYJOO,2,2
7068,UCAXIF,2,2
7069,MAXWIS,2,2
7070,NERXOZ,2,2
7071,TAYGOQ,3,3
7072,UJEWEM,3,3
7073,ESILEY,3,3
7074,OLOHIH,3,3
7075,BAZBIP,2,2
7076,NOZGOY,3,3
7077,TISFUX,3,3
7078,CIHQUF,1,1
7079,FASPAT,3,3
7080,EWOWUJ,3,3
7081,POFSUY,2,2
7082,HAKQET,1,1
7083,QEFTAY,3,3
7084,SUCPEL,3,3
7085,LADGIJ,3,3
7086,RAKROL,3,3
7087,KENQUR,2,2
7088,BEJWOE,2,2
7089,KEMCUA,2,2
7090,UMEKEC,2,2
7091,LOKYUF,3,3
7092,ABOZEW,1,1
7093,BAKPOT,1,1
7094,PIFVAB,3,3
7095,FIYHUT,2,2
7096,HEYNUU,2,2
7097,XUTNEG,1,1
7098,KIWNEK,2,2
7099,VULVON,2,2
7100,EYEQAC,3,3
7101,CEQYEE,3,3
7102,CENROE,2,2
7103,BOFSEV,3,3
7104,WEWHUE,3,3
7105,FIZVAO,2,2
7106,MAFDUT,1,1
7107,TIRRUH,1,1
7108,TANQOP,3,3
7109,XEYLUM,1,1
7110,WUGRUM,1,1
7111,LEHRIZ,3,3
7112,JIQZER,1,1
7113,XIRDAF,2,2
7114,ANAFON,1,1
7115,JITBOH,1,1
7116,IJOTOQ,1,1
7117,JIMZAH,3,3
7118,TAMZAJ,2,2
7119,ITUJAK,3,3
7120,BERLAO,3,3
7121,QOKDIE,2,2
7122,GECLOT,1,1
7123,TUHXUS,1,1
7124,SEFCIP,1,1
7125,EMUTUB,2,2
7126,LIXQIS,2,2
7127,RAXQIQ,2,2
7128,LANKAM,2,2
7129,LECSOD,3,3
7130,JASDOA,1,1
7131,FIPTED,1,1
7132,XICXIQ,2,2
7133,EXIREL,1,1
7134,FEKQEU,1,1
7135,QAXFAX,2,2
7136,PEFTAY,1,1
7137,VIYXIK,2,2
7138,ORONUF,1,1
7139,AKAPIN,3,3
7140,BOHCAG,1,1
7141,BOKQAT,2,2
7142,VIQRAO,2,2
7143,RECLAO,3,3
7144,XUYLAE,3,3
7145,CAHBOG,1,1
7146,QOXYEH,2,2
7147,YOYBIX,1,1
7148,YIQMUG,1,1
7149,NALDAH,1,1
7150,BOHZON,2,2
7151,JIPPOR,1,1
7152,HAQKOD,1,1
7153,PIWXUR,1,1
7154,BIHQUF,3,3
7155,GASPAT,3,3
7156,TOLVAS,3,3
7157,CIXGUN,2,2
7158,DIBSOY,2,2
7159,UBUNOX,1,1
7160,CAFBOB,2,2
7161,TEWDII,1,1
7162,KUGVEO,3,3
7163,POZXAE,1,1
7164,LAQGOC,2,2
7165,MUPBAA,2,2
7166,OMEXIP,3,3
7167,JUBPEE,1,1
7168,LISNEJ,3,3
7169,UZEBIL,2,2
7170,OLURAP,3,3
7171,XINMOA,1,1
7172,WAHBAK,3,3
7173,POVPOG,1,1
7174,FUVNEQ,3,3
7175,RUKMOZ,2,2
7176,RASYER,3,3
7177,TIRWIB,3,3
7178,LAWZEP,1,1
7179,MEVMAB,3,3
7180,XODFIF,1,1
7181,UFOLUX,3,3
7182,VUPHAS,1,1
7183,JIYWIX,3,3
7184,PIXWAU,2,2
7185,KIZWUL,2,2
7186,SIBSIF,3,3
7187,XEWLUH,1,1
7188,NICZUU,2,2
7189,CUFDAJ,1,1
7190,OJECOX,3,3
7191,LEXTOY,1,1
7192,TIRPOD,1,1
7193,XOBKEI,1,1
7194,QOWDOW,2,2
7195,ENEHIO,3,3
7196,EVUJAH,1,1
7197,IRICEU,1,1
7198,USEHEG,1,1
7199,XERXIE,3,3
7200,NAPZOU,2,2
7201,UTIREX,1,1
7202,IJIPIC,3,3
7203,ARULOP,1,1
7204,YEFLOK,2,2
7205,LIHYAC,1,1
7206,MEZBIF,2,2
7207,VISJIT,3,3
7208,LEKYEH,3,3
7209,WAJCEQ,3,3
7210,DENNAM,1,1
7211,HATCAJ,3,3
7212,BOHDEI,3,3
7213,UJOLOX,1,1
7214,CADZEQ,1,1
7215,GUQGOR,1,1
7216,RONLOX,3,3
7217,TENBOF,1,1
7218,EFIVAQ,3,3
7219,WENRAI,3,3
7220,ZOJXIH,3,3
7221,GIDYOK,2,2
7222,VEBSEA,2,2
7223,XIHLUY,2,2
7224,DAKRIS,2,2
7225,JEGSOE,3,3
7226,CIMKEP,2,2
7227,WUFDOQ,3,3
7228,XEXZOQ,3,3
7229,GAKBEC,2,2
7230,YIKBEA,2,2
7231,HINFES,1,1
7232,FEVBEQ,3,3
7233,QOVPOG,3,3
7234,NIHYIP,2,2
7235,UROFOX,2,2
7236,REDLAQ,3,3
7237,XAYSAS,3,3
7238,VONYAA,3,3
7239,RAPLAX,2,2
7240,HIZLIM,3,3
7241,SOVGEQ,1,1
7242,QEGWAD,2,2
7243,GIVWEP,2,2
7244,FOJWIL,2,2
7245,QEWQEO,2,2
7246,YACGEP,3,3
7247,LUSPAR,3,3
7248,ICAWIU,2,2
7249,EMOPUU,1,1
7250,XUVVOC,1,1
7251,UKUMIY,1,1
7252,LOGMIG,2,2
7253,VUKVOP,1,1
7254,VAPPEK,3,3
7255,UQEBAV,3,3
7256,YUQCUK,1,1
7257,NEMCAN,1,1
7258,GAFNOR,2,2
7259,FIDYOK,1,1
7260,BISCOZ,1,1
7261,CAFWUC,2,2
7262,ALOBEI,3,3
7263,HOVQUH,1,1
7264,IJESUO,1,1
7265,PUCGOM,1,1
7266,TEYSIA,3,3
7267,QICWEF,3,3
7268,MEBPOY,2,2
7269,KAHTOF,3,3
7270,XOSPIG,2,2
7271,DIWTOV,3,3
7272,FAJVES,2,2
7273,NEXDAV,2,2
7274,SOYXUB,3,3
7275,NICHIR,1,1
7276,MAVPOP,2,2
7277,YENMUA,2,2
7278,SISHEH,2,2
7279,RANTOQ,3,3
7280,DELVIA,3,3
7281,ZABDOV,3,3
7282,BUVBEA,3,3
7283,HETNID,2,2
7284,VEBTAX,2,2
7285,JARNEV,2,2
7286,VAVMOX,2,2
7287,ESETOO,1,1
7288,LUKLEJ,3,3
7289,FUXWEA,2,2
7290,HEWRIO,1,1
7291,IPUGEF,3,3
7292,VUNWEH,3,3
7293,IRAWIJ,2,2
7294,HEDDUS,3,3
7295,EKAKEG,3,3
7296,FIQPOK,3,3
7297,XIGDID,2,2
7298,SOYVUZ,3,3
7299,UBEFIT,2,2
7300,QEGGIS,3,3
7301,LORDIG,3,3
7302,VOPVAY,3,3
7303,XUCQAP,1,1
7304,QIXPIX,3,3
7305,XOTNOJ,1,1
7306,XEMTIW,1,1
7307,DETCEL,3,3
7308,REYHOS,3,3
7309,PUFQEO,2,2
7310,WALYEP,2,2
7311,TOZZAM,1,1
7312,RENKUS,3,3
7313,KANPEW,3,3
7314,WAVJEJ,2,2
7315,JOGXAF,2,2
7316,COHJEQ,3,3
7317,NOVFEM,1,1
7318,EFIHEJ,3,3
7319,NATDUL,1,1
7320,HOTLOR,3,3
7321,AFELIG,3,3
7322,ECOJAL,1,1
7323,BAYLUK,2,2
7324,PEBQOE,3,3
7325,ERIWEK,1,1
7326,ESUNUD,2,2
7327,QOXKUL,2,2
7328,WELZAR,3,3
7329,MABSEP,2,2
7330,JUTLAO,1,1
7331,GODGAI,3,3
7332,QEKFOD,3,3
7333,KUDTOT,3,3
7334,FULTAJ,3,3
7335,NINFUL,2,2
7336,FOXNOY,1,1
7337,JERCAL,3,3
7338,LALXUS,3,3
7339,KAPFEM,1,1
7340,DAFNIJ,2,2
7341,LOMHEA,2,2
7342,XOWLIE,1,1
7343,FEKTUK,3,3
7344,YIXVOR,2,2
7345,BIHCEB,1,1
7346,WIFJAA,1,1
7347,ADEQOS,1,1
7348,ULUVAZ,1,1
7349,FOCKUH,1,1
7350,MAYZIV,3,3
7351,NEJZAE,1,1
7352,BONBUC,2,2
7353,NABZEV,2,2
7354,NOMHOM,2,2
7355,VAHLAS,3,3
7356,XOZPEH,3,3
7357,JATCEM,3,3
7358,VIFTIN,2,2
7359,KIJMOG,2,2
7360,XAKJEY,1,1
7361,XOGDAB,2,2
7362,ONOKIO,1,1
7363,ABIGAX,1,1
7364,PACCUU,1,1
7365,VAWGIL,2,2
7366,DOPSOT,1,1
7367,ZICVAM,1,1
7368,DUPVUG,3,3
7369,CAMSAK,1,1
7370,FEZSIN,2,2
7371,ZOLPUN,2,2
7372,FASPOH,1,1
7373,GUZHIT,2,2
7374,NEDMAM,2,2
7375,CAJMIM,3,3
7376,POMGEE,2,2
7377,IVEVIQ,2,2
7378,XEJZER,3,3
7379,ROFQIM,2,2
7380,MUCDUJ,1,1
7381,DOSXAN,2,2
7382,XEKWIT,3,3
7383,CUXBIG,2,2
7384,JIZLOU,2,2
7385,LASFER,3,3
7386,FUDPEB,1,1
7387,XEFKEY,1,1
7388,REVBEA,3,3
7389,IBIQAN,2,2
7390,QAXXET,3,3
7391,JAHCAW,3,3
7392,NEVTIS,3,3
7393,TEWZOM,3,3
7394,VUTZOB,2,2
7395,GIFXEZ,2,2
7396,HAFJAC,3,3
7397,FABKAY,1,1
7398,NISWOD,3,3
7399,GOBJOY,1,1
7400,WACTID,3,3
7401,GAWKEX,2,2
7402,YEWYAB,1,1
7403,VANVOY,3,3
7404,ZAGKIB,1,1
7405,BUDLAQ,1,1
7406,NAPSIK,1,1
7407,HUWWAZ,3,3
7408,KIBYOL,2,2
7409,VOWFES,2,2
7410,CPTPTI,1,1
7411,TEKHUO,2,2
7412,NIBRIZ,2,2
7413,TEFXOU,1,1
7414,EREXOP,3,3
7415,IBUZUE,1,1
7416,NUSNOE,2,2
7417,ZURZAN,2,2
7418,MOCQIE,2,2
7419,WIXGUI,3,3
7420,HAZJEY,2,2
7421,KISKIH,3,3
7422,FEKQIV,3,3
7423,LAHHOR,2,2
7424,FOHVAB,2,2
7425,OBOPEB,3,3
7426,TOKQIW,3,3
7427,COTSOU,2,2
7428,BEYDAO,1,1
7429,EVEKOF,1,1
7430,TOVKAQ,1,1
7431,HUNZUL,3,3
7432,HOTBAV,2,2
7433,VEVRUM,3,3
7434,TIVNUJ,3,3
7435,XOQVEG,3,3
7436,PAGJAJ,3,3
7437,RUMGIP,3,3
7438,HARWOO,3,3
7439,PAJCUY,3,3
7440,MEDCEE,3,3
7441,UWUZIW,2,2
7442,YOGSAO,1,1
7443,OJOFAV,1,1
7444,RACJUD,3,3
7445,MEQSEG,1,1
7446,NEHLER,2,2
7447,FUBDEL,2,2
7448,DEPMUJ,2,2
7449,FEQLEW,1,1
7450,EQIFOC,1,1
7451,GUKSEM,1,1
7452,RIZZUW,1,1
7453,OCOYUC,3,3
7454,XEBGOD,1,1
7455,WEQWIY,2,2
7456,QORKIT,3,3
7457,HAZCOD,3,3
7458,TITMIT,3,3
7459,FEPFOW,1,1
7460,LUWRIH,1,1
7461,VOTJOG,1,1
7462,SERPEL,3,3
7463,TEZQAR,1,1
7464,SEKQEE,3,3
7465,TIFZOY,3,3
7466,GUHJUO,3,3
7467,VIRGIQ,1,1
7468,AQITEC,1,1
7469,ICOWED,3,3
7470,LELGAM,3,3
7471,QAVXEQ,3,3
7472,GEKQIA,1,1
7473,FECKEF,3,3
7474,CAJCEV,2,2
7475,SIHFAT,3,3
7476,WAWNAN,1,1
7477,SANXUE,1,1
7478,QUSXIL,3,3
7479,QATGID,1,1
7480,RISHIK,1,1
7481,EYADIT,3,3
7482,YEQTOE,2,2
7483,CIKXOL,1,1
7484,CADMIH,1,1
7485,PORNUI,3,3
7486,PEFDIN,3,3
7487,YAGROO,2,2
7488,ANOHOD,1,1
7489,QIBQUR,1,1
7490,JURFIN,3,3
7491,KIJTAY,1,1
7492,YIXCUD,1,1
7493,HUJJOM,1,1
7494,PORBAA,2,2
7495,RIYSAV,2,2
7496,IWACUF,3,3
7497,JOMJAY,3,3
7498,UNOSUM,3,3
7499,AXUNIQ,3,3
7500,LEQSEG,3,3
7501,YEFLAW,3,3
7502,XUZWEW,3,3
7503,NUNSAR,3,3
7504,UPEPIQ,3,3
7505,KEZWAP,3,3
7506,UBIRUU,2,2
7507,GEMLAM,3,3
7508,EJUSOU,1,1
7509,XAQYET,3,3
7510,WIRWOM,1,1
7511,RAGTAV,2,2
7512,JOBPOH,3,3
7513,VUKFEO,3,3
7514,FARQUN,2,2
7515,ZOWLAA,1,1
7516,HOHKOF,3,3
7517,CIPQAU,2,2
7518,WELJEF,3,3
7519,MITYIZ,2,2
7520,PUJYIE,2,2
7521,VEYDOT,3,3
7522,YAYDOU,3,3
7523,RIWCEG,1,1
7524,RALKOG,3,3
7525,TICKOI,3,3
7526,VOTCEM,2,2
7527,IXANUR,2,2
7528,XINCON,1,1
7529,PIPDID,1,1
7530,HUMDAW,2,2
7531,YOQJUL,3,3
7532,DOZTUJ,1,1
7533,CAPWAU,3,3
7534,ROFXAO,3,3
7535,VETCUT,1,1
7536,ELISAV,3,3
7537,ZEPNIU,1,1
7538,IQEZOT,3,3
7539,JARYIO,1,1
7540,FUFHOF,3,3
7541,DIYMOQ,3,3
7542,BAJTEL,3,3
7543,BEGBEV,2,2
7544,NOHNOP,3,3
7545,PEDKAK,3,3
7546,CHXPCO,2,2
7547,WIBTUW,3,3
7548,OKOJOQ,1,1
7549,HAQPUN,1,1
7550,ULALIC,1,1
7551,KUGXES,1,1
7552,ODUDIC,3,3
7553,NILKEZ,3,3
7554,DOWSOY,2,2
7555,JUSWUP,2,2
7556,AMAWIV,2,2
7557,FUPSAM,2,2
7558,GELHEM,3,3
7559,XEKGOL,3,3
7560,TULHAJ,3,3
7561,MECJOU,1,1
7562,GAZWIQ,1,1
7563,UNAVIQ,2,2
7564,TAKNOK,3,3
7565,PITHAB,1,1
7566,JUDMAY,3,3
7567,ICITET,3,3
7568,MEGHIS,3,3
7569,DECBES,2,2
7570,EDEZIA,1,1
7571,EWOREP,3,3
7572,XEZRON,1,1
7573,QACFIL,3,3
7574,XATXAT,2,2
7575,KEDHIL,2,2
7576,LAFVET,2,2
7577,OXAKUW,1,1
7578,XUFYOM,2,2
7579,MACPFE,2,2
7580,ILINEZ,1,1
7581,CAQSEU,3,3
7582,UKEBIW,3,3
7583,COXKEG,2,2
7584,HEYBOE,3,3
7585,QUPSEZ,2,2
7586,EHOCAG,2,2
7587,BOCPUF,3,3
7588,VIHZET,3,3
7589,DIHVAS,1,1
7590,YEVJEO,2,2
7591,AKOWAB,1,1
7592,XAHXEN,1,1
7593,EWIHIE,1,1
7594,FORLII,3,3
7595,KUHPUZ,3,3
7596,NEFGUB,3,3
7597,BAWPEV,3,3
7598,KAWMUQ,2,2
7599,XIDQOU,1,1
7600,SUVWIS,1,1
7601,DIBMIN,2,2
7602,XEFRIK,2,2
7603,DUGWUX,3,3
7604,COJKAO,3,3
7605,RARHUO,1,1
7606,UHIKII,1,1
7607,SUJBUW,3,3
7608,WUVBEU,2,2
7609,FUVPAN,2,2
7610,RUWDOE,2,2
7611,BERBAD,3,3
7612,RUWJAV,2,2
7613,FEFJAF,1,1
7614,MAQPAV,3,3
7615,HIGXAW,2,2
7616,DUCYEI,1,1
7617,KISYUK,1,1
7618,HARPIZ,2,2
7619,AJIFEE,2,2
7620,XUDHOT,3,3
7621,RIBMOF,3,3
7622,TIBXIL,2,2
7623,NICXAA,3,3
7624,ADUNEU,3,3
7625,HUCMIC,3,3
7626,KIRVAI,3,3
7627,BIFZIB,3,3
7628,KAYXOB,1,1
7629,MAZVAN,2,2
7630,MAYJON,3,3
7631,VOFCAV,2,2
7632,ROHXAN,2,2
7633,TOBTUB,3,3
7634,VOXKIC,2,2
7635,KADKOQ,1,1
7636,YOMQEW,3,3
7637,ZOYRIO,2,2
7638,DUBSOI,3,3
7639,UMEBAQ,3,3
7640,OQUGAJ,3,3
7641,ZECZOA,1,1
7642,HIYWOD,1,1
7643,PAJTUP,3,3
7644,BURBUL,3,3
7645,HUVTAT,3,3
7646,MIJJUN,2,2
7647,ZOGZAZ,3,3
7648,RIFHOF,3,3
7649,ADEVIQ,3,3
7650,HERFUF,3,3
7651,BELMOW,3,3
7652,QUSHOC,3,3
7653,XAJBUF,3,3
7654,UXUGOL,2,2
7655,EYIPIL,3,3
7656,KAGNOX,1,1
7657,XAVWIB,3,3
7658,HUYNOE,1,1
7659,YABZAE,2,2
7660,GUYHUD,3,3
7661,QOHQAH,3,3
7662,DOWQUB,2,2
7663,ORALAW,2,2
7664,NUXVEI,2,2
7665,VAPPIL,1,1
7666,XATQIV,3,3
7667,LEZBEA,2,2
7668,QOPJOU,2,2
7669,XOKKIU,3,3
7670,CMTPCU,3,3
7671,FECBOH,3,3
7672,OHUTUH,3,3
7673,VERRIT,2,2
7674,NOGTAE,2,2
7675,JACKOO,2,2
7676,FEYFOH,3,3
7677,YOBKIN,1,1
7678,TOXRON,2,2
7679,LOZBUX,2,2
7680,FAWLAR,2,2
7681,LAVNIG,3,3
7682,ZOMVIJ,3,3
7683,JOBWIJ,1,1
7684,WUZTAP,1,1
7685,SUYQUA,2,2
7686,XILPUH,1,1
7687,NIVXEW,1,1
7688,LANBEH,3,3
7689,VETTUJ,3,3
7690,MIPBAQ,3,3
7691,NAKQUO,3,3
7692,SASYIU,1,1
7693,QAGJAN,1,1
7694,KIWYIA,2,2
7695,BEXYIN,1,1
7696,GUVNIV,3,3
7697,SOSDUA,1,1
7698,GAKBID,3,3
7699,EKEWIB,3,3
7700,LUQXAZ,1,1
7701,LIRDAR,1,1
7702,JORXET,3,3
7703,NECSIX,3,3
7704,HECHAA,2,2
7705,LOSNAK,2,2
7706,MIVMUZ,1,1
7707,BUFMEX,1,1
7708,SUZHEC,3,3
7709,WOFZOH,1,1
7710,EVUDAC,3,3
7711,QIYMAN,2,2
7712,MEXDEB,1,1
7713,KANYON,3,3
7714,TOXBIR,2,2
7715,WEGLEZ,3,3
7716,ILODOD,2,2
7717,PUBMIJ,3,3
7718,CATKOX,3,3
7719,BESXOP,3,3
7720,BUPXES,1,1
7721,ATOMUS,3,3
7722,GEVGUK,2,2
7723,KEBNUE,1,1
7724,QOKSEO,2,2
7725,CORPOR,3,3
7726,EJUJAX,1,1
7727,CEKJIO,3,3
7728,MAFHOS,2,2
7729,YERFOR,3,3
7730,ECOCIJ,3,3
7731,JEBREN,2,2
7732,EBEZAP,3,3
7733,CITSEH,1,1
7734,LUVHEP,2,2
7735,QIWCOO,2,2
7736,DECKON,1,1
7737,ZOLKAO,3,3
7738,AXEHOA,3,3
7739,JEDXOG,2,2
7740,JODCIS,1,1
7741,QOCWAG,3,3
7742,QEZCII,2,2
7743,ULIVES,3,3
7744,WOGWAQ,1,1
7745,NECJEN,3,3
7746,QEGNAU,1,1
7747,ONEPAA,2,2
7748,EYIYAN,2,2
7749,HASJEQ,2,2
7750,RIGBEQ,3,3
7751,DISHOG,1,1
7752,FULMOP,3,3
7753,PUDPAF,3,3
7754,FAXHES,3,3
7755,GECBOH,3,3
7756,OHUQIU,1,1
7757,AVAWUS,1,1
7758,UDEJUI,3,3
7759,DECRAG,1,1
7760,LIFWAZ,2,2
7761,MOMVOB,2,2
7762,QUBMIJ,2,2
7763,EBOSUJ,3,3
7764,BATKOX,1,1
7765,HILPOK,1,1
7766,FECWUI,3,3
7767,ITIXUF,2,2
7768,CADSAC,1,1
7769,CUWSUK,2,2
7770,PITSUG,3,3
7771,TOKFII,3,3
7772,HAWXEK,2,2
7773,BEKJIO,1,1
7774,QEMPUU,3,3
7775,FEBVOX,3,3
7776,EJEROC,3,3
7777,ZAPJIJ,2,2
7778,OLIRIM,2,2
7779,MAVGAR,2,2
7780,QIXGIQ,2,2
7781,NIDVOL,3,3
7782,JEVHOL,1,1
7783,QIMWIS,2,2
7784,OWEFII,1,1
7785,YUHLUI,2,2
7786,SIZVOP,2,2
7787,YEXXUY,1,1
7788,EROTIO,1,1
7789,IFAXAO,3,3
7790,VIJYUI,2,2
7791,WEDWAH,1,1
7792,YEFREH,3,3
7793,ADOXUQ,1,1
7794,LAZHEB,2,2
7795,LAQRUQ,3,3
7796,SOQGEK,2,2
7797,LAYZEQ,3,3
7798,XIXZUB,2,2
7799,YAWSAR,3,3
7800,WAJJOH,2,2
7801,REZCOQ,2,2
7802,NEBYOL,2,2
7803,PUMRUM,2,2
7804,HIDZID,3,3
7805,WOWCUI,2,2
7806,HIWLUX,3,3
7807,TATRIR,1,1
7808,HOFBIN,3,3
7809,VUBHEH,3,3
7810,EHINAK,1,1
7811,ZOHNOD,1,1
7812,PARCAN,3,3
7813,IFUPUU,3,3
7814,FOSFOJ,3,3
7815,JIFKAN,3,3
7816,MENXAH,1,1
7817,DUZJUD,2,2
7818,FETTAB,1,1
7819,HIJTEZ,3,3
7820,AFANAY,3,3
7821,BUWFAA,3,3
7822,RIWDOQ,3,3
7823,TURKUM,2,2
7824,ZISPIA,2,2
7825,YAFFAP,2,2
7826,ADINOS,2,2
7827,XICXIU,1,1
7828,PULTIZ,2,2
7829,GACJUP,2,2
7830,GUPDOK,2,2
7831,QAHKUF,1,1
7832,IKUGUS,3,3
7833,GIJWAY,3,3
7834,FUSHEH,3,3
7835,PUYDIX,1,1
7836,XIVHIW,3,3
7837,KELWUU,1,1
7838,WECNOH,2,2
7839,TIZZEL,1,1
7840,COFMOB,1,1
7841,LESLEB,2,2
7842,ZIBBOE,3,3
7843,KIGFOW,2,2
7844,TOSXUU,3,3
7845,VELDEZ,1,1
7846,FOBSOH,3,3
7847,VOXLAY,1,1
7848,GANCAC,1,1
7849,LEYYAS,3,3
7850,OGOHAV,2,2
7851,DEDBIY,2,2
7852,FUGBIV,1,1
7853,NESLON,3,3
7854,SAVXAR,2,2
7855,MEHLAQ,1,1
7856,SOGLOP,2,2
7857,FELHIN,3,3
7858,CAFRIM,3,3
7859,IPODOG,1,1
7860,XUGVUS,3,3
7861,XATXOH,2,2
7862,WEWJOZ,3,3
7863,TEYVUO,2,2
7864,GOCNER,2,2
7865,FAVQEC,1,1
7866,FASGAJ,1,1
7867,EGUZIS,3,3
7868,HIRJUR,1,1
7869,KAJBIJ,2,2
7870,KEMCUE,1,1
7871,COGWAA,1,1
7872,QOVRUO,3,3
7873,UNAFAQ,3,3
7874,DAWGUD,3,3
7875,GAMJUB,1,1
7876,PEJBEO,3,3
7877,ODOPAC,1,1
7878,DUHXOT,2,2
7879,PEWZUM,2,2
7880,MOSPEP,1,1
7881,SIHSUZ,3,3
7882,OTEYAQ,1,1
7883,ZUYLIR,1,1
7884,SEJWUB,3,3
7885,WEJNOS,1,1
7886,XEJHUR,2,2
7887,JISWUD,3,3
7888,HFULFE,2,2
7889,FEZZOC,2,2
7890,LIHPIE,2,2
7891,WAFYUX,2,2
7892,GUDPIE,2,2
7893,GOSVIV,2,2
7894,FAMQAP,1,1
7895,WAQTAK,2,2
7896,FUPDOK,2,2
7897,LUYBAI,3,3
7898,JIWYEU,1,1
7899,SAKGUI,3,3
7900,OSELIJ,3,3
7901,FUGGUK,2,2
7902,ASEXOL,3,3
7903,JOPYOE,1,1
7904,DOTVAL,2,2
7905,MAQNEZ,3,3
7906,PIWZOM,1,1
7907,RABPUH,1,1
7908,BOCBEB,3,3
7909,FOTXES,3,3
7910,UMOWIC,3,3
7911,WEPJOS,2,2
7912,HINVAC,2,2
7913,ZUCHIR,1,1
7914,NOMXEV,3,3
7915,ROLZIC,3,3
7916,LAVNED,2,2
7917,IPRNCU,1,1
7918,IYUSOM,3,3
7919,MEJCIP,2,2
7920,NOGVUB,2,2
7921,KEPKAS,2,2
7922,KATZEK,3,3
7923,LAHDUU,3,3
7924,NISLUY,2,2
7925,ESIKAS,3,3
7926,OJOQOT,3,3
7927,USATIU,1,1
7928,DAHRUC,1,1
7929,CPFEFP,2,2
7930,DAXVIL,1,1
7931,EDEZEU,2,2
7932,ROQYOL,1,1
7933,NACGAC,2,2
7934,VAXXUO,1,1
7935,MENCTI,1,1
7936,HIVZOD,1,1
7937,GOTDUO,2,2
7938,GIBMOV,2,2
7939,SAHYAE,3,3
7940,FIVGAW,1,1
7941,FIJPEW,3,3
7942,DAHYER,3,3
7943,SUHFAD,3,3
7944,FETJIZ,2,2
7945,SUKTAW,1,1
7946,COQNUU,3,3
7947,FICYOF,2,2
7948,UWOYAI,3,3
7949,LEXVUF,3,3
7950,YEGVAL,1,1
7951,JEWLEC,2,2
7952,QEGYOS,1,1
7953,OLOQEM,2,2
7954,PAYKOR,2,2
7955,LUQMUG,2,2
7956,CELVUN,1,1
7957,HUHBOE,1,1
7958,XENXOD,3,3
7959,PUCWIU,3,3
7960,AGICUP,3,3
7961,WEYSAV,2,2
7962,MUGJIK,1,1
7963,GECBAT,3,3
7964,OBOYAG,1,1
7965,DAPBIG,2,2
7966,KINXEK,1,1
7967,HOTRIR,2,2
7968,SAQFIC,3,3
7969,DAHNEH,3,3
7970,YEFNUT,3,3
7971,TEMPOQ,1,1
7972,OFEHEM,1,1
7973,YAYMIX,3,3
7974,JAFVUK,2,2
7975,BARHAG,2,2
7976,SIDBUF,3,3
7977,CODKOV,2,2
7978,WIPJUD,2,2
7979,NAPMOK,1,1
7980,EXEDAM,3,3
7981,OBAWOF,3,3
7982,KIBPIV,2,2
7983,MUNZOL,2,2
7984,LEKNEV,1,1
7985,REBQIY,3,3
7986,HEWNUT,3,3
7987,ILAHUB,1,1
7988,CUSTAL,1,1
7989,DOHJUJ,1,1
7990,ZEJTOB,1,1
7991,LEDMEN,3,3
7992,EMISUR,1,1
7993,RIRBOL,2,2
7994,FISVAG,3,3
7995,BELVUN,1,1
7996,HIQSEG,3,3
7997,YOMQIC,2,2
7998,GOLFUL,2,2
7999,FIPJOG,3,3
8000,YAVPAO,3,3
8001,JINXEK,2,2
8002,QEDBEJ,3,3
8003,DEJKAI,1,1
8004,LAJBUV,3,3
8005,MIQTUF,1,1
8006,XORDIS,2,2
8007,YEXZOU,1,1
8008,JAWCUI,3,3
8009,FEZTAG,2,2
8010,DETTIF,1,1
8011,ZEGXES,1,1
8012,MODVAE,2,2
8013,QUPVUS,3,3
8014,XADLUL,3,3
8015,SAVHEF,3,3
8016,QEKVEH,2,2
8017,OWEQEP,1,1
8018,VATWIY,3,3
8019,CEBZUF,2,2
8020,TAYKOX,1,1
8021,NIWPOB,3,3
8022,QEWDIG,3,3
8023,SETZUO,2,2
8024,COFTUN,3,3
8025,VIKJEE,2,2
8026,GIKVOM,3,3
8027,DITCEQ,2,2
8028,KANLOA,2,2
8029,QEBTIE,1,1
8030,RANQEE,3,3
8031,IVUGUB,2,2
8032,YIYNAW,3,3
8033,YIFKED,2,2
8034,WUKCAG,3,3
8035,JISGEB,1,1
8036,TAVQAI,3,3
8037,PORNOC,3,3
8038,DINGEQ,1,1
8039,XUBNIS,3,3
8040,ZILNOZ,3,3
8041,NAQWUZ,3,3
8042,WOJGAE,3,3
8043,DELHUX,1,1
8044,ZOMJAP,3,3
8045,AYIYOX,3,3
8046,TIJWES,1,1
8047,FOLXIQ,2,2
8048,FEXRUV,3,3
8049,TUCPOY,3,3
8050,ITUVEA,3,3
8051,LIJTEG,3,3
8052,MOXZEE,3,3
8053,DILQAQ,1,1
8054,BOLMEW,2,2
8055,BAFGEV,2,2
8056,FATKAN,3,3
8057,EVEKUL,1,1
8058,AXAZUU,1,1
8059,UTOSII,1,1
8060,HONHUO,3,3
8061,EBOSOD,3,3
8062,HUWBAF,1,1
8063,QARQIL,3,3
8064,WIDPIK,3,3
8065,AKAREK,1,1
8066,ISUJEO,1,1
8067,AMIQOC,3,3
8068,KOVXAX,1,1
8069,NEVHAZ,3,3
8070,HINMAT,3,3
8071,DAQDAB,2,2
8072,NAZSOY,3,3
8073,ZIGJUY,1,1
8074,TIMGAY,2,2
8075,TIZJUJ,2,2
8076,TUFQIU,3,3
8077,EXUGOV,3,3
8078,GEDNAG,2,2
8079,DIBFAY,2,2
8080,XALFIZ,2,2
8081,VOJGAE,2,2
8082,NORJUZ,3,3
8083,PORPES,3,3
8084,ULONIS,1,1
8085,NAKVIG,3,3
8086,DEMWEY,3,3
8087,UPIFUV,2,2
8088,UHEFAO,2,2
8089,PAXMEH,2,2
8090,WONYUW,3,3
8091,KAQYOQ,3,3
8092,LAKMUF,2,2
8093,KEKLUK,2,2
8094,CIGLIP,3,3
8095,LUKYEV,2,2
8096,ATADEE,3,3
8097,HUWYUT,2,2
8098,JOJDUI,1,1
8099,FIKVOM,3,3
8100,NOLWEQ,3,3
8101,HISNED,2,2
8102,MAZTAL,1,1
8103,TABBAA,3,3
8104,QEKDOB,2,2
8105,AKIHIL,1,1
8106,FIQBIQ,3,3
8107,WAGJET,2,2
8108,TILTEP,3,3
8109,PAKPIE,1,1
8110,VIDPIK,2,2
8111,NUHLIO,1,1
8112,IZASIL,3,3
8113,ICIQAO,3,3
8114,FEKVUM,1,1
8115,GADMEE,2,2
8116,IMEHEN,3,3
8117,GAMJAG,1,1
8118,LICCEF,1,1
8119,XIDSOW,1,1
8120,RETFED,3,3
8121,UGUMEP,3,3
8122,ONOGEE,1,1
8123,QONGAD,3,3
8124,DOQGUN,3,3
8125,XUDHUZ,3,3
8126,GOFZOR,3,3
8127,FOKXIO,3,3
8128,THFAZN,3,3
8129,KABDAT,3,3
8130,NENZEM,2,2
8131,NINFOF,2,2
8132,BARSAP,1,1
8133,BOXWOB,2,2
8134,ZEWLIZ,2,2
8135,CAHPEI,2,2
8136,QOXKOF,2,2
8137,XAXKAJ,3,3
8138,YUHKIV,1,1
8139,GOSJOP,3,3
8140,EDINOY,1,1
8141,ZOXTOV,2,2
8142,BADQAA,2,2
8143,BAGTAH,3,3
8144,FUWQAQ,3,3
8145,ZAHTAD,1,1
8146,MASMOI,3,3
8147,WIDWOZ,1,1
8148,JONCOE,3,3
8149,RARFAR,2,2
8150,CIJNOZ,3,3
8151,PAWPOW,1,1
8152,QIXWUT,1,1
8153,EXIWOX,2,2
8154,PATBOD,2,2
8155,XUJSAZ,1,1
8156,AGICAU,2,2
8157,QUZJOM,2,2
8158,YIXVUX,2,2
8159,QITMEN,3,3
8160,HEQZAH,2,2
8161,POGNIJ,1,1
8162,SEDWAB,3,3
8163,GEPSOK,3,3
8164,DIJBEF,1,1
8165,JATJUM,3,3
8166,PINYAM,2,2
8167,AKIMUF,1,1
8168,FUPHOQ,1,1
8169,LEYREP,3,3
8170,OGUPEO,1,1
8171,CAQZUQ,2,2
8172,MOQSOC,3,3
8173,HIYWUJ,1,1
8174,FIVLEC,2,2
8175,ZODFUT,1,1
8176,RINWER,1,1
8177,PIFSII,1,1
8178,CIMWAZ,3,3
8179,WAXHEI,2,2
8180,VIRWUP,2,2
8181,QIKQOT,3,3
8182,PAPGOD,3,3
8183,SAVSEQ,3,3
8184,HEWGID,1,1
8185,YINFIN,2,2
8186,CIXKUP,2,2
8187,YUHNUK,3,3
8188,MUDJAZ,1,1
8189,EGABOG,3,3
8190,DALGEE,2,2
8191,MATXUA,1,1
8192,IDISIY,2,2
8193,COTQOS,2,2
8194,BUFQOJ,3,3
8195,WUWSAI,2,2
8196,XIXVUX,1,1
8197,ASIGUF,2,2
8198,EQEBOT,3,3
8199,QOXBEL,1,1
8200,JADWET,3,3
8201,EFELEJ,3,3
8202,JOKROU,1,1
8203,DELZIH,1,1
8204,VEQLEI,2,2
8205,NOBNIB,3,3
8206,PIKVIR,3,3
8207,QICLEU,3,3
8208,NEXFOL,3,3
8209,PITQUE,2,2
8210,KUDFIY,3,3
8211,OHOGOK,1,1
8212,SEYCEH,3,3
8213,FEZTUB,2,2
8214,ZEQXIC,2,2
8215,VEXKAK,2,2
8216,YAXKAJ,1,1
8217,SOBHAS,1,1
8218,SUPXEI,3,3
8219,YIMCIG,3,3
8220,MERCER,3,3
8221,SEVKUA,3,3
8222,FEJYAX,2,2
8223,TELQAE,3,3
8224,GIFJAH,2,2
8225,OHUSIW,1,1
8226,HISRUX,3,3
8227,WEYQOH,1,1
8228,BETDEK,2,2
8229,FAKPOZ,1,1
8230,XIKPOX,1,1
8231,NEKWUV,3,3
8232,WUJYOS,1,1
8233,XETGOS,3,3
8234,WUSXOZ,2,2
8235,TAHWEG,2,2
8236,WEDRIG,1,1
8237,GIPQOP,1,1
8238,ZODCII,1,1
8239,JEVMIH,3,3
8240,YANWIT,3,3
8241,MAMREY,3,3
8242,AGAPEG,3,3
8243,OLEFOB,2,2
8244,UPUCOY,1,1
8245,BOCGOR,2,2
8246,KANYUW,2,2
8247,WUFQAQ,3,3
8248,XOXZIV,3,3
8249,VEZJEQ,2,2
8250,HYXMOA,1,1
8251,QIRYEW,3,3
8252,CETMOA,1,1
8253,RISJIM,2,2
8254,ZOHRIB,1,1
8255,ASILEW,1,1
8256,ACAZIP,1,1
8257,JOCHAM,1,1
8258,FIVKAZ,3,3
8259,JIGZEE,2,2
8260,CEMBOP,1,1
8261,RABWIW,3,3
8262,EBAMIE,2,2
8263,BANDID,3,3
8264,OFAFOR,1,1
8265,XURFOH,1,1
8266,XEYNUK,2,2
8267,ZOYYOD,2,2
8268,TOSZUW,2,2
8269,ENOQAC,1,1
8270,DOHJOD,1,1
8271,XEPKIM,3,3
8272,AWIHIX,1,1
8273,BETJES,3,3
8274,SIWXEC,3,3
8275,GUBQID,2,2
8276,XIWGES,2,2
8277,YOZLAB,3,3
8278,CXFMPR,2,2
8279,CAQFIN,1,1
8280,HPETNI,3,3
8281,MONFAX,2,2
8282,MOZYUX,2,2
8283,FORNEH,1,1
8284,EHETIW,2,2
8285,IRARAV,2,2
8286,WOWJEZ,3,3
8287,ODUFEB,2,2
8288,NUDMAD,1,1
8289,TIYVUV,3,3
8290,FERREZ,2,2
8291,RIMRIO,1,1
8292,OBORIG,2,2
8293,WIYHUJ,2,2
8294,PAHRAV,1,1
8295,JUWLIZ,1,1
8296,NOTBIK,1,1
8297,VIBDEQ,2,2
8298,WODWIW,3,3
8299,TUMGAM,1,1
8300,IKEHAK,1,1
8301,QEZFAF,3,3
8302,EZUSOK,1,1
8303,BURNUA,1,1
8304,UGANOG,3,3
8305,DUFJIX,2,2
8306,JONSEM,3,3
8307,KIZWOF,1,1
8308,UCOJON,1,1
8309,YIFBAR,3,3
8310,RAQJEZ,3,3
8311,MADRIV,3,3
8312,XEZWEI,1,1
8313,CEGRUC,2,2
8314,GILMUJ,2,2
8315,FACJOI,2,2
8316,KEPPOO,1,1
8317,CAZNEZ,2,2
8318,ZECTUW,1,1
8319,KAHTUL,3,3
8320,HOVQOB,1,1
8321,ORUDAH,2,2
8322,COZQAJ,2,2
8323,EJIZUS,1,1
8324,MIHWUZ,1,1
8325,MASSIM,1,1
8326,UNAMIF,1,1
8327,GAZLIF,3,3
8328,TOBMON,1,1
8329,NILGEW,1,1
8330,WUNGUJ,2,2
8331,GURPIV,1,1
8332,ALAWEP,3,3
8333,ANECUS,1,1
8334,EVAKER,1,1
8335,BARCIG,2,2
8336,JURZOL,2,2
8337,BEGYER,3,3
8338,UFENIF,3,3
8339,RILXAP,1,1
8340,XEMJUY,1,1
8341,JIFNEU,1,1
8342,FAFBAP,3,3
8343,YOWPOP,3,3
8344,HIPLOH,2,2
8345,MAQPUS,1,1
8346,HESBEP,3,3
8347,PIYFEM,1,1
8348,JUGMIH,3,3
8349,TAVFOO,2,2
8350,GEKDEI,3,3
8351,LATVUY,2,2
8352,WARMIO,2,2
8353,YINZUQ,2,2
8354,YIYNOK,1,1
8355,JAGLAF,3,3
8356,FIDREP,2,2
8357,BESTOJ,3,3
8358,XIJJOP,3,3
8359,POHSOV,3,3
8360,CECBOB,1,1
8361,VOYCOB,2,2
8362,XIBNIG,3,3
8363,SACFUZ,3,3
8364,SAKNEZ,2,2
8365,NIWGAD,2,2
8366,YUZROC,3,3
8367,NIKPED,2,2
8368,LIQVUD,3,3
8369,WEPVEV,3,3
8370,NOWYAZ,2,2
8371,XOQFUE,2,2
8372,SUNWEF,2,2
8373,DEFHEC,1,1
8374,TUFXOK,1,1
8375,ZAQWUJ,3,3
8376,CETZAG,1,1
8377,TBPCFE,2,2
8378,DUCBEI,1,1
8379,COFXOM,2,2
8380,RAPWOW,3,3
8381,HIXFED,1,1
8382,TAJQIG,3,3
8383,MOVHUD,1,1
8384,EQOKUR,1,1
8385,EZEGUO,1,1
8386,XOTRIH,3,3
8387,IKACOO,3,3
8388,OMAQEZ,2,2
8389,POSCOQ,3,3
8390,OLOSEO,2,2
8391,JULNUZ,1,1
8392,PIKFAR,2,2
8393,DUYFEI,2,2
8394,QOZTOP,3,3
8395,XAZZOO,3,3
8396,HAZXOW,1,1
8397,MAGGOT,2,2
8398,IZIWAP,1,1
8399,QARMUS,2,2
8400,BODNIR,2,2
8401,DANQOY,2,2
8402,HONSOV,3,3
8403,JAJWIE,1,1
8404,LAJBOO,3,3
8405,BANMAF,3,3
8406,ICEGII,3,3
8407,WISHIR,3,3
8408,DIXLAA,2,2
8409,GUTMAM,1,1
8410,JOPYUK,3,3
8411,COHFEO,1,1
8412,ICUCUF,3,3
8413,VAPREM,1,1
8414,PIZJOY,3,3
8415,JAGKEH,2,2
8416,CUXKUD,1,1
8417,ZIRCUY,2,2
8418,XOMMAN,1,1
8419,OKAFOY,1,1
8420,GOLQOO,3,3
8421,IWOSEV,1,1
8422,EHIBOM,3,3
8423,EBIYIY,3,3
8424,KIDFIM,3,3
8425,KIJHES,2,2
8426,XALHIB,3,3
8427,DIBHAA,3,3
8428,HAGRAM,1,1
8429,SARQOT,2,2
8430,JECMAJ,1,1
8431,WEMKII,2,2
8432,CIMNAO,3,3
8433,SEYCIK,1,1
8434,COVWAL,2,2
8435,VARTEN,3,3
8436,OKADUB,2,2
8437,NUCJEC,2,2
8438,LERQUV,3,3
8439,OKOHAX,3,3
8440,UKEPAB,3,3
8441,WOLQUL,2,2
8442,ACUWOK,3,3
8443,USIGUA,3,3
8444,EBUNOF,3,3
8445,FOGYAD,3,3
8446,SACZEF,1,1
8447,SAFLAO,3,3
8448,DOTMOP,3,3
8449,YIXSEF,3,3
8450,BUYMIS,1,1
8451,NANNOI,3,3
8452,LIVCOL,3,3
8453,MUJJOT,1,1
8454,ZOQXUY,2,2
8455,OMAXOP,3,3
8456,VEBMUL,1,1
8457,YASDED,3,3
8458,FIPHOE,3,3
8459,OREBET,3,3
8460,TAZGIO,1,1
8461,JURMOA,2,2
8462,LEZNEL,3,3
8463,RUCKIK,3,3
8464,FEKJIR,1,1
8465,MIGTUU,3,3
8466,AREQET,3,3
8467,IBISOC,1,1
8468,ZESYAZ,3,3
8469,ZIBBUK,3,3
8470,GIDLOW,3,3
8471,MIMJAU,2,2
8472,NERMOQ,1,1
8473,XUMCIS,1,1
8474,ETUKOU,3,3
8475,YUMQUT,3,3
8476,KOCXIM,3,3
8477,JEPGOB,3,3
8478,XOLGIQ,2,2
8479,REHSUT,1,1
8480,OCUJAX,3,3
8481,HEDMIP,1,1
8482,KAJWIE,3,3
8483,DAMVUK,1,1
8484,QUDBID,1,1
8485,SATROW,3,3
8486,PASKID,2,2
8487,UMUVOP,3,3
8488,FIHTEV,2,2
8489,CAGJED,1,1
8490,FEKZON,3,3
8491,JUVHOA,1,1
8492,MOLXEQ,2,2
8493,UVUREK,3,3
8494,NIHTON,3,3
8495,HAGZAS,3,3
8496,HOKTEH,3,3
8497,YEKSIT,3,3
8498,HEYXEQ,2,2
8499,TEGHOE,2,2
8500,CCXAPT,2,2
8501,GERJAP,2,2
8502,LULCUR,3,3
8503,GEQXAC,3,3
8504,TURJEW,3,3
8505,NIJGUL,3,3
8506,MULQIU,3,3
8507,VEWWOK,2,2
8508,GIZGUR,2,2
8509,XOSMIE,1,1
8510,IPERAW,2,2
8511,YETCUY,3,3
8512,RUPWOR,1,1
8513,SIVCAC,1,1
8514,OJUHOR,1,1
8515,GATSIG,3,3
8516,JIFXOL,3,3
8517,BAWJOB,2,2
8518,WAYMER,1,1
8519,IREQOL,2,2
8520,DIXJOL,2,2
8521,CEGZUJ,3,3
8522,OLAROI,1,1
8523,XIDLAX,2,2
8524,GOCJIU,1,1
8525,SOFKAB,3,3
8526,ICEFAB,1,1
8527,VAQPOS,2,2
8528,PUVZIQ,1,1
8529,ADUJEQ,2,2
8530,DAMKOT,3,3
8531,ZIMKOV,3,3
8532,VOXFAR,3,3
8533,YEKCOH,2,2
8534,QAZMEM,3,3
8535,WUJFAK,3,3
8536,LOKQOR,2,2
8537,WAZTUP,3,3
8538,YUWFAX,1,1
8539,NALGIR,1,1
8540,YUNGAQ,3,3
8541,BAHJUS,2,2
8542,VAPQUB,2,2
8543,HIDWOI,2,2
8544,RIFKID,3,3
8545,PAMGUG,1,1
8546,WOJZUQ,3,3
8547,EHIMIU,1,1
8548,RIXMOB,2,2
8549,IKUMUX,3,3
8550,XUKVAA,1,1
8551,FILGOX,3,3
8552,CEMSAP,1,1
8553,IRATOL,3,3
8554,BALDEB,1,1
8555,BAKCAR,1,1
8556,WENVOB,3,3
8557,XAWWOJ,3,3
8558,RETNIN,2,2
8559,TERQEM,3,3
8560,GINHEQ,2,2
8561,JOJPIH,2,2
8562,MALLPT,3,3
8563,NEDPOD,3,3
8564,WAVPOZ,2,2
8565,CAWJOB,3,3
8566,ZEKHUU,2,2
8567,GOJTAA,3,3
8568,BAYZIL,2,2
8569,QAMLEV,1,1
8570,NOYFAL,1,1
8571,VUGDEI,3,3
8572,EXEYAK,1,1
8573,TAVWAO,2,2
8574,KISQAG,2,2
8575,EQUKAD,2,2
8576,MOXWUR,2,2
8577,XATROC,3,3
8578,NIYCUW,3,3
8579,WAYJAK,1,1
8580,HORKOQ,2,2
8581,SEPYUI,3,3
8582,SODSIN,3,3
8583,SEDHOZ,2,2
8584,KIHFEN,3,3
8585,POCDAN,1,1
8586,LUBTUZ,2,2
8587,EQOQIK,2,2
8588,VUMXIM,3,3
8589,FUNHIF,2,2
8590,ICUGAP,3,3
8591,LEDLUC,3,3
8592,PEQHAW,3,3
8593,OMORUG,1,1
8594,ZUFVUT,3,3
8595,WAHHAS,1,1
8596,CODQIV,2,2
8597,KOCYAF,3,3
8598,ARUVIT,1,1
8599,WEXDIO,3,3
8600,ECUFUD,2,2
8601,EBUFOX,1,1
8602,ETANES,3,3
8603,SEVHIM,3,3
8604,FICMEJ,2,2
8605,VABTOH,1,1
8606,DIRHIX,2,2
8607,EGUNAW,1,1
8608,OMERIH,1,1
8609,IYININ,3,3
8610,VIBBIT,3,3
8611,TUGTIY,2,2
8612,NONWET,2,2
8613,IFUMUS,3,3
8614,ABISEL,2,2
8615,KIXLUZ,3,3
8616,ICOXUU,2,2
8617,HACVIQ,2,2
8618,LUBVOV,1,1
8619,DIHBEC,2,2
8620,QODDAP,3,3
8621,NUKHOQ,2,2
8622,INEHOZ,2,2
8623,QATSOX,1,1
8624,MOFMAW,1,1
8625,AWOZES,2,2
8626,TEKWAJ,3,3
8627,XUSSEL,2,2
8628,AQASER,3,3
8629,QUXZIT,3,3
8630,BAMNOU,2,2
8631,QISBOK,2,2
8632,MIKXOV,2,2
8633,LAPNOF,1,1
8634,ZERLIV,1,1
8635,QOLGAA,3,3
8636,NAGHAH,2,2
8637,GECFOL,3,3
8638,ZIXBAJ,3,3
8639,JABKIG,1,1
8640,IJAKUZ,2,2
8641,PAWCUP,1,1
8642,MIMNUT,3,3
8643,ZECYIT,1,1
8644,VUGJIR,2,2
8645,TOZWIO,2,2
8646,NUXNUQ,2,2
8647,TAGREY,2,2
8648,YAXSIC,2,2
8649,QAFZAZ,1,1
8650,GATZAE,3,3
8651,VAHQOM,3,3
8652,RAFDAF,2,2
8653,CORTOV,2,2
8654,FIYBUL,3,3
8655,DALFAZ,2,2
8656,ZIJBEB,2,2
8657,AMIGIN,2,2
8658,NUXLOJ,3,3
8659,WECQUU,1,1
8660,SAJKIB,1,1
8661,SOGFOL,3,3
8662,XOZMII,2,2
8663,DIGFAB,3,3
8664,XECWOT,3,3
8665,TUDXAR,1,1
8666,VAZHEL,3,3
8667,TOXFIV,1,1
8668,RAKXOT,2,2
8669,HOSJUW,2,2
8670,MTXPMN,2,2
8671,BUZGOU,2,2
8672,EWUNUH,3,3
8673,OCUBAQ,3,3
8674,SIVSEW,3,3
8675,CIBLIK,3,3
8676,MONBUN,3,3
8677,PEJHES,3,3
8678,SOGQOV,3,3
8679,OZUJAV,3,3
8680,LIYXIA,3,3
8681,ZAGQAZ,2,2
8682,URONUL,3,3
8683,MERBAM,2,2
8684,MINGAU,2,2
8685,JECBEZ,2,2
8686,CFPFIN,2,2
8687,AJAQAD,3,3
8688,UGOVIW,2,2
8689,LIGPAT,3,3
8690,KULFUS,3,3
8691,POYNOJ,1,1
8692,GIYNAD,2,2
8693,XATBIH,1,1
8694,VIFYAL,1,1
8695,GALFII,2,2
8696,UREPAL,1,1
8697,HOKZIS,3,3
8698,LEHJUE,1,1
8699,MAVXUD,1,1
8700,QAWCUP,3,3
8701,TEPGAZ,1,1
8702,EYOPOZ,2,2
8703,TIGZIU,2,2
8704,MIXLIQ,3,3
8705,KANMIV,1,1
8706,ZIGNOS,2,2
8707,AQIWAZ,2,2
8708,INILUP,1,1
8709,ACIQEK,3,3
8710,KUNBOK,3,3
8711,AVETOL,3,3
8712,CRMTBH,2,2
8713,WAYCII,3,3
8714,LULVOD,3,3
8715,KACFEA,2,2
8716,EZAFAN,1,1
8717,UGILEB,2,2
8718,HAHBUN,1,1
8719,OBOCEO,2,2
8720,BOHRUM,3,3
8721,DUHBIT,3,3
8722,BAKSIR,3,3
8723,ZOWXIV,2,2
8724,HAXHIY,2,2
8725,FILWEG,1,1
8726,UBONOO,2,2
8727,GULGOL,3,3
8728,ZEJWIW,3,3
8729,ZUDKOY,2,2
8730,BOFPAO,3,3
8731,DOTRAH,3,3
8732,GUZKAN,3,3
8733,SABFIK,3,3
8734,CONHUL,3,3
8735,JEPFIU,3,3
8736,GOTBOG,3,3
8737,OHEMIA,1,1
8738,FATCAG,2,2
8739,JIRKAX,3,3
8740,NEWXUK,3,3
8741,BAWQUL,2,2
8742,MIHFUF,3,3
8743,LOYZUW,2,2
8744,YUWXET,3,3
8745,LESVOV,3,3
8746,PEKLOK,1,1
8747,MECLZR,1,1
8748,NOPSUJ,3,3
8749,EHEWUL,1,1
8750,SUHRET,1,1
8751,NIPXOB,2,2
8752,CABSII,3,3
8753,ZODYUP,3,3
8754,HAYREE,3,3
8755,LUKHII,3,3
8756,DIDDIF,2,2
8757,PIBYOQ,3,3
8758,JAVQOQ,1,1
8759,ABIDIB,3,3
8760,CAYMEU,1,1
8761,HIWDAT,2,2
8762,GIBWEU,3,3
8763,RAZDIH,2,2
8764,MIZVUM,1,1
8765,FOLNAW,2,2
8766,FUDMEW,2,2
8767,ETOGAW,2,2
8768,EKOJUK,2,2
8769,CONTEG,2,2
8770,WIMVEU,2,2
8771,CEYNAW,1,1
8772,HUPJAF,2,2
8773,FAGKUT,1,1
8774,KOXWEZ,3,3
8775,NUYTUY,3,3
8776,DOPWAH,3,3
8777,OQIJAB,3,3
8778,SOVZIP,2,2
8779,CBUMOA,2,2
8780,SELKAW,2,2
8781,JEJROI,2,2
8782,XEXKUG,1,1
8783,KUSQAS,3,3
8784,YAQZOF,2,2
8785,HAQFEN,3,3
8786,POMMEJ,3,3
8787,NESJUQ,3,3
8788,PICDEK,1,1
8789,AQAMAI,2,2
8790,GOFROL,3,3
8791,DALHAB,2,2
8792,ATEPIZ,1,1
8793,OXEXEW,3,3
8794,FIJZIH,3,3
8795,PAMRAZ,2,2
8796,WATZUM,1,1
8797,QEDMUH,1,1
8798,ACITUB,3,3
8799,FUXMAM,3,3
8800,YADJOD,3,3
8801,NESHOJ,3,3
8802,YABNIA,3,3
8803,PEVJUY,3,3
8804,IVOGAC,3,3
8805,ZINYAY,3,3
8806,RIJCIZ,3,3
8807,XIZJIB,3,3
8808,GODCOU,3,3
8809,SAZCON,3,3
8810,QIBWAB,1,1
8811,RAMRII,3,3
8812,ZOGYID,1,1
8813,FEZWEM,3,3
8814,MAQTON,3,3
8815,LILHEW,3,3
8816,HISZUF,2,2
8817,BAFQOO,1,1
8818,XADMIB,3,3
8819,IPUFUX,1,1
8820,OGAWUR,3,3
8821,IDUREH,2,2
8822,IYINEM,1,1
8823,XULXAG,1,1
8824,AJIPUE,3,3
8825,VUKKAN,2,2
8826,JUSQAS,1,1
8827,VUHWON,1,1
8828,PUHBID,1,1
8829,KUDNIG,3,3
8830,PUVDOB,2,2
8831,NONWIW,3,3
8832,AXUVUN,1,1
8833,VATZUM,2,2
8834,RUPNOG,1,1
8835,QAMRAZ,3,3
8836,CAHFOG,3,3
8837,WODQIQ,3,3
8838,PORXEZ,2,2
8839,WOWGUM,3,3
8840,VEWWAW,2,2
8841,JIGWUR,3,3
8842,POKNEI,2,2
8843,EWAXEI,1,1
8844,UVAVIZ,1,1
8845,MAKWIH,3,3
8846,BALVUF,3,3
8847,SIRVIC,1,1
8848,KIDWIF,2,2
8849,VOJXAV,1,1
8850,YUTSIQ,2,2
8851,EHISOF,3,3
8852,MURNOF,1,1
8853,SESGON,2,2
8854,DISRIG,2,2
8855,RIPWOF,3,3
8856,CEGTUE,2,2
8857,QIWNIU,2,2
8858,DIFBIE,3,3
8859,XUSSIO,3,3
8860,ONOHAB,3,3
8861,HIWJOP,1,1
8862,ARARER,3,3
8863,TEVMEO,3,3
8864,RAZMAJ,2,2
8865,MAXZAQ,1,1
8866,NEZQAO,1,1
8867,JEWVOW,3,3
8868,PEMFEU,3,3
8869,MOPMUA,3,3
8870,IMEGAI,3,3
8871,VITYIG,2,2
8872,IMEPAS,2,2
8873,UYEPEU,1,1
8874,OCURIQ,2,2
8875,FAKFEC,3,3
8876,JEHJEM,3,3
8877,ACUFOW,3,3
8878,XABYIL,2,2
8879,UDAGOY,3,3
8880,GEJQAQ,3,3
8881,XIHTER,1,1
8882,ABISIO,3,3
8883,ADUMOC,3,3
8884,TAYSIZ,1,1
8885,EPEFAI,3,3
8886,XOWTUZ,3,3
8887,LIMWUA,1,1
8888,XAVDEH,1,1
8889,AVIKOH,2,2
8890,USEGUV,1,1
8891,APACUQ,3,3
8892,NINNOO,3,3
8893,WUPWUA,3,3
8894,IMALOZ,2,2
8895,EDIHAC,2,2
8896,PIJMOM,1,1
8897,NUTSON,1,1
8898,JAPGUD,2,2
8899,XEVGAJ,3,3
8900,QINJUV,3,3
8901,VIMFAA,1,1
8902,BOKREZ,2,2
8903,CIKGUB,3,3
8904,TAKTIK,3,3
8905,UXUDEZ,1,1
8906,PIVCED,2,2
8907,IPUJAG,3,3
8908,KAGMEN,2,2
8909,SUJDAC,1,1
8910,FACREH,3,3
8911,OZOWAC,3,3
8912,MINGOI,2,2
8913,ZOCYUN,3,3
8914,RADLAJ,3,3
8915,EJUWAI,3,3
8916,INOZAN,3,3
8917,LUTJIT,3,3
8918,KEHJEM,3,3
8919,CUDHOZ,3,3
8920,VEBYIM,2,2
8921,YEQGAC,1,1
8922,ROLWAR,3,3
8923,OWERAM,1,1
8924,IRAZOT,1,1
8925,DEYKAV,3,3
8926,DIWWIP,2,2
8927,XOGBUR,2,2
8928,NARVAE,2,2
8929,REYRIW,1,1
8930,TOBBEU,3,3
8931,CEXCOY,3,3
8932,WAMNOR,1,1
8933,ECAPEE,2,2
8934,RUJMIV,1,1
8935,TAZDUT,2,2
8936,XOTCIT,3,3
8937,PUYWIQ,1,1
8938,RUNVAY,3,3
8939,BIMHAI,2,2
8940,APUPUY,2,2
8941,NAKNOE,3,3
8942,ODACAX,3,3
8943,TUFGAD,3,3
8944,NILQAE,1,1
8945,YEWTEC,2,2
8946,ROBLUR,3,3
8947,SIBYEJ,2,2
8948,ICEHAZ,1,1
8949,MADSOA,3,3
8950,NOTTOF,3,3
8951,IXECOF,1,1
8952,CISYEJ,2,2
8953,VUVFIE,1,1
8954,FIQMOI,2,2
8955,REHGIU,1,1
8956,EPUNIN,1,1
8957,RIRDUS,2,2
8958,WUNZAI,3,3
8959,DAQWUN,3,3
8960,USAPIQ,1,1
8961,YEZXOR,2,2
8962,MUTSEB,3,3
8963,NURGOW,1,1
8964,EJEXOH,2,2
8965,XOZQUA,2,2
8966,RULWEC,2,2
8967,TUWRAF,2,2
8968,VIQXOK,2,2
8969,CINVUR,3,3
8970,ISAQEY,1,1
8971,YULHES,3,3
8972,BUQMUY,1,1
8973,YUBFIM,3,3
8974,DALXEV,3,3
8975,BEGQIO,2,2
8976,UQEQAL,1,1
8977,LIFTID,1,1
8978,HAGTAK,3,3
8979,MINNEC,3,3
8980,QISBAW,2,2
8981,JIKQUT,1,1
8982,JATKIC,1,1
8983,ZIJYIA,3,3
8984,XAKBIW,2,2
8985,TIJCAT,3,3
8986,CUJFUI,2,2
8987,GUVFEK,3,3
8988,AXUQER,3,3
8989,SAYDAY,1,1
8990,JEHVAT,2,2
8991,OLONEI,2,2
8992,RODQIL,3,3
8993,ROMTUJ,3,3
8994,ZIBJOL,3,3
8995,WOZKIF,3,3
8996,BITKOI,1,1
8997,KEGREU,3,3
8998,FUXMUH,2,2
8999,WAZVUR,2,2
9000,OGALUE,2,2
9001,KAGXIB,2,2
9002,YOHHIM,3,3
9003,WAVGUY,3,3
9004,XIDNAZ,2,2
9005,REHLOI,1,1
9006,WIWWOR,3,3
9007,WORHIW,2,2
9008,NEFSIC,2,2
9009,UTISOH,2,2
9010,IPEPAU,3,3
9011,LULVUJ,3,3
9012,FAVGOZ,3,3
9013,ZUPCOF,1,1
9014,DIQVEE,2,2
9015,ONADAJ,3,3
9016,FIPWUX,3,3
9017,TEGJOG,2,2
9018,TOGQIS,3,3
9019,UXOROP,3,3
9020,ROPGUY,2,2
9021,OPOKUC,1,1
9022,HEYZES,2,2
9023,HITVUB,2,2
9024,DUSGIK,1,1
9025,HAGXAQ,2,2
9026,AMEFUW,1,1
9027,JUWFIQ,3,3
9028,YEVKAP,1,1
9029,SECTEA,3,3
9030,OFEGAJ,3,3
9031,BETKUI,2,2
9032,ZEBJUL,3,3
9033,GOCVAX,3,3
9034,YECWUZ,3,3
9035,AQEDAD,2,2
9036,GATHES,1,1
9037,AZOHAY,3,3
9038,UGUNAM,1,1
9039,SOTBUY,3,3
9040,ISIYAK,2,2
9041,BOHGUB,1,1
9042,NEGGIS,1,1
9043,BIHBAY,3,3
9044,VUKKUK,1,1
9045,VONVEB,3,3
9046,TAQLOM,1,1
9047,LIHXIL,3,3
9048,IQUCEC,3,3
9049,WIDTIO,2,2
9050,JIHMOF,3,3
9051,TAWFED,2,2
9052,NIHTUW,2,2
9053,SISYID,2,2
9054,TOGHEE,2,2
9055,PAZXEU,2,2
9056,RIDHOC,2,2
9057,MAQFES,2,2
9058,WASVUI,3,3
9059,QERHEE,1,1
9060,RUYRIM,1,1
9061,TOMSOG,2,2
9062,GAWMEZ,2,2
9063,IJALIR,1,1
9064,MABRAK,3,3
9065,BIGXOH,3,3
9066,JOZJEN,1,1
9067,QUBREM,3,3
9068,ZOMNAT,2,2
9069,OVUMEA,1,1
9070,WAYHAI,2,2
9071,FOVFAZ,1,1
9072,XUVWES,3,3
9073,OBILIU,2,2
9074,COZRIT,3,3
9075,YATNEQ,1,1
9076,XIGPUA,3,3
9077,RUHPIU,3,3
9078,LOMWIU,2,2
9079,NAPROO,3,3
9080,VOBLUX,1,1
9081,GOJVAC,2,2
9082,HOYHIM,2,2
9083,LOPTOZ,2,2
9084,XIPJAH,3,3
9085,IBODEL,2,2
9086,MOJYEP,3,3
9087,EHEPEP,1,1
9088,VIFRIL,1,1
9089,AYUSEU,1,1
9090,JUYTUS,2,2
9091,NUZQAB,2,2
9092,KILXIM,2,2
9093,AVODOF,3,3
9094,HOJKOG,2,2
9095,EPOXAL,1,1
9096,PIKLAY,3,3
9097,DISWAH,1,1
9098,WUPYOW,3,3
9099,JEKJOC,1,1
9100,BAFSAF,2,2
9101,ZUJWIM,2,2
9102,LEBZUO,2,2
9103,MIGLIY,3,3
9104,PALJAP,3,3
9105,RABJIQ,3,3
9106,CIRFAN,3,3
9107,LAWLOM,3,3
9108,QAHCUX,1,1
9109,FECZFE,2,2
9110,KIHTAX,2,2
9111,AZIBIX,1,1
9112,MEJKIY,3,3
9113,TUTLAX,1,1
9114,NEXBOH,3,3
9115,POHGEZ,1,1
9116,CULGOF,2,2
9117,KOFTIL,3,3
9118,VUGXOL,2,2
9119,RACLUF,2,2
9120,RIXHIQ,2,2
9121,EJEZAV,3,3
9122,WIXMAT,2,2
9123,WEPWUL,3,3
9124,WOGXIB,3,3
9125,JONYEQ,2,2
9126,JOTJEK,3,3
9127,ASICUB,3,3
9128,LEHSAU,3,3
9129,PILBOC,3,3
9130,SOTWOO,3,3
9131,EHENOW,1,1
9132,INILOI,1,1
9133,DUHNEZ,3,3
9134,VUFNUG,3,3
9135,TEQQAH,2,2
9136,ZAXFAH,3,3
9137,MOWSIB,3,3
9138,AYUCAA,1,1
9139,LAQXOT,2,2
9140,UVOZIR,1,1
9141,POMJUA,1,1
9142,BOFROF,3,3
9143,PASQOS,3,3
9144,TADKOB,3,3
9145,MORKAG,2,2
9146,RACWAT,1,1
9147,JALYOK,2,2
9148,ZERWEB,1,1
9149,QAWVUH,3,3
9150,VUPNOM,1,1
9151,ACOWAS,3,3
9152,IGUMUV,1,1
9153,JITCEX,2,2
9154,BEJXIY,3,3
9155,HIDKEL,2,2
9156,IBATAJ,3,3
9157,JOJBOA,1,1
9158,FAJGIH,3,3
9159,AFOQAO,3,3
9160,YIPQUM,2,2
9161,MUSVOL,3,3
9162,AGOHUZ,2,2
9163,EYIXEQ,3,3
9164,QOBLID,1,1
9165,RIGCAN,3,3
9166,ACUSAS,3,3
9167,VELROT,3,3
9168,RUVFIX,2,2
9169,TEGHUK,2,2
9170,QEWGOR,3,3
9171,CIQSED,3,3
9172,NISFOK,1,1
9173,POYLOH,1,1
9174,XANTOV,1,1
9175,GOCQEV,2,2
9176,VUTKOM,3,3
9177,EXUJEO,3,3
9178,IVIVIU,3,3
9179,WAHTII,3,3
9180,NUTFAJ,1,1
9181,GAYSOO,2,2
9182,AMAVOA,1,1
9183,QIWPUH,2,2
9184,GUZNIA,1,1
9185,HOSHUU,3,3
9186,GITNED,3,3
9187,DAFQEI,3,3
9188,NASNAX,3,3
9189,DAMKUZ,3,3
9190,KETJUR,2,2
9191,CUGCUE,2,2
9192,VAWVIC,1,1
9193,WECSUW,1,1
9194,YOPJIY,2,2
9195,ZAYLIW,2,2
9196,GURJOV,1,1
9197,QOHGEZ,3,3
9198,TIRXOI,3,3
9199,NISVIW,3,3
9200,ZOMNOH,2,2
9201,PANBAK,2,2
9202,ABIXAO,1,1
9203,DELBUS,2,2
9204,UVAQUE,1,1
9205,SECJAM,1,1
9206,MACXEW,2,2
9207,YILZOM,1,1
9208,REFBOT,1,1
9209,VERJOV,1,1
9210,JADZAQ,3,3
9211,FIBRAN,1,1
9212,JOHCEP,2,2
9213,FANLIP,2,2
9214,GOGFUE,3,3
9215,BEWRIH,3,3
9216,KUVREB,1,1
9217,IRAZUZ,1,1
9218,ODOXOV,3,3
9219,GUMXET,2,2
9220,CEQFIQ,3,3
9221,EKOHUI,2,2
9222,ZAGSOS,2,2
9223,YOZDUN,3,3
9224,VUPPII,1,1
9225,USUQOP,3,3
9226,BUNFEW,1,1
9227,CAXBIQ,1,1
9228,TIRFIM,1,1
9229,LULCAW,1,1
9230,FURFUU,1,1
9231,QEZYUP,2,2
9232,PITWAQ,2,2
9233,HIBXOG,2,2
9234,OSUYUY,2,2
9235,NIFXOQ,3,3
9236,BUXDEF,3,3
9237,ZORYUC,2,2
9238,JIRPOS,3,3
9239,ZUHXOP,1,1
9240,HEYMIJ,3,3
9241,WOGXEV,2,2
9242,QIGDAP,1,1
9243,EWATIG,3,3
9244,IXUNAR,1,1
9245,KEBMEJ,1,1
9246,MAFGIK,2,2
9247,HISJIC,1,1
9248,WAPJUU,2,2
9249,VAWQAN,2,2
9250,UHOWIY,2,2
9251,IKUSIR,2,2
9252,TESNAI,1,1
9253,KUFJIF,2,2
9254,ZEKXES,1,1
9255,EFUYOT,3,3
9256,EKATEP,3,3
9257,MAYBOG,2,2
9258,EJOVEE,2,2
9259,ZAGMEC,3,3
9260,DIVDUH,1,1
9261,VEBKOD,3,3
9262,DUPLIM,1,1
9263,IHEXUR,1,1
9264,XOWTOT,3,3
9265,MEXKAE,2,2
9266,OMEGES,3,3
9267,DIYGUP,2,2
9268,FORVUG,1,1
9269,SENFIC,2,2
9270,PONCOK,1,1
9271,YEFCET,3,3
9272,SEVJEL,2,2
9273,TATTIT,1,1
9274,NEFJIV,1,1
9275,QAQGEX,3,3
9276,XAGZOU,3,3
9277,VAMYUF,3,3
9278,NASPEC,2,2
9279,AXUTUL,1,1
9280,GIGDEG,2,2
9281,YEHMIJ,1,1
9282,VUMMEV,3,3
9283,YIVWEG,2,2
9284,TEWLEP,3,3
9285,TUCDEB,1,1
9286,LANMAO,2,2
9287,TORHOX,2,2
9288,IXACIU,1,1
9289,TIJCOH,2,2
9290,ZIMPOA,1,1
9291,CIGXAT,1,1
9292,WAWQAN,2,2
9293,JINNAY,2,2
9294,NOBCOX,2,2
9295,APAZAV,1,1
9296,MAHYAV,1,1
9297,PUZPIM,1,1
9298,FEHYUO,2,2
9299,PEMTAC,2,2
9300,RUKBEE,1,1
9301,MATYEL,1,1
9302,UBEPAV,2,2
9303,MAHNAL,3,3
9304,POJFOK,2,2
9305,KOFJOH,2,2
9306,GEDZIC,1,1
9307,RUVZUG,1,1
9308,XIYZIS,1,1
9309,LULSET,1,1
9310,QICZUB,1,1
9311,PIFGAM,3,3
9312,SALTMO,2,2
9313,FAYCEP,3,3
9314,SIXQID,1,1
9315,OZUHOH,3,3
9316,GIXFEZ,2,2
9317,QAZXIA,2,2
9318,YADQAX,3,3
9319,BAQROA,3,3
9320,IBEQOV,3,3
9321,ERABOP,1,1
9322,OQOLEM,1,1
9323,QOXXAD,3,3
9324,MOYMOC,1,1
9325,ALIPER,3,3
9326,QEZREV,2,2
9327,PURVUV,1,1
9328,MEBHEK,1,1
9329,RITRUH,3,3
9330,IGEWOJ,1,1
9331,NEBVEW,3,3
9332,LAMDUY,3,3
9333,HUPQOZ,2,2
9334,DENQOF,1,1
9335,JONPAG,2,2
9336,LENPOJ,3,3
9337,BEDSUY,2,2
9338,PATQAF,3,3
9339,RESROA,1,1
9340,KEHQIY,3,3
9341,AGIPOW,3,3
9342,QEWYIA,1,1
9343,XOBMEK,1,1
9344,HOVRIW,1,1
9345,FEQTAY,3,3
9346,NEPQEF,3,3
9347,YEPXID,2,2
9348,ALADEY,2,2
9349,SAPSOS,3,3
9350,WOMMAP,2,2
9351,DAKDOM,1,1
9352,VOGHAB,3,3
9353,OQAROO,1,1
9354,XUZCUQ,2,2
9355,HUMBOI,2,2
9356,GIVVAK,3,3
9357,KAPPOG,2,2
9358,KAVZEN,3,3
9359,EBONOB,3,3
9360,JOPQAG,1,1
9361,TIFLED,1,1
9362,DOMFAN,2,2
9363,CAPFOQ,3,3
9364,JOPHON,3,3
9365,DIJHEM,2,2
9366,KABPIP,3,3
9367,YADXIM,1,1
9368,FELPAP,3,3
9369,RIVFIL,2,2
9370,BUQCAS,3,3
9371,KEVGIC,3,3
9372,SASVOZ,3,3
9373,PAPTAF,1,1
9374,FEQJIV,1,1
9375,LECRIW,3,3
9376,SAWMEJ,2,2
9377,LIFVIF,1,1
9378,DUJHIZ,1,1
9379,IGUXAK,3,3
9380,VIDJOK,2,2
9381,EZEHEZ,1,1
9382,TEQFON,2,2
9383,JAMCOT,1,1
9384,CUYWAX,1,1
9385,MGCACO,2,2
9386,AKOXEE,2,2
9387,QIFPAW,3,3
9388,XAZNIW,2,2
9389,HARHOX,1,1
9390,ZACCUE,2,2
9391,SOWRAZ,2,2
9392,ZARJEL,1,1
9393,RUNJIT,1,1
9394,UMAFIZ,2,2
9395,XESCAB,1,1
9396,LINROQ,2,2
9397,KEKQUM,1,1
9398,CAQKAH,1,1
9399,OKALAN,3,3
9400,CAHJAA,1,1
9401,LIQYEQ,2,2
9402,BIGCUQ,2,2
9403,HEZFEX,2,2
9404,YIYCER,2,2
9405,NIYJIP,2,2
9406,ROGSAH,2,2
9407,VACLOB,2,2
9408,OQAPUT,2,2
9409,WILKUA,3,3
9410,MAHGIN,3,3
9411,FURSOC,3,3
9412,VEYYUX,1,1
9413,ATEWUR,1,1
9414,PIHYIP,2,2
9415,RUQZUY,1,1
9416,FUGCOA,1,1
9417,BOGQAP,1,1
9418,OCEQIA,1,1
9419,BEGMAB,1,1
9420,WELRAH,3,3
9421,BOCMOY,2,2
9422,TEYROE,1,1
9423,QADKUF,1,1
9424,BIMJAK,2,2
9425,BINXAX,2,2
9426,UWUBOF,1,1
9427,IVEPEG,1,1
9428,PITGEE,2,2
9429,GEPGEP,3,3
9430,OPAWIN,2,2
9431,GELPAP,1,1
9432,YADJUJ,3,3
9433,LUFQAH,1,1
9434,ZUWMOW,1,1
9435,CIBNEJ,2,2
9436,QOCHAT,1,1
9437,LIJNAX,1,1
9438,RAPSOS,3,3
9439,HEBMOQ,2,2
9440,MULZOI,2,2
9441,CIMMER,3,3
9442,HAYYOZ,1,1
9443,UFAVEC,3,3
9444,CEZRUY,1,1
9445,SUNSEB,1,1
9446,DECZAN,3,3
9447,NAGDAE,1,1
9448,AHUCAI,2,2
9449,VULGOA,1,1
9450,FILKOB,2,2
9451,ABUFOS,2,2
9452,COPNIE,1,1
9453,XUHVIF,3,3
9454,RURHUK,1,1
9455,CHBPTC,2,2
9456,FIHNOC,3,3
9457,EPULIM,3,3
9458,KULQAM,1,1
9459,DIHNEO,3,3
9460,XUDGIM,2,2
9461,XIKJIN,3,3
9462,ROSLUI,3,3
9463,PELPEF,1,1
9464,JITCIZ,3,3
9465,QUGFUU,3,3
9466,IWISAI,3,3
9467,EJEZOK,3,3
9468,ZECKAW,2,2
9469,RUNJIU,3,3
9470,TALXEM,3,3
9471,YAQFEB,2,2
9472,UFOQAI,3,3
9473,ZUJPAV,2,2
9474,XAHWAH,3,3
9475,SINVUI,3,3
9476,GUWBOR,3,3
9477,IGUXAJ,3,3
9478,DIBLAD,1,1
9479,ANIZAB,1,1
9480,SAWMEK,2,2
9481,VEGDER,3,3
9482,HUYFOZ,1,1
9483,ESAGIP,2,2
9484,CATVUQ,3,3
9485,JAPPOF,3,3
9486,RICSUR,2,2
9487,CEZRUX,2,2
9488,PIYLIS,1,1
9489,HACDAR,2,2
9490,OTAJEB,1,1
9491,HOBVID,3,3
9492,TEZWOM,3,3
9493,RECCIN,3,3
9494,VUYYAQ,2,2
9495,LIVYEY,1,1
9496,SOVVEH,1,1
9497,ABICUK,2,2
9498,BUBPAS,1,1
9499,ECAREF,3,3
9500,NITJUW,1,1
9501,WEDXIM,2,2
9502,NINNUW,3,3
9503,DISWOU,3,3
9504,ATUTOZ,2,2
9505,ZADTUW,2,2
9506,MURKIT,2,2
9507,TUWNIJ,1,1
9508,PAGKIS,3,3
9509,BICFUP,3,3
9510,ITADUE,3,3
9511,KIGNAT,1,1
9512,BADWUC,1,1
9513,EWUNAL,1,1
9514,QIMVAN,1,1
9515,ACEKAU,3,3
9516,WEXMUI,1,1
9517,ZOHXIH,1,1
9518,ESAWOL,2,2
9519,OHEJUH,3,3
9520,FEVSEH,3,3
9521,EJUBAP,1,1
9522,GUTNEQ,2,2
9523,JAKWOL,1,1
9524,SIZYEJ,1,1
9525,DAJNEL,1,1
9526,FAXYIM,2,2
9527,COQJOI,3,3
9528,FERFAK,3,3
9529,QACNIS,3,3
9530,WIDJOJ,1,1
9531,HIYVEQ,2,2
9532,FOGCIN,3,3
9533,NIBSAT,3,3
9534,BOTBAP,2,2
9535,IDATEN,3,3
9536,QINHUU,1,1
9537,BOKPEY,1,1
9538,LOSFAC,2,2
9539,LAYLAB,3,3
9540,ISUKUC,3,3
9541,ZOBTAO,3,3
9542,KOYXIH,3,3
9543,CAQLEP,1,1
9544,YUKDIU,1,1
9545,ZEFTOT,1,1
9546,GUJSUZ,2,2
9547,VIXZOS,2,2
9548,YADQAY,3,3
9549,PAKCEN,1,1
9550,LELTUS,2,2
9551,RIRTIW,3,3
9552,LAHGIO,1,1
9553,FILBEI,2,2
9554,VUPYAJ,1,1
9555,XUZTUJ,1,1
9556,OTEVIT,2,2
9557,LURKIT,1,1
9558,NEFDEL,1,1
9559,IDEQEN,2,2
9560,DADPON,3,3
9561,BOWNIL,2,2
9562,OKEYEL,1,1
9563,JOPHOO,3,3
9564,UZOSUZ,2,2
9565,ADEGEX,3,3
9566,JAYGOG,3,3
9567,YELMUA,1,1
9568,PIZLUG,2,2
9569,BEJVIW,1,1
9570,ACUDOT,3,3
9571,GEJSAR,3,3
9572,GOJFIU,2,2
9573,DAHXAL,1,1
9574,RIVQIW,2,2
9575,CUBPAS,2,2
9576,CUXMOZ,3,3
9577,LICWOK,2,2
9578,REWNAI,2,2
9579,XOGRIV,2,2
9580,NESCET,2,2
9581,POCFOF,2,2
9582,XIDGEZ,2,2
9583,LAMVIH,2,2
9584,APUNEF,3,3
9585,TIYRUS,1,1
9586,CPBOMN,2,2
9587,FEQDEL,1,1
9588,XEBHIY,2,2
9589,GAJNOW,3,3
9590,AFESIQ,1,1
9591,XEYVEE,1,1
9592,TULLUJ,3,3
9593,HAJHUV,2,2
9594,MIHHAM,2,2
9595,OLAGAL,1,1
9596,MICPIZ,2,2
9597,SACPIX,3,3
9598,COXSAL,3,3
9599,QAMPAY,1,1
9600,EDUMAT,1,1
9601,WODSIR,2,2
9602,XAXQET,3,3
9603,TOYWAH,3,3
9604,IKELAN,2,2
9605,MISCUO,2,2
9606,PAXGEB,3,3
9607,ZATWOI,1,1
9608,PAGLOB,3,3
9609,XEVBEG,3,3
9610,BERTIC,3,3
9611,YAHPEF,2,2
9612,NAQXIM,2,2
9613,QOXHEQ,2,2
9614,SAFSUO,2,2
9615,GAPJOW,3,3
9616,DAPZAX,3,3
9617,FONDOD,2,2
9618,XIGRAG,2,2
9619,MYOCFF,2,2
9620,QAYSER,3,3
9621,FISWEN,1,1
9622,YIMWAU,3,3
9623,TAFSID,1,1
9624,SIGCOD,2,2
9625,JAVMEB,3,3
9626,PIXVEX,2,2
9627,LIYMEL,3,3
9628,LAXVOV,2,2
9629,ANOBUD,1,1
9630,OLUDEG,2,2
9631,BAQGUV,3,3
9632,TIYNEX,3,3
9633,HEXGAT,2,2
9634,ULOTOE,3,3
9635,NAQQAX,2,2
9636,UWULAC,1,1
9637,RECTIC,3,3
9638,CAPXEW,2,2
9639,ONACIQ,3,3
9640,SEMSOW,1,1
9641,XEJKIH,1,1
9642,RUNMOD,1,1
9643,QUYPUX,3,3
9644,PAYTAK,3,3
9645,XERGEG,1,1
9646,CIGVOF,3,3
9647,VEPLOT,2,2
9648,UVEQIY,1,1
9649,RAZHEG,2,2
9650,DOPYUC,3,3
9651,EKEQEQ,3,3
9652,HOLXEM,1,1
9653,GIZWEU,1,1
9654,JALGIN,3,3
9655,LUTFEL,2,2
9656,XIRYUW,1,1
9657,GUWKEO,3,3
9658,VOCCOG,3,3
9659,PIYBEH,3,3
9660,YUVPOW,3,3
9661,EPIKIY,3,3
9662,QEQHUS,2,2
9663,COPKUO,3,3
9664,LEWQOU,3,3
9665,JUCKOK,1,1
9666,HEZVAM,2,2
9667,DAYTOP,3,3
9668,TEBLAP,2,2
9669,JAGFOP,2,2
9670,CECHAT,2,2
9671,IBUNEB,3,3
9672,WAYFAG,2,2
9673,PAMPAY,1,1
9674,RIXTUO,3,3
9675,YUYJAF,2,2
9676,MIYQUG,3,3
9677,HEHHOU,2,2
9678,DAFTUA,3,3
9679,MUCGEW,2,2
9680,MOHXOW,2,2
9681,KUGGEA,2,2
9682,BOCDEE,3,3
9683,XUSFIA,1,1
9684,YARMIP,3,3
9685,RUQXOT,1,1
9686,MARZEN,3,3
9687,PIHWEJ,2,2
9688,REDZEF,3,3
9689,GAYZIP,1,1
9690,BUXDEG,1,1
9691,KEJRUQ,1,1
9692,NANDAH,3,3
9693,UZAQOD,3,3
9694,ROCQEG,2,2
9695,LUPTEV,1,1
9696,CAXBIP,2,2
9697,NAXHOJ,1,1
9698,XEDLAW,2,2
9699,INULIM,3,3
9700,OSIBID,2,2
9701,RUSRUT,2,2
9702,XOZQAE,3,3
9703,FEBRUD,1,1
9704,XOKZIH,2,2
9705,EYAPUP,2,2
9706,UCISIL,2,2
9707,QEBYAB,1,1
9708,CIXTAG,1,1
9709,CUNXAM,3,3
9710,JAZBAR,1,1
9711,TICMOJ,3,3
9712,VIWPIB,3,3
9713,ZAHYIT,3,3
9714,FEWBUF,2,2
9715,HUJKIH,2,2
9716,SINCAT,1,1
9717,EVUKIQ,3,3
9718,SIMQAG,1,1
9719,SABJIP,1,1
9720,CEGZOE,2,2
9721,IMIMAT,1,1
9722,RACWAU,2,2
9723,XUHVEE,1,1
9724,UFAHAN,2,2
9725,DERMUJ,2,2
9726,YEJLAE,1,1
9727,JUXWUX,1,1
9728,AJAJON,1,1
9729,GEXCOE,3,3
9730,MOKCIZ,2,2
9731,ETIXEL,1,1
9732,HAGHED,3,3
9733,DULRIM,3,3
9734,WIDJAV,2,2
9735,CAMLOV,1,1
9736,BIBKUU,2,2
9737,QUBYUJ,3,3
9738,RAKZOW,1,1
9739,MUSFIQ,2,2
9740,ZOXGOI,3,3
9741,AJIYIC,3,3
9742,RAVYIX,2,2
9743,OQIFAY,1,1
9744,QULLOY,3,3
9745,KAVHUK,3,3
9746,ETUVOE,3,3
9747,COKNAU,3,3
9748,OHOJED,1,1
9749,QOCJUR,1,1
9750,COSBOE,1,1
9751,OZIQIY,2,2
9752,QUDFEB,3,3
9753,GAYQUU,2,2
9754,WEBGUF,2,2
9755,CIKGAF,3,3
9756,CIFYUO,3,3
9757,SUHYAV,3,3
9758,OKAKIU,3,3
9759,KUMLEK,3,3
9760,SAWHUU,3,3
9761,WAYSUM,2,2
9762,BOVSOU,2,2
9763,TATJOQ,1,1
9764,VUGHIQ,1,1
9765,RIXXOL,3,3
9766,WEMSUD,2,2
9767,KULVIW,2,2
9768,NOVKUH,1,1
9769,UVULUT,3,3
9770,JULDUP,3,3
9771,OSIPUC,2,2
9772,EZIKUT,3,3
9773,YUDPET,2,2
9774,LUSVOM,2,2
9775,SUVFIY,2,2
9776,FEJJAG,2,2
9777,TIDXUB,3,3
9778,XEFJAT,3,3
9779,IMOGIB,2,2
9780,MOWSIC,3,3
9781,XUHXII,2,2
9782,ROFRUD,1,1
9783,UMUBEJ,3,3
9784,DUNJAA,1,1
9785,EFODOW,1,1
9786,INILOH,3,3
9787,VAXPUG,1,1
9788,ZULMEY,2,2
9789,WUMJOE,3,3
9790,YANTOW,2,2
9791,PIRDID,2,2
9792,KIWMUA,3,3
9793,RACLUG,1,1
9794,XABLEV,1,1
9795,BOQJAU,3,3
9796,KATREC,2,2
9797,VECSUV,1,1
9798,WOCZOE,3,3
9799,VIRHAG,2,2
9800,EPOFIB,1,1
9801,APOSED,1,1
9802,SEYGEM,1,1
9803,PUXJUP,3,3
9804,KAJXUR,3,3
9805,EGEDID,2,2
9806,AHUDIR,3,3
9807,BUGCUD,3,3
9808,SAKTAD,1,1
9809,YEHZER,2,2
9810,IKONIF,3,3
9811,JOHQUU,1,1
9812,FIDSUK,1,1
9813,UBOBOC,3,3
9814,LISQEK,3,3
9815,FUMXIV,3,3
9816,EGADUN,2,2
9817,QIYBIK,3,3
9818,RALTAZ,3,3
9819,TOXMAW,3,3
9820,QEGXEF,3,3
9821,REXMOZ,3,3
9822,UJECUJ,3,3
9823,IQIMOK,2,2
9824,XENNEK,3,3
9825,XIMWOI,3,3
9826,XABBIM,2,2
9827,WATJEJ,2,2
9828,RIXFEK,3,3
9829,WOXDAQ,2,2
9830,YURBAQ,2,2
9831,WANYEP,3,3
9832,VOKNOY,3,3
9833,JEJNIY,1,1
9834,MAMFAH,3,3
9835,FENCUX,3,3
9836,LESZOZ,2,2
9837,MEBMUC,3,3
9838,IHUKEE,1,1
9839,FEQDIO,2,2
9840,IKENUI,3,3
9841,FOTGEA,1,1
9842,LODNEY,2,2
9843,BAPVEX,1,1
9844,UGUNAL,3,3
9845,GATHER,2,2
9846,BIXDES,2,2
9847,FIJHAK,2,2
9848,GULRAI,2,2
9849,KEMWEF,1,1
9850,NEQBOE,1,1
9851,AZEVUX,3,3
9852,UYOWIP,2,2
9853,ZISVEE,3,3
9854,MARHUJ,3,3
9855,BOFBIL,1,1
9856,VERSOB,3,3
9857,KAPNIB,2,2
9858,UNANAY,2,2
9859,PELWOT,3,3
9860,MUYQUS,3,3
9861,RUHPIT,1,1
9862,CEMJUA,2,2
9863,QEHPUO,2,2
9864,WUZLIO,3,3
9865,UMAZUD,2,2
9866,NEVRIP,2,2
9867,IPOLOO,3,3
9868,ENOWUA,3,3
9869,HERRIF,3,3
9870,LOQBUP,1,1
9871,REVDEB,2,2
9872,EWOSAN,1,1
9873,CUYGIN,3,3
9874,FAGROY,1,1
9875,MEPHOI,1,1
9876,UTAPOX,1,1
9877,AFECAQ,2,2
9878,MOWZAA,2,2
9879,BUJCIU,3,3
9880,NORRET,3,3
9881,TATDAU,2,2
9882,WAZVUS,1,1
9883,BOJJEQ,2,2
9884,LUYMEX,2,2
9885,LISXOA,1,1
9886,VADBOR,1,1
9887,ZIBJOM,2,2
9888,VOMTAS,2,2
9889,SOMFIL,2,2
9890,VUNZUZ,3,3
9891,NAHGOW,1,1
9892,EKINEU,1,1
9893,IKEKIT,2,2
9894,ZUPDIA,1,1
9895,PATDUM,3,3
9896,COXTIV,1,1
9897,OZUDUJ,2,2
9898,DIVVEM,2,2
9899,NAGDOO,2,2
9900,QIWROE,3,3
9901,XIPFUA,3,3
9902,VIYPIG,1,1
9903,XIYJAR,3,3
9904,ECUHAO,2,2
9905,DUSGIJ,2,2
9906,XIZVOR,3,3
9907,VAYHAH,3,3
9908,TOGQIR,3,3
9909,DAYDEO,3,3
9910,DABZIS,3,3
9911,QEFLEV,2,2
9912,MEGWEB,3,3
9913,FOFPAS,1,1
9914,LEVLIL,1,1
9915,MIBDEI,3,3
9916,HUVRAS,2,2
9917,TUNHAN,1,1
9918,DUXFOT,2,2
9919,GUGSEH,2,2
9920,EKECUU,2,2
9921,GOGZIL,3,3
9922,MIRLOQ,3,3
9923,FAWQUP,3,3
9924,CESGAI,3,3
9925,SUHGIN,2,2
9926,FIFBUR,2,2
9927,TIRQEU,1,1
9928,MOLMEH,3,3
9929,XOQWUX,3,3
9930,CODZUR,2,2
9931,LENPUR,1,1
9932,MOHSEH,3,3
9933,TUYBEV,2,2
9934,DETBUD,1,1
9935,AMOMOE,2,2
9936,BIMHAH,3,3
9937,MUVRAY,1,1
9938,ULATUY,1,1
9939,BEKPOY,2,2
9940,OTEFUQ,3,3
9941,SAZMAK,3,3
9942,ZOFTET,1,1
9943,QATMIJ,2,2
9944,SIVDIO,1,1
9945,OKAPIB,2,2
9946,IJIMET,3,3
9947,WEDZIO,1,1
9948,ONEZAK,3,3
9949,VEVDEH,3,3
9950,REJDUJ,1,1
9951,MATLEB,3,3
9952,QOCJAW,2,2
9953,UVAHAC,2,2
9954,UGAXIK,2,2
9955,XAMHUR,3,3
9956,XOVKEZ,3,3
9957,DIKBUU,3,3
9958,LENGUH,2,2
9959,XASBEC,1,1
9960,CACWOS,2,2
9961,QUVQUU,2,2
9962,HITQEH,3,3
9963,ZIYCUF,1,1
9964,TAYJEM,1,1
9965,CAYCIO,2,2
9966,EGEHII,3,3
9967,FIQTAA,1,1
9968,UZIYEJ,2,2
9969,UZAQUJ,2,2
9970,BITWIN,3,3
9971,UFOSAK,1,1
9972,SONQAP,3,3
9973,VEQDEA,3,3
9974,CUKLIE,3,3
9975,NAQMIB,3,3
9976,YUSMAA,2,2
9977,LEFDUY,2,2
9978,RULWEB,3,3
9979,MUQKOY,1,1
9980,YASLIO,2,2
9981,DAQWUO,2,2
9982,OKUFUW,1,1
9983,WAWMIU,1,1
9984,LUBXOX,3,3
9985,BABZAJ,1,1
9986,ZUVREN,3,3
9987,GETWEI,2,2
9988,POMJAE,3,3
9989,PURFIR,2,2
9990,HILCAH,3,3
9991,YILQES,2,2
9992,CAGROS,2,2
9993,EFOHOZ,1,1
9994,GUTKAJ,3,3
9995,FIHLOA,1,1
9996,EGAJOO,3,3
9997,ODODER,3,3
9998,LEZFIG,3,3
9999,USITOG,3,3
10000,QIVCEE,2,2
10001,PETPDC,3,3
10002,BAMYAR,3,3
10003,TEVTIX,3,3
10004,AYAPUM,2,2
10005,SUQDEQ,1,1
10006,YACDAH,2,2
10007,XANHIF,3,3
10008,EVIRUX,2,2
10009,ERUMEK,1,1
10010,QACKOW,3,3
10011,UDUVUK,2,2
10012,QEXQAO,3,3
10013,COZYOI,1,1
10014,VEKYIW,2,2
10015,YAKYIV,3,3
10016,DUCMOD,2,2
10017,XAHYUB,2,2
10018,MIFDOY,1,1
10019,NEFFEN,1,1
10020,AXUTOC,2,2
10021,OJUSUJ,2,2
10022,CIMHAH,2,2
10023,UGOQAL,1,1
10024,XUJRIG,1,1
10025,IHOTEE,2,2
10026,COQQAB,3,3
10027,RIQDIF,2,2
10028,IWEGEY,1,1
10029,TEZWUT,3,3
10030,ALECEZ,2,2
10031,MEKCOY,1,1
10032,BUXMUC,2,2
10033,RARNAZ,1,1
10034,RAWXES,3,3
10035,QIDJIX,2,2
10036,QOXZAG,2,2
10037,KOYZIJ,3,3
10038,MEYTIT,3,3
10039,PURTUU,1,1
10040,XEVPAQ,1,1
10041,YOBQOX,2,2
10042,BADYAI,3,3
10043,FESKUK,2,2
10044,ICEDUS,2,2
10045,ERAYAZ,3,3
10046,WEBPAY,1,1
10047,WIDHOH,2,2
10048,SIGCUJ,2,2
10049,LOFMOJ,2,2
10050,ECICAV,3,3
10051,HUHSUA,1,1
10052,YEWZIN,1,1
10053,WIWREC,1,1
10054,ULOTUK,1,1
10055,NUXLAW,1,1
10056,BURMIL,2,2
10057,NOVKAM,3,3
10058,ELOMAV,2,2
10059,RETNEL,3,3
10060,FPASMO,1,1
10061,QERTAJ,3,3
10062,PIDZOS,3,3
10063,WOLRIA,1,1
10064,IZIFAZ,3,3
10065,TEXFUZ,2,2
10066,GUJSOT,2,2
10067,KEKXEH,1,1
10068,UBUCED,1,1
10069,GILWEF,2,2
10070,IJOPOP,1,1
10071,RALHET,3,3
10072,RUWNOO,2,2
10073,VUNVUW,3,3
10074,UMATOR,2,2
10075,DABFOB,2,2
10076,PAACCO,2,2
10077,WANKOM,1,1
10078,EBUVEF,2,2
10079,YOMPUL,2,2
10080,UHARON,1,1
10081,LUZSEF,3,3
10082,DEXSUX,3,3
10083,QELKIE,1,1
10084,VUJXEF,1,1
10085,WIJHOM,3,3
10086,ONOXEW,3,3
10087,BURCEW,3,3
10088,WUZNEN,1,1
10089,FONHAU,2,2
10090,FOWGOO,3,3
10091,YISTAW,2,2
10092,WIQQEW,1,1
10093,IBOXAC,1,1
10094,QOKPOX,3,3
10095,JUGYUH,2,2
10096,TUDQER,1,1
10097,ANOKEW,1,1
10098,SAFQUM,2,2
10099,VEVXUT,1,1
10100,QUBPIM,3,3
10101,QEBNUJ,3,3
10102,GOSKEE,3,3
10103,KOVKUB,2,2
10104,WOWPUV,3,3
10105,WAJNOM,3,3
10106,WODQIP,3,3
10107,DELRIW,3,3
10108,XUYHAD,1,1
10109,UXUCAU,1,1
10110,ETUSEU,1,1
10111,CEPNAM,2,2
10112,BUWKIQ,1,1
10113,ACEWIO,3,3
10114,COQVEL,1,1
10115,JAHYEZ,1,1
10116,JUSQAR,2,2
10117,DAHMAC,1,1
10118,KITHAZ,2,2
10119,XOMPUL,2,2
10120,OPOKAG,3,3
10121,MUZSEF,1,1
10122,LOLJUT,3,3
10123,FOQSOV,3,3
10124,SEZWIH,1,1
10125,HOBQUL,2,2
10126,AMIWAX,1,1
10127,XUVGUT,1,1
10128,HIVKUW,1,1
10129,MEDGIP,1,1
10130,FULNEG,3,3
10131,QAKXIM,3,3
10132,XINGAD,3,3
10133,POBRUX,1,1
10134,AXUCON,3,3
10135,NENYUC,2,2
10136,IFIXEB,3,3
10137,NEZHOP,1,1
10138,BAYJAM,1,1
10139,NEYTAP,3,3
10140,TAKDOA,3,3
10141,YEBCAN,1,1
10142,XOJLEN,2,2
10143,RUQZOV,1,1
10144,FOCSIA,3,3
10145,YUSVUD,1,1
10146,EWIROS,2,2
10147,IPEPUQ,3,3
10148,TABMEP,1,1
10149,IWABEN,3,3
10150,ZENBOJ,2,2
10151,AYIQOP,2,2
10152,MEWMEG,2,2
10153,BOLNUN,1,1
10154,DUKYOX,2,2
10155,ZARVOH,1,1
10156,VIWLOD,3,3
10157,AMACAS,3,3
10158,MEGKAL,3,3
10159,FUPGIH,3,3
10160,RAHJAM,3,3
10161,GOJMAU,3,3
10162,MUNPAM,3,3
10163,ZUQKIF,2,2
10164,HEFTEU,2,2
10165,BACGIX,3,3
10166,POKPOX,2,2
10167,PIWNIT,1,1
10168,MOLQAF,3,3
10169,IYOMEO,2,2
10170,KELQOK,3,3
10171,QUZLAA,2,2
10172,WUZWIX,3,3
10173,MIHMEV,1,1
10174,XIFDAU,3,3
10175,NEFMUH,3,3
10176,RAYVIZ,2,2
10177,REJFOF,1,1
10178,FERSOO,1,1
10179,PIYNER,1,1
10180,HOTVET,2,2
10181,LAJTEW,3,3
10182,QAQLAZ,1,1
10183,EROLUU,1,1
10184,VENHED,3,3
10185,QIWRUK,3,3
10186,YOBHOM,2,2
10187,BUCQOG,3,3
10188,YOXLOM,3,3
10189,LUSVUT,1,1
10190,BIKLIQ,3,3
10191,IMEWIH,1,1
10192,KOCPIE,3,3
10193,PIJCOC,1,1
10194,LIHJOD,2,2
10195,CEPPEV,3,3
10196,BULKAV,2,2
10197,RILGAU,1,1
10198,LOFMAV,1,1
10199,IZUFIT,1,1
10200,DASCEH,3,3
10201,NOBZUB,3,3
10202,YEJNAG,1,1
10203,LIGNIZ,3,3
10204,ZESXIG,3,3
10205,QEKKEX,3,3
10206,VEYWOO,2,2
10207,LARHOD,2,2
10208,ERIZOW,1,1
10209,SIXCAG,2,2
10210,DUXFUZ,1,1
10211,HINROM,2,2
10212,OBEXOL,1,1
10213,LUFMEG,3,3
10214,JETSAC,3,3
10215,GEDSUE,2,2
10216,KEDKOX,1,1
10217,RURHAN,1,1
10218,DAGNOP,3,3
10219,RUMZEG,3,3
10220,MUVLEU,3,3
10221,MIXLIP,2,2
10222,FIHWUO,2,2
10223,AXUZOL,1,1
10224,AYAKOC,2,2
10225,QUBGEC,1,1
10226,LEHJUD,2,2
10227,DUJJEZ,1,1
10228,WEDFUG,3,3
10229,FAFCIZ,3,3
10230,DUBBUZ,1,1
10231,PUNHOX,3,3
10232,BUTYEV,3,3
10233,WAHSUW,2,2
10234,KOQYEX,1,1
10235,ZOHJAJ,3,3
10236,FUDJOD,2,2
10237,NACZAS,2,2
10238,PIYGOX,1,1
10239,WUWBAT,3,3
10240,BOQFOD,2,2
10241,DITLOK,2,2
10242,LIJKIA,2,2
10243,HIGBIJ,3,3
10244,CECTEM,3,3
10245,UCUHAB,2,2
10246,JURPUH,1,1
10247,MOFMAV,2,2
10248,HAVQIH,3,3
10249,YIZJEW,1,1
10250,OJUQAM,2,2
10251,YECWOU,3,3
10252,VOSYOU,1,1
10253,AGEDEZ,1,1
10254,WESPUF,3,3
10255,GOPWEN,2,2
10256,FIDSOE,1,1
10257,ENOPII,2,2
10258,UFODOM,1,1
10259,UHENOL,3,3
10260,UGODUQ,3,3
10261,SOMZAV,2,2
10262,WEYGIS,3,3
10263,LIBXOL,2,2
10264,XOBHOM,1,1
10265,URIZUT,1,1
10266,QOVJIU,2,2
10267,MEZZUO,3,3
10268,QEXSUH,2,2
10269,OHEFUE,3,3
10270,RAFDAG,2,2
10271,GEDVIX,2,2
10272,DEYRAB,2,2
10273,VEZLEV,1,1
10274,FAPSUL,2,2
10275,LUVLEU,3,3
10276,DAJLIM,3,3
10277,VOFNIQ,1,1
10278,LATKOG,1,1
10279,HARTIH,1,1
10280,VENQIR,3,3
10281,YILTUM,1,1
10282,LIPFAT,2,2
10283,BIZKUT,3,3
10284,PETYAQ,1,1
10285,VETBIH,3,3
10286,RIXZON,2,2
10287,SAZMOW,2,2
10288,POJJOP,2,2
10289,NEQBUK,1,1
10290,ATORAD,2,2
10291,RIGFET,3,3
10292,NIZDOS,3,3
10293,VAPFUN,1,1
10294,ZODRIT,2,2
10295,COFPOE,3,3
10296,FUZKOD,1,1
10297,MIBZUW,1,1
10298,HUPHUW,3,3
10299,BOZWOF,1,1
10300,HOTXIX,3,3
10301,JOZVOJ,3,3
10302,NOTCAA,1,1
10303,DAMRAK,2,2
10304,FUDMIB,2,2
10305,SATMOR,1,1
10306,MOQRIU,2,2
10307,JIYZOG,1,1
10308,EKEDIJ,3,3
10309,DOBWIB,1,1
10310,EBAKEA,3,3
10311,YUBZUS,3,3
10312,IGEBAX,3,3
10313,TALJOG,3,3
10314,EMUKOM,3,3
10315,WAPMEH,3,3
10316,HEDRIU,2,2
10317,QINDUO,3,3
10318,YEYZEH,2,2
10319,YIYFOC,3,3
10320,YEHSUA,2,2
10321,OGONUT,3,3
10322,HEZCOI,1,1
10323,ADANEB,2,2
10324,MEDNOY,3,3
10325,QALVIK,3,3
10326,HESJEX,1,1
10327,GUQCAX,3,3
10328,TADYIJ,3,3
10329,OBIYIL,1,1
10330,XAWYAX,3,3
10331,JUSXED,1,1
10332,BASACO,2,2
10333,ICADEZ,1,1
10334,OHIBOX,2,2
10335,LEVKUS,2,2
10336,YUFTEB,1,1
10337,YUCLOX,2,2
10338,OGIVAE,1,1
10339,KETTEM,1,1
10340,UHOLIO,3,3
10341,HOHHIV,2,2
10342,GUVMOB,3,3
10343,DEZPEE,3,3
10344,TIKKIH,2,2
10345,BOYLEH,3,3
10346,VIRFUZ,3,3
10347,WOCZUK,3,3
10348,IYINIO,3,3
10349,CAPDAY,3,3
10350,VONTEA,3,3
10351,XEKCOI,3,3
10352,AXAKUH,1,1
10353,ROBPIL,1,1
10354,XENLEI,1,1
10355,PAYHEE,2,2
10356,YOYFEZ,3,3
10357,EKIROG,3,3
10358,OKEBEL,3,3
10359,GUMHUS,3,3
10360,LEPSAB,3,3
10361,PABVIY,1,1
10362,XIGYES,3,3
10363,WUMJUK,3,3
10364,VECJAQ,2,2
10365,ALAHEB,2,2
10366,IJANIQ,1,1
10367,IZIXEV,3,3
10368,RAFCEI,2,2
10369,MAXCAR,2,2
10370,QATFUO,1,1
10371,NAYPOW,1,1
10372,DAPVAU,2,2
10373,ITACEN,3,3
10374,EWOXIY,2,2
10375,YIPHAK,1,1
10376,CEGZUK,2,2
10377,COSPIL,1,1
10378,WOLBAA,2,2
10379,KUYMAU,3,3
10380,ASUTIR,2,2
10381,GEXHEZ,3,3
10382,FUDSAZ,3,3
10383,BAZZUY,3,3
10384,DODTIA,2,2
10385,WAJYAK,3,3
10386,JAFNIQ,3,3
10387,HOBJOB,1,1
10388,MIDLOB,2,2
10389,CEFBAS,1,1
10390,WUMQAY,2,2
10391,WUNCAJ,2,2
10392,LAYGEA,3,3
10393,CAHHOI,3,3
10394,MEFXIF,3,3
10395,WEGXAK,2,2
10396,UNAKEB,1,1
10397,PAYQIS,2,2
10398,VAYJAJ,3,3
10399,ANOREB,3,3
10400,LALWEC,2,2
10401,FAYHAR,3,3
10402,NOMKIJ,1,1
10403,XIYFOC,2,2
10404,OBOSAZ,2,2
10405,QENMEE,2,2
10406,SASSEK,1,1
10407,AFAMIF,3,3
10408,ELOMOJ,2,2
10409,XEFVIN,1,1
10410,TOVQIH,1,1
10411,PIXMEO,2,2
10412,YIWQOK,2,2
10413,XEKJEC,3,3
10414,KOHSUW,2,2
10415,MIFCEK,3,3
10416,ETUVUK,3,3
10417,IPELIY,1,1
10418,KIDGAG,2,2
10419,CURJAA,2,2
10420,MOXBOR,3,3
10421,FEKPUJ,1,1
10422,CUQVOA,3,3
10423,CASQES,3,3
10424,OQENUU,3,3
10425,GOQSAJ,1,1
10426,XEPCIE,3,3
10427,QANPIH,3,3
10428,FEXQIL,2,2
10429,UCUVIZ,3,3
10430,EBUXEI,1,1
10431,XOCBEZ,2,2
10432,ANTPZN,3,3
10433,VAFSUR,2,2
10434,EDABER,2,2
10435,ICEHOP,3,3
10436,BAPDAY,3,3
10437,OCOJUO,3,3
10438,CENXOK,3,3
10439,BOYROX,3,3
10440,LAMJOY,3,3
10441,FEKJIS,1,1
10442,WAXFEG,1,1
10443,FINNIB,3,3
10444,WAGMOG,2,2
10445,PIBFAH,2,2
10446,HUFPIH,3,3
10447,XOZBOG,1,1
10448,GIDKIP,2,2
10449,HOWPUE,3,3
10450,FIFJOU,3,3
10451,PIQREP,1,1
10452,NIXZIE,2,2
10453,QALYOS,3,3
10454,DOTMOQ,3,3
10455,PEQYOA,3,3
10456,EGAYUH,1,1
10457,ICOKAO,3,3
10458,CIFVIY,3,3
10459,IFOMAS,2,2
10460,LAJWUO,3,3
10461,LUYYOT,1,1
10462,FETXNA,3,3
10463,FEVGAO,2,2
10464,SUPXIK,2,2
10465,FELTAU,3,3
10466,AVIZOU,2,2
10467,CEHDOL,3,3
10468,ITARIF,2,2
10469,VUWTIR,3,3
10470,FOHTON,2,2
10471,TIQWOJ,1,1
10472,COFZUW,1,1
10473,SECYAE,1,1
10474,BULTAE,3,3
10475,AJEBIC,1,1
10476,ZIHBIE,3,3
10477,MOQMIQ,3,3
10478,ZEFPOP,2,2
10479,FEPHUD,2,2
10480,DAMVUJ,2,2
10481,AVUHUW,2,2
10482,AQIVIG,3,3
10483,ZOBPAK,3,3
10484,FAJSAM,3,3
10485,PAGVEA,2,2
10486,QIYVAX,3,3
10487,SURLUO,2,2
10488,YOXJAW,2,2
10489,FUTZAV,2,2
10490,FAJDAW,2,2
10491,PABWAR,1,1
10492,IBEBOI,3,3
10493,ILAJUA,3,3
10494,GOKDUF,3,3
10495,ZIJJEJ,2,2
10496,DABBUH,1,1
10497,NARKUP,2,2
10498,JAKSOH,1,1
10499,VAVQEO,3,3
10500,XAYJUF,3,3
10501,FEVWEL,1,1
10502,RAFLAN,1,1
10503,OPIYAO,3,3
10504,MAGGOU,1,1
10505,XALVAL,1,1
10506,TOTQEY,2,2
10507,BAPLAG,3,3
10508,AMOKOC,1,1
10509,BUZMUF,2,2
10510,SAENFE,2,2
10511,PIFXUZ,2,2
10512,LEXTUE,3,3
10513,TODYOA,2,2
10514,WUVYET,3,3
10515,YADNUO,3,3
10516,PIVKIO,1,1
10517,XIHBAV,1,1
10518,PACCAB,1,1
10519,MIGFIS,3,3
10520,GEKJIS,3,3
10521,XUXJEF,1,1
10522,QUCGUQ,2,2
10523,ULUZAE,3,3
10524,RUCYUM,1,1
10525,PEQPEK,1,1
10526,CICGII,1,1
10527,UJOLUD,1,1
10528,KUJMUX,1,1
10529,GOZTIY,3,3
10530,SUWVEN,3,3
10531,BEPSUN,2,2
10532,NONXAR,1,1
10533,GOXKEL,2,2
10534,EROFOG,1,1
10535,GESMUM,3,3
10536,WAFWAD,3,3
10537,YADRED,3,3
10538,ILAXIF,1,1
10539,EREVUT,3,3
10540,EFUDAO,1,1
10541,HAWTEG,3,3
10542,TUTFAR,3,3
10543,XILPAL,3,3
10544,IPEMAR,2,2
10545,WIBTAD,1,1
10546,XUNCUF,2,2
10547,BOLMIB,2,2
10548,GEKZOO,3,3
10549,PAPKUQ,1,1
10550,OTOPOD,1,1
10551,IXAYAH,1,1
10552,JOJJUP,3,3
10553,DOYFAY,1,1
10554,KESLAY,3,3
10555,RUKMUF,2,2
10556,DOFCEJ,1,1
10557,QAGVEA,3,3
10558,WOVWOV,3,3
10559,COSXIR,3,3
10560,LEYRIR,1,1
10561,RAMFUI,3,3
10562,SIGYEP,2,2
10563,PEDGAG,2,2
10564,MEKBIN,2,2
10565,AQENAN,2,2
10566,MPOCFE,2,2
10567,YEJXIV,2,2
10568,ZUDTAW,1,1
10569,WOKZEB,2,2
10570,ZOSRAD,3,3
10571,ALAWEQ,2,2
10572,ORONOZ,2,2
10573,NARWEL,1,1
10574,CAMVIV,2,2
10575,GAZLIG,1,1
10576,NECVAV,2,2
10577,PAKLUL,3,3
10578,VILDEB,3,3
10579,QAHLIX,2,2
10580,MEWWUJ,2,2
10581,KAPZAF,1,1
10582,OGEVON,3,3
10583,NOBYEM,1,1
10584,CALLEJ,2,2
10585,ICIXEX,1,1
10586,VOFCUR,3,3
10587,BAPKEI,3,3
10588,EWITOU,3,3
10589,ZANBUL,1,1
10590,PADXUN,1,1
10591,IKUWIW,3,3
10592,HIKBEI,3,3
10593,XASTAQ,1,1
10594,KUQJUE,1,1
10595,JERTUV,2,2
10596,HAGBEX,1,1
10597,IKOMAX,2,2
10598,GOFTOK,2,2
10599,FOTQUA,2,2
10600,BOYXUJ,3,3
10601,GEWDAR,1,1
10602,OCIJET,1,1
10603,OQILAE,1,1
10604,HOYBIG,2,2
10605,TARSIR,2,2
10606,MUKWEX,1,1
10607,YAVLIT,3,3
10608,QEQLUW,3,3
10609,HOGDOA,1,1
10610,OGEFIR,1,1
10611,OXAPUA,1,1
10612,RUWJUR,1,1
10613,QOYSUT,1,1
10614,SAJTIG,2,2
10615,GALGAC,3,3
10616,RIVKAK,2,2
10617,FOLFOC,1,1
10618,FUVPUJ,2,2
10619,JIZYAT,2,2
10620,WOSQOK,2,2
10621,WABKOZ,2,2
10622,BOFFEK,3,3
10623,FUYQOI,1,1
10624,OXUCUI,1,1
10625,CIHQOZ,1,1
10626,MIKWIO,2,2
10627,IGOFIV,1,1
10628,VAZYIE,2,2
10629,UKEWEM,3,3
10630,MEFYAZ,3,3
10631,REXYEA,3,3
10632,LIJDOY,3,3
10633,JOJVEL,3,3
10634,DITCIS,3,3
10635,XEJXIV,3,3
10636,VADFAJ,2,2
10637,XEWLOC,3,3
10638,FUDRIF,2,2
10639,CAMDUQ,2,2
10640,GOSFUR,3,3
10641,NIHLIZ,2,2
10642,WABRAS,3,3
10643,EYESAD,3,3
10644,XOXTIO,3,3
10645,NAYVAM,3,3
10646,PICKOF,1,1
10647,DAJMAF,3,3
10648,EWOPIP,3,3
10649,ACASOO,3,3
10650,LALHEP,1,1
10651,DIXBOD,3,3
10652,NITREO,2,2
10653,XAVLIT,1,1
10654,RAHKER,2,2
10655,GAFBAQ,3,3
10656,QOPDUU,2,2
10657,PIPQEM,3,3
10658,BELXAR,3,3
10659,GUVPUJ,1,1
10660,QIYFEL,3,3
10661,RIKCUJ,1,1
10662,OBICUB,1,1
10663,YATZOK,2,2
10664,AWOREL,2,2
10665,VEWHOY,1,1
10666,NORDUT,3,3
10667,GAKKUB,2,2
10668,TEPCUM,3,3
10669,VEXKOA,1,1
10670,XIYNOJ,3,3
10671,NEMVAD,3,3
10672,JAKMEO,2,2
10673,DAPGOU,1,1
10674,WIYHUK,3,3
10675,BEZMAY,1,1
10676,CUTMUC,1,1
10677,WIWJOB,2,2
10678,EFOYOQ,1,1
10679,EBEHID,2,2
10680,USUREG,2,2
10681,TAYBED,2,2
10682,GANQIW,3,3
10683,UZUHOP,1,1
10684,ZUJTON,2,2
10685,HIGDIL,2,2
10686,RECNOC,2,2
10687,SONWOJ,3,3
10688,KEZREN,2,2
10689,CODNEP,3,3
10690,FELVUR,1,1
10691,XONFAI,1,1
10692,LIMJOH,1,1
10693,QANFOE,1,1
10694,FUVLIU,1,1
10695,SUDRIV,1,1
10696,EQEBOU,1,1
10697,JAVLUO,3,3
10698,DOBTUN,1,1
10699,LAZDEY,2,2
10700,GEQGOZ,1,1
10701,GIMLAQ,3,3
10702,MOSLAH,1,1
10703,EGUSUU,3,3
10704,MAWJUS,3,3
10705,GUJLOP,1,1
10706,XAXGUC,1,1
10707,IWACOZ,3,3
10708,VALBIV,3,3
10709,GEYJAX,2,2
10710,RUMBOQ,2,2
10711,NOXMOE,2,2
10712,WAJVIO,3,3
10713,SADMIW,1,1
10714,AFORES,2,2
10715,REDYOP,2,2
10716,JERXOU,3,3
10717,KOZYEF,3,3
10718,XADRIG,1,1
10719,XIHBOJ,1,1
10720,HUTWEZ,2,2
10721,XAYQOH,1,1
10722,SINWES,3,3
10723,GIFJAI,3,3
10724,JAMNIX,3,3
10725,SUNYEH,3,3
10726,COPTOR,2,2
10727,YETYEB,2,2
10728,GUSTAP,3,3
10729,COQWOX,3,3
10730,NUXSAD,1,1
10731,ADEQUX,3,3
10732,BULZAJ,3,3
10733,GAHRIT,3,3
10734,SUJLAK,3,3
10735,LOWWIG,1,1
10736,SIPQAJ,3,3
10737,QUBJUT,3,3
10738,DAFBEV,1,1
10739,ILUBOG,1,1
10740,VUFXIE,3,3
10741,ZAKFAV,3,3
10742,TEFJIY,3,3
10743,LILNID,1,1
10744,DIQLOG,2,2
10745,YAHSOP,2,2
10746,CIRYUY,1,1
10747,VIQNES,1,1
10748,VITXAZ,1,1
10749,PMISNI,3,3
10750,ROBHAR,1,1
10751,TEGPEE,1,1
10752,XINQIU,3,3
10753,VOPDEJ,3,3
10754,BAFLUQ,2,2
10755,BARSAQ,2,2
10756,SACHUC,3,3
10757,SANXOY,1,1
10758,YOZYUI,2,2
10759,BUSHEC,3,3
10760,VEDBOZ,1,1
10761,JUHWIS,3,3
10762,QIRWIZ,2,2
10763,DOQGUO,2,2
10764,DOKTUU,1,1
10765,GOYQES,3,3
10766,GIWSUC,3,3
10767,REWDAB,1,1
10768,OJEHIV,3,3
10769,UFUSUJ,3,3
10770,ROPVOJ,2,2
10771,XABQID,1,1
10772,LONHAA,2,2
10773,XEWKEQ,2,2
10774,KAVPED,2,2
10775,LEJFAI,1,1
10776,FIFJAI,2,2
10777,RUNYEH,1,1
10778,VUYCEY,3,3
10779,RIZJIW,3,3
10780,FEZVOX,2,2
10781,MUVJES,3,3
10782,SEQGAA,1,1
10783,GETFIV,3,3
10784,HIBROZ,1,1
10785,WITTUR,3,3
10786,HICSUK,1,1
10787,GOXBAZ,1,1
10788,RAYWAQ,3,3
10789,UXECIL,3,3
10790,FALRUI,3,3
10791,AVIZAI,3,3
10792,IDONAT,3,3
10793,LIDMIU,3,3
10794,UVITAV,3,3
10795,ROKFOM,3,3
10796,LODSIK,1,1
10797,WERYAU,2,2
10798,YEXTUU,1,1
10799,KOJVIO,3,3
10800,NADBID,3,3
10801,YORXOT,3,3
10802,HUWYUU,3,3
10803,ZINXID,2,2
10804,KUCXAI,3,3
10805,HECZEV,2,2
10806,TUJWIE,3,3
10807,WANDIB,2,2
10808,GOBJUE,1,1
10809,OMEMEY,3,3
10810,JEXHUQ,2,2
10811,SOZQUT,2,2
10812,XEVHEL,1,1
10813,MAHMIS,3,3
10814,ZATSAQ,2,2
10815,VETZAV,3,3
10816,ZAHSEK,1,1
10817,ACINIM,3,3
10818,GUDREE,2,2
10819,TIGREI,3,3
10820,NALQOI,2,2
10821,UNAMED,3,3
10822,HEQVUV,2,2
10823,GEDNAF,2,2
10824,KOTGOS,1,1
10825,NOMMIL,2,2
10826,QUCBEX,3,3
10827,RUHFUW,3,3
10828,JAHQES,1,1
10829,EVABAE,2,2
10830,TIMNIM,1,1
10831,XIDSOV,3,3
10832,FIRGIY,2,2
10833,BAJHOL,3,3
10834,WOWDET,2,2
10835,BEGPAE,3,3
10836,IREGIW,2,2
10837,WANZAM,1,1
10838,YIFRIS,1,1
10839,FOVYUM,3,3
10840,UDAQEV,1,1
10841,RIFMIC,2,2
10842,HAKDIJ,3,3
10843,VUYDAW,3,3
10844,NAKHAI,2,2
10845,XUDDAD,2,2
10846,ITIFEY,1,1
10847,JEHKOX,2,2
10848,LIYGEG,3,3
10849,AFEGAU,3,3
10850,LAPXIJ,2,2
10851,MOPWIY,3,3
10852,IWEVIQ,2,2
10853,SASBEW,3,3
10854,AMAGUR,2,2
10855,REJWAF,2,2
10856,HOKBAL,1,1
10857,ZONVOQ,3,3
10858,WOJGAD,1,1
10859,NIJSIL,3,3
10860,XUSKOL,1,1
10861,ZIBLUR,3,3
10862,GOFTAW,2,2
10863,TUKSOI,1,1
10864,AMUTUZ,2,2
10865,KAHQES,1,1
10866,YEKGUT,3,3
10867,FULVCR,2,2
10868,UNASOT,1,1
10869,VUXPAG,2,2
10870,KIKNUQ,2,2
10871,NAJROJ,1,1
10872,JOWLAI,1,1
10873,JUCXAI,2,2
10874,DEWMOH,2,2
10875,VERWOF,3,3
10876,RUHCIJ,1,1
10877,EQIMEY,3,3
10878,YOSKIB,2,2
10879,EKOBUC,3,3
10880,PIKSUY,3,3
10881,FORNIJ,2,2
10882,WAZGOV,3,3
10883,IKUGAW,3,3
10884,VATWIX,1,1
10885,WOSQAW,2,2
10886,JAVYOY,1,1
10887,JOKPUX,2,2
10888,DUXWUQ,2,2
10889,QUGYOH,3,3
10890,WUYDAW,3,3
10891,SUKHEO,1,1
10892,BUYCIJ,3,3
10893,MUGCUM,3,3
10894,KIBBAB,1,1
10895,MECHOV,1,1
10896,LUTPUL,3,3
10897,ATODEV,1,1
10898,GOTJOO,1,1
10899,CEYXIP,1,1
10900,OYANIN,2,2
10901,FORPAE,3,3
10902,BIBDEW,3,3
10903,IZUGOC,1,1
10904,ESATEZ,1,1
10905,RADQOF,3,3
10906,XAYHUD,3,3
10907,EJISEV,2,2
10908,UDOJED,1,1
10909,NEMDER,1,1
10910,ZONTAX,2,2
10911,VIBVAF,3,3
10912,BIVROO,3,3
10913,RARSOW,1,1
10914,CUNNIK,2,2
10915,TAXQUH,2,2
10916,MIBKAN,1,1
10917,PORLAK,2,2
10918,NEXTEP,1,1
10919,FUHXEN,3,3
10920,SOWSED,2,2
10921,PALNUP,1,1
10922,IRUMOY,3,3
10923,LIHYAF,2,2
10924,PAWRAH,2,2
10925,ZOQFEQ,3,3
10926,HALMUD,2,2
10927,HIJSAU,3,3
10928,ZEPPOC,3,3
10929,BICRIQ,2,2
10930,GITZUG,2,2
10931,YUJDUD,3,3
10932,ZEPWIE,1,1
10933,AVIVAD,2,2
10934,QAZWAS,3,3
10935,PEXRER,1,1
10936,XUMQOL,3,3
10937,ZABFUH,1,1
10938,MUTYIK,3,3
10939,DIVYAJ,2,2
10940,BOGLUE,1,1
10941,QIPXUI,3,3
10942,WECGET,3,3
10943,RUQGAL,1,1
10944,DETTIG,2,2
10945,GUMBUO,1,1
10946,IMETAV,2,2
10947,MEDTIY,1,1
10948,KEJCUZ,3,3
10949,LEGTUM,3,3
10950,VELCAU,1,1
10951,YUKROO,1,1
10952,KADGUS,3,3
10953,JAVBOY,2,2
10954,OJAQOG,3,3
10955,KIHLES,1,1
10956,SEBHEN,2,2
10957,FEBMUW,1,1
10958,YAMLUV,3,3
10959,IKEQUM,2,2
10960,KISRIO,2,2
10961,HUXTOL,2,2
10962,CIBTUF,2,2
10963,ROWSED,2,2
10964,IYUDOV,1,1
10965,PINYUI,2,2
10966,SAVQIQ,2,2
10967,UHEJAT,2,2
10968,ETEHOD,1,1
10969,GUFVIP,1,1
10970,SOJYIA,2,2
10971,FELMUE,2,2
10972,CEBDIZ,3,3
10973,COXLOT,1,1
10974,UMIDOJ,2,2
10975,ZISYAB,3,3
10976,LAMPIY,1,1
10977,LUSNIX,1,1
10978,YONZEG,3,3
10979,WAYPEU,3,3
10980,CEJPIQ,2,2
10981,KIMJEY,2,2
10982,TOLHIN,3,3
10983,HOTRIS,3,3
10984,MISYEU,2,2
10985,PEQREI,1,1
10986,EPAKUD,2,2
10987,TUTMIE,2,2
10988,VUFZED,3,3
10989,AQARUI,1,1
10990,AKUFUI,3,3
10991,WUSTOV,2,2
10992,FUVPOD,1,1
10993,OJOVIS,2,2
10994,QOYJAS,1,1
10995,BEHFON,1,1
10996,HAYHOG,2,2
10997,SUKTAV,3,3
10998,BUWQAM,3,3
10999,HAMYUT,1,1
11000,BOYXOD,3,3
11001,CIQKAO,1,1
11002,TITTID,1,1
11003,DOYMIN,2,2
11004,CIHJAF,1,1
11005,DAHYES,3,3
11006,LENTUV,2,2
11007,USIWIE,3,3
11008,DIPVUV,3,3
11009,TACTON,3,3
11010,ROQGEJ,1,1
11011,INUMAF,2,2
11012,APOROP,1,1
11013,BABNEZ,3,3
11014,YAMPEJ,3,3
11015,FEGGAB,3,3
11016,GACHOJ,3,3
11017,NOYBOU,3,3
11018,GOSHAX,3,3
11019,GOPTOX,2,2
11020,FOCPOC,1,1
11021,PORBOO,3,3
11022,MEDSOH,1,1
11023,BIKFIM,2,2
11024,KUPGAE,3,3
11025,PIFXOT,2,2
11026,YUDVIF,1,1
11027,QUMRUL,3,3
11028,XECSAZ,1,1
11029,LOHKUP,2,2
11030,HITKOK,3,3
11031,HIHREX,3,3
11032,MORCAX,3,3
11033,MOQQAK,2,2
11034,NERHIC,3,3
11035,VECNOI,3,3
11036,LAHQOB,2,2
11037,KAFZAU,3,3
11038,NAZJUT,1,1
11039,ORUFAK,3,3
11040,MIXQIV,3,3
11041,VEJGEX,3,3
11042,SAKGUH,1,1
11043,KECFIK,2,2
11044,WAHLOJ,2,2
11045,ZIZGIA,3,3
11046,IGATOZ,3,3
11047,TAFGUE,2,2
11048,SEVBIG,2,2
11049,TIYVON,2,2
11050,VAXMOX,3,3
11051,IVEHOG,2,2
11052,LODFEP,3,3
11053,NEVDAV,1,1
11054,DERRUN,3,3
11055,WOMROI,3,3
11056,AQELAL,3,3
11057,LEBYEA,1,1
11058,RERGIG,3,3
11059,GASGAK,3,3
11060,GAVQEB,2,2
11061,FAYLOJ,2,2
11062,UHAFIV,1,1
11063,DOQYIR,3,3
11064,CEFFOK,3,3
11065,UYEZIK,1,1
11066,OTIXEX,1,1
11067,GIQWEK,3,3
11068,ZAWMAO,3,3
11069,BEPMEP,3,3
11070,VUPDUI,1,1
11071,QEJBEN,2,2
11072,FANXUP,2,2
11073,NINCEW,1,1
11074,IVUYII,1,1
11075,WENBEX,2,2
11076,QADFEG,3,3
11077,FETMOJ,2,2
11078,QITXIC,2,2
11079,KILWOT,2,2
11080,ZOLKOE,1,1
11081,PASPEF,3,3
11082,YUVCUP,1,1
11083,FOTQOX,1,1
11084,RAKPUR,1,1
11085,ARAFAC,1,1
11086,EBUREB,2,2
11087,JIMMAW,2,2
11088,HEDVER,2,2
11089,YEJHUS,2,2
11090,CAVMAQ,2,2
11091,BITZAH,3,3
11092,JAFZAU,3,3
11093,XOSWOS,2,2
11094,DEKVIZ,2,2
11095,CALPOX,1,1
11096,KIDMAL,2,2
11097,SEZVUQ,3,3
11098,VISDEJ,3,3
11099,IQASUR,1,1
11100,ZAXPIX,2,2
11101,KIKNAT,3,3
11102,ECOZII,3,3
11103,DATWOM,3,3
11104,LOJMUS,3,3
11105,KOPYOD,3,3
11106,MASMUQ,2,2
11107,JUHLEG,1,1
11108,NAGLAM,1,1
11109,RIRRER,3,3
11110,HAYQOR,1,1
11111,ILEFIQ,1,1
11112,SUHQOC,2,2
11113,KULGIK,1,1
11114,NOBKOG,2,2
11115,RAJHOA,3,3
11116,FIWQUA,3,3
11117,PAZNAF,2,2
11118,HOKLUQ,2,2
11119,RUSFIU,3,3
11120,AYAQEW,1,1
11121,WAHKEX,2,2
11122,PEMROO,1,1
11123,NUVFAN,2,2
11124,PEHJEU,2,2
11125,LIPBAP,3,3
11126,LEXXUH,3,3
11127,HELPUJ,2,2
11128,MAMPEZ,1,1
11129,VOKVEX,3,3
11130,PHQUMO,2,2
11131,JAWHIZ,3,3
11132,FAJDUR,2,2
11133,QIMPOT,1,1
11134,EBEZAQ,1,1
11135,WUFSAR,3,3
11136,OJAVEB,3,3
11137,VEXWIG,3,3
11138,JARWEF,3,3
11139,SIZVAZ,2,2
11140,UMUDEL,2,2
11141,KIJSEE,1,1
11142,AWAGIR,1,1
11143,TEHXOU,3,3
11144,FENPOH,1,1
11145,FAVXAC,1,1
11146,UQUJEW,1,1
11147,JUBGIY,3,3
11148,VEZCUC,1,1
11149,XOCMUX,3,3
11150,JAGGED,1,1
11151,YEYWOQ,1,1
11152,MUHNAH,1,1
11153,ROGBOI,1,1
11154,HIGFIN,3,3
11155,HOVHUX,2,2
11156,TALPED,3,3
11157,FOFXOQ,1,1
11158,CAPLUB,3,3
11159,EGAYAM,2,2
11160,SUQWIL,3,3
11161,APUFEX,3,3
11162,TAZREU,3,3
11163,QEBSUL,1,1
11164,LULKAH,1,1
11165,WUMYUB,1,1
11166,YATTUJ,3,3
11167,WOKVEX,2,2
11168,TOMBOM,3,3
11169,XADBUB,2,2
11170,CUGYEI,1,1
11171,YERXEC,1,1
11172,JEFYIC,2,2
11173,IWUBIL,3,3
11174,BOVKEC,1,1
11175,GEPQOH,3,3
11176,FUVWEA,2,2
11177,JACKON,1,1
11178,WUQLIF,3,3
11179,IGEXID,3,3
11180,KIXSAM,2,2
11181,WIWDUC,2,2
11182,YORXUZ,3,3
11183,DEJKOT,3,3
11184,ABASAA,3,3
11185,COSZES,3,3
11186,ADAVUZ,3,3
11187,FISXAI,3,3
11188,LICQAQ,3,3
11189,IQETAB,3,3
11190,LULROA,3,3
11191,NOVHIS,1,1
11192,BUTJEH,2,2
11193,IDUFOE,3,3
11194,CEHQAH,3,3
11195,FUFFAP,3,3
11196,CEKJIN,3,3
11197,AFAPEC,3,3
11198,PENBUG,2,2
11199,MOJHEZ,1,1
11200,YUWNUB,3,3
11201,ETOZAP,3,3
11202,EHUGAQ,3,3
11203,HIHWUQ,3,3
11204,BUZCOP,2,2
11205,ISAKAP,3,3
11206,BUZZAY,3,3
11207,GIQGOC,2,2
11208,RIZVAZ,2,2
11209,KARWEF,1,1
11210,JISREL,1,1
11211,ESOHOM,1,1
11212,AHAXAI,3,3
11213,CUJBOB,1,1
11214,LIRDAS,3,3
11215,PEJLEV,2,2
11216,OBELIT,2,2
11217,LUHYAR,1,1
11218,FOPSEJ,3,3
11219,HOTREP,3,3
11220,HIJSOI,3,3
11221,BIYFAQ,2,2
11222,FOWCAW,3,3
11223,QEKHAR,2,2
11224,AYEHUK,1,1
11225,GUPSAL,2,2
11226,PEXLAI,1,1
11227,BEGKON,2,2
11228,DAFYIU,2,2
11229,XIHWOE,1,1
11230,IQAJUG,3,3
11231,GEXGUO,3,3
11232,FARJAN,1,1
11233,KIGFAJ,2,2
11234,GOWSET,1,1
11235,MAHFAD,2,2
11236,AQOGAQ,3,3
11237,FEHQUG,2,2
11238,FEYXEN,3,3
11239,ZIXQAB,3,3
11240,ITOYOH,2,2
11241,WACFUF,1,1
11242,HOZREU,2,2
11243,HOFKOF,1,1
11244,KIKNOH,2,2
11245,YEKPOW,2,2
11246,DOGROJ,2,2
11247,WOWFEV,2,2
11248,SAJVEF,3,3
11249,GIKVUU,2,2
11250,PEFSIF,1,1
11251,SOHTUG,3,3
11252,WEWZED,1,1
11253,EJIMAM,1,1
11254,RAXVAN,2,2
11255,UDUGAE,2,2
11256,AHOQIY,3,3
11257,UHILON,1,1
11258,FAYLAV,2,2
11259,DIGRES,3,3
11260,XAJBUG,3,3
11261,XIQFIP,3,3
11262,TAWNIO,2,2
11263,VAWBUT,1,1
11264,ANAXIX,3,3
11265,EKERUI,3,3
11266,OBIXUU,2,2
11267,QOZHIW,3,3
11268,NAKTID,1,1
11269,TADXUS,3,3
11270,REYFAE,2,2
11271,RAJXIJ,1,1
11272,NEXSOB,2,2
11273,CAKGAW,3,3
11274,HIYWOE,3,3
11275,VACJAN,2,2
11276,RAQFEV,3,3
11277,CIGNIS,2,2
11278,SIVGAF,1,1
11279,BAMSAN,1,1
11280,METRAF,3,3
11281,GUZMUL,1,1
11282,SICYOW,1,1
11283,JANNOB,2,2
11284,COKXEG,3,3
11285,HITKAW,2,2
11286,ETOSIR,1,1
11287,CERBAE,2,2
11288,AFOYOL,3,3
11289,BENKOU,3,3
11290,XINTOF,3,3
11291,BOJKAN,1,1
11292,UHINUU,3,3
11293,MIFNOE,2,2
11294,XIWBOU,3,3
11295,QIDGOB,3,3
11296,UYEMER,3,3
11297,WIRPIY,2,2
11298,YUDHOU,2,2
11299,YUSKUU,2,2
11300,NONSEQ,3,3
11301,MORSIX,2,2
11302,PARJEY,3,3
11303,KIVTEQ,2,2
11304,IWEMEE,3,3
11305,QOHVEP,3,3
11306,HOVMIR,1,1
11307,CUZJEM,3,3
11308,SEZTAV,3,3
11309,KUGSUC,2,2
11310,EMOKOI,3,3
11311,HOBPEV,3,3
11312,KAKVEX,1,1
11313,RANSEF,2,2
11314,JOWNAK,3,3
11315,EWEYIO,2,2
11316,CAMSAN,3,3
11317,ISEPIH,3,3
11318,QAMHES,2,2
11319,TAQZIV,3,3
11320,LEMJOF,3,3
11321,TUHMAK,2,2
11322,SUHDUU,3,3
11323,POHQAI,1,1
11324,HELROF,2,2
11325,VAPYAO,3,3
11326,UTEMEN,3,3
11327,MELYIP,1,1
11328,LEXZOD,3,3
11329,XEGFIZ,3,3
11330,HEQFIS,2,2
11331,OWIRUI,3,3
11332,NBOPDC,3,3
11333,XUVVAO,1,1
11334,WAFBOU,1,1
11335,HUCJOF,3,3
11336,CEJNOW,3,3
11337,YUMXIP,2,2
11338,HALQIY,1,1
11339,TUSTIL,3,3
11340,EQENAQ,3,3
11341,HECXEV,3,3
11342,QEZJAH,1,1
11343,UHEDAN,3,3
11344,NOXHIT,1,1
11345,YAMNAD,3,3
11346,LAFQAN,3,3
11347,EJAPIQ,2,2
11348,FIZFIH,1,1
11349,WUZXUL,3,3
11350,RUMPIZ,2,2
11351,MLAMPT,3,3
11352,MEBGAO,2,2
11353,TUZFUP,2,2
11354,CERYUU,3,3
11355,MOQDUT,3,3
11356,RIPJOT,1,1
11357,JEFWEZ,2,2
11358,XAVWIA,2,2
11359,KIQZIV,3,3
11360,NAZQOX,2,2
11361,NAFHEK,3,3
11362,EHEQAL,1,1
11363,YIPRIB,1,1
11364,TAXJOS,2,2
11365,OWEXAR,1,1
11366,NOMFAY,3,3
11367,GARMEU,2,2
11368,MOYGUE,3,3
11369,NADPOX,3,3
11370,SIGRAF,1,1
11371,LEYNOV,2,2
11372,SUVWIP,3,3
11373,WIBQII,3,3
11374,HAJKEL,3,3
11375,TANFAQ,3,3
11376,IKOZUE,1,1
11377,BITZOV,1,1
11378,CAPGEF,3,3
11379,QASWOA,1,1
11380,FIWFUN,3,3
11381,VIKQIR,3,3
11382,MPMNCT,2,2
11383,GIMGIS,3,3
11384,LEKNIA,2,2
11385,BAFBAN,2,2
11386,IZAQIM,1,1
11387,ALEPIR,2,2
11388,YETLEO,1,1
11389,KIRVAJ,2,2
11390,YIWBOW,3,3
11391,ROJNEM,2,2
11392,QINLAA,3,3
11393,KIWNIO,3,3
11394,ABIPAE,1,1
11395,YEDFUL,3,3
11396,CAGQEG,1,1
11397,YELNEL,3,3
11398,NOSWEZ,2,2
11399,ODOGOF,3,3
11400,SOFCUM,1,1
11401,JIRHIE,3,3
11402,VACMEU,3,3
11403,ROLQUE,2,2
11404,CAWNOE,3,3
11405,GOGNUO,2,2
11406,PESMEJ,1,1
11407,WAQSIR,3,3
11408,HATMAU,1,1
11409,ZIBYUH,3,3
11410,YEDQUV,2,2
11411,DAVHOY,3,3
11412,HOVMIP,3,3
11413,XAHXEM,3,3
11414,EKABOJ,2,2
11415,BAWPEU,2,2
11416,FELQIX,3,3
11417,NUCFEZ,1,1
11418,BIGGAD,1,1
11419,VOCLIJ,3,3
11420,XOGMIP,3,3
11421,TUZDOK,1,1
11422,REWQAO,1,1
11423,PERGOJ,3,3
11424,YEXCOT,1,1
11425,KUNQOA,3,3
11426,UHINUW,3,3
11427,XEHBOF,1,1
11428,YUHNOF,3,3
11429,LOYGUE,1,1
11430,FANTOF,3,3
11431,SOJYEW,2,2
11432,NARLEY,2,2
11433,ZIGSAJ,3,3
11434,ROHTUE,2,2
11435,POKJIM,1,1
11436,HIVVUD,2,2
11437,HAFJAD,1,1
11438,KAFZOK,1,1
11439,JELYUY,1,1
11440,TOZVUB,1,1
11441,EWIVAI,2,2
11442,ZIRCAH,3,3
11443,KIKPEZ,2,2
11444,ADOTOF,2,2
11445,HABQIK,2,2
11446,FEXPUW,2,2
11447,RUJBUT,3,3
11448,VIDBOA,3,3
11449,FOLCEQ,1,1
11450,NEZWUO,1,1
11451,QEBSUN,1,1
11452,GIBZAS,3,3
11453,JODSOL,3,3
11454,BASLIT,2,2
11455,VIQROC,2,2
11456,UGUDUW,1,1
11457,BAXZOP,2,2
11458,LISNIN,3,3
11459,TEYJIS,3,3
11460,MIGCAI,2,2
11461,KUJJEF,3,3
11462,JOMMEG,3,3
11463,COBQOC,2,2
11464,FEVPUR,3,3
11465,USAZIY,2,2
11466,EDAMUR,2,2
11467,TIFJIB,2,2
11468,WAKRUX,2,2
11469,XEFBOC,2,2
11470,VEXWIE,3,3
11471,GAZRUX,3,3
11472,SIBSEB,3,3
11473,YIWLAS,3,3
11474,CUJWUA,3,3
11475,EYADIS,2,2
11476,XOBKIM,1,1
11477,FOQGEX,2,2
11478,YOSPEC,2,2
11479,XEXMAP,1,1
11480,VIZZAH,3,3
11481,RIFXIN,3,3
11482,GIPSOQ,2,2
11483,CEDGEX,2,2
11484,VISJEP,3,3
11485,KOCMEU,2,2
11486,UDASEA,3,3
11487,PUGBAV,3,3
11488,MEZBEB,2,2
11489,MUPKEP,3,3
11490,WAJCIU,2,2
11491,BERLOC,3,3
11492,ZEGQAF,3,3
11493,SITFEI,2,2
11494,BOHDIM,3,3
11495,CADZIU,1,1
11496,UJUSUQ,1,1
11497,EJIDIM,2,2
11498,DOZFIJ,2,2
11499,KIMDET,1,1
11500,ZIKREU,1,1
11501,JOWBUV,3,3
11502,VEBSIE,2,2
11503,CIMKIT,2,2
11504,LUHWOC,1,1
11505,OVIKAI,1,1
11506,KIWYIB,3,3
11507,CUSCOI,2,2
11508,OTUQEA,1,1
11509,POKZOF,2,2
11510,OMEFOD,3,3
11511,PAGMET,1,1
11512,VEFSUX,3,3
11513,SIJWAJ,2,2
11514,FIBZAS,1,1
11515,ETOZAR,1,1
11516,OZUYAK,2,2
11517,FOJWEH,2,2
11518,PATYAL,1,1
11519,HEBPUZ,2,2
11520,YACGIT,3,3
11521,REWFAB,3,3
11522,JULGII,3,3
11523,RIWTEZ,3,3
11524,KAKJUF,1,1
11525,LOGMEC,2,2
11526,EPEBOR,3,3
11527,NINCIA,1,1
11528,PIBDOT,2,2
11529,LICQAS,3,3
11530,ENSCOP,2,2
11531,YAPZEY,1,1
11532,FACDUK,1,1
11533,WIGWIT,1,1
11534,HEJSUK,3,3
11535,YEBGOC,2,2
11536,ALOBIM,2,2
11537,EXETIN,1,1
11538,ELANIO,1,1
11539,YIJDUR,3,3
11540,FAJVIW,2,2
11541,TECWEE,3,3
11542,SIQWEY,1,1
11543,DOYQUD,2,2
11544,HURVEY,1,1
11545,XEFWUB,2,2
11546,MEMHUH,3,3
11547,OWOJAM,3,3
11548,AXOMOP,1,1
11549,CEVNIE,1,1
11550,MIMXIT,1,1
11551,BUVBIE,3,3
11552,VUPQAA,3,3
11553,UQANEG,2,2
11554,TABPET,1,1
11555,CAFLAA,1,1
11556,KEHGOW,3,3
11557,HUXMAP,3,3
11558,VUNWIL,3,3
11559,CIWQOP,3,3
11560,FOMNEC,2,2
11561,KIGXED,2,2
11562,UBEFEP,2,2
11563,YEXCAH,3,3
11564,NOPWUM,3,3
11565,ACMYCR,2,2
11566,ZIDXAL,2,2
11567,TAWNEN,3,3
11568,ALELUZ,3,3
11569,IPAZEF,3,3
11570,WOBFOI,3,3
11571,KECFII,3,3
11572,VEJGEZ,3,3
11573,WALYIT,2,2
11574,ORUHOZ,3,3
11575,GADQAH,1,1
11576,EZUSUQ,1,1
11577,VIHHUS,2,2
11578,SUKSEZ,1,1
11579,XUMHAP,2,2
11580,GUSHEK,1,1
11581,YECHUJ,1,1
11582,RIVWID,2,2
11583,HEKRAQ,2,2
11584,VESMUB,2,2
11585,HADREK,2,2
11586,RIVPOB,2,2
11587,MABSIT,2,2
11588,PIYSEV,1,1
11589,QUMRUN,2,2
11590,GUQPOX,3,3
11591,BEFFOI,3,3
11592,HEJVEB,1,1
11593,VUYDUP,1,1
11594,TIWHEN,3,3
11595,PAXHOL,1,1
11596,UNEJIG,3,3
11597,PEKXIP,2,2
11598,LAFXEX,3,3
11599,HIQXUB,2,2
11600,NOMSUD,1,1
11601,AYAQIA,1,1
11602,RUJGEJ,3,3
11603,UNAFAR,3,3
11604,XOWLEA,1,1
11605,LOMHIE,1,1
11606,FOZFOR,3,3
11607,DEHJEG,1,1
11608,UJIFEA,3,3
11609,HATMOI,1,1
11610,MEDDOP,3,3
11611,MAYZER,3,3
11612,MOBYUZ,3,3
11613,GAXZUC,3,3
11614,DUHXOW,1,1
11615,DIYSIR,1,1
11616,MPLZNC,3,3
11617,NAHMUG,2,2
11618,TEWMAL,2,2
11619,POYCIS,1,1
11620,DISDUG,2,2
11621,ALARAH,3,3
11622,VAVJIN,3,3
11623,ZELGII,1,1
11624,SAXCUQ,1,1
11625,NIJFEU,2,2
11626,UJABAI,1,1
11627,LECSOC,2,2
11628,QOSHEM,3,3
11629,NOYWUV,2,2
11630,ZIMXAW,3,3
11631,EWEYEN,1,1
11632,DIJGOU,2,2
11633,CMPYZN,3,3
11634,SEZVUS,1,1
11635,KIDMAN,2,2
11636,OKEXAF,2,2
11637,ROMKUZ,2,2
11638,UHECIT,3,3
11639,ROFQEI,2,2
11640,PEHDEO,3,3
11641,VEVWEC,1,1
11642,LUFNOS,1,1
11643,RESVUH,3,3
11644,JIMMAU,2,2
11645,MORDEC,3,3
11646,CUXBEC,2,2
11647,REVBIE,1,1
11648,BCPCBC,1,1
11649,FEKFEH,3,3
11650,QIWJIR,2,2
11651,XAMPEH,3,3
11652,NOJQOV,3,3
11653,RIPSOA,1,1
11654,FUXNES,3,3
11655,IPIGOG,1,1
11656,TAHPUO,3,3
11657,FACHOH,2,2
11658,TAWWIX,3,3
11659,VAYYOJ,1,1
11660,LIZRUJ,3,3
11661,ZASVIB,3,3
11662,XENHIL,1,1
11663,XIXZUA,3,3
11664,UWOPIH,2,2
11665,QEWZUN,3,3
11666,WUMBOY,1,1
11667,YUVHEC,1,1
11668,AYEMEW,3,3
11669,HANWEY,2,2
11670,VEWJOY,2,2
11671,TUYZUL,1,1
11672,CEFFOI,3,3
11673,FIJLUH,2,2
11674,NALSAU,3,3
11675,PARCAM,1,1
11676,RIJWOA,1,1
11677,JEYROU,2,2
11678,ZEJJEF,3,3
11679,QERYIY,2,2
11680,FEWFAR,3,3
11681,RIKCOF,1,1
11682,VEYSAU,2,2
11683,REYDUW,2,2
11684,QIWDEI,3,3
11685,AKUTIL,2,2
11686,GEXLIH,3,3
11687,NUQDUB,1,1
11688,WIVRAV,2,2
11689,ZECVUA,2,2
11690,VOGNAG,2,2
11691,POLMAI,1,1
11692,YASFEE,2,2
11693,BEPCII,3,3
11694,OKEHER,1,1
11695,GENNIY,3,3
11696,WURGIB,3,3
11697,DAPGUY,3,3
11698,RUKTAT,2,2
11699,UWUZES,2,2
11700,MECDON,3,3
11701,BUPJUT,2,2
11702,GOLQUU,3,3
11703,IXEYEQ,3,3
11704,LOFYIP,3,3
11705,SODNIK,3,3
11706,GOVBUO,3,3
11707,EMALEK,1,1
11708,SOCGAW,1,1
11709,PAPRAC,1,1
11710,JAKFOR,2,2
11711,UDIWOU,3,3
11712,VESZUO,3,3
11713,BIBTUD,3,3
11714,YUKBIQ,2,2
11715,RULZON,2,2
11716,ZICVOA,1,1
11717,KEWGUQ,1,1
11718,ROFHIH,1,1
11719,SUCGEF,1,1
11720,HULYEV,1,1
11721,AVUJUW,3,3
11722,GINBEN,1,1
11723,AQITIG,1,1
11724,FOYCOL,1,1
11725,KEGTID,1,1
11726,YARBAV,2,2
11727,BISJEW,1,1
11728,LUCXIR,3,3
11729,MITGON,2,2
11730,DIGLAJ,3,3
11731,EYADEP,3,3
11732,GAJVET,3,3
11733,YIJVEV,3,3
11734,WEYHUG,3,3
11735,XEDZIS,3,3
11736,ODUZOD,3,3
11737,BUHZIP,3,3
11738,IHIJIV,1,1
11739,YAZHIR,3,3
11740,XOCHED,2,2
11741,MOHWEN,2,2
11742,HITBET,2,2
11743,GEMYUW,1,1
11744,RUFXIZ,3,3
11745,KAZJAY,2,2
11746,FOCRUM,3,3
11747,MULKOV,3,3
11748,BEHFOL,3,3
11749,QUNBOQ,1,1
11750,DIPMAQ,1,1
11751,GIJNOD,3,3
11752,NEZREQ,3,3
11753,QASYOY,1,1
11754,KCEYPT,3,3
11755,LEVMAE,1,1
11756,NOXXAC,1,1
11757,NARRAB,1,1
11758,FEKZUT,3,3
11759,MIPKED,2,2
11760,KACROY,3,3
11761,TONWEY,3,3
11762,MEGTUO,3,3
11763,REHSON,1,1
11764,QAKYUA,1,1
11765,KEMVOP,3,3
11766,DUGYUC,1,1
11767,NIKKID,3,3
11768,BIXKAV,3,3
11769,UCAVEZ,2,2
11770,SARTIS,1,1
11771,DODNOC,1,1
11772,ACUWUQ,3,3
11773,MIRSOW,3,3
11774,SARSOU,2,2
11775,PUJYEA,2,2
11776,ICERIR,1,1
11777,PUSXEH,3,3
11778,LIXVOE,2,2
11779,PIFFEQ,3,3
11780,QURGUI,1,1
11781,ROYJIB,1,1
11782,BABGOE,1,1
11783,DETZEI,2,2
11784,ALIQAN,2,2
11785,BELCOL,3,3
11786,KALVIG,1,1
11787,TEDPOI,3,3
11788,GUBZAG,3,3
11789,TAMDIU,2,2
11790,NIYLIU,1,1
11791,AKEROX,2,2
11792,DEKFOS,1,1
11793,AKAGID,1,1
11794,JARYEK,1,1
11795,YIVFEO,3,3
11796,TAXTIW,3,3
11797,ZEPNEQ,3,3
11798,MEJTII,1,1
11799,YUYKEL,1,1
11800,CECNUU,2,2
11801,ZUVQUC,3,3
11802,LETKUT,3,3
11803,DOSVUC,2,2
11804,CIGKOU,3,3
11805,GIJLAM,2,2
11806,TUDRUH,3,3
11807,HEBPOT,2,2
11808,NOBPAY,3,3
11809,DOFFUA,2,2
11810,NAKHAK,3,3
11811,HIGMAL,1,1
11812,HEBGON,2,2
11813,SAZPZR,1,1
11814,MEQZUD,2,2
11815,JEHRAS,3,3
11816,OJIKUO,3,3
11817,MUTPUN,1,1
11818,HIWKEG,1,1
11819,PEDNES,3,3
11820,CIVYIQ,2,2
11821,AVUJAE,2,2
11822,AGUZIM,1,1
11823,QENKEA,1,1
11824,FIHSOG,2,2
11825,LEPNUT,1,1
11826,ROQBOO,1,1
11827,MAYQAF,3,3
11828,TOVPOJ,1,1
11829,LEZYIA,3,3
11830,LONSUF,2,2
11831,NOCCEP,3,3
11832,RAMDAL,3,3
11833,INENOH,1,1
11834,KIFWEC,3,3
11835,JINMID,1,1
11836,RIFJOG,2,2
11837,UKAKEZ,1,1
11838,VETTOG,3,3
11839,ZUJZAH,3,3
11840,POMBAY,1,1
11841,XUYYOF,3,3
11842,UNOTIB,2,2
11843,AXAXOM,3,3
11844,NOJSAH,2,2
11845,DOZTOC,3,3
11846,ACDIPT,3,3
11847,XARWOE,3,3
11848,HAZQIJ,1,1
11849,VALKAV,3,3
11850,KIBYUR,2,2
11851,MOJCOG,1,1
11852,YECDUG,2,2
11853,XOCMOT,3,3
11854,UYOMAY,1,1
11855,GAQCOT,2,2
11856,KINDAQ,1,1
11857,ZOPWOS,2,2
11858,ETEFUG,3,3
11859,KUVDUA,3,3
11860,GEKVUN,3,3
11861,AMIHAI,1,1
11862,SIKQEL,2,2
11863,SEWTET,2,2
11864,AQIHOA,1,1
11865,FIFDOO,3,3
11866,CEYXIR,1,1
11867,LUMQUG,3,3
11868,NIFKAP,3,3
11869,EYUROH,2,2
11870,NEFNER,1,1
11871,ACUYOP,1,1
11872,SAYGEG,2,2
11873,UVAGEF,2,2
11874,MODTOO,2,2
11875,IYABAO,1,1
11876,FECWOD,1,1
11877,HAHSUF,3,3
11878,IFEVEX,3,3
11879,TUZHAZ,3,3
11880,OYISAR,3,3
11881,VARZEU,2,2
11882,VAWBOO,1,1
11883,UXAXAV,1,1
11884,ZIKYOJ,2,2
11885,REJNOM,3,3
11886,DISHUJ,2,2
11887,ZOTROS,2,2
11888,WEPVIA,1,1
11889,LALXOM,3,3
11890,FABWIS,1,1
11891,XUSRAG,3,3
11892,KUPROC,3,3
11893,FEYCIX,3,3
11894,XIVJEU,2,2
11895,AFUXIJ,1,1
11896,OCISEC,1,1
11897,WIZQIH,1,1
11898,EVOBAU,2,2
11899,DACZOY,2,2
11900,BAZNIZ,1,1
11901,RAHBAF,3,3
11902,IWUPOG,3,3
11903,MONSUF,2,2
11904,QAHROI,1,1
11905,MUCFUO,1,1
11906,INEPEX,3,3
11907,VIYFUF,3,3
11908,KAHQEQ,3,3
11909,HOXVEV,2,2
11910,EPZBNI,3,3
11911,VOCPAG,2,2
11912,NAZMEJ,3,3
11913,UBEVUV,2,2
11914,NUDSEK,3,3
11915,WEWFOT,3,3
11916,PIFZAH,1,1
11917,ODUXAM,3,3
11918,XAWHAF,3,3
11919,LAPVED,2,2
11920,QAYWIW,1,1
11921,WIVNEX,2,2
11922,UREQEP,1,1
11923,TADQEU,1,1
11924,WOQNOH,1,1
11925,QAPGOG,3,3
11926,POSTAT,2,2
11927,DUXRIY,3,3
11928,QEGLAT,1,1
11929,FAHBOJ,1,1
11930,LUFLAZ,3,3
11931,REDYOR,3,3
11932,JOQQIP,3,3
11933,VENWIV,1,1
11934,XUXSEQ,2,2
11935,SEHVEI,2,2
11936,VUYJOQ,1,1
11937,ISUZAX,1,1
11938,KATJUN,3,3
11939,VERBUR,3,3
11940,JEBPEO,2,2
11941,XOXZIU,2,2
11942,HYXMOB,1,1
11943,NAGYAW,1,1
11944,WOVWAH,3,3
11945,TULQUN,2,2
11946,USOVEE,3,3
11947,MEMQAX,3,3
11948,MOSLAJ,2,2
11949,MUBNEC,3,3
11950,YIDQUX,2,2
11951,MATXUB,3,3
11952,QORYOM,2,2
11953,DUCPUN,3,3
11954,GUTCAA,1,1
11955,WAPLAB,3,3
11956,AKAKII,1,1
11957,DIHDEF,3,3
11958,VIKZAR,3,3
11959,UQIQOD,1,1
11960,FISVUA,3,3
11961,UXACUS,1,1
11962,LIYLUC,3,3
11963,IVAHEU,2,2
11964,LINXOY,3,3
11965,KALZIJ,3,3
11966,SELSEI,2,2
11967,CARSAS,3,3
11968,YECQOQ,1,1
11969,DOJKEV,2,2
11970,HAKMAJ,3,3
11971,VEHMEC,3,3
11972,JILREF,1,1
11973,COMGOC,2,2
11974,OHIMEA,1,1
11975,COTFOJ,3,3
11976,TEQBAU,2,2
11977,OJEQEB,3,3
11978,NESPIK,2,2
11979,MAZMOQ,1,1
11980,YISKAQ,1,1
11981,WEHSOS,3,3
11982,ZERJIS,2,2
11983,YOHRAR,1,1
11984,YAGNEZ,1,1
11985,ALELAH,1,1
11986,JOZWIH,1,1
11987,ZOMZEG,2,2
11988,QEMPOO,3,3
11989,UKUXEE,3,3
11990,RAZKOS,1,1
11991,QIVRIX,2,2
11992,PESDUN,3,3
11993,KIHWEF,1,1
11994,SAFBAC,3,3
11995,RIPJUZ,1,1
11996,NEMTUV,3,3
11997,BACFAQ,1,1
11998,MUWGIW,2,2
11999,YAXGUA,3,3
12000,VURNUR,1,1
12001,IZEXET,1,1
12002,MODZAK,1,1
12003,NOXDEM,1,1
12004,UDEZIO,2,2
12005,SIRPER,1,1
12006,QIBXEF,3,3
12007,VESJEI,2,2
12008,XOQZIN,3,3
12009,LUZROP,2,2
12010,UKEGOG,1,1
12011,VIPDOQ,3,3
12012,UDOMUZ,1,1
12013,ZOWPIK,3,3
12014,TEJKOL,3,3
12015,ZOJJAM,3,3
12016,XATSIW,2,2
12017,CIZZUJ,3,3
12018,MIJMIE,3,3
12019,MUBGOI,1,1
12020,ULAPAZ,3,3
12021,MINXOY,3,3
12022,HABTOX,1,1
12023,UHIPEI,3,3
12024,VIBZAI,3,3
12025,RACZIF,3,3
12026,JEZREL,1,1
12027,DUXKEO,3,3
12028,CUJYAK,1,1
12029,IBAYIX,1,1
12030,FUWFAH,1,1
12031,QIWCUU,3,3
12032,BADQAB,1,1
12033,WUQGAS,3,3
12034,PUQNUM,2,2
12035,MAWXIV,1,1
12036,OPADEP,3,3
12037,DAHLIJ,2,2
12038,ZOMSOM,3,3
12039,ROMROA,1,1
12040,WIKTOA,2,2
12041,OJACIL,1,1
12042,JIYKAE,2,2
12043,UBOXIV,1,1
12044,FAFBAS,2,2
12045,TAFNET,3,3
12046,SULFEK,2,2
12047,LUWPEY,2,2
12048,QETXIX,3,3
12049,CURNUB,1,1
12050,IBIDOM,3,3
12051,AFAKEA,1,1
12052,EVOBOI,2,2
12053,TUHXOM,1,1
12054,COJKUI,3,3
12055,XOWNEC,2,2
12056,IZADEV,1,1
12057,CAZRUR,1,1
12058,OWUKIB,2,2
12059,BEPHAI,3,3
12060,IXEGUO,3,3
12061,WIBDER,2,2
12062,TULZIK,3,3
12063,HATXOQ,3,3
12064,UNEHIE,2,2
12065,HARREX,1,1
12066,HOPPUY,2,2
12067,VUYFUR,2,2
12068,ZUGXII,3,3
12069,FIRPEB,3,3
12070,VUPCIT,3,3
12071,SUSTAB,2,2
12072,ZENCIH,3,3
12073,SIXBIN,2,2
12074,GIJNUJ,3,3
12075,NIWNIR,3,3
12076,BAHGID,3,3
12077,HEQCAI,1,1
12078,WIJGEC,3,3
12079,NOMZEW,2,2
12080,MAXKAY,2,2
12081,LULPAJ,2,2
12082,LUJTEP,3,3
12083,ZEJQIR,3,3
12084,GICBAY,2,2
12085,OCOGIY,2,2
12086,YIPLUH,2,2
12087,LESGOI,3,3
12088,FANXOK,3,3
12089,TAKLAV,2,2
12090,POXGUF,3,3
12091,DUDLIX,3,3
12092,AFOLAJ,1,1
12093,ASECAD,3,3
12094,NIJCAN,3,3
12095,UJAGER,3,3
12096,CIWSOR,2,2
12097,SUCNUB,3,3
12098,WAPYUH,1,1
12099,ZIHKAE,1,1
12100,CACXEJ,2,2
12101,ZIKYAV,2,2
12102,NUHPUD,1,1
12103,FILHIT,2,2
12104,KAJRUL,3,3
12105,VIBDER,3,3
12106,CEPHAI,1,1
12107,TEJPUU,3,3
12108,GARJUI,1,1
12109,MASJEX,1,1
12110,IZACAO,3,3
12111,RUPHOB,3,3
12112,FUHSOS,3,3
12113,ULUSIE,2,2
12114,PETXIX,1,1
12115,TIFFIX,1,1
12116,QENYUE,1,1
12117,KIYKAE,3,3
12118,GAFBAS,2,2
12119,CAHWOX,3,3
12120,FUPDUQ,2,2
12121,CENWIF,1,1
12122,BEYFOA,2,2
12123,REKTOR,2,2
12124,FOTSOX,3,3
12125,ZIPWII,1,1
12126,WOKDOP,1,1
12127,TEHSIK,2,2
12128,KUGJOM,1,1
12129,SUQKOH,1,1
12130,DUSSAL,3,3
12131,OFAFOQ,3,3
12132,GULHEC,3,3
12133,GARVEB,3,3
12134,ZEHGOM,1,1
12135,RAKRUR,3,3
12136,KENQOL,2,2
12137,KAVWOT,1,1
12138,BACXEJ,3,3
12139,XEJXIT,2,2
12140,LEVVOY,3,3
12141,MUPGEJ,3,3
12142,CALROX,2,2
12143,GOHMAR,2,2
12144,LISKAA,3,3
12145,JABCIZ,3,3
12146,CUVYIE,1,1
12147,SEPCID,1,1
12148,CAMSUI,1,1
12149,FELSEY,1,1
12150,XURQOQ,2,2
12151,ICEYAR,3,3
12152,XUQCOB,3,3
12153,QOSJEO,3,3
12154,UQUZUD,2,2
12155,RIYDUY,1,1
12156,YOLNAP,2,2
12157,ZESWOJ,2,2
12158,EJIQEV,3,3
12159,JAFCUP,2,2
12160,VUMYAE,2,2
12161,SANVOT,3,3
12162,WOPZAD,3,3
12163,PUPXAZ,1,1
12164,FEJLUF,1,1
12165,OHAYII,1,1
12166,GONPII,3,3
12167,YANWET,1,1
12168,CASWIC,3,3
12169,NAWHIE,3,3
12170,AKENEJ,2,2
12171,AGICOJ,3,3
12172,OAMECO,2,2
12173,WIQGAG,2,2
12174,ZAMGUP,3,3
12175,AVIZOW,3,3
12176,YIMCEG,1,1
12177,BAKBIZ,3,3
12178,XADNUM,3,3
12179,CIJGIP,1,1
12180,JEWPOR,2,2
12181,GEVWEN,1,1
12182,IPIPUS,3,3
12183,DOMBAI,1,1
12184,VIWZIK,3,3
12185,RUHJOV,2,2
12186,XAKMUU,2,2
12187,XUGHEN,1,1
12188,DOKFES,1,1
12189,NAWVAJ,1,1
12190,ODABED,3,3
12191,LEJFOW,1,1
12192,CAFYAN,1,1
12193,MEHGIR,1,1
12194,XADYUW,1,1
12195,RAGFIS,1,1
12196,FEHXIB,3,3
12197,ZAFJEY,1,1
12198,BUWTET,2,2
12199,TORREX,2,2
12200,MOWYIJ,1,1
12201,BIBDIA,3,3
12202,KEVZER,2,2
12203,AQIDUB,2,2
12204,INIFOA,2,2
12205,GAVDEO,2,2
12206,XIPPET,2,2
12207,HOBLAM,3,3
12208,WEBQED,1,1
12209,ZIKBUS,1,1
12210,EDUPOL,3,3
12211,FEDGEE,1,1
12212,JIMFIU,1,1
12213,IKADIJ,3,3
12214,QANQAA,3,3
12215,QAZNUA,3,3
12216,GOVLAE,3,3
12217,GACCEW,1,1
12218,IWIWAO,3,3
12219,QODLAZ,3,3
12220,TUTFAP,2,2
12221,MEXXAO,1,1
12222,KAWJEY,2,2
12223,IZEXIW,3,3
12224,DAJTOZ,2,2
12225,FONPII,1,1
12226,OHUTAN,3,3
12227,GEJLUF,3,3
12228,IRENOK,3,3
12229,DIVWUB,2,2
12230,COJNIC,1,1
12231,NUYPOP,1,1
12232,BUPMIK,3,3
12233,UCATEX,3,3
12234,BEPSUL,3,3
12235,VANDET,2,2
12236,TESZEZ,3,3
12237,NAPMUQ,1,1
12238,UBOVEM,2,2
12239,KEQMEA,2,2
12240,ASULOR,3,3
12241,CIKMAO,1,1
12242,RINGON,2,2
12243,UWOBOA,1,1
12244,PIHMOK,3,3
12245,EBUGEO,1,1
12246,JOKLIE,1,1
12247,RIVPUL,1,1
12248,SIVBIK,3,3
12249,PIFXUX,1,1
12250,AGIVUK,2,2
12251,MARWOU,1,1
12252,ITOBOJ,3,3
12253,DAXSOK,1,1
12254,AMUVAH,2,2
12255,LIFLAN,3,3
12256,XOCJEF,3,3
12257,BEJWUL,3,3
12258,ZEQFOS,2,2
12259,COXDUQ,3,3
12260,XAMTIO,2,2
12261,VOQHOY,2,2
12262,UZADAB,3,3
12263,YISVUR,1,1
12264,KIXNOU,1,1
12265,GONQAB,3,3
12266,AQINOG,1,1
12267,HEXLEB,3,3
12268,ICIPES,2,2
12269,UDUXUQ,1,1
12270,YOYFEX,2,2
12271,SEVHIN,2,2
12272,WOGCEB,1,1
12273,KAPKOD,1,1
12274,LUNRUH,2,2
12275,ZIZZIR,2,2
12276,XETHEK,3,3
12277,CECZIT,1,1
12278,VALVUB,3,3
12279,AXEREA,2,2
12280,SUNXAB,2,2
12281,FOQSAH,3,3
12282,REMFAQ,1,1
12283,GEXQIN,1,1
12284,QAFJEM,2,2
12285,SUJCIM,1,1
12286,TMOZNI,3,3
12287,HIQNEB,3,3
12288,DIDJIJ,2,2
12289,LOQWUJ,3,3
12290,SODMAB,1,1
12291,EKAFON,1,1
12292,JAHPAN,1,1
12293,LIBFEI,2,2
12294,LANMUI,1,1
12295,QALVII,3,3
12296,JOJPIK,2,2
12297,WIZWIN,2,2
12298,FOCCAC,1,1
12299,HEFZEX,2,2
12300,NAPPON,1,1
12301,VUGDEJ,1,1
12302,KAWRAD,2,2
12303,FUQDEC,2,2
12304,VICSUZ,1,1
12305,RIYYOQ,1,1
12306,PALSUT,3,3
12307,ZOGYED,1,1
12308,NANVIH,3,3
12309,JEXKIH,2,2
12310,HIJNAQ,2,2
12311,ITAJOF,1,1
12312,VUWLOR,1,1
12313,LEBMOX,2,2
12314,HUFQAA,3,3
12315,PEDQIC,1,1
12316,BOBBOJ,3,3
12317,ROJDIE,2,2
12318,XUTJIG,1,1
12319,UPOXAB,1,1
12320,UTOPUQ,3,3
12321,ZOCLAG,3,3
12322,GAGNEI,3,3
12323,RALQEC,3,3
12324,RASZOC,2,2
12325,BEHLOP,2,2
12326,IYATEJ,3,3
12327,GINQID,1,1
12328,XEJGIG,1,1
12329,VIQQIV,2,2
12330,SUYPIL,2,2
12331,ROMVUK,3,3
12332,EKOHAO,2,2
12333,WECJAS,3,3
12334,REGTAY,2,2
12335,TUVXEN,3,3
12336,DIPPAW,3,3
12337,WAFVIM,1,1
12338,GULWEP,2,2
12339,OSETUE,1,1
12340,XEXPOJ,1,1
12341,JAWRAD,2,2
12342,IWENAZ,2,2
12343,COZBUR,1,1
12344,JUPMAL,1,1
12345,IYUWAA,3,3
12346,QAXBOG,2,2
12347,HUZVAB,2,2
12348,JOZQIY,3,3
12349,MEWSAI,2,2
12350,ECUJAO,1,1
12351,TUXQOV,1,1
12352,OKANOD,3,3
12353,LITMOR,2,2
12354,MASBEQ,3,3
12355,BOLRID,3,3
12356,LULCUQ,1,1
12357,IRIYAM,1,1
12358,ABEBES,1,1
12359,QASCIY,3,3
12360,PETPIQ,2,2
12361,SADLOB,3,3
12362,VONMIU,3,3
12363,OJUHOQ,3,3
12364,XOWVAI,3,3
12365,UTUHEZ,1,1
12366,HOKCEQ,3,3
12367,ECONAO,3,3
12368,ELEJUA,1,1
12369,AFEHID,3,3
12370,HOHQEB,2,2
12371,XAHBOY,2,2
12372,MAZRAI,3,3
12373,XUVRAK,1,1
12374,UVOVEH,3,3
12375,GOZLOY,2,2
12376,UZODAP,2,2
12377,XAWPIX,2,2
12378,HIPCIS,3,3
12379,ITAZIM,2,2
12380,QINXEQ,2,2
12381,JARJIV,3,3
12382,NEBQUH,2,2
12383,FISKAU,3,3
12384,PIVFUY,3,3
12385,HIZTUF,3,3
12386,EHONIB,1,1
12387,UQESUH,1,1
12388,GUWLUF,3,3
12389,YIPSUL,2,2
12390,XOVBAN,3,3
12391,IBAVAK,1,1
12392,HEJWUO,3,3
12393,YIJWUL,3,3
12394,LUFMEE,2,2
12395,PAFCOP,3,3
12396,SIGFEV,2,2
12397,XILCUU,1,1
12398,ZESXIE,3,3
12399,AZAQUO,2,2
12400,MEBXUN,2,2
12401,TEMJIE,2,2
12402,AZIYEO,3,3
12403,GEQCUE,1,1
12404,FOTREL,3,3
12405,YATGUV,3,3
12406,KAFPAK,3,3
12407,CORTOU,3,3
12408,BURCIA,3,3
12409,DAXYUY,3,3
12410,FEVQIK,1,1
12411,TEXSAR,2,2
12412,EXABIP,1,1
12413,RAQKOM,3,3
12414,NIFDIT,1,1
12415,SOVCIQ,3,3
12416,KIHMUK,3,3
12417,JUGRIO,3,3
12418,XEVGOU,1,1
12419,BADYOW,3,3
12420,BUWWUL,3,3
12421,PZBMAL,2,2
12422,MUCWUD,1,1
12423,ENIDIR,1,1
12424,YASPUE,1,1
12425,MEKCAG,2,2
12426,KOTHEJ,1,1
12427,MEHQAT,3,3
12428,REVQEO,3,3
12429,SIQXUL,2,2
12430,AMIPIW,3,3
12431,PEMCUH,3,3
12432,KENNOH,3,3
12433,GAYSUU,2,2
12434,FEDSUG,1,1
12435,ZIHDEB,2,2
12436,QAFCOP,1,1
12437,TIVVEB,3,3
12438,TOQXAA,2,2
12439,CIHWAU,2,2
12440,BOYKAD,2,2
12441,DAGGEX,3,3
12442,CUTNEN,1,1
12443,MATBEO,2,2
12444,WAYQUM,1,1
12445,WUPLOL,1,1
12446,SOJMAG,2,2
12447,XETVOL,1,1
12448,BAYCEN,1,1
12449,CIGCAW,3,3
12450,QUNHOZ,1,1
12451,QAPXAH,3,3
12452,EQAXAX,3,3
12453,HOSHOO,3,3
12454,IGENUE,3,3
12455,COJXAE,1,1
12456,VEXSIA,2,2
12457,NIHMAS,2,2
12458,IHETUK,2,2
12459,TOXCUH,1,1
12460,VURSAF,1,1
12461,QABFOP,2,2
12462,KOBTOK,2,2
12463,FOCSEW,2,2
12464,AWIGOC,3,3
12465,DOKWIL,3,3
12466,DIKPES,3,3
12467,VIVFIR,3,3
12468,XOTDAM,3,3
12469,VUGCAD,2,2
12470,XOQRED,1,1
12471,QARYER,1,1
12472,LIMLOL,2,2
12473,MIGGAM,3,3
12474,CAVNIZ,3,3
12475,DOQSIL,1,1
12476,WUTPAE,2,2
12477,KAWBEP,3,3
12478,OZEKAG,3,3
12479,NACTOB,1,1
12480,ZELJOS,2,2
12481,CIKLIS,3,3
12482,ICEXIY,3,3
12483,TACWEZ,1,1
12484,UBISIK,2,2
12485,IVUDIM,2,2
12486,ACALOI,3,3
12487,ABIDEU,3,3
12488,ABUSAU,3,3
12489,VUHWOM,3,3
12490,LODLIZ,1,1
12491,KAYBIV,1,1
12492,DEGJAB,1,1
12493,YORGOE,2,2
12494,VOXVIQ,1,1
12495,TATVIU,2,2
12496,HEFSAN,3,3
12497,ZEZFOZ,1,1
12498,XAGVAG,1,1
12499,IKENAN,2,2
12500,QIFRAA,3,3
12501,ZUSSAH,1,1
12502,LAZLEE,2,2
12503,WAPJOO,2,2
12504,ZUJKOH,1,1
12505,UWOTIL,1,1
12506,MIZDII,3,3
12507,EDAGUN,3,3
12508,YINNIS,1,1
12509,ECIDEZ,2,2
12510,QUBPIO,2,2
12511,JEFJEK,3,3
12512,GEGMOW,2,2
12513,DUPNIL,3,3
12514,NIQLOQ,3,3
12515,IDIRAQ,2,2
12516,FONFOD,3,3
12517,YIKQEO,3,3
12518,PEVJUZ,1,1
12519,TAFQID,2,2
12520,ZUYZUR,1,1
12521,ZUZHUA,1,1
12522,SOWNIC,1,1
12523,ZOGYIG,3,3
12524,WUNSIH,1,1
12525,MOGPEE,3,3
12526,HISZUE,2,2
12527,NOVPUJ,2,2
12528,CAPMEM,3,3
12529,ODUKUV,1,1
12530,DISBOX,2,2
12531,VEGMUT,1,1
12532,GAWQAW,1,1
12533,YEKTAM,3,3
12534,MUYFAN,1,1
12535,NOYSUR,1,1
12536,MADDOO,1,1
12537,SAXGUU,3,3
12538,GOCSIC,3,3
12539,MIBTUM,1,1
12540,XEDGEV,2,2
12541,RITROE,1,1
12542,HUFHAT,3,3
12543,KEKVIF,1,1
12544,KILMEB,1,1
12545,ADEYUD,1,1
12546,YUGWII,1,1
12547,XUSZAN,1,1
12548,JODPEZ,2,2
12549,WUZWIZ,3,3
12550,BIMSUO,3,3
12551,FEKRAO,3,3
12552,TIHPOP,3,3
12553,SETRUE,1,1
12554,YUVROW,2,2
12555,YAMTEL,2,2
12556,HUPJAE,3,3
12557,JETCIV,3,3
12558,VAKXUD,3,3
12559,LIFQUM,1,1
12560,MURPEU,2,2
12561,CIXQIJ,3,3
12562,MALNET,2,2
12563,MURGEO,1,1
12564,CBUMOB,2,2
12565,ZEZXEJ,2,2
12566,SUFLOU,2,2
12567,NESJUR,2,2
12568,YAMCEV,1,1
12569,HAQFEM,2,2
12570,XIBHIB,3,3
12571,QUNDUY,3,3
12572,VUZRUG,1,1
12573,UTEGEG,2,2
12574,NAXZIV,2,2
12575,QEDMUK,2,2
12576,YADJOG,1,1
12577,TAZHAH,1,1
12578,KEHTOI,3,3
12579,AHIHOO,2,2
12580,RERZEW,3,3
12581,SALHEV,3,3
12582,SOFBEW,3,3
12583,BABVUW,3,3
12584,KOJPEH,3,3
12585,YEBCAL,3,3
12586,LIXGUW,2,2
12587,FEWYUD,3,3
12588,SETNEN,3,3
12589,LIBTUM,2,2
12590,XUFTIC,2,2
12591,GIXXUG,3,3
12592,KEZCID,3,3
12593,DUGXIM,3,3
12594,HUWJAL,3,3
12595,YIZJIA,1,1
12596,OMAGAK,3,3
12597,XIWFAO,1,1
12598,HUNKAE,2,2
12599,AXOGOL,3,3
12600,NIHXUY,2,2
12601,SIWWOL,3,3
12602,OSOHUB,2,2
12603,IXADUI,3,3
12604,LIJKEW,2,2
12605,RABCUU,3,3
12606,QOTBIL,3,3
12607,TOMHOS,2,2
12608,COSGEW,2,2
12609,IZUXOR,2,2
12610,BEDMED,1,1
12611,WAYZIH,3,3
12612,RAZCOM,2,2
12613,XUHTIF,1,1
12614,WAYCEI,1,1
12615,CEPYAB,1,1
12616,ABUDOS,3,3
12617,ECONOD,1,1
12618,XAKPAA,3,3
12619,HAZYIT,2,2
12620,LUBVAI,1,1
12621,FOFKAQ,1,1
12622,KUXLUM,3,3
12623,LIWQOY,2,2
12624,QENHUN,1,1
12625,BOMQEZ,3,3
12626,FASSEY,3,3
12627,LEPFUJ,2,2
12628,VOHRUI,3,3
12629,PAMBEM,3,3
12630,VUVVOZ,2,2
12631,NAGHOW,1,1
12632,RUDTEQ,3,3
12633,CUJJUP,1,1
12634,XULQIF,3,3
12635,PUKYAV,3,3
12636,AZOCEY,3,3
12637,FOYRUI,2,2
12638,SUKGAJ,1,1
12639,NARVAF,2,2
12640,QOCJAU,2,2
12641,LIGRUP,2,2
12642,QUMMAO,3,3
12643,YOGPIV,3,3
12644,TAZSUM,1,1
12645,RIDZEJ,1,1
12646,WAHVEK,1,1
12647,HALKOY,1,1
12648,MIYFOQ,2,2
12649,SEJVIO,3,3
12650,AQACNJ,3,3
12651,CIGCOK,3,3
12652,TUWLIJ,1,1
12653,UGUREW,1,1
12654,SURQAY,3,3
12655,BOFWEB,3,3
12656,LOPMUB,2,2
12657,LENPUP,3,3
12658,RAFJAJ,2,2
12659,TEPYEU,2,2
12660,YOKVIG,2,2
12661,NUWCUE,3,3
12662,GUPYAR,2,2
12663,NUCROV,1,1
12664,YAZLIV,2,2
12665,APIKER,3,3
12666,CORZOZ,3,3
12667,GAJREP,3,3
12668,XEYJOB,3,3
12669,BAWMES,3,3
12670,ZAJVUE,3,3
12671,IBEDOM,1,1
12672,LECBUQ,3,3
12673,SIGCUH,3,3
12674,GONVIO,3,3
12675,KIXGIK,3,3
12676,KARJEU,3,3
12677,XILQEQ,1,1
12678,KOJLUT,1,1
12679,VIKBEX,3,3
12680,OVEPAI,3,3
12681,BOKREY,3,3
12682,BENQIW,1,1
12683,QOXZAE,1,1
12684,CATXAY,3,3
12685,OPALEY,3,3
12686,IWIVEP,3,3
12687,TEBWON,3,3
12688,ECOPET,1,1
12689,KAGMEM,3,3
12690,MELDIT,3,3
12691,TOQQEW,3,3
12692,IQEGOB,3,3
12693,JOKXUD,3,3
12694,CUXVAS,2,2
12695,RILWIW,1,1
12696,CUBKOZ,3,3
12697,IMIXOR,2,2
12698,TEJZAL,2,2
12699,PUXJAW,1,1
12700,ALULIF,1,1
12701,TERTUG,3,3
12702,IBAVOW,3,3
12703,ZIGWOE,1,1
12704,PIMCAT,1,1
12705,XOQRIG,3,3
12706,BEJTIW,1,1
12707,TUJQEU,3,3
12708,WEVDEJ,3,3
12709,ZOMKIX,2,2
12710,CIQHEP,2,2
12711,TIRSIA,1,1
12712,DAKMIP,1,1
12713,WOSBAK,1,1
12714,WAZTOJ,3,3
12715,WEWBOP,1,1
12716,ZELVEV,1,1
12717,VAJBOB,1,1
12718,TIYNIY,2,2
12719,EDIDAZ,2,2
12720,QAHVOM,2,2
12721,LOMWIV,1,1
12722,LITFEZ,3,3
12723,ELOMUQ,1,1
12724,HOGNOH,2,2
12725,ZISVEG,1,1
12726,ODOXAI,3,3
12727,NAYLEG,3,3
12728,VAVLEK,2,2
12729,LARZIO,2,2
12730,XUNLIE,1,1
12731,NIWTOE,2,2
12732,ETUQIV,2,2
12733,YITHER,3,3
12734,MUYMEZ,3,3
12735,OCATEV,1,1
12736,DOFPIB,1,1
12737,FENCUZ,2,2
12738,PEKNAV,3,3
12739,EQAJEN,3,3
12740,MANTAY,2,2
12741,NIHTUT,3,3
12742,KUWVON,3,3
12743,PARGUL,1,1
12744,DEJTAN,2,2
12745,IFOPAW,3,3
12746,VIJSOX,3,3
12747,DIBYUL,1,1
12748,BUGXAC,2,2
12749,PAZXEV,3,3
12750,CUHKEX,2,2
12751,BERTEB,1,1
12752,JACZOG,1,1
12753,OGERAT,1,1
12754,IDOSOL,3,3
12755,ISOJEH,2,2
12756,NOTQEU,3,3
12757,BIXSEK,1,1
12758,YEKHEC,3,3
12759,KIHDEO,1,1
12760,GUZKUH,2,2
12761,IRAFIQ,2,2
12762,ONIYIW,1,1
12763,SUHGIL,2,2
12764,OJEBEK,2,2
12765,NAYROW,1,1
12766,NIMYEO,3,3
12767,OVOYAA,3,3
12768,LOFHEX,1,1
12769,FATCUA,3,3
12770,GOGZIN,3,3
12771,AFEJIF,3,3
12772,CESGAK,3,3
12773,MASWEI,3,3
12774,NIJRUW,1,1
12775,BOFPUI,3,3
12776,YATPOB,3,3
12777,FUHYOX,3,3
12778,GIJVIF,3,3
12779,YUTHIE,1,1
12780,BILWEY,1,1
12781,LORBIF,3,3
12782,GEJFUZ,3,3
12783,FAZVOR,1,1
12784,HADJAA,3,3
12785,CETYIM,2,2
12786,GIFGIM,3,3
12787,LESXUC,2,2
12788,PALCIQ,1,1
12789,SEHNUQ,3,3
12790,QOHWAM,2,2
12791,VUTBES,2,2
12792,IRAVOM,2,2
12793,CEWBAK,2,2
12794,LOYSID,3,3
12795,REDDAH,1,1
12796,COXTIT,3,3
12797,WAMLAX,3,3
12798,FUPREQ,1,1
12799,AFUREB,3,3
12800,EZOZIE,3,3
12801,WECHAQ,3,3
12802,OHIBUC,1,1
12803,MAWREI,2,2
12804,WOCJIL,1,1
12805,XOGYUQ,3,3
12806,FIMSUR,3,3
12807,VAYVIE,1,1
12808,GEVCOB,1,1
12809,ILIFIS,3,3
12810,YIMWOK,1,1
12811,IRETIK,3,3
12812,LIZQER,3,3
12813,YABBIO,2,2
12814,SOBRIL,3,3
12815,GANKAI,2,2
12816,OBAJUZ,3,3
12817,FOCZUS,3,3
12818,ALACOH,2,2
12819,NEPVOW,3,3
12820,NESJAW,3,3
12821,UKASUU,3,3
12822,WEYWUT,1,1
12823,ROMVOE,2,2
12824,YACVIH,3,3
12825,NEKQOJ,1,1
12826,QAQNAZ,1,1
12827,PEVSOA,2,2
12828,JEDKUC,1,1
12829,ICOHIS,2,2
12830,TUKNAQ,3,3
12831,YOLHUD,3,3
12832,HAMSOD,1,1
12833,DAMKUY,2,2
12834,KAPYIM,2,2
12835,KOCRIE,1,1
12836,QUBYUH,2,2
12837,MIMNON,3,3
12838,GEGHEG,2,2
12839,RELWEM,3,3
12840,CEPREV,3,3
12841,SIZWEG,2,2
12842,CORVOW,3,3
12843,NUXNOK,3,3
12844,ZESSAR,2,2
12845,WIRFOV,3,3
12846,UKOXEA,1,1
12847,MASYIR,3,3
12848,ZOZHEB,1,1
12849,YOQLUM,2,2
12850,ESUMIO,1,1
12851,VESNEM,1,1
12852,WIYYAG,2,2
12853,ZEVNUJ,3,3
12854,ULOSEU,2,2
12855,PIKKEC,2,2
12856,JUJGUQ,3,3
12857,XISQIZ,3,3
12858,DOKLEX,2,2
12859,RIZYIK,2,2
12860,QEFBIO,3,3
12861,MUWCIS,3,3
12862,EDIZIB,3,3
12863,VAYDUU,2,2
12864,OGOPEH,2,2
12865,QATSUB,3,3
12866,KAXMIF,2,2
12867,LIFVEF,1,1
12868,VICMED,1,1
12869,YUXWEU,3,3
12870,QEWGOQ,3,3
12871,PUNJOX,3,3
12872,QIFRUS,2,2
12873,IVUFIO,3,3
12874,DEDTAK,3,3
12875,SICFAM,2,2
12876,GABDIZ,1,1
12877,VIFWUE,2,2
12878,BIMZIH,1,1
12879,TAJRAZ,3,3
12880,PADGOQ,1,1
12881,RAMNOL,3,3
12882,UYORUX,3,3
12883,IWISOW,2,2
12884,GAZHEU,2,2
12885,VEJVIR,1,1
12886,VOVCEO,1,1
12887,ZAPLIO,3,3
12888,DEWWEI,3,3
12889,COCTMP,2,2
12890,SUYBOE,2,2
12891,OTAXUD,3,3
12892,MILJIB,3,3
12893,ULASEG,3,3
12894,OHOTOV,3,3
12895,XUSFEW,3,3
12896,MOWSIA,1,1
12897,MUCGIA,3,3
12898,HEWDOE,2,2
12899,XAPKEE,2,2
12900,NOWDAH,1,1
12901,AHOGOV,3,3
12902,AROBUE,3,3
12903,OBOHOD,2,2
12904,RINTAL,3,3
12905,QIYGUC,3,3
12906,FOKRED,1,1
12907,KUBXEK,1,1
12908,ROZNAW,2,2
12909,NUSVEC,2,2
12910,IXUGEP,1,1
12911,QOCQAB,3,3
12912,PIFRUS,1,1
12913,YADDUF,1,1
12914,SODTUE,1,1
12915,HUHSAF,3,3
12916,BAFJOL,1,1
12917,XEWQOG,3,3
12918,GELGOU,2,2
12919,BOLYAD,1,1
12920,DIDMUB,3,3
12921,PAYTOB,3,3
12922,SAWHUW,1,1
12923,ROCVOW,1,1
12924,INOZUH,3,3
12925,TOYPIG,3,3
12926,LANMOG,1,1
12927,YIJGII,3,3
12928,QEQJAA,2,2
12929,AMOVOP,3,3
12930,LUPSOF,3,3
12931,TUKBUY,2,2
12932,BIBPAE,1,1
12933,YIZCUF,1,1
12934,UQETIW,1,1
12935,XOHMUD,2,2
12936,MOWMAN,2,2
12937,WALMUU,1,1
12938,ABERUU,2,2
12939,IGOBIP,3,3
12940,EHOGUE,3,3
12941,ESOBUJ,1,1
12942,ZUNLOJ,1,1
12943,WUJSOL,2,2
12944,HOKSUW,3,3
12945,ATUMAF,3,3
12946,FALJIP,1,1
12947,ASEWEC,3,3
12948,FEYPEE,3,3
12949,OLUDEE,3,3
12950,BATSIY,2,2
12951,IXATIL,2,2
12952,QICZUA,2,2
12953,EHEGIJ,3,3
12954,NESJOK,3,3
12955,QOKROX,1,1
12956,FIKRAV,3,3
12957,EFUWAD,3,3
12958,VEBKOG,1,1
12959,IGOROL,3,3
12960,BUPYOD,1,1
12961,QEPWEP,2,2
12962,WUDMEN,3,3
12963,BEGDIC,1,1
12964,GEXDEU,3,3
12965,ZETQUK,3,3
12966,BESYEG,3,3
12967,YUWCIC,3,3
12968,QAWZOH,1,1
12969,FUFBUD,3,3
12970,KOBXOQ,3,3
12971,LUGBEU,1,1
12972,NAKKIU,3,3
12973,YOGLAL,1,1
12974,RIFWOV,3,3
12975,BALTUG,1,1
12976,HOXBOM,3,3
12977,ZODYOJ,3,3
12978,IKELAL,2,2
12979,ONEQII,3,3
12980,VAYHOV,3,3
12981,PEVTES,1,1
12982,RAYQUG,2,2
12983,JOQKOP,1,1
12984,NEHDEK,1,1
12985,ZIMWID,3,3
12986,FUDHAO,1,1
12987,DUQVER,3,3
12988,PERMUX,3,3
12989,ZIPCOQ,3,3
12990,DECSIO,3,3
12991,SERSUD,2,2
12992,IXOFUY,3,3
12993,RONCED,3,3
12994,EWUPIV,3,3
12995,HIQBEO,3,3
12996,ULEQOU,1,1
12997,HEWTEM,1,1
12998,DATXEC,3,3
12999,OKUQOA,2,2
13000,ODULII,2,2
13001,EMIBUZ,3,3
13002,HAHYUM,2,2
13003,NISHOP,3,3
13004,FUNSIR,1,1
13005,DUFWEI,3,3
13006,ZELDUR,1,1
13007,XUBTOG,1,1
13008,DIRDIV,1,1
13009,PAYSEP,3,3
13010,AZESED,3,3
13011,LOYXUV,1,1
13012,SAHDUE,1,1
13013,BAZTOM,3,3
13014,JIKFOC,1,1
13015,KURWEA,3,3
13016,ECONUJ,1,1
13017,NECKOY,1,1
13018,IBAZAQ,1,1
13019,BENMAM,1,1
13020,AMIBAB,2,2
13021,TUYGAX,3,3
13022,YEJKIJ,3,3
13023,IXEHEZ,3,3
13024,HETQED,2,2
13025,HIKFEO,2,2
13026,WUBNEM,2,2
13027,VUZPUE,1,1
13028,OFEYEE,2,2
13029,DICQIT,1,1
13030,ZOBMOS,1,1
13031,SOWBEM,3,3
13032,OBODUG,1,1
13033,TIZRIE,3,3
13034,EVUBOM,3,3
13035,NESHUP,3,3
13036,ZULJOI,1,1
13037,RODFEV,3,3
13038,ZALRIN,3,3
13039,BIJMEO,3,3
13040,TARWIT,3,3
13041,KEFHEI,2,2
13042,HETMUO,2,2
13043,EJESET,3,3
13044,FEXDEU,3,3
13045,IVUMUJ,2,2
13046,FUYWUT,3,3
13047,QEQHUQ,3,3
13048,VIMDAW,2,2
13049,AKUBOA,1,1
13050,WADKIY,3,3
13051,NOSHEI,2,2
13052,KEKTID,3,3
13053,YOTFOD,3,3
13054,TFBZNP,3,3
13055,PUSWOS,1,1
13056,XIQKUF,3,3
13057,LUTFEN,2,2
13058,KETHAV,1,1
13059,METSIO,2,2
13060,MOHQEH,3,3
13061,YOKTIE,2,2
13062,JOCBAE,3,3
13063,YABLIW,3,3
13064,LIFHAJ,3,3
13065,BOCMOZ,1,1
13066,WUCMEP,1,1
13067,NILSAD,1,1
13068,YARHUX,2,2
13069,JEGLAM,1,1
13070,ULAVUY,3,3
13071,VIRXIE,3,3
13072,OFIFIU,2,2
13073,UCUZIB,3,3
13074,SEJTIM,3,3
13075,REJFUJ,2,2
13076,UHAGOC,1,1
13077,QEBPEV,3,3
13078,MICYAZ,3,3
13079,YAVFEI,3,3
13080,SEWNAK,3,3
13081,CURFAY,1,1
13082,LUBJID,2,2
13083,KAQCIR,3,3
13084,MUBXUC,1,1
13085,QAPMOL,3,3
13086,HAYWAJ,1,1
13087,DAJWIX,2,2
13088,IPIQIJ,1,1
13089,WEPREQ,1,1
13090,VULGOB,1,1
13091,XOQBUB,3,3
13092,HIMREA,2,2
13093,EDAYEP,3,3
13094,FEJSAP,2,2
13095,KOCNUM,3,3
13096,RIPBOJ,1,1
13097,YAGDEQ,3,3
13098,EGAQAF,2,2
13099,JOPJUV,3,3
13100,WEHWAK,1,1
13101,KUPQEU,1,1
13102,ONAJAQ,1,1
13103,QAWCAV,3,3
13104,JINGIX,3,3
13105,DACYEO,3,3
13106,MUWCEP,1,1
13107,ASIMUN,1,1
13108,DOSWEN,1,1
13109,TAMBIS,2,2
13110,QUGFUW,1,1
13111,EZAFUH,2,2
13112,PAGBAD,3,3
13113,WIMJOS,2,2
13114,LUPMIU,3,3
13115,KACDIC,1,1
13116,UTELOX,1,1
13117,HIPVEH,3,3
13118,TEQQOW,3,3
13119,XAMXIU,2,2
13120,BUWPEP,3,3
13121,NIVGEG,2,2
13122,KOSSET,1,1
13123,ABIQIN,2,2
13124,JUKHOO,1,1
13125,HUNPOY,1,1
13126,MIYZEC,3,3
13127,SUBRAI,2,2
13128,OCUPIP,1,1
13129,WICDAR,1,1
13130,FENZUX,1,1
13131,UJOZIE,2,2
13132,LILMAX,3,3
13133,PIMVAL,3,3
13134,IYAHAS,3,3
13135,DAJRUE,3,3
13136,DASSUL,3,3
13137,VADREX,1,1
13138,GADNOP,3,3
13139,IPITUW,2,2
13140,YORGUK,2,2
13141,IFUZAO,1,1
13142,SUXVAI,2,2
13143,OWEWEU,1,1
13144,SOZNOK,1,1
13145,XEDLOI,1,1
13146,ZOJYOO,2,2
13147,NOVPOD,1,1
13148,QELPED,3,3
13149,YOKMES,3,3
13150,GIXFEY,3,3
13151,NITHON,2,2
13152,YEFJOJ,2,2
13153,RITRUK,1,1
13154,JAZRIP,1,1
13155,POTNEU,1,1
13156,KUJRAL,1,1
13157,GONTIM,2,2
13158,OPIQUA,3,3
13159,GOLKEX,2,2
13160,VUDZEC,1,1
13161,UTITEY,2,2
13162,SUXHIF,1,1
13163,PEVJOT,1,1
13164,BIGQIU,3,3
13165,OTEFOJ,3,3
13166,KILXEM,1,1
13167,ROWRAY,2,2
13168,DUHGAO,1,1
13169,FERHOZ,1,1
13170,LARSOP,3,3
13171,OQEPIK,3,3
13172,CUBGAJ,3,3
13173,RUGCAX,1,1
13174,JONNIJ,2,2
13175,ZALBOD,1,1
13176,HUYDUB,1,1
13177,DEJTOD,2,2
13178,YIDNOS,1,1
13179,NIBMIX,3,3
13180,FIQMUR,1,1
13181,EGAJUU,3,3
13182,FUTWID,1,1
13183,GEVDEQ,2,2
13184,OLUMOY,1,1
13185,DUGMIC,2,2
13186,AXIXEK,2,2
13187,MERPIM,1,1
13188,REJTIL,1,1
13189,UGODAW,3,3
13190,NIPMOO,3,3
13191,WABQEZ,1,1
13192,ZAZWOO,3,3
13193,HILFEP,1,1
13194,GUKKAA,3,3
13195,DIYBIX,3,3
13196,EQOTAF,3,3
13197,QUFNEM,3,3
13198,MUBCAP,2,2
13199,BEKPUC,3,3
13200,BICDOH,2,2
13201,HISMOP,1,1
13202,TESGII,2,2
13203,WUDDOR,1,1
13204,OGIDIS,1,1
13205,CIGCUS,1,1
13206,CIVJEZ,3,3
13207,FULPUZ,1,1
13208,SAFVIF,1,1
13209,ICEFUR,3,3
13210,LINLEC,2,2
13211,JASWUW,1,1
13212,COGFAH,2,2
13213,COSYUH,1,1
13214,TEGZEM,3,3
13215,HIZDEA,2,2
13216,GOLKEY,2,2
13217,MEXLEI,3,3
13218,YULCOY,3,3
13219,JACDIB,3,3
13220,VIMJOR,2,2
13221,OVERAJ,2,2
13222,VOVSOQ,1,1
13223,IQISIL,3,3
13224,XAXXOJ,3,3
13225,QAFMUG,3,3
13226,AQECIK,2,2
13227,BUVCAX,3,3
13228,ANUJAX,1,1
13229,GAKJIO,2,2
13230,DAJYEU,1,1
13231,XANTAH,1,1
13232,EPOMUS,3,3
13233,ZIBQUW,1,1
13234,QAGBAE,3,3
13235,TENDOF,2,2
13236,VAQKOQ,2,2
13237,YIHVER,3,3
13238,ERUQOZ,1,1
13239,BEJDUS,1,1
13240,LIYZEB,3,3
13241,WOLPIW,2,2
13242,XIPHUZ,3,3
13243,HACDAQ,1,1
13244,NUGRIS,2,2
13245,ZAFPOL,2,2
13246,UKIBEV,1,1
13247,LUBJIE,1,1
13248,PEKGEV,1,1
13249,TEYKAN,1,1
13250,TCBPZR,1,1
13251,HIJYUX,2,2
13252,EYIQAE,3,3
13253,NEYFEE,3,3
13254,GELGAH,3,3
13255,ACUZEG,2,2
13256,XEKFEZ,3,3
13257,VEJFAS,2,2
13258,YAJFAR,2,2
13259,WUSKAZ,1,1
13260,KOKZUG,2,2
13261,CAVROJ,2,2
13262,GOHPOI,3,3
13263,ZANCIA,1,1
13264,EZAMEX,2,2
13265,AVOJOK,3,3
13266,IREZIR,1,1
13267,METSIN,3,3
13268,FOPBIV,2,2
13269,ZAXFOV,3,3
13270,IKIDOX,2,2
13271,SIGDIV,3,3
13272,CIJZEC,3,3
13273,EHENAI,2,2
13274,DOFGEM,2,2
13275,RURHUH,1,1
13276,WALQEH,3,3
13277,DETKET,2,2
13278,BOQSAC,1,1
13279,USARIQ,1,1
13280,YIYCEP,2,2
13281,JITCIY,3,3
13282,CAQROC,3,3
13283,QATQAD,2,2
13284,CAKVOC,3,3
13285,LIWSOZ,2,2
13286,KIZDOM,1,1
13287,SEPNAC,2,2
13288,XOZSUA,3,3
13289,XONBOR,2,2
13290,CIMFUA,3,3
13291,BOHKOC,1,1
13292,KIDBIK,2,2
13293,OHUPAK,1,1
13294,AVOZIW,3,3
13295,LEPDUI,2,2
13296,MUDYOZ,2,2
13297,GUTPOB,3,3
13298,VIGXOZ,2,2
13299,TOVZOW,1,1
13300,VAWQAL,2,2
13301,FESBEL,3,3
13302,VUGCUW,3,3
13303,ZOLDEJ,1,1
13304,IQEROL,3,3
13305,BABTUT,3,3
13306,EGIBEB,1,1
13307,TINDUQ,3,3
13308,JUPZUR,2,2
13309,QALDAJ,3,3
13310,IBAZAP,2,2
13311,OWIQER,3,3
13312,EBOYOM,3,3
13313,ZOFHOR,3,3
13314,KOVRAQ,3,3
13315,JUQLOY,3,3
13316,UBUHOO,1,1
13317,SEDTII,1,1
13318,PUSWOR,3,3
13319,ZUZQAP,1,1
13320,WOJTOE,2,2
13321,IQEBIP,3,3
13322,BHNCOC,2,2
13323,OQEWOZ,1,1
13324,WINFEF,3,3
13325,UWODUH,1,1
13326,VUCFUW,1,1
13327,WIWGEO,1,1
13328,FAXNIC,3,3
13329,MAQTUU,1,1
13330,VAPHOL,3,3
13331,YAMVEO,1,1
13332,SEKWIQ,3,3
13333,KUPXOI,2,2
13334,HOGNAU,3,3
13335,XIPJOV,3,3
13336,BOYKUW,3,3
13337,FIXVAL,3,3
13338,YEFDAO,2,2
13339,TARWIU,3,3
13340,ROBBAM,2,2
13341,JUYVAA,2,2
13342,EBUZIK,1,1
13343,AZAVEE,3,3
13344,JARVOQ,1,1
13345,SECJAO,3,3
13346,PUMFIN,3,3
13347,QOMQOZ,2,2
13348,WUCCIJ,1,1
13349,ZAYBIM,3,3
13350,WUZBIC,3,3
13351,ADUHIR,1,1
13352,LABGUT,3,3
13353,JALPIW,3,3
13354,OVOPEV,2,2
13355,LOCWEF,1,1
13356,WAYHOW,1,1
13357,SAZCUU,3,3
13358,ZUXWAS,3,3
13359,KOSZOH,1,1
13360,LAYWUD,2,2
13361,ORAZIS,1,1
13362,FONJAT,1,1
13363,MOMGAW,2,2
13364,ROSGEL,2,2
13365,EKEFEH,3,3
13366,PAKZIL,3,3
13367,IWUXUV,2,2
13368,MYOCFE,2,2
13369,INOCUK,3,3
13370,ULOTOF,2,2
13371,DOTWEQ,3,3
13372,ATUMAG,1,1
13373,JUFJID,1,1
13374,QESYUI,2,2
13375,SILBIY,3,3
13376,MOFHIZ,2,2
13377,TUCHPL,3,3
13378,HIRYOW,3,3
13379,OLANIZ,3,3
13380,SAKSIJ,3,3
13381,CEWBOV,3,3
13382,FAGKOO,3,3
13383,YIPZIJ,2,2
13384,MAZGOL,2,2
13385,MOSQAM,1,1
13386,MOJPAD,2,2
13387,DUQVES,2,2
13388,DIGZEY,1,1
13389,SEBWIJ,1,1
13390,KOHTEH,3,3
13391,YEHMIH,3,3
13392,HEFQAM,3,3
13393,QAWMOS,2,2
13394,ADUZUU,2,2
13395,ZOGKOX,3,3
13396,IPEPOK,2,2
13397,GEQMOE,3,3
13398,TUQCEQ,1,1
13399,FUNJEE,3,3
13400,FIDQAO,1,1
13401,AXIVIP,1,1
13402,KEKFUB,2,2
13403,GUPRIS,2,2
13404,HUZMAT,1,1
13405,ECOBAC,2,2
13406,AXUCUT,3,3
13407,TUDSES,3,3
13408,XAMVEO,3,3
13409,LAWRIK,1,1
13410,EWOTIW,1,1
13411,XEHFUM,1,1
13412,CACKIA,3,3
13413,WOLNOD,3,3
13414,LEGPAO,1,1
13415,LIBZOM,1,1
13416,PIWPUJ,3,3
13417,KILQAZ,3,3
13418,AWIKAS,2,2
13419,VEYWUU,2,2
13420,OJOWAL,2,2
13421,KEFVAS,3,3
13422,NICWIG,3,3
13423,LITVAO,2,2
13424,VESWIZ,2,2
13425,VUGXON,1,1
13426,HUHMIH,2,2
13427,USEPAK,1,1
13428,VIQZAW,2,2
13429,ZEJBEY,3,3
13430,ZELHOP,1,1
13431,IREDOA,2,2
13432,RIPBAW,2,2
13433,VEVCUW,3,3
13434,QUXXIT,1,1
13435,FANGUW,2,2
13436,EZEFEW,2,2
13437,SUBGUU,1,1
13438,DAKTEP,2,2
13439,JOFMEX,3,3
13440,KEWCAQ,2,2
13441,QAHCUZ,1,1
13442,KIHTAZ,3,3
13443,HEKJEM,3,3
13444,TESPEP,2,2
13445,EROLOO,1,1
13446,XELCUM,1,1
13447,EJIBIJ,1,1
13448,FICHAD,2,2
13449,BOLYAE,3,3
13450,IQOYOF,1,1
13451,GISGOE,2,2
13452,JITJOP,1,1
13453,WUPWAF,3,3
13454,FALDII,2,2
13455,ITAJUI,2,2
13456,SIRSAN,2,2
13457,LUSVON,1,1
13458,BALQEO,1,1
13459,WUQXUD,1,1
13460,SIZYIJ,1,1
13461,HIMKEU,3,3
13462,ZEQLOY,2,2
13463,QESLAC,2,2
13464,RELWEL,3,3
13465,GEGHEF,2,2
13466,DULRIN,1,1
13467,NEMLEX,1,1
13468,RIXZUT,2,2
13469,VEDHAN,1,1
13470,TOXDIV,3,3
13471,CIHNUD,1,1
13472,WEFGIX,1,1
13473,MIBCAD,3,3
13474,YUSQEL,1,1
13475,SOQQOG,2,2
13476,MILXUD,3,3
13477,UJUWOM,3,3
13478,LIKMOL,1,1
13479,LENGAN,2,2
13480,CODMAN,1,1
13481,YEFJAW,2,2
13482,YUKJIY,2,2
13483,CUJJAT,2,2
13484,LURLAM,1,1
13485,RAYZIC,2,2
13486,AXIJUO,1,1
13487,RASMUV,2,2
13488,ISIPIK,3,3
13489,TIQSAQ,3,3
13490,FEHLAG,2,2
13491,HEVWIR,3,3
13492,ZAFWEI,1,1
13493,NIGWUZ,1,1
13494,NISHAZ,2,2
13495,IWAYEM,2,2
13496,PIXFOS,3,3
13497,COVSOV,2,2
13498,COGVIH,1,1
13499,LEVBET,2,2
13500,DAGLOQ,1,1
13501,YEGNED,2,2
13502,CALQEO,1,1
13503,RIZYIJ,3,3
13504,NAWROS,1,1
13505,QALJAR,3,3
13506,RUHYAU,1,1
13507,RUQVOO,3,3
13508,XIJGIH,3,3
13509,CODSIA,3,3
13510,BUDDOU,3,3
13511,VISROG,2,2
13512,JUCBIV,1,1
13513,JETQAB,2,2
13514,TATCEX,1,1
13515,KAJCAC,1,1
13516,MUFQOV,1,1
13517,KEKJOA,2,2
13518,BUFWUW,2,2
13519,NUBZIV,3,3
13520,HOJBEO,1,1
13521,WEQVOH,1,1
13522,CETYIL,3,3
13523,PINFUN,2,2
13524,ABIFEA,1,1
13525,LUCBUJ,1,1
13526,TUXSOU,2,2
13527,MOWDIM,3,3
13528,TAWHIJ,1,1
13529,GUBRAX,2,2
13530,RUNDIN,2,2
13531,DIZLUT,2,2
13532,WAJBOC,1,1
13533,FAPMEQ,3,3
13534,GERHAP,1,1
13535,ALOJEQ,1,1
13536,IPEPAW,3,3
13537,QEWRUF,1,1
13538,NEFSIA,2,2
13539,XUFVEC,1,1
13540,GAFHAY,3,3
13541,REVCAX,3,3
13542,HUZMOH,1,1
13543,HOTJOR,3,3
13544,RERXIW,2,2
13545,NOJWAM,3,3
13546,YEBCUH,1,1
13547,OSUBOU,2,2
13548,SUHGIM,3,3
13549,XIBJEB,1,1
13550,PABQUE,3,3
13551,PAJYEE,3,3
13552,EWOSAM,3,3
13553,JIBHOV,1,1
13554,XICGID,1,1
13555,TELBAN,2,2
13556,JUNYAU,1,1
13557,IRETIJ,3,3
13558,PEVFUV,1,1
13559,KEZJUU,2,2
13560,GEVCOC,2,2
13561,FUSWEY,1,1
13562,IPONUW,3,3
13563,ZIXWAG,2,2
13564,HEGLEK,1,1
13565,JACSEL,2,2
13566,BEHNOS,3,3
13567,MANSEA,3,3
13568,BITRAB,1,1
13569,WECFOC,3,3
13570,YUMNOK,3,3
13571,QARPUW,3,3
13572,RISYIF,1,1
13573,QAZXEW,2,2
13574,WIJSOY,3,3
13575,BEZNID,2,2
13576,HUGGAR,3,3
13577,UFIPUY,1,1
13578,NEVKEE,1,1
13579,JESJUN,3,3
13580,MIJPEA,2,2
13581,NOSFEG,1,1
13582,EMACCR,2,2
13583,SIFYOX,3,3
13584,ROHNEI,3,3
13585,YILMAI,3,3
13586,QONTAO,2,2
13587,MOJYER,3,3
13588,HOGNOI,2,2
13589,ELOMUP,2,2
13590,ECEGOM,1,1
13591,KEYCAT,3,3
13592,FILGUC,2,2
13593,ZEHXUF,2,2
13594,VISBIL,3,3
13595,IYEZOC,2,2
13596,GAWFUI,2,2
13597,FEDJAA,3,3
13598,ATHLPT,3,3
13599,ZEZTEF,3,3
13600,CECHOK,3,3
13601,VIYBUC,3,3
13602,FIFGIL,3,3
13603,HEBVUJ,1,1
13604,QABMEN,2,2
13605,OQENOO,3,3
13606,LULSIU,3,3
13607,LEGWEA,3,3
13608,OMUHEL,2,2
13609,NETMEF,2,2
13610,MIKDEQ,2,2
13611,USUHOG,2,2
13612,JOHQUV,2,2
13613,MOKDOH,2,2
13614,VIBWIN,2,2
13615,BIXSEJ,2,2
13616,UJIRUB,3,3
13617,YISTUQ,2,2
13618,SEWPEQ,1,1
13619,YEDKEZ,3,3
13620,YEXROI,1,1
13621,FEZKAA,1,1
13622,KEJKUG,2,2
13623,JOWVIA,3,3
13624,FUVFEI,2,2
13625,PAKFUD,2,2
13626,FANKAH,3,3
13627,PIJQII,3,3
13628,BUXJEK,2,2
13629,PEKNAW,3,3
13630,HIXKAC,2,2
13631,COKGIT,2,2
13632,CIWWAK,1,1
13633,FILLER,2,2
13634,IZIMEM,1,1
13635,LEKZUA,1,1
13636,XUTVAK,1,1
13637,JUXLUL,3,3
13638,ECOPEU,3,3
13639,HONKEB,2,2
13640,TOLBEE,2,2
13641,SIJDOI,1,1
13642,WIDQAB,2,2
13643,MUTTAY,3,3
13644,IYEVOY,3,3
13645,JIKTIK,1,1
13646,FEYKIG,3,3
13647,VIMHOP,2,2
13648,QEHKUL,3,3
13649,RURXIM,2,2
13650,HIXNIL,1,1
13651,TOYREG,3,3
13652,UPOMUI,2,2
13653,XEJPEH,2,2
13654,FALFEH,1,1
13655,IDAVEO,1,1
13656,IMALOX,3,3
13657,COGJOY,3,3
13658,VARNUA,2,2
13659,HICGEJ,1,1
13660,DOLWEG,3,3
13661,JUFQEG,2,2
13662,IZUHIX,1,1
13663,MISDID,3,3
13664,FORQIM,2,2
13665,AMODEL,3,3
13666,LEBDIG,3,3
13667,LAQZAH,2,2
13668,WELWEQ,3,3
13669,TAYSIX,2,2
13670,ARIMUJ,2,2
13671,PEBREU,3,3
13672,JIKDOW,1,1
13673,WICFAQ,2,2
13674,TURJIA,3,3
13675,XEVYIG,3,3
13676,TEQFUU,1,1
13677,NIRKUU,1,1
13678,IGUVUC,2,2
13679,DAZTII,2,2
13680,IMIXOS,3,3
13681,BIDQOY,1,1
13682,LICBOP,3,3
13683,JEVWUD,3,3
13684,PUNFOT,1,1
13685,WUCQOC,2,2
13686,JAHWIB,3,3
13687,EGEHIJ,2,2
13688,SOGVEQ,3,3
13689,UDOPOS,3,3
13690,ZAGXEN,2,2
13691,SUBKUX,2,2
13692,QIJMOO,3,3
13693,IXAFOD,2,2
13694,HULTOY,1,1
13695,OGITUV,3,3
13696,PACLIR,3,3
13697,CAQPOA,3,3
13698,QANWAF,1,1
13699,UCIFET,3,3
13700,RIXSID,3,3
13701,CAWZEH,3,3
13702,UFAHUH,2,2
13703,PIQZIY,2,2
13704,HOBJAJ,3,3
13705,BABZAI,1,1
13706,TUFNIS,2,2
13707,DUKPEF,1,1
13708,PEHKUL,2,2
13709,MOPVAQ,1,1
13710,QURTUV,1,1
13711,XODLEH,2,2
13712,HIKJIW,3,3
13713,LECGIM,2,2
13714,TELGIA,1,1
13715,JAJXAT,3,3
13716,MEMPIE,3,3
13717,LEMBUB,2,2
13718,RAFJAK,2,2
13719,ZIZFUL,3,3
13720,SURQAX,1,1
13721,AVOHOI,3,3
13722,DIFKAE,3,3
13723,TUFGAF,1,1
13724,QINHOO,1,1
13725,BEKPOZ,1,1
13726,SIHLAY,2,2
13727,JOQYIX,2,2
13728,WOJTUK,2,2
13729,TAPDIY,2,2
13730,BINCOQ,3,3
13731,VOHYEY,1,1
13732,EGUGET,3,3
13733,KOBJIY,1,1
13734,XODPUC,3,3
13735,OHOHIF,1,1
13736,PUQJAM,2,2
13737,ESEWIK,3,3
13738,LOGYOY,2,2
13739,KEHJEO,2,2
13740,XALGAS,2,2
13741,ILAWAV,2,2
13742,MUZZOX,3,3
13743,NABPEL,2,2
13744,OVOKIU,1,1
13745,NAGHOV,1,1
13746,QIJSEH,1,1
13747,USOWOP,3,3
13748,OPUFIQ,3,3
13749,QOPGIM,3,3
13750,HADVEN,3,3
13751,SUGMUE,1,1
13752,DUHKOH,3,3
13753,MACZEW,2,2
13754,XAFKIC,1,1
13755,MURGEN,2,2
13756,KAJFIL,3,3
13757,MASROO,1,1
13758,COXVET,1,1
13759,GOVMEL,3,3
13760,TULKIV,2,2
13761,RAFQUN,3,3
13762,GACLOM,3,3
13763,ATIVII,2,2
13764,HEFTEV,1,1
13765,UNEYIX,3,3
13766,VUFPIX,2,2
13767,BAXYEG,3,3
13768,IVEKIF,3,3
13769,TIFRUX,3,3
13770,MERLAW,3,3
13771,QUGQOB,1,1
13772,VOBKEF,2,2
13773,KIMGOC,3,3
13774,MUVBEN,1,1
13775,FIRJUN,3,3
13776,LIBCUV,3,3
13777,RABCUT,3,3
13778,SIMJAD,1,1
13779,RUNFEO,1,1
13780,UMAJEA,1,1
13781,HOMRUW,2,2
13782,WUJXEE,3,3
13783,LOYZUU,1,1
13784,NICBEK,1,1
13785,FATCAE,2,2
13786,ESORIN,1,1
13787,NEDNIU,3,3
13788,FEWYUE,3,3
13789,RUQZOU,2,2
13790,PIMMOQ,2,2
13791,BADPIH,3,3
13792,JUPXUP,1,1
13793,TIRSIW,1,1
13794,GARYOO,2,2
13795,VAWSAN,1,1
13796,NOKVOY,3,3
13797,DUSRER,1,1
13798,IYAQUU,1,1
13799,EQOQEJ,1,1
13800,IHEZUR,2,2
13801,KETCIW,2,2
13802,EHUJEW,3,3
13803,XUWSUG,1,1
13804,QOCTIL,1,1
13805,KOBTAA,1,1
13806,QIZREZ,1,1
13807,CNPLPT,3,3
13808,PENMIE,1,1
13809,FUMZET,2,2
13810,SUYYOD,1,1
13811,PUCZAQ,2,2
13812,IKENAO,1,1
13813,FABZUF,3,3
13814,EDIXEU,2,2
13815,WEGVAG,3,3
13816,EDAPUU,2,2
13817,KURLIT,3,3
13818,HEFSAO,1,1
13819,YIFSAL,1,1
13820,AMEJUX,3,3
13821,URICUU,2,2
13822,AYAGUC,2,2
13823,NINPEJ,1,1
13824,KOMNOP,3,3
13825,CASTUN,3,3
13826,JEGPIV,2,2
13827,NOJLAZ,3,3
13828,JODWAB,2,2
13829,TEWNEP,2,2
13830,TITGIN,3,3
13831,FAXBEM,3,3
13832,MOPHII,3,3
13833,LECYAU,3,3
13834,DARYEC,1,1
13835,CAYJAN,3,3
13836,DAQKEP,1,1
13837,HAVVAF,1,1
13838,IPAYAZ,3,3
13839,CIGZAT,1,1
13840,XIRYOM,1,1
13841,DIGSUJ,2,2
13842,NAKWAY,2,2
13843,VONSOG,2,2
13844,BAXWIK,1,1
13845,NAMSEC,2,2
13846,PIQJOR,2,2
13847,AJILEL,3,3
13848,XEMWAO,3,3
13849,EHITIB,1,1
13850,JITHAY,3,3
13851,OXEVIY,3,3
13852,HIKMOF,2,2
13853,KAMCUX,2,2
13854,JIXYAR,1,1
13855,FIQJIZ,3,3
13856,DOBYEZ,1,1
13857,LEYSAM,2,2
13858,EXOBIC,3,3
13859,UXIFUE,3,3
13860,LIFDAF,2,2
13861,GUTLIS,2,2
13862,WUQZUF,1,1
13863,HILDIQ,3,3
13864,KARJIW,3,3
13865,UZIKUM,1,1
13866,BIMHOW,2,2
13867,SAMNUT,1,1
13868,QIXDOQ,2,2
13869,KASGEQ,2,2
13870,UHUMUF,2,2
13871,AYABEJ,2,2
13872,YOYVAM,1,1
13873,XAYWOM,2,2
13874,YEDYAL,1,1
13875,YILCUT,3,3
13876,DAPHIN,3,3
13877,RITRAO,3,3
13878,SEVMUE,2,2
13879,WELGON,1,1
13880,BAWZIK,1,1
13881,CAYMIC,1,1
13882,FUGVAG,1,1
13883,SAKVAE,1,1
13884,ZELJOR,3,3
13885,BAPZIB,3,3
13886,IXOJUB,2,2
13887,XAKGOF,3,3
13888,GIYBUN,2,2
13889,WOCXOD,3,3
13890,DOQSIM,3,3
13891,LUGYET,2,2
13892,RASJII,1,1
13893,YOZMIK,3,3
13894,YECWOV,2,2
13895,GUXMOD,3,3
13896,RUSRON,2,2
13897,HEFSOD,3,3
13898,NALNAR,3,3
13899,BEVMOF,3,3
13900,WOGZIB,1,1
13901,LERBAO,2,2
13902,NIBXEC,3,3
13903,DOKWIM,2,2
13904,MIDBAE,3,3
13905,IRINAA,3,3
13906,VEZGUD,2,2
13907,QOHLOP,3,3
13908,FIQMAW,3,3
13909,JARSEA,3,3
13910,QABFOQ,3,3
13911,LIXKOU,3,3
13912,APIBAE,2,2
13913,DIBYOC,2,2
13914,QIQDOJ,3,3
13915,VAWSOE,3,3
13916,ROJMAF,1,1
13917,NIWFIM,1,1
13918,KEHZOP,2,2
13919,WIVVOO,3,3
13920,GIVTOW,3,3
13921,XOBJUU,2,2
13922,AKIKUB,3,3
13923,IBAXOY,2,2
13924,QICSIG,1,1
13925,XOVBAO,1,1
13926,IMEGOW,3,3
13927,FAJRIR,3,3
13928,SINVAO,3,3
13929,APIYUW,1,1
13930,PUFLIL,2,2
13931,CIBKOO,1,1
13932,ASAPIT,3,3
13933,RUVDIX,3,3
13934,LOWXAW,1,1
13935,COVQOT,2,2
13936,GAMKEM,3,3
13937,QESPIN,3,3
13938,SAPFAU,1,1
13939,BECCET,3,3
13940,YESXAW,2,2
13941,ZESHOX,2,2
13942,AMIPIV,2,2
13943,EFOXEF,3,3
13944,WEZGUD,1,1
13945,HOKSAD,3,3
13946,ASISIE,1,1
13947,FOPWEM,2,2
13948,VOGZIB,2,2
13949,GEVTUW,2,2
13950,SAWHOO,3,3
13951,XAXTOG,2,2
13952,DEPLIU,3,3
13953,AKEFEB,3,3
13954,GAYQOO,2,2
13955,YIYQOM,2,2
13956,YEHDUO,1,1
13957,FUTKOU,3,3
13958,JIXLUX,3,3
13959,QIZBOR,1,1
13960,XOKFAF,2,2
13961,AGEMOS,1,1
13962,KOHHAQ,3,3
13963,YEJNAD,3,3
13964,DUWNEP,2,2
13965,VECCIP,2,2
13966,ISATUR,3,3
13967,VIMDUS,1,1
13968,SORCUZ,3,3
13969,IMUHAA,3,3
13970,DAFJIH,1,1
13971,MEFQAP,1,1
13972,TAHFEN,2,2
13973,YIXROP,1,1
13974,LELTAB,1,1
13975,VASTUI,1,1
13976,MAWPEJ,1,1
13977,BOHWIE,3,3
13978,TBPPPT,2,2
13979,XITJEQ,2,2
13980,LOHCOC,1,1
13981,BOJHEP,3,3
13982,PEVDUT,1,1
13983,JASWAE,3,3
13984,GIXSIT,1,1
13985,SUQMAS,2,2
13986,MEJYOR,2,2
13987,QEKLAU,2,2
13988,PSRHCP,2,2
13989,EMAXOF,2,2
13990,UKIYEV,1,1
13991,WERQOC,2,2
13992,NANSUT,3,3
13993,YIPHAH,3,3
13994,CUMSUZ,3,3
13995,IBUKOF,2,2
13996,DASDAE,3,3
13997,WOLBAB,2,2
13998,DOGFIQ,1,1
13999,HORBEY,3,3
14000,COXFOK,1,1
14001,OFIMOH,2,2
14002,XONWAA,3,3
14003,XOWVAH,3,3
14004,JOHQOO,1,1
14005,QEWPUD,1,1
14006,ALILAI,1,1
14007,IDOSUT,1,1
14008,BEKYID,1,1
14009,NIGWOT,1,1
14010,OJOLOP,3,3
14011,LAXJID,2,2
14012,WEBNEA,1,1
14013,EHIDAB,1,1
14014,BELGAB,3,3
14015,XUZZOH,1,1
14016,EKEVUN,1,1
14017,HAGTOB,2,2
14018,OZITOI,1,1
14019,HOWMOY,1,1
14020,GOMXUB,3,3
14021,FOTKIL,1,1
14022,VUJHOZ,3,3
14023,DUPYET,3,3
14024,GATJES,3,3
14025,SUJCIL,3,3
14026,SASZOB,2,2
14027,YOPVAA,1,1
14028,MIVBEZ,2,2
14029,LAKPAP,2,2
14030,CINZOS,1,1
14031,ZEGREM,1,1
14032,RUQMAS,2,2
14033,XELDIE,3,3
14034,HEBHEC,1,1
14035,CEDSAI,3,3
14036,TOVTUV,2,2
14037,VIDDUH,3,3
14038,KASYOV,3,3
14039,FAWQOJ,1,1
14040,ZAJSEM,1,1
14041,PIWPOD,3,3
14042,VORTAX,2,2
14043,DOTROV,3,3
14044,FAPVIE,3,3
14045,BERVEA,1,1
14046,CEZLIF,3,3
14047,VOQFAK,2,2
14048,OHIRIG,2,2
14049,AMOJET,3,3
14050,LALNIV,3,3
14051,EKECOO,3,3
14052,XOCKOS,3,3
14053,NEHXAD,1,1
14054,WUBBEA,3,3
14055,XUTJIF,3,3
14056,UJEJEZ,1,1
14057,PIXTIZ,1,1
14058,WILBID,3,3
14059,WAZXAZ,3,3
14060,DUHKAT,3,3
14061,FIQJEY,1,1
14062,QETGIJ,1,1
14063,UMAXUE,1,1
14064,RIYYOP,3,3
14065,OBOHUK,3,3
14066,TULRIC,2,2
14067,ODEXEA,1,1
14068,TIGDAO,2,2
14069,KOYCIK,3,3
14070,ZUQRIP,1,1
14071,HEWDUJ,1,1
14072,UKEQIK,2,2
14073,HIFFOR,3,3
14074,WIZWIO,1,1
14075,RERHUR,1,1
14076,MAHYUQ,3,3
14077,NARTUW,2,2
14078,IBOFEL,3,3
14079,HIVNEJ,1,1
14080,BALJIL,1,1
14081,GIBYEX,3,3
14082,YONYOR,1,1
14083,HUFHOI,1,1
14084,DIVWUC,3,3
14085,PAWWEP,1,1
14086,OVODAF,2,2
14087,MIRQOT,3,3
14088,EFUDAL,1,1
14089,ICOGUD,2,2
14090,KIJHEQ,1,1
14091,WENWET,2,2
14092,XIVMOF,3,3
14093,PUFJEI,1,1
14094,EMONEZ,2,2
14095,LOVSAT,1,1
14096,BESJEO,1,1
14097,HICQAO,3,3
14098,XOZWUE,3,3
14099,KALTID,3,3
14100,HUHGIC,1,1
14101,HEFLOW,1,1
14102,CAQVOG,3,3
14103,RODKON,3,3
14104,BOLMIA,2,2
14105,QUGBUR,2,2
14106,YUMTIK,2,2
14107,POWQOI,2,2
14108,AFOWUN,2,2
14109,JIXVIV,2,2
14110,GAVDEN,1,1
14111,GUHZEO,3,3
14112,QAGVEB,3,3
14113,XATSEU,1,1
14114,SITVUN,3,3
14115,OBUVIR,1,1
14116,XEFNOO,3,3
14117,LEYRIQ,3,3
14118,ILUYUJ,3,3
14119,LENVUW,3,3
14120,MOPYIB,2,2
14121,LODZOV,3,3
14122,ELAPUD,1,1
14123,UMIVIW,2,2
14124,JUJHIF,3,3
14125,XUJFUE,2,2
14126,KAJNEQ,3,3
14127,KOHLUP,3,3
14128,NINJUP,2,2
14129,CISCUE,3,3
14130,QIGPEB,3,3
14131,LALTUO,2,2
14132,BELFII,3,3
14133,SUDBAU,2,2
14134,ZOZRAK,1,1
14135,BIZTUD,1,1
14136,QUCGUR,3,3
14137,VUCNAL,1,1
14138,PABLUC,1,1
14139,HOJVOT,2,2
14140,PALNOJ,1,1
14141,ISITEL,3,3
14142,NONVOB,1,1
14143,ASULOS,1,1
14144,NOMJAB,2,2
14145,PEGREY,1,1
14146,COLCEM,1,1
14147,HOTPIR,3,3
14148,NAYFEZ,2,2
14149,HIJQAT,1,1
14150,UHOMAG,3,3
14151,XAPXIY,3,3
14152,KAXNAY,1,1
14153,DAMVUI,3,3
14154,BIRRIH,1,1
14155,YATSEU,3,3
14156,BUTZUM,3,3
14157,PABWAQ,3,3
14158,PAVHUQ,1,1
14159,TAXSUI,2,2
14160,OHAYIH,3,3
14161,XONXEF,1,1
14162,ILAJUB,2,2
14163,PIJKOI,3,3
14164,SAFRIB,2,2
14165,FEGRAN,2,2
14166,YILPAO,1,1
14167,SUZXUG,3,3
14168,HEVJIC,2,2
14169,KISPIN,2,2
14170,QEKCER,3,3
14171,QUBXES,3,3
14172,QOSTOI,3,3
14173,CEBHEW,2,2
14174,KOZPAS,2,2
14175,VISXOL,3,3
14176,LIRVIR,1,1
14177,JEWGOI,2,2
14178,JOJHOH,3,3
14179,AQIFOX,2,2
14180,NOGXAJ,2,2
14181,ODCHRU,2,2
14182,WIYJOD,1,1
14183,WEKMUU,1,1
14184,WIZXOW,1,1
14185,YOCJEG,2,2
14186,KONXUI,3,3
14187,RIXLET,1,1
14188,WEPQAM,3,3
14189,QAMXUA,3,3
14190,DOXRAJ,1,1
14191,EADJEY,1,1
14192,VUTFIB,2,2
14193,QIFXUY,2,2
14194,NAZJON,1,1
14195,FUZSIE,3,3
14196,FEHVEX,1,1
14197,TICRUT,3,3
14198,ZUXZIB,1,1
14199,JEDSIY,1,1
14200,WAHLUP,1,1
14201,GAMZIE,2,2
14202,JEFLEL,2,2
14203,UCAHUE,3,3
14204,ZENFUT,3,3
14205,FIBQEQ,1,1
14206,ZUTKII,3,3
14207,HICHOQ,3,3
14208,XILGAB,3,3
14209,FAJCEZ,2,2
14210,BONREC,2,2
14211,FAVTAZ,1,1
14212,TASYAN,2,2
14213,RASBIW,1,1
14214,FICKIM,1,1
14215,YUGTUS,1,1
14216,KURJIR,3,3
14217,XOWGOH,3,3
14218,QOPSUL,2,2
14219,RUGKUC,1,1
14220,SEJYAJ,1,1
14221,XIYNOI,3,3
14222,KONZOE,2,2
14223,LUWYOR,1,1
14224,OVOJOB,1,1
14225,ZERDIJ,2,2
14226,MENZAH,3,3
14227,NENJOG,1,1
14228,LUTKOA,2,2
14229,TIYVUT,2,2
14230,YIJJOR,3,3
14231,REQPOS,2,2
14232,CUZHIO,2,2
14233,WAGSEC,3,3
14234,XUQCOC,2,2
14235,YICHUR,2,2
14236,FAHLOS,2,2
14237,BAKGUQ,2,2
14238,VILCAX,1,1
14239,JELGIR,2,2
14240,VUMBUA,1,1
14241,ALIMIU,1,1
14242,AWIHIZ,3,3
14243,HEDTES,3,3
14244,HIXQEK,3,3
14245,GOFVUS,2,2
14246,AJONAP,3,3
14247,PUGWOD,1,1
14248,YOCZAS,3,3
14249,KENQOM,3,3
14250,VUPMEY,1,1
14251,APICIN,2,2
14252,OBOBOY,3,3
14253,MAZSIT,1,1
14254,OCOBUE,3,3
14255,LAPXEJ,1,1
14256,LAJKEP,2,2
14257,METYEQ,2,2
14258,NOLPOV,3,3
14259,WUCGIN,1,1
14260,TAGTII,1,1
14261,FOTQUB,3,3
14262,FAJJOP,1,1
14263,FAVSEC,1,1
14264,CUWMIT,1,1
14265,TUKSAV,1,1
14266,ARODAP,1,1
14267,HENMUJ,3,3
14268,EBOMIU,3,3
14269,SISZAX,1,1
14270,GOPVOY,3,3
14271,ASAFAE,1,1
14272,IFODIR,2,2
14273,VAHLUP,1,1
14274,MOFBER,3,3
14275,KUVVED,3,3
14276,GIFHUZ,2,2
14277,YOLBUY,2,2
14278,LAMWUR,2,2
14279,TUWSEL,3,3
14280,FUYSUQ,1,1
14281,VURKEZ,1,1
14282,WIWCEK,1,1
14283,VUCBUS,3,3
14284,MAQPUQ,3,3
14285,VUKJES,1,1
14286,NOJMEE,2,2
14287,SEZXAX,3,3
14288,EJANUZ,3,3
14289,UZIVOR,1,1
14290,NUYYEL,3,3
14291,APRCOB,2,2
14292,HENQEA,1,1
14293,ZIQJAM,2,2
14294,ETOHIF,2,2
14295,PECNIX,3,3
14296,TUTJUN,1,1
14297,FINYIL,3,3
14298,LIVTOC,3,3
14299,ICUVOR,3,3
14300,RAXVUH,3,3
14301,QOBFIZ,3,3
14302,DILFOU,3,3
14303,FAYLUP,2,2
14304,DIXWUF,2,2
14305,TEXRIX,2,2
14306,POJKEG,3,3
14307,WAHNOK,2,2
14308,POBCUG,2,2
14309,DISZEO,1,1
14310,ZOYPEL,1,1
14311,FACHUP,3,3
14312,IFAVUG,1,1
14313,VONKEQ,3,3
14314,XACREY,1,1
14315,ROKJUZ,3,3
14316,SEWZEZ,3,3
14317,FETMUP,2,2
14318,ZEJQIS,1,1
14319,HOLBOZ,2,2
14320,GICBAX,2,2
14321,POYQOL,3,3
14322,LULPAK,1,1
14323,RIWXEA,2,2
14324,QIQLOT,3,3
14325,VEGYIT,1,1
14326,JOFYOT,3,3
14327,RATPUY,2,2
14328,RIWVEY,2,2
14329,BUWZEZ,3,3
14330,HOBNUK,1,1
14331,POZMOG,2,2
14332,FOKQAX,3,3
14333,BIJLUC,1,1
14334,KEMDEL,3,3
14335,ZOMCIP,3,3
14336,XUMDAK,3,3
14337,KEKNOE,1,1
14338,VUJYOQ,1,1
14339,UPEBOI,3,3
14340,UPAWIU,1,1
14341,NATDOD,1,1
14342,PEQNAD,2,2
14343,VUYCEZ,2,2
14344,JAYMOO,2,2
14345,DOHMET,1,1
14346,KUJQIS,1,1
14347,PIQKEF,1,1
14348,YARPIU,1,1
14349,SISJIO,3,3
14350,WULTAA,1,1
14351,CAWKIW,3,3
14352,JUCQIH,1,1
14353,PUBQAE,3,3
14354,IYEYIV,3,3
14355,KABZIY,2,2
14356,HOHNID,3,3
14357,ASOXEL,3,3
14358,SILMUX,2,2
14359,UHUYIG,3,3
14360,MORVOH,1,1
14361,LIDMIV,3,3
14362,YOVTEJ,2,2
14363,PCAZRU,2,2
14364,MOLPIN,1,1
14365,GEFQOX,1,1
14366,COKJAR,1,1
14367,TIRKOU,3,3
14368,FEHFOP,3,3
14369,FEQGOY,2,2
14370,ZEVVED,2,2
14371,LUQZAZ,2,2
14372,SATRAI,3,3
14373,EYIWUF,3,3
14374,HOQHOK,3,3
14375,MASMOK,2,2
14376,HICXEY,3,3
14377,CEFCEX,1,1
14378,XESNER,1,1
14379,RIYFAH,2,2
14380,VUFXIF,2,2
14381,BOTQOQ,3,3
14382,CIQKUI,3,3
14383,JUYRON,1,1
14384,UBIGUK,3,3
14385,XOQSAZ,2,2
14386,IFASEN,2,2
14387,GIDLAI,3,3
14388,HALVUP,1,1
14389,NIMTOW,1,1
14390,SIKZUK,2,2
14391,MEMXIL,3,3
14392,HEZPUZ,3,3
14393,QOBZUE,2,2
14394,BAWKIW,2,2
14395,EWUDAD,3,3
14396,KAZFAU,3,3
14397,EZAGES,2,2
14398,ISUZAY,1,1
14399,BICLUX,2,2
14400,NARGOG,1,1
14401,BISHIW,3,3
14402,KUHGOL,3,3
14403,ANAJOR,1,1
14404,ECIGUT,3,3
14405,WUJYOQ,3,3
14406,HASHEQ,1,1
14407,MURVIF,1,1
14408,RAPWAI,3,3
14409,DEKZIC,3,3
14410,SOWQIF,3,3
14411,NISKEG,3,3
14412,LATZOX,1,1
14413,PURPAW,1,1
14414,JUSPIZ,1,1
14415,SEBZOP,1,1
14416,YEWKER,3,3
14417,KEQCEO,2,2
14418,XUMTEH,1,1
14419,TELQAG,1,1
14420,YEHNAA,3,3
14421,XIYGIW,3,3
14422,BOGBOP,1,1
14423,ZELLOT,3,3
14424,YOBGEB,2,2
14425,YAQLEJ,1,1
14426,HAKMAK,2,2
14427,NIDCOV,3,3
14428,NEXFON,1,1
14429,FOZCEC,3,3
14430,ARIGOX,1,1
14431,VEPVIW,2,2
14432,ROSFUA,3,3
14433,XAXLEQ,2,2
14434,SOSTIF,3,3
14435,WIBCOA,3,3
14436,XOQTEC,3,3
14437,ZECVAE,1,1
14438,XESPOB,3,3
14439,HAHHAB,3,3
14440,BOHXAA,3,3
14441,NUGFAW,1,1
14442,NOPNOW,3,3
14443,FENROI,3,3
14444,YINFIL,3,3
14445,YOKWAZ,2,2
14446,IVOFIJ,3,3
14447,TULQUO,3,3
14448,NEYPUE,3,3
14449,RIPQAI,2,2
14450,MEKLIB,1,1
14451,BIBSEN,2,2
14452,HERHAN,2,2
14453,WAPWUF,3,3
14454,HISWIP,1,1
14455,CASPAO,2,2
14456,TEYFEK,3,3
14457,FIRBUG,3,3
14458,TARTAK,3,3
14459,UHILUT,1,1
14460,DUGPIE,1,1
14461,BOLMEU,2,2
14462,ATODEU,3,3
14463,ZUWYEY,1,1
14464,UJEGUM,2,2
14465,XAXBIJ,3,3
14466,BUBJEO,3,3
14467,XINXAT,2,2
14468,AGAYOX,2,2
14469,PEWJEI,1,1
14470,OYANIM,3,3
14471,YEXVOM,3,3
14472,ORUDOV,3,3
14473,MUJDON,1,1
14474,BENGAG,1,1
14475,SEWTEU,3,3
14476,BEWFAN,3,3
14477,KIPLIE,1,1
14478,ZUXZEA,1,1
14479,LALHIP,2,2
14480,BEXKOE,3,3
14481,JOFYAH,1,1
14482,BOXPIQ,1,1
14483,KEHRAR,1,1
14484,YOQCEN,3,3
14485,MIMDAO,2,2
14486,YOWGAT,3,3
14487,NAZMEK,1,1
14488,TEHSEI,1,1
14489,IXIXUJ,3,3
14490,GOQYUG,3,3
14491,RUCLAD,2,2
14492,FUNGAW,1,1
14493,PORNOA,3,3
14494,KATHOC,2,2
14495,KUJVOB,3,3
14496,WICGIZ,3,3
14497,LUPBUU,3,3
14498,NATCIU,1,1
14499,CARCEF,3,3
14500,WEVGUD,1,1
14501,MOWRUN,2,2
14502,UCOZES,2,2
14503,DOGRUP,2,2
14504,VIRKEN,3,3
14505,EXEFOF,1,1
14506,VERYAV,3,3
14507,BAPYUN,2,2
14508,PIKSUZ,2,2
14509,HIPLAV,2,2
14510,VOMKUF,2,2
14511,COKDOV,3,3
14512,SEZVAW,3,3
14513,XAHZEN,2,2
14514,OZOQOL,3,3
14515,TUSDUH,1,1
14516,MEGXUT,1,1
14517,HEPPIB,2,2
14518,YUBGAD,2,2
14519,QIJBIW,2,2
14520,BUJPIH,2,2
14521,HEBGOO,1,1
14522,MANWEE,1,1
14523,DORNAZ,1,1
14524,OCIJIT,1,1
14525,DALLUA,3,3
14526,GITDIY,3,3
14527,TULZEI,1,1
14528,SODPUW,3,3
14529,SOLXEW,1,1
14530,VUBXUL,2,2
14531,KIRTAI,1,1
14532,JUQXEB,1,1
14533,BAMXIZ,3,3
14534,LIHNUM,3,3
14535,ALAGOM,1,1
14536,MUDCIZ,2,2
14537,WICBUG,3,3
14538,JOJDUK,3,3
14539,GASROL,1,1
14540,JAWMOJ,2,2
14541,VARCIB,3,3
14542,FACJAW,3,3
14543,WAZYEE,3,3
14544,WAMVIR,1,1
14545,RETZUM,3,3
14546,BOKDOV,2,2
14547,QEZQOB,1,1
14548,QIFZAI,3,3
14549,LOPYEV,2,2
14550,QEYCOQ,1,1
14551,KIFWEB,3,3
14552,UHAJIX,3,3
14553,QOJNUY,3,3
14554,UMEWAK,2,2
14555,XIYNAU,1,1
14556,YEHGIC,3,3
14557,YIWPIH,1,1
14558,OFAXIC,3,3
14559,IPIRAB,3,3
14560,QELSOS,2,2
14561,AJIXUN,3,3
14562,JAWTAC,1,1
14563,OLEVIK,2,2
14564,TIWZOR,3,3
14565,HIMTEF,1,1
14566,XIYKIZ,3,3
14567,TIPXAR,2,2
14568,HADKIK,1,1
14569,FENNIX,1,1
14570,UKONOY,3,3
14571,IYUTII,1,1
14572,QICKUK,3,3
14573,UGIVAH,2,2
14574,ACEZAJ,3,3
14575,TUTMIF,2,2
14576,EJANOT,3,3
14577,EGITAP,2,2
14578,XOMQIA,2,2
14579,EBIRAL,2,2
14580,LEQDIX,2,2
14581,CLBUPD,3,3
14582,BAFBOD,1,1
14583,PAMZUC,1,1
14584,ZESWUR,3,3
14585,NARKOJ,2,2
14586,EFIMUE,3,3
14587,FOCRUL,3,3
14588,EMAROZ,2,2
14589,AROJUM,2,2
14590,UBOCET,3,3
14591,NUZYAI,3,3
14592,HENMOD,3,3
14593,WAYGEL,1,1
14594,RIGPUW,1,1
14595,NUGDOI,1,1
14596,GAJQAL,1,1
14597,ROKJOT,3,3
14598,YEJCEV,2,2
14599,HUXVUT,2,2
14600,JIJCOY,1,1
14601,KUVJOA,3,3
14602,WUWQOU,2,2
14603,JOFYUZ,3,3
14604,MALZAE,1,1
14605,UCIBEP,1,1
14606,JUCSEI,1,1
14607,YEYNOG,3,3
14608,TAMSIN,1,1
14609,QEFDEK,3,3
14610,CIYQOT,3,3
14611,EMOLEX,1,1
14612,CIZCOG,3,3
14613,WUTZAO,3,3
14614,FOHTUT,2,2
14615,JUVCEK,3,3
14616,SAVFIH,3,3
14617,FONRIJ,2,2
14618,TIRNER,1,1
14619,INOYEQ,3,3
14620,ALENOW,3,3
14621,ILAZIG,3,3
14622,CIMLAO,3,3
14623,HUXCOU,3,3
14624,HOPNEF,1,1
14625,ZACGOZ,3,3
14626,XOGCII,2,2
14627,LEXDIC,1,1
14628,SOCGAV,2,2
14629,CAFLAW,2,2
14630,NOKKAC,2,2
14631,KURFEK,2,2
14632,ENIGAM,1,1
14633,TURNIE,3,3
14634,UMIFUR,2,2
14635,QICYIL,1,1
14636,JOJJOJ,3,3
14637,ODIHUG,3,3
14638,GOYVUL,3,3
14639,LENQIH,3,3
14640,VESFEE,3,3
14641,NIRXUK,3,3
14642,SUBTAN,1,1
14643,ZIKBOK,2,2
14644,SEBHEM,2,2
14645,QEWVAP,2,2
14646,YUXHEG,3,3
14647,TOQBEH,3,3
14648,VIFJOL,3,3
14649,GEKZUU,3,3
14650,FAGSEN,1,1
14651,QEQREJ,3,3
14652,COQLOL,2,2
14653,QIPDEA,3,3
14654,SATGOM,3,3
14655,QOBTOS,3,3
14656,CNOFEA,1,1
14657,KAYTUC,2,2
14658,IDAREK,2,2
14659,VERBAV,3,3
14660,OYAKAB,3,3
14661,YOXHAV,1,1
14662,EREFIR,2,2
14663,WOFTOE,1,1
14664,UJIQEM,1,1
14665,YAFJUM,2,2
14666,XEVTAV,3,3
14667,KARYEJ,2,2
14668,BUZTAU,1,1
14669,YEBYIQ,3,3
14670,DIRKAS,1,1
14671,OVETAL,3,3
14672,IZINUB,3,3
14673,LIQXAL,2,2
14674,RATNEG,1,1
14675,KASTIL,1,1
14676,HINHIY,2,2
14677,MAHSUM,2,2
14678,YOVHAS,2,2
14679,PASPEE,2,2
14680,CEQYEC,3,3
14681,WURBUI,2,2
14682,BAMTIW,1,1
14683,DUGNUO,1,1
14684,OGOFOG,2,2
14685,JIMMAT,2,2
14686,KURXOL,3,3
14687,LAXPOS,3,3
14688,QAVVEO,2,2
14689,AJIHEH,3,3
14690,GOFTUQ,2,2
14691,UHECIU,3,3
14692,OHIJUK,2,2
14693,QUWTOT,3,3
14694,HEXXOX,2,2
14695,XECHUK,3,3
14696,HUQMAJ,1,1
14697,LAXGOI,2,2
14698,AXOJEC,3,3
14699,QEWFED,3,3
14700,DASPIA,1,1
14701,QIWZOO,2,2
14702,NIVXIA,1,1
14703,WIKQEP,3,3
14704,QUXPIJ,1,1
14705,DIXYAL,2,2
14706,OREYIU,3,3
14707,NAXLUT,2,2
14708,LICDUX,2,2
14709,REZCOS,1,1
14710,BAXCOS,1,1
14711,CPIFEF,2,2
14712,GEQKOC,2,2
14713,SONBAZ,3,3
14714,ROBCER,3,3
14715,QARDEU,3,3
14716,BILHEK,2,2
14717,XIWYUX,2,2
14718,PEXKIP,3,3
14719,HENJIU,3,3
14720,CEJNAJ,2,2
14721,DEPTUN,1,1
14722,KENTII,1,1
14723,VOBVIT,3,3
14724,ZIQQOF,2,2
14725,NONJEG,2,2
14726,GUPZEY,2,2
14727,DULSAE,2,2
14728,HISLIG,3,3
14729,JEXHAW,3,3
14730,AMIJOV,2,2
14731,VOHMAI,2,2
14732,COFDEJ,3,3
14733,JUGQAG,1,1
14734,ZIZGIB,3,3
14735,WAKGAS,1,1
14736,CAMTIW,3,3
14737,MASFIW,2,2
14738,KOCJOF,1,1
14739,GUGBIT,3,3
14740,IHEKOW,3,3
14741,ROZVEK,1,1
14742,YACYOQ,2,2
14743,NUHRUG,1,1
14744,LEFBOR,1,1
14745,PIVLUD,2,2
14746,ADOCAA,2,2
14747,WANZUK,1,1
14748,OXEKEK,1,1
14749,MEFWUS,1,1
14750,RONBAZ,2,2
14751,ITAYAE,1,1
14752,PEWZUO,3,3
14753,GEKFEI,2,2
14754,VINPAC,3,3
14755,IWAZUB,2,2
14756,VOLHAI,1,1
14757,NAVGEW,2,2
14758,XITYIL,3,3
14759,IBEWOE,2,2
14760,FESXUA,1,1
14761,ILUYOD,3,3
14762,WULFIT,3,3
14763,BZPENI,3,3
14764,QIGKIA,2,2
14765,SUFFAC,2,2
14766,SEWSUI,2,2
14767,PIFVAD,2,2
14768,LIGMAP,2,2
14769,WUZDIE,1,1
14770,KITRIR,3,3
14771,DOXNIP,3,3
14772,WIFQUB,1,1
14773,PICNEU,1,1
14774,MAFFAB,2,2
14775,HEHGIN,3,3
14776,YUWNUA,3,3
14777,HEYLAC,1,1
14778,CAHREI,3,3
14779,QEFZAG,1,1
14780,YAFSUX,1,1
14781,BUWSUI,3,3
14782,ZEXMIB,1,1
14783,LUDQOS,3,3
14784,BAPLUA,3,3
14785,ZOLGUE,3,3
14786,FADSUY,1,1
14787,TASREM,1,1
14788,BUWDUS,3,3
14789,RIZVAY,2,2
14790,LACWAR,1,1
14791,FESVUY,1,1
14792,NAPMAU,1,1
14793,NIFWIK,1,1
14794,VIVPUP,1,1
14795,ECIPOW,2,2
14796,TANJUO,2,2
14797,LUHWOB,3,3
14798,IKUKOR,1,1
14799,LEGFEJ,3,3
14800,BIMYUR,2,2
14801,UVOLOJ,1,1
14802,MUVCUC,1,1
14803,ZISPEW,2,2
14804,QIQPIR,3,3
14805,ZUJTUT,2,2
14806,DEFCAU,2,2
14807,BEXPAY,3,3
14808,ASOZEN,3,3
14809,HICQUJ,1,1
14810,TEGNUO,1,1
14811,FELVOH,2,2
14812,YADPIF,3,3
14813,DESSAW,2,2
14814,DOYQUE,1,1
14815,CAPNOZ,3,3
14816,XAQRUC,1,1
14817,WUQLIE,3,3
14818,VUFJOX,2,2
14819,XARWUJ,1,1
14820,AXUGAB,3,3
14821,JETYOW,3,3
14822,WISJEQ,3,3
14823,VEYSOH,3,3
14824,ZOLLET,3,3
14825,UFUQUK,2,2
14826,LOCVOR,3,3
14827,ETUNEP,1,1
14828,GESVUY,2,2
14829,CAGVAH,2,2
14830,MUGTOZ,2,2
14831,PEKSUT,3,3
14832,WITCOR,3,3
14833,SERLUA,1,1
14834,TEWSEV,3,3
14835,QAVSUF,1,1
14836,UKUCIP,1,1
14837,KOGHET,3,3
14838,MUVQID,2,2
14839,SOTQOK,2,2
14840,SOWCOX,1,1
14841,PIQPIR,3,3
14842,DOKSII,2,2
14843,VOGLUA,3,3
14844,RULJEP,1,1
14845,EJEKAH,2,2
14846,VAMQUZ,1,1
14847,DOPZEO,3,3
14848,BIPFAI,3,3
14849,EDAZUI,1,1
14850,LINZOZ,2,2
14851,NEFBIJ,3,3
14852,SESZOJ,1,1
14853,YECSOR,1,1
14854,GAFYAR,1,1
14855,HOXDAA,3,3
14856,QOYZIP,3,3
14857,XULRAY,3,3
14858,FEZVUB,1,1
14859,BASLIU,1,1
14860,ICOKUI,3,3
14861,NIVVIY,2,2
14862,BIFDAX,2,2
14863,GUTXOK,2,2
14864,QAGMEU,1,1
14865,FIVWIU,1,1
14866,KOCFUE,1,1
14867,MIKRAC,1,1
14868,OWOFUD,3,3
14869,FUGRAC,1,1
14870,IKUBEX,2,2
14871,CAZRAA,1,1
14872,MOTWOI,3,3
14873,HUBWEJ,1,1
14874,QOCNOL,3,3
14875,RASGAX,1,1
14876,KULGIH,3,3
14877,SOSHAK,3,3
14878,LIWKIO,2,2
14879,ETAZAA,2,2
14880,BUGYEJ,1,1
14881,ZUTNAF,3,3
14882,JIQTEL,1,1
14883,PACXAV,3,3
14884,XANGUS,1,1
14885,UWOYOW,2,2
14886,KOBWIH,1,1
14887,NARKAV,2,2
14888,BIRGES,1,1
14889,MEXJIL,2,2
14890,WURLUQ,1,1
14891,OSOPIX,2,2
14892,LENZUZ,2,2
14893,XUHWAY,2,2
14894,MEMZIN,2,2
14895,VULXOP,2,2
14896,FELQIY,3,3
14897,IFAFEA,3,3
14898,NIYPUK,1,1
14899,XAJGIY,3,3
14900,ITELIE,3,3
14901,PETFUS,1,1
14902,QAJTUR,2,2
14903,QETTIT,2,2
14904,IDUVIM,3,3
14905,BUQBIZ,3,3
14906,VURGEW,3,3
14907,HAMBON,2,2
14908,HOBPEU,2,2
14909,ZAQYOI,2,2
14910,HAKHEG,3,3
14911,PAXQOX,3,3
14912,CAMSAM,3,3
14913,IWOXAW,1,1
14914,UCUKEK,2,2
14915,HEZPOT,3,3
14916,JIQZIW,1,1
14917,TARHIF,3,3
14918,GIQPOM,1,1
14919,SUHDUV,3,3
14920,YIDVIQ,1,1
14921,DURROY,3,3
14922,TEWZOK,3,3
14923,ZUGTIE,2,2
14924,KAVYUC,3,3
14925,NIHNEX,3,3
14926,BAWGEN,1,1
14927,IZUKAQ,2,2
14928,TEGYUB,3,3
14929,ETOSIQ,2,2
14930,NINCIW,2,2
14931,ZIRCAI,3,3
14932,LUXCUF,1,1
14933,JEXHOK,3,3
14934,EZONUE,3,3
14935,LEPYOV,3,3
14936,JAWMUS,2,2
14937,LIJVEG,3,3
14938,RAJVEE,3,3
14939,JEMVAZ,2,2
14940,TAKNOI,1,1
14941,SOJNEL,3,3
14942,KASSAA,2,2
14943,MUNDIJ,1,1
14944,ACOFAZ,2,2
14945,JIRVAK,3,3
14946,WAVSIZ,1,1
14947,SIWSAU,2,2
14948,ZELLUZ,3,3
14949,IBUZUC,3,3
14950,NEVDOI,2,2
14951,BOFCOO,3,3
14952,HAHQUE,3,3
14953,TETXID,1,1
14954,WIRPIZ,2,2
14955,LUQQIZ,3,3
14956,ZERFEK,2,2
14957,AGOBAA,3,3
14958,BAJMIK,3,3
14959,JEYRAH,2,2
14960,AXACAG,1,1
14961,BOSQUV,2,2
14962,VEBZAF,2,2
14963,CEPDAE,3,3
14964,NORHUZ,3,3
14965,RAMFAO,3,3
14966,TUSCIW,1,1
14967,ROJRUG,2,2
14968,XOKREV,3,3
14969,NAVNAA,3,3
14970,DUXWOK,2,2
14971,ERACEF,3,3
14972,JIPGAR,3,3
14973,CERYUT,2,2
14974,RECBAF,2,2
14975,DIZJUR,1,1
14976,KOVVUP,1,1
14977,OCIVAY,2,2
14978,BUKCUG,2,2
14979,HOBNOE,2,2
14980,PEWFIG,1,1
14981,CATBEG,3,3
14982,JITKIG,2,2
14983,DAFPAC,2,2
14984,BOJGUE,3,3
14985,KEMHIU,1,1
14986,BOSFUL,2,2
14987,DEGWAR,1,1
14988,NEQZEP,3,3
14989,PIYZAA,2,2
14990,ROKDOL,3,3
14991,NATDUJ,1,1
14992,DIFHIL,3,3
14993,LEXSEM,1,1
14994,VALGOF,2,2
14995,SITZUT,3,3
14996,ALOGUF,3,3
14997,NEPPOP,3,3
14998,PARSIL,3,3
14999,GUPSAO,1,1
15000,LASHIX,2,2
15001,YUYNUD,1,1
15002,GEVKAV,1,1
15003,DURPUB,2,2
15004,EPUMAE,2,2
15005,SIKZOE,2,2
15006,ZIDFEA,2,2
15007,VADDOW,3,3
15008,KISYUI,2,2
15009,BERBAF,1,1
15010,VABYED,3,3
15011,BIHCED,2,2
15012,HOFKOE,3,3
15013,TAYKUC,2,2
15014,XUCXIC,1,1
15015,TAZYUP,3,3
15016,LAXGAU,3,3
15017,NOZKUK,2,2
15018,BUJRIJ,2,2
15019,GOGBAF,2,2
15020,AYOHIG,2,2
15021,QIZDUZ,1,1
15022,MIJVEG,2,2
15023,ZODFIH,1,1
15024,HOQXUI,2,2
15025,TUXBIY,2,2
15026,MIBNUK,1,1
15027,TALKUM,2,2
15028,SUFCUR,2,2
15029,QORLIS,3,3
15030,CAWKUI,1,1
15031,ZERHOW,2,2
15032,MORZEA,2,2
15033,AROTUY,2,2
15034,FEDPUC,3,3
15035,KALXON,2,2
15036,EDOXIG,2,2
15037,HEGZEA,3,3
15038,OTUQAX,3,3
15039,XOSYIO,2,2
15040,DEKVAU,1,1
15041,KAKVAT,3,3
15042,HEHRUH,3,3
15043,UROHIV,1,1
15044,YOZNIN,1,1
15045,PARJAU,3,3
15046,IHUDIZ,2,2
15047,EYEQII,2,2
15048,JODCOV,2,2
15049,EJUJEB,1,1
15050,MIKLOK,3,3
15051,SAKLOI,1,1
15052,YUKYUY,1,1
15053,ZOQQOL,2,2
15054,NUZYIR,2,2
15055,DUJPIJ,1,1
15056,YIYLEX,2,2
15057,KEFWAT,2,2
15058,RAMVAC,1,1
15059,BABWAC,2,2
15060,GIRLEB,2,2
15061,LAYSEJ,1,1
15062,MEXDAX,3,3
15063,QIYMET,3,3
15064,VIQLAJ,2,2
15065,BAWKUI,2,2
15066,HAGBUQ,1,1
15067,MIKNUP,2,2
15068,XOLKOY,2,2
15069,HEDXAQ,3,3
15070,NAWSOT,2,2
15071,BIHTAQ,3,3
15072,EREHOZ,3,3
15073,HEDVOB,2,2
15074,MAHFEH,2,2
15075,AWUSIX,1,1
15076,TIWJUG,1,1
15077,NEXVUL,1,1
15078,YOPBAI,2,2
15079,YILRIV,3,3
15080,JAHMIR,3,3
15081,AKONIY,3,3
15082,RAZYOK,1,1
15083,HIRHEX,2,2
15084,BISHUI,1,1
15085,WILFOP,2,2
15086,CAFKOJ,2,2
15087,QUGRAL,3,3
15088,PBIUCU,3,3
15089,NEKWIJ,3,3
15090,WACDIN,3,3
15091,ROGGUP,3,3
15092,CIZHUR,3,3
15093,OHALAK,3,3
15094,MATFAR,3,3
15095,FAYGUK,3,3
15096,UZELOB,3,3
15097,NEXJEG,3,3
15098,TAVMOV,2,2
15099,MIVJUY,3,3
15100,YATXEY,3,3
15101,EWUZUU,1,1
15102,MAFXOJ,1,1
15103,XOYKIG,1,1
15104,QISHEF,1,1
15105,BOVGUP,3,3
15106,GARDIN,3,3
15107,IKULOS,1,1
15108,PUDLUW,3,3
15109,NINCOG,1,1
15110,JUSLEO,3,3
15111,XANLAZ,3,3
15112,XAKZES,1,1
15113,ILEXEE,2,2
15114,FEMLES,1,1
15115,YOJXIF,1,1
15116,REYFEI,2,2
15117,NAWTIR,2,2
15118,NIDXEE,2,2
15119,MIBBAC,3,3
15120,WAVDOP,3,3
15121,JIPPEG,2,2
15122,PEBTUN,3,3
15123,VEVPIW,3,3
15124,REXKIO,3,3
15125,DOLZEM,1,1
15126,BAYWEG,2,2
15127,WUJRAV,3,3
15128,MUXDUG,2,2
15129,YATVIB,2,2
15130,ICOGEN,2,2
15131,WECGOD,3,3
15132,SOYZEL,3,3
15133,QOKMIM,2,2
15134,ZETBEI,3,3
15135,BESJUE,1,1
15136,NUFPEJ,3,3
15137,ARAXAT,3,3
15138,NOZLUJ,3,3
15139,DATPAS,2,2
15140,OFATAU,1,1
15141,KOWWIF,1,1
15142,CEJNIQ,3,3
15143,AXAZII,1,1
15144,HECTUG,3,3
15145,WIDGUM,2,2
15146,XAXBUT,1,1
15147,OZIGIP,1,1
15148,XAVNAN,1,1
15149,LODQOM,1,1
15150,TAXZOI,2,2
15151,QEHSOP,1,1
15152,TUQGUH,2,2
15153,NAZFID,2,2
15154,BUTJAD,2,2
15155,VEKFUN,3,3
15156,YAKFUO,3,3
15157,JUDMEC,3,3
15158,NATHEZ,1,1
15159,MOXVON,1,1
15160,FEKDUV,3,3
15161,XIRMAN,2,2
15162,YECDIX,1,1
15163,OLUKEL,1,1
15164,TAMJOK,1,1
15165,FEXRIJ,2,2
15166,IFIRAR,3,3
15167,OLOXEV,1,1
15168,UDACEL,1,1
15169,CAHRAF,3,3
15170,DULVUC,3,3
15171,TAPWAK,3,3
15172,PIHVIM,1,1
15173,WAVMEM,3,3
15174,LAHZUT,1,1
15175,MOBBIR,3,3
15176,TAGZUX,2,2
15177,ZUJHAP,3,3
15178,EJISOF,1,1
15179,LODVIK,2,2
15180,MANNUM,2,2
15181,FIKSOL,1,1
15182,FIFCUV,2,2
15183,LAVPEE,3,3
15184,ZEQJIO,3,3
15185,NEMDOB,1,1
15186,GIBDOM,2,2
15187,ZOQFOA,3,3
15188,XIZWOV,3,3
15189,CEPCAD,3,3
15190,PAHWOK,2,2
15191,HEVXEN,2,2
15192,ZEPPES,3,3
15193,EFAPUW,3,3
15194,GUTQAN,2,2
15195,GAPROF,3,3
15196,DUFVIL,1,1
15197,FORNUW,3,3
15198,BITZIP,2,2
15199,LIHWEE,2,2
15200,LOQQIS,2,2
15201,WUPHIY,3,3
15202,WIBQOO,3,3
15203,ULUVED,2,2
15204,ORUVOO,2,2
15205,PAZNEJ,2,2
15206,FUPTAN,2,2
15207,QARTIM,2,2
15208,YICFIC,3,3
15209,MOZWIK,1,1
15210,DNMENC,2,2
15211,ENUYET,2,2
15212,NERVIT,1,1
15213,NALVUR,1,1
15214,WAYWIC,3,3
15215,IXEPEI,3,3
15216,DEFJOP,3,3
15217,HOVMOV,3,3
15218,KUDMEC,2,2
15219,IQEDAM,1,1
15220,VIHVUF,3,3
15221,GEKDUV,2,2
15222,AVIQOM,2,2
15223,FEHSIX,2,2
15224,TOQKEQ,3,3
15225,XUCMUE,3,3
15226,WOSJIX,3,3
15227,NIFNAR,2,2
15228,QARCIW,3,3
15229,QOYDEP,2,2
15230,TEFQAA,1,1
15231,SINLOT,3,3
15232,POHVAK,2,2
15233,ASEVIF,2,2
15234,SADFEL,3,3
15235,KUJSOA,1,1
15236,SIGNUT,3,3
15237,DUSTUI,3,3
15238,PIJNAA,3,3
15239,MOQQIS,1,1
15240,RIVYOM,2,2
15241,QAYRIU,3,3
15242,NIJVIL,3,3
15243,ROCBUG,1,1
15244,YUGMIX,3,3
15245,TIHDAR,3,3
15246,GUTVEW,1,1
15247,XOGMOV,3,3
15248,MAHZUT,3,3
15249,APUFAT,3,3
15250,JEBLIL,3,3
15251,BAQSAO,3,3
15252,DIBDEA,2,2
15253,LIMFEU,2,2
15254,BOJRIC,3,3
15255,DOPTOS,3,3
15256,VIJBIB,3,3
15257,MODVIK,3,3
15258,CUMBIX,3,3
15259,LECVUO,1,1
15260,IMAVAT,3,3
15261,IQIRIK,3,3
15262,GIQNON,1,1
15263,XUDTUN,3,3
15264,BITQUU,1,1
15265,IHIZIL,1,1
15266,QORLEP,3,3
15267,TITJEP,1,1
15268,RIPJEF,3,3
15269,NIMFAR,3,3
15270,KIMCIW,1,1
15271,HABQAF,3,3
15272,SOPHUD,1,1
15273,QISQES,1,1
15274,POBMEB,3,3
15275,NENQEC,2,2
15276,CEHQIP,3,3
15277,LIGDOU,2,2
15278,IHIMIV,2,2
15279,NARNUP,2,2
15280,JAKVOH,3,3
15281,XAQGEF,1,1
15282,TEKJEA,3,3
15283,EZABIS,2,2
15284,TERKEH,1,1
15285,WEMPAG,3,3
15286,PUFQOZ,1,1
15287,KAYSUB,3,3
15288,DETCOY,1,1
15289,NITPBZ,3,3
15290,OTIXAT,1,1
15291,DENPOC,1,1
15292,GIQWAG,3,3
15293,JIXVUH,2,2
15294,SOFJUU,3,3
15295,POQWOI,3,3
15296,PITHIL,2,2
15297,QOBSOR,3,3
15298,IMOMUT,1,1
15299,ICEGUU,2,2
15300,ZALTOY,3,3
15301,TOVNUQ,1,1
15302,LIVFOM,3,3
15303,YOXFIB,3,3
15304,ZIGTOA,2,2
15305,NIEPZF,2,2
15306,ABOTNI,3,3
15307,DABLEY,2,2
15308,BENBOO,3,3
15309,VOHDOL,1,1
15310,QIKZOZ,1,1
15311,UVUFIB,2,2
15312,VUSSOT,3,3
15313,XONVUT,1,1
15314,PAGMNU,1,1
15315,HOQDIA,1,1
15316,GUVNAO,2,2
15317,KIKNEX,3,3
15318,TUZMOS,3,3
15319,RIYDIQ,1,1
15320,YIXVEG,1,1
15321,IYAGOF,3,3
15322,YEBWAE,2,2
15323,JAFZEY,3,3
15324,ITOYEX,3,3
15325,VISDAF,1,1
15326,RULZIH,2,2
15327,OBELAL,2,2
15328,KUTKOC,1,1
15329,HOZROE,2,2
15330,YUKBOW,2,2
15331,BABNAV,3,3
15332,YANBAU,1,1
15333,LOVVAW,1,1
15334,CIZDOF,2,2
15335,QIYTEA,3,3
15336,CERPUM,3,3
15337,YAMPAF,3,3
15338,KUKNIO,2,2
15339,FIDGAE,1,1
15340,FULCIZ,3,3
15341,KAXLEC,2,2
15342,LUCMUU,1,1
15343,IJAZEY,2,2
15344,GIXNOU,1,1
15345,YUCHEL,2,2
15346,MEQZEO,1,1
15347,SAQFOF,2,2
15348,EFORAU,1,1
15349,ROQGAF,1,1
15350,KIVTOA,2,2
15351,DAJQOX,3,3
15352,HESNOL,2,2
15353,XAKSAE,2,2
15354,HELREV,2,2
15355,JANGOX,2,2
15356,DALLEK,3,3
15357,XURDIX,3,3
15358,PULCOR,1,1
15359,ZOMFEP,1,1
15360,DEGPOX,3,3
15361,QAMHOC,3,3
15362,VUGNAO,3,3
15363,NAVPAB,2,2
15364,QANTAC,1,1
15365,RUSFAM,3,3
15366,KUPGEI,3,3
15367,QUZTUB,3,3
15368,JISBIW,2,2
15369,MEXCIB,2,2
15370,DOLZIN,2,2
15371,LUQJUD,3,3
15372,GEXNUU,3,3
15373,WARQEO,2,2
15374,YORTIJ,1,1
15375,BIBHAV,3,3
15376,IGUGIA,1,1
15377,TISTOI,1,1
15378,AWAGAJ,1,1
15379,EWOROA,1,1
15380,KAFZEY,3,3
15381,BOTXUF,3,3
15382,HUJVUD,3,3
15383,VOLCUW,1,1
15384,SIBMEW,3,3
15385,BIPFIR,1,1
15386,TUJLOA,3,3
15387,NAQGAQ,3,3
15388,SOMPEQ,3,3
15389,UHEJEX,2,2
15390,CAJDIE,1,1
15391,OYABOG,3,3
15392,WAXHUA,3,3
15393,CAMCOJ,2,2
15394,RUVYOY,3,3
15395,LIHGOZ,2,2
15396,COBQEQ,3,3
15397,OSELOO,2,2
15398,KECFOO,3,3
15399,IFAXEU,3,3
15400,ENATAP,1,1
15401,XIBKIF,3,3
15402,TEWSOE,3,3
15403,XANLOQ,3,3
15404,VAJTAB,3,3
15405,AFANEC,3,3
15406,CUHXUZ,3,3
15407,PARCET,3,3
15408,BODRER,1,1
15409,ZONJOD,3,3
15410,FUPSIT,2,2
15411,MGSACO,2,2
15412,WIGNOP,3,3
15413,LENFOB,3,3
15414,IHEKIP,3,3
15415,XIGHUQ,3,3
15416,FUYVUR,2,2
15417,MEPRUC,2,2
15418,SUYSEK,3,3
15419,ECEFAV,2,2
15420,QICNOF,1,1
15421,RUQNOJ,1,1
15422,KEGCOO,3,3
15423,DISHEV,3,3
15424,QOXPIC,2,2
15425,TARQOT,1,1
15426,SOLCAX,3,3
15427,GIVNOP,1,1
15428,FIPTAZ,3,3
15429,YIQQAR,3,3
15430,YEYKUJ,1,1
15431,BEXWOS,1,1
15432,ZECFUL,3,3
15433,FEHJIM,3,3
15434,OBOYEJ,2,2
15435,HOVMAJ,1,1
15436,ALIZUQ,3,3
15437,IYICIF,1,1
15438,NUXQII,2,2
15439,EDODUX,2,2
15440,XAPMOQ,2,2
15441,BIJGUX,1,1
15442,SESFUR,1,1
15443,OLUBAZ,2,2
15444,AYAQOG,1,1
15445,HALVEZ,1,1
15446,ACATUT,3,3
15447,BAMVUK,1,1
15448,UKEBAN,3,3
15449,WAHKOH,3,3
15450,DILTOL,1,1
15451,HIBNOX,2,2
15452,DADFOG,3,3
15453,ALUXIO,2,2
15454,VOKVOH,3,3
15455,MAMPOJ,1,1
15456,LIYGUY,3,3
15457,PEDYUU,3,3
15458,CALGIF,2,2
15459,FAVQAY,1,1
15460,YATFAB,2,2
15461,GEHCAX,2,2
15462,KIGFIR,2,2
15463,NAKJIS,2,2
15464,MEBWOI,3,3
15465,PUHVIY,3,3
15466,UTECAZ,2,2
15467,MATSUX,2,2
15468,UZOGOH,3,3
15469,YOWKEA,3,3
15470,IGUNAC,1,1
15471,ECOCAD,2,2
15472,JIQVUD,1,1
15473,TUBVAN,1,1
15474,AXUBUS,3,3
15475,ETUGEI,1,1
15476,FUPVUI,1,1
15477,ECOZOM,3,3
15478,NEMSAD,1,1
15479,HIJSEY,3,3
15480,XIGMIL,3,3
15481,APIXAB,1,1
15482,EWALET,2,2
15483,QAWLOT,1,1
15484,KEQCUE,2,2
15485,BUXKIO,1,1
15486,POJPOT,1,1
15487,BICPUY,2,2
15488,ODUHUR,2,2
15489,BEHVOA,1,1
15490,GICWEX,2,2
15491,XIDXOY,1,1
15492,AVIVEH,2,2
15493,XEDDER,3,3
15494,QORBIK,1,1
15495,WOKVOH,2,2
15496,JAJBOO,3,3
15497,UTAFAZ,1,1
15498,BAMSIV,1,1
15499,RAYLEJ,3,3
15500,IPIGIA,1,1
15501,NUMSUL,3,3
15502,BEDPOP,2,2
15503,HUGQOS,1,1
15504,CERLEQ,1,1
15505,LULREQ,3,3
15506,BOCBAX,3,3
15507,HOJDOZ,2,2
15508,HEGCEC,3,3
15509,GAVJUK,2,2
15510,GOFSUP,1,1
15511,BIYTUY,2,2
15512,VELCEY,1,1
15513,PUDNAG,1,1
15514,FOBZAX,3,3
15515,VEYTUP,3,3
15516,CECBES,3,3
15517,YAZFUB,2,2
15518,JOQQOV,1,1
15519,SIVLOB,2,2
15520,DOPHEV,2,2
15521,ACAZOU,3,3
15522,LUMZAX,1,1
15523,OPIYIW,2,2
15524,NOWNIY,2,2
15525,BODNAK,1,1
15526,WEHMAZ,2,2
15527,IXOKUE,1,1
15528,BICWER,3,3
15529,NATVUD,1,1
15530,CAGDAQ,3,3
15531,RUBVIW,1,1
15532,YOZLIL,1,1
15533,HEKBUY,1,1
15534,KUQQIX,1,1
15535,MUKWOH,1,1
15536,ATOZIU,2,2
15537,SELTEI,2,2
15538,EMUTEN,1,1
15539,WOTZUC,3,3
15540,PUMYUT,2,2
15541,HOGDEQ,1,1
15542,QUMKIS,3,3
15543,MISYUK,3,3
15544,SASYUI,2,2
15545,MIGFAK,3,3
15546,WOCWAP,3,3
15547,TIZFEO,3,3
15548,WAJFIW,3,3
15549,DEQNIX,3,3
15550,ZESKUD,1,1
15551,DEBXUD,3,3
15552,GUSSAR,1,1
15553,XEBLAR,1,1
15554,DIZDEW,1,1
15555,YAFCOZ,3,3
15556,BUTQOX,3,3
15557,CEWVAB,2,2
15558,VITSUP,2,2
15559,FORPEI,3,3
15560,CEHSEQ,3,3
15561,COJWOP,2,2
15562,ASIKET,2,2
15563,FIVLAY,1,1
15564,MUCCOC,2,2
15565,SULVIE,3,3
15566,NAGPOD,2,2
15567,ZAVBED,2,2
15568,FANXEY,3,3
15569,SIRPAK,3,3
15570,OJEJUI,3,3
15571,HIXXER,3,3
15572,MASSAC,2,2
15573,WIPVUP,3,3
15574,IWUYAC,1,1
15575,RAHKOB,2,2
15576,KUNDIH,3,3
15577,GOSMOS,3,3
15578,NEJDUE,3,3
15579,HATQOI,2,2
15580,FUNNOR,1,1
15581,CABLOH,2,2
15582,EPOWUC,3,3
15583,WACXAC,1,1
15584,ZORHEW,2,2
15585,NIMSOV,1,1
15586,OVUYEK,3,3
15587,LUQSOH,3,3
15588,VEXKEQ,1,1
15589,KAGBED,1,1
15590,OVOJEQ,2,2
15591,XIYNEZ,3,3
15592,HUQJUY,3,3
15593,QEMPII,3,3
15594,VASYAQ,3,3
15595,NAFJAG,2,2
15596,ICOKIW,2,2
15597,PAVVUE,1,1
15598,NOGXIQ,2,2
15599,WOYCES,2,2
15600,ZAHSAG,1,1
15601,WALLAA,1,1
15602,GACMAA,2,2
15603,NOZLOD,2,2
15604,CUGWUX,3,3
15605,IMOVUC,2,2
15606,RUPHEP,1,1
15607,BOJYAC,2,2
15608,SOSJEQ,3,3
15609,ZUMZEO,1,1
15610,QIDBOU,3,3
15611,UKEYAN,1,1
15612,SAQHUP,3,3
15613,OXEKUA,1,1
15614,CAWLIV,3,3
15615,NOGQAD,2,2
15616,EWANIB,3,3
15617,SIZHUH,3,3
15618,ECECIY,2,2
15619,LULNAH,2,2
15620,UZIXIM,3,3
15621,WAGSOP,1,1
15622,NIJJAV,1,1
15623,DICLOT,1,1
15624,DERYUV,2,2
15625,UXEDIN,1,1
15626,XIXDOZ,1,1
15627,OKURAN,2,2
15628,TEGKUL,1,1
15629,NURJUF,3,3
15630,CUBDOS,2,2
15631,GODREX,3,3
15632,MUFKAZ,2,2
15633,FISJAS,3,3
15634,VOBDEY,2,2
15635,AHIGOQ,1,1
15636,TIVGAG,2,2
15637,HERVOQ,3,3
15638,LECFEI,1,1
15639,FUQNUC,2,2
15640,HUBBAJ,3,3
15641,UGOGON,3,3
15642,OTUHUH,3,3
15643,VELHAZ,1,1
15644,ABAVAA,3,3
15645,YAJLEA,2,2
15646,JAXPAZ,2,2
15647,EHIKOV,1,1
15648,ZIHNUB,3,3
15649,PAZBID,2,2
15650,BAXQAV,2,2
15651,OHABUV,3,3
15652,ONIMII,3,3
15653,RALLUN,3,3
15654,FAYGOE,3,3
15655,FOPQAD,1,1
15656,OLADOV,3,3
15657,MOMTIR,3,3
15658,CIVYOW,2,2
15659,ANIYOO,1,1
15660,ZEQHIM,2,2
15661,JIQZUI,1,1
15662,KOJQIM,2,2
15663,SAENNJ,3,3
15664,XUJDEM,2,2
15665,ZIDHUS,3,3
15666,GAJZAW,1,1
15667,FIHMAN,1,1
15668,BEAMNI,3,3
15669,BALYUL,1,1
15670,NIJQUS,3,3
15671,MIXTEU,2,2
15672,KEKKUH,1,1
15673,LIQCET,3,3
15674,MOFRIJ,3,3
15675,NEQTUB,3,3
15676,VOWDAO,2,2
15677,YEXXEF,3,3
15678,DOQBOA,1,1
15679,PEMYAK,2,2
15680,VEKDUL,3,3
15681,BAGHUN,2,2
15682,VUKZIK,3,3
15683,NEGVUS,1,1
15684,GEMRUM,3,3
15685,YOVMOL,3,3
15686,TURWUY,3,3
15687,NAYVIU,2,2
15688,BUWTOF,1,1
15689,ILOCUI,3,3
15690,MOCFUG,2,2
15691,WESZED,1,1
15692,XOZBEW,1,1
15693,LEZYOG,3,3
15694,GAWPOM,2,2
15695,PURYOR,3,3
15696,KOVXEB,1,1
15697,HUDVAD,1,1
15698,ZOLWOP,3,3
15699,MAHZOM,3,3
15700,XUDZOO,1,1
15701,WIYJEW,3,3
15702,TAPKIF,3,3
15703,RIFJIA,2,2
15704,ADETOV,3,3
15705,QUTMOK,1,1
15706,TIXYIM,1,1
15707,UROMOE,2,2
15708,JEVSEJ,3,3
15709,NESRUA,3,3
15710,TIZHIT,3,3
15711,DANMUC,2,2
15712,XOFNUE,3,3
15713,MASDAN,3,3
15714,LOCMEV,1,1
15715,AQENIV,2,2
15716,LUHROV,3,3
15717,TITFEJ,3,3
15718,XOXDET,2,2
15719,SIZCEN,1,1
15720,UPIDIH,3,3
15721,YEJXAN,3,3
15722,PECWOJ,3,3
15723,ROHZEV,2,2
15724,LIBPEU,3,3
15725,RUCKAE,1,1
15726,KIPBAQ,1,1
15727,POGYOB,3,3
15728,HEQCIS,3,3
15729,YIRQIC,2,2
15730,NEKKAP,1,1
15731,DUCRID,3,3
15732,UJARUV,1,1
15733,DEWSAC,3,3
15734,GIHSIA,3,3
15735,XOVTAE,2,2
15736,RIXREW,1,1
15737,FANQOD,3,3
15738,YIQDOV,1,1
15739,COBVUM,3,3
15740,TOTQOI,1,1
15741,OCIHUH,1,1
15742,IDIZEA,1,1
15743,RENLOM,3,3
15744,CETTEE,1,1
15745,JEGQER,3,3
15746,IQEFAO,1,1
15747,NESYEP,2,2
15748,KUXVOR,1,1
15749,DUPXES,3,3
15750,DARQAR,2,2
15751,KEHLOZ,2,2
15752,BAFWEO,1,1
15753,LONXAN,3,3
15754,YAVLAL,3,3
15755,KUMHAC,2,2
15756,XEFRUW,2,2
15757,WUXLUW,1,1
15758,WIZQON,2,2
15759,VERWIB,3,3
15760,RUHCON,2,2
15761,MEGZIH,3,3
15762,XUBYOL,1,1
15763,KIXXOI,1,1
15764,ACUPOH,1,1
15765,LUTNUL,3,3
15766,SIPQIR,3,3
15767,KAWCIU,2,2
15768,OVEXIZ,1,1
15769,NUPWOK,3,3
15770,DAJQUA,2,2
15771,PORWID,1,1
15772,TEQGUR,2,2
15773,OWETEQ,1,1
15774,NIJJOJ,1,1
15775,DEFHAY,2,2
15776,BOFFAG,3,3
15777,DIZMAA,2,2
15778,SOGYIZ,2,2
15779,ADAJUO,1,1
15780,HABMIK,1,1
15781,UCUKUA,2,2
15782,CUXWAU,3,3
15783,PEBDEH,3,3
15784,PUSSIF,1,1
15785,ZIQZAA,3,3
15786,ETUKIP,3,3
15787,JOXXID,2,2
15788,ZAMWUJ,1,1
15789,ZOSBAK,3,3
15790,EYESEH,3,3
15791,DITVUA,3,3
15792,GONPOO,3,3
15793,OHAYOO,1,1
15794,DAGVOA,1,1
15795,QUVBIV,1,1
15796,KIHBUB,3,3
15797,ERECIQ,1,1
15798,BUYZOL,3,3
15799,RADTOF,3,3
15800,MELRIH,3,3
15801,ZOPYIM,2,2
15802,XOBNEL,1,1
15803,FEFZUM,2,2
15804,LIGFOW,3,3
15805,IPIKEX,2,2
15806,RIJLED,2,2
15807,ZETWIE,3,3
15808,ZAJWUC,2,2
15809,KUFNOP,3,3
15810,WILZIA,3,3
15811,KAGLEK,3,3
15812,PUVLEZ,3,3
15813,WUGLAM,3,3
15814,ULUQUO,2,2
15815,JUXMUK,1,1
15816,TIRLAH,3,3
15817,UVUZAO,3,3
15818,YAZZIJ,2,2
15819,ODAYUO,3,3
15820,KIJFOZ,2,2
15821,LOPYOE,3,3
15822,GETFAN,3,3
15823,ECEJOP,1,1
15824,AHASAF,3,3
15825,CATWOL,3,3
15826,LUZKIC,1,1
15827,MUZYUD,2,2
15828,KEXMAC,3,3
15829,QAVDEA,1,1
15830,UGAYIO,1,1
15831,XOLYED,1,1
15832,CUQWAN,3,3
15833,CUHXOT,3,3
15834,PIKXOX,3,3
15835,XODQUD,2,2
15836,XUCSIX,1,1
15837,ZONJUJ,2,2
15838,TULDEJ,3,3
15839,LIHPUN,3,3
15840,XORSUU,2,2
15841,GOPDUN,3,3
15842,OKOHEB,3,3
15843,BIDYET,2,2
15844,CAWGUD,3,3
15845,YEQHOU,2,2
15846,ZOSREH,3,3
15847,FONPOO,1,1
15848,PUMKEP,1,1
15849,BCOCFE,2,2
15850,XIXTEE,3,3
15851,PUFQUC,3,3
15852,VEKJUT,2,2
15853,LAJBIJ,3,3
15854,NADLOX,1,1
15855,BIBDOG,3,3
15856,IXEBOC,1,1
15857,ADOVEV,1,1
15858,PIJNUS,2,2
15859,ZOCCAY,1,1
15860,WOJBUV,2,2
15861,AQOBOZ,2,2
15862,MPSOPD,3,3
15863,JAKVUQ,1,1
15864,ICIXAT,2,2
15865,RAJZAG,2,2
15866,SADMAO,1,1
15867,NUVDIT,2,2
15868,XELREL,2,2
15869,YUYNEN,1,1
15870,HAGBAT,3,3
15871,TEWXEZ,2,2
15872,SEHTUW,2,2
15873,VALBAN,3,3
15874,KIVXAP,3,3
15875,FOGRUO,2,2
15876,URAJEE,2,2
15877,SAWNEM,2,2
15878,TARQUZ,1,1
15879,MECCUW,1,1
15880,DIWQOS,3,3
15881,LOPPEO,2,2
15882,DIYSUZ,1,1
15883,GEKDAD,2,2
15884,NOXMEU,3,3
15885,AFOROC,2,2
15886,YEBBAJ,3,3
15887,ZEDXEL,1,1
15888,ZURHOM,1,1
15889,IGOSUS,3,3
15890,LOMSAH,3,3
15891,WOXPOQ,2,2
15892,YUWNEK,3,3
15893,DOXLOU,1,1
15894,CAHRUC,1,1
15895,HOKBIT,3,3
15896,XEJZUI,2,2
15897,BAPLEK,3,3
15898,GEFVAR,3,3
15899,NUXSIK,2,2
15900,CETZEJ,2,2
15901,LAHMAK,1,1
15902,CEQBOP,1,1
15903,CITHAR,1,1
15904,TIKDIC,2,2
15905,QETVAM,3,3
15906,WAJMUR,3,3
15907,RANSUX,2,2
15908,MONFEB,2,2
15909,TISHEL,1,1
15910,XIHBEZ,1,1
15911,AYAJAL,2,2
15912,FODBOP,2,2
15913,HUNJAC,2,2
15914,YELYUJ,1,1
15915,KIXXAU,1,1
15916,VOQPOJ,2,2
15917,EKIDAE,2,2
15918,SIWXAY,3,3
15919,SONWEZ,1,1
15920,XESGEK,2,2
15921,KEFKEM,2,2
15922,EYOXIA,3,3
15923,XIQHUB,2,2
15924,KALVUO,2,2
15925,MEQQOP,3,3
15926,DOYQEO,1,1
15927,DOQNUU,3,3
15928,QOKXEV,3,3
15929,UVUMAB,3,3
15930,REDRUQ,3,3
15931,AQEWIC,3,3
15932,KECDOM,3,3
15933,KUTYIJ,2,2
15934,QUJRIX,1,1
15935,DELCOO,2,2
15936,RAMSIL,1,1
15937,YOCSOA,3,3
15938,CIGLAI,2,2
15939,TAMFOF,2,2
15940,CAXSUQ,2,2
15941,TOZXIR,3,3
15942,VUYCOI,3,3
15943,MIVSOB,3,3
15944,KANPUL,2,2
15945,OSELUV,3,3
15946,KUCXIQ,2,2
15947,NONFON,3,3
15948,HUYBIM,3,3
15949,ADIKOR,1,1
15950,AKIVIZ,2,2
15951,POKSUG,3,3
15952,PEFXII,1,1
15953,JOGMIC,2,2
15954,TUCGEE,2,2
15955,TOKJOV,3,3
15956,BERGOY,1,1
15957,YUQZER,2,2
15958,WAQVES,3,3
15959,LAXLAY,3,3
15960,XIQJOY,3,3
15961,ISEBEQ,1,1
15962,LERZAJ,1,1
15963,YIFRAK,1,1
15964,MEVSUB,1,1
15965,SUYXOC,1,1
15966,IRIXOW,3,3
15967,UPAGEZ,2,2
15968,GUCPUP,1,1
15969,ROMRES,3,3
15970,SECYEI,1,1
15971,JUWKIY,1,1
15972,BAHYER,3,3
15973,HOZRUK,2,2
15974,PUBCUN,1,1
15975,ZUQXUE,3,3
15976,NINFEW,3,3
15977,BOJLUI,2,2
15978,FIKQAR,3,3
15979,ZIJJAF,2,2
15980,ZIPWOO,1,1
15981,EJUFEX,1,1
15982,TAGVUU,1,1
15983,RAJSIE,3,3
15984,YUPGOH,3,3
15985,BUFVAB,1,1
15986,RIFTOR,3,3
15987,WAGHUI,3,3
15988,TONNUG,3,3
15989,VUSSUZ,3,3
15990,JALVUO,1,1
15991,CUVNOY,3,3
15992,WIGSOV,3,3
15993,UTUFOG,2,2
15994,MAWNIJ,3,3
15995,LOSTOE,3,3
15996,KAMFAI,3,3
15997,KAYYUI,1,1
15998,VECDIQ,2,2
15999,KUYMEY,3,3
16000,MIYMUE,3,3
16001,SOSGUF,3,3
16002,OMIMAB,1,1
16003,ETUSOE,1,1
16004,DEDVEP,3,3
16005,JAKKOY,2,2
16006,TIRDAA,2,2
16007,GUKYOD,1,1
16008,WENQOV,2,2
16009,XARHED,1,1
16010,NIGYEH,3,3
16011,PUHNUB,2,2
16012,DUCCIO,3,3
16013,VEKYAO,2,2
16014,NUWQAX,1,1
16015,TOXVIO,1,1
16016,LEKTED,2,2
16017,IFUQAB,3,3
16018,XOBZUN,1,1
16019,FUTKIR,1,1
16020,HATGIS,1,1
16021,LILHOF,2,2
16022,BETLOD,2,2
16023,GAPTUN,2,2
16024,RADLIS,3,3
16025,TIRMIT,3,3
16026,ZANZUJ,3,3
16027,GECHEE,1,1
16028,SIGVEL,2,2
16029,FISLAU,3,3
16030,DOLBUB,2,2
16031,BIJMUD,1,1
16032,INEZUX,3,3
16033,QOGJUR,2,2
16034,CBYPRH,2,2
16035,VAYVUM,2,2
16036,YUYHIK,3,3
16037,IQEWAD,3,3
16038,LUSZEG,2,2
16039,KOBQUP,2,2
16040,NEXRUH,1,1
16041,QECDUZ,2,2
16042,PIMDOH,3,3
16043,BADYIQ,1,1
16044,RUQSOL,3,3
16045,DOJSIF,3,3
16046,PEMVIO,3,3
16047,FEFWIY,3,3
16048,OCILOB,2,2
16049,JEQLID,2,2
16050,MUTMET,1,1
16051,WIBLAU,3,3
16052,IFUJUP,3,3
16053,VEXSOG,2,2
16054,ALEZAT,2,2
16055,OXEXOF,3,3
16056,EQUKEI,2,2
16057,PEQCUK,1,1
16058,GAGBUO,3,3
16059,UMIPAJ,2,2
16060,HOSHII,3,3
16061,QORVAX,1,1
16062,IYIPEL,3,3
16063,LEBCEE,1,1
16064,WEKYAO,2,2
16065,XUPQEF,2,2
16066,WEHROU,1,1
16067,FENDOT,2,2
16068,LIBHOT,2,2
16069,ABICEU,1,1
16070,KADQAH,3,3
16071,ONEZIS,3,3
16072,ADOBUT,1,1
16073,LACSEN,2,2
16074,COFPIA,1,1
16075,CEZREF,2,2
16076,POZYUA,3,3
16077,SEKREF,2,2
16078,PAGWIF,3,3
16079,EDEKUV,2,2
16080,LIJKOE,3,3
16081,XACCOV,3,3
16082,WAWTOD,1,1
16083,UGEDOZ,1,1
16084,EJEVIB,1,1
16085,GIVMEF,3,3
16086,YIYTUW,1,1
16087,BEXTEE,3,3
16088,YEVGIS,2,2
16089,AVOXAN,1,1
16090,IHAVUK,3,3
16091,ODIWIJ,2,2
16092,OBIPEU,2,2
16093,GUTKIR,3,3
16094,UGILAX,2,2
16095,NOSZIE,3,3
16096,FAJGUT,2,2
16097,CETLOD,1,1
16098,XARQIR,3,3
16099,DUSROA,1,1
16100,YIKXEW,3,3
16101,JUKJEH,1,1
16102,LIFCAG,3,3
16103,RIGVEL,3,3
16104,SAWZUO,2,2
16105,FUVJOW,2,2
16106,LANJUI,3,3
16107,WUMQEB,2,2
16108,BOWLAA,2,2
16109,NADQUG,2,2
16110,YOFZID,3,3
16111,KEYFAW,2,2
16112,DUSGUW,1,1
16113,NOSCED,1,1
16114,FERMAS,3,3
16115,GARWIG,2,2
16116,XEZQOI,2,2
16117,ATABAY,3,3
16118,WEBWOP,3,3
16119,OSEHAW,2,2
16120,BACYIO,3,3
16121,XELSOX,3,3
16122,AVOCUK,3,3
16123,GAGGIE,1,1
16124,KARCEM,1,1
16125,AMOFUD,2,2
16126,COMSUS,3,3
16127,TAVYIY,1,1
16128,GIKGIT,2,2
16129,FIQFUI,2,2
16130,JILJIA,2,2
16131,BINTEX,3,3
16132,KEZJIK,2,2
16133,MOYVIF,2,2
16134,HUKCEY,1,1
16135,LOFCIV,3,3
16136,FIDVUK,1,1
16137,XUNWAH,1,1
16138,TUYBOF,2,2
16139,NEVPOV,1,1
16140,DUKWIS,1,1
16141,LOLTUC,3,3
16142,BALDAX,1,1
16143,WASDUR,2,2
16144,BOKPUP,3,3
16145,KICLUD,2,2
16146,OQOLUE,1,1
16147,ERIDAK,2,2
16148,OKUZOL,3,3
16149,USONIB,2,2
16150,GAKFOR,1,1
16151,QIJFUM,1,1
16152,ODEAMO,1,1
16153,ZURYAM,3,3
16154,ATOREH,2,2
16155,WUPBEQ,2,2
16156,FECXAQ,1,1
16157,GUNJUX,1,1
16158,QALVOO,3,3
16159,PIWNAL,1,1
16160,XOVKOJ,3,3
16161,ZIPJUG,3,3
16162,YIQWUQ,2,2
16163,RAZHUY,2,2
16164,LERRAC,3,3
16165,APECAB,2,2
16166,LIWVAR,3,3
16167,ILISOM,3,3
16168,LITJOR,1,1
16169,MABLUX,1,1
16170,CEQHUB,3,3
16171,QEZPOE,1,1
16172,CUHWIL,2,2
16173,FORJUS,3,3
16174,KOLFUO,3,3
16175,WUTYOA,3,3
16176,WASHAZ,3,3
16177,WAGWUZ,3,3
16178,NIBHEO,2,2
16179,QUHYUO,3,3
16180,GEJCUX,1,1
16181,WUXFAY,3,3
16182,ECOPOF,1,1
16183,BUSYAS,1,1
16184,MANJUI,1,1
16185,YEJNEK,1,1
16186,IWEPOS,1,1
16187,IDAXAO,3,3
16188,ITUYIH,2,2
16189,AMAMEG,3,3
16190,TUCSUG,2,2
16191,DOLWOT,3,3
16192,AROLEA,1,1
16193,QAHZEE,2,2
16194,PESWIX,1,1
16195,TODXAN,3,3
16196,YUMRAA,3,3
16197,ODADOP,2,2
16198,YIBQOQ,2,2
16199,DURSUG,3,3
16200,HUXPEX,3,3
16201,JUSFIP,1,1
16202,HESTIL,3,3
16203,KUDWOW,3,3
16204,OMEGUL,1,1
16205,FUYGAK,1,1
16206,KENPAV,3,3
16207,YEHVOX,3,3
16208,LEYZOH,3,3
16209,NIHTIK,3,3
16210,XUQLOK,3,3
16211,DUJJAV,2,2
16212,LUTCIO,3,3
16213,OJABEI,2,2
16214,SUTKEA,1,1
16215,CIMFEK,3,3
16216,ZAYPEW,3,3
16217,BUWKAI,1,1
16218,TALXUD,1,1
16219,VIMCUR,3,3
16220,WIMQIU,2,2
16221,WIKWUK,3,3
16222,PETGOM,3,3
16223,OLOKEH,2,2
16224,NALWIK,1,1
16225,AXUTES,3,3
16226,ZAJDOD,2,2
16227,XEKCEY,1,1
16228,TEGFIX,3,3
16229,WOJSUJ,2,2
16230,NONWOE,2,2
16231,ZOHJIR,3,3
16232,DEDVIS,2,2
16233,FIJDEJ,1,1
16234,JIXGOM,1,1
16235,REKBOY,3,3
16236,JEDLAF,1,1
16237,LUJKOQ,3,3
16238,WEQMIO,2,2
16239,XOBFIF,3,3
16240,NUWDUE,1,1
16241,IZIXOF,3,3
16242,QOLWOD,1,1
16243,SIXMES,2,2
16244,QOVJAM,2,2
16245,QEGZOT,2,2
16246,FATCEJ,3,3
16247,OTOVIF,1,1
16248,WEYGAK,3,3
16249,BERXAA,2,2
16250,EKIREW,1,1
16251,KUVNIB,1,1
16252,CAVYAZ,1,1
16253,JOHXOV,3,3
16254,LINNAY,3,3
16255,JIQRUW,3,3
16256,SOBPAC,3,3
16257,SAKFOB,2,2
16258,FUGHAS,3,3
16259,UDABUA,1,1
16260,ZUKMUN,2,2
16261,HOSFIF,2,2
16262,BUNZIW,1,1
16263,DONJUN,2,2
16264,EMAVIY,2,2
16265,NUGGOL,3,3
16266,VOFNAI,1,1
16267,RORQAQ,3,3
16268,LIDLER,3,3
16269,AVULIN,2,2
16270,MOSZOJ,2,2
16271,OPIFID,3,3
16272,NIWVEU,3,3
16273,KOMGAU,3,3
16274,MIRPOS,3,3
16275,LIFSIG,1,1
16276,RATDOH,2,2
16277,PIPGED,3,3
16278,VIDMUQ,3,3
16279,WOLPUI,1,1
16280,MCYSCO,2,2
16281,KAPLAO,1,1
16282,YEXNOH,3,3
16283,YAYGAJ,2,2
16284,LEXGIF,3,3
16285,GEKNUJ,1,1
16286,WOWBOB,3,3
16287,ELOMEZ,2,2
16288,EDOWUQ,2,2
16289,WESBAY,1,1
16290,UBITEH,2,2
16291,JUTFEM,1,1
16292,TEJDOE,3,3
16293,DOXDAW,1,1
16294,QUBYET,3,3
16295,BAXBUZ,2,2
16296,CIYGUP,1,1
16297,RUNVEC,3,3
16298,XIWVAB,2,2
16299,XIZHUK,1,1
16300,ZORKUO,1,1
16301,URIVID,1,1
16302,VAHZUZ,3,3
16303,DEPRIA,1,1
16304,SOLYID,3,3
16305,OGOGUN,2,2
16306,JAZWIR,3,3
16307,RURHIV,1,1
16308,DEMFOT,3,3
16309,KAMFOU,2,2
16310,NOVLAO,1,1
16311,VASHOQ,1,1
16312,HIVPEI,2,2
16313,JOGRED,2,2
16314,RISKEK,3,3
16315,GISNUR,3,3
16316,OVIFAB,3,3
16317,PAKFEN,2,2
16318,XIYFES,2,2
16319,NABYIA,2,2
16320,KAFGIK,1,1
16321,QOTLAN,3,3
16322,LELQUS,1,1
16323,RENTIO,2,2
16324,JAHWOE,2,2
16325,YEPMOY,2,2
16326,CAGKEA,2,2
16327,LEPDIW,2,2
16328,NAPNOL,1,1
16329,CAHHEY,1,1
16330,YUQRIO,1,1
16331,LUZMIE,3,3
16332,COPYUB,3,3
16333,UTANUA,2,2
16334,LAXSOV,2,2
16335,LEHQIY,3,3
16336,SIQJAF,3,3
16337,QUHKEK,3,3
16338,DEMDUX,2,2
16339,ERUMAG,1,1
16340,GEGMIQ,2,2
16341,DOXCEY,3,3
16342,LEYZAT,2,2
16343,TIJQOS,3,3
16344,DAWFOX,3,3
16345,QOPYEZ,1,1
16346,FIPWEG,2,2
16347,BUTYOF,1,1
16348,VOFPIQ,3,3
16349,WAGRED,1,1
16350,WUNCIR,2,2
16351,PENZOX,2,2
16352,NANFEQ,3,3
16353,KAHGIN,1,1
16354,ANEGIK,2,2
16355,VOMFOU,3,3
16356,IPORUA,3,3
16357,CAKSOW,1,1
16358,XABGEN,2,2
16359,QOXZEK,2,2
16360,HEFTAN,2,2
16361,JISXAK,2,2
16362,REYROE,3,3
16363,DOQZIT,3,3
16364,GICXUM,3,3
16365,BUCQEW,2,2
16366,XUGGIS,1,1
16367,QOMJEI,1,1
16368,ALECAV,2,2
16369,GEXVEM,2,2
16370,OWUXUC,1,1
16371,KETSIL,1,1
16372,KUTMUK,1,1
16373,GOGQIC,2,2
16374,HUYZAD,2,2
16375,XEHMUV,3,3
16376,NIQKOQ,3,3
16377,HIRLIH,1,1
16378,WEMSEM,1,1
16379,TECCIO,3,3
16380,BILKEN,3,3
16381,OHEDEN,1,1
16382,HBUPPT,3,3
16383,XUWTUF,3,3
16384,ESEBUZ,2,2
16385,PEFLUH,1,1
16386,DIRVIN,1,1
16387,VOTYEL,1,1
16388,WAYJIR,3,3
16389,CAHTUE,1,1
16390,BEBWOW,1,1
16391,NUFJAB,3,3
16392,LIMPUU,3,3
16393,BUVXIC,1,1
16394,KEMKES,2,2
16395,LUVLOE,2,2
16396,IRIKUP,3,3
16397,VEZLOF,1,1
16398,NUBQIM,3,3
16399,YUJPUO,2,2
16400,RENJAW,3,3
16401,CABTIJ,3,3
16402,HAZGEU,2,2
16403,DEFNAH,1,1
16404,YUGWOO,1,1
16405,PUHKEK,2,2
16406,YAVJOV,1,1
16407,WAHXOV,3,3
16408,PAYVER,2,2
16409,VEVDAD,3,3
16410,FAPHIQ,3,3
16411,COFPEU,3,3
16412,WALJOL,2,2
16413,GETNOL,3,3
16414,FOYYAV,3,3
16415,FASSAW,3,3
16416,HAJHIK,2,2
16417,IBEZAS,3,3
16418,FOGQIC,3,3
16419,ACOBIE,1,1
16420,ETUSAN,1,1
16421,TEJTIN,1,1
16422,SEZWOL,2,2
16423,VAVGEF,2,2
16424,ROQSEV,3,3
16425,AKOMAP,2,2
16426,SUWNIK,1,1
16427,WIHPAE,3,3
16428,POYWIM,1,1
16429,BOXVAL,2,2
16430,DODXUQ,2,2
16431,EBOLIR,2,2
16432,GACRAE,2,2
16433,CAMGON,3,3
16434,QEFWAZ,3,3
16435,YAMDEV,1,1
16436,EBUZAG,1,1
16437,DEVSEC,2,2
16438,HADVUD,3,3
16439,QIDQOK,3,3
16440,SUGMEO,2,2
16441,TATDEY,3,3
16442,PIKLEC,3,3
16443,IYAVAF,2,2
16444,PIMHAY,1,1
16445,PUZKUQ,3,3
16446,UGOCOJ,3,3
16447,OTULUL,3,3
16448,JEVKUR,3,3
16449,WIRFIP,3,3
16450,CORVIQ,1,1
16451,QAYSOB,2,2
16452,SIXFAG,3,3
16453,DOLWUZ,3,3
16454,VAWXAU,2,2
16455,BISNUO,2,2
16456,VAWVOF,1,1
16457,KIHTEB,2,2
16458,YACVON,3,3
16459,CINQAT,3,3
16460,HUPHIJ,1,1
16461,TIYWAA,2,2
16462,HIXBOF,3,3
16463,WICTOT,1,1
16464,XOLTAV,2,2
16465,OKEPEA,2,2
16466,QUHWAR,2,2
16467,XAXVIB,3,3
16468,CIGVEV,3,3
16469,OWAGUQ,2,2
16470,FEGFOM,1,1
16471,XAXQOD,3,3
16472,DOSNAB,3,3
16473,TUTLEB,3,3
16474,TAJREC,2,2
16475,WOYGEW,3,3
16476,TOKBUQ,3,3
16477,UGOSIV,1,1
16478,WIWNEV,2,2
16479,MUVBUD,1,1
16480,XANSOU,1,1
16481,ACXMPD,3,3
16482,FEHKAF,1,1
16483,YIVYAE,3,3
16484,OTEVAL,2,2
16485,GAHQIR,2,2
16486,WIVCIP,3,3
16487,YIQPIY,2,2
16488,LAJQEW,1,1
16489,VUPYIR,1,1
16490,ZOMPOI,2,2
16491,KAXTAI,1,1
16492,RIVQAO,2,2
16493,PAWJAY,2,2
16494,YACFIR,2,2
16495,QOTWAY,3,3
16496,SOTYEF,2,2
16497,MIBDAE,3,3
16498,HOGPAV,2,2
16499,GUGSAD,1,1
16500,BEJVAO,3,3
16501,TAHZIL,2,2
16502,DAYSAY,3,3
16503,NAQVOQ,2,2
16504,WEMTUF,2,2
16505,QUSYIM,1,1
16506,KAPPEA,1,1
16507,MOWSOG,1,1
16508,ZERWAX,1,1
16509,AHUSOL,2,2
16510,ZEQKOX,2,2
16511,AVOCOE,3,3
16512,LUSFOU,3,3
16513,WALDUM,1,1
16514,LAWKON,1,1
16515,POQJUA,3,3
16516,KUPSUK,1,1
16517,BAPVAT,1,1
16518,ICETAN,2,2
16519,NIQWIW,3,3
16520,KIRNOR,3,3
16521,LEKXIJ,2,2
16522,YUWZOG,1,1
16523,WAWVOF,3,3
16524,UFOQIQ,3,3
16525,EPOFOF,3,3
16526,PIKROS,2,2
16527,KEVKUR,3,3
16528,SERQEM,3,3
16529,ULAHUL,2,2
16530,LELQAV,1,1
16531,VUTNUU,2,2
16532,BORVIQ,1,1
16533,QAVNEJ,2,2
16534,INAXIG,2,2
16535,HUPFEF,1,1
16536,KAQCAH,1,1
16537,AMIPUH,3,3
16538,ROCVIQ,2,2
16539,YAMXAO,3,3
16540,LETTEL,3,3
16541,XEWQIA,3,3
16542,ZIWMIF,1,1
16543,TOBBUJ,3,3
16544,PUXMUR,2,2
16545,SIYRAW,3,3
16546,EGAVOZ,2,2
16547,CIRHIX,3,3
16548,KIVKOR,3,3
16549,IYIREN,1,1
16550,XOXPAD,2,2
16551,HOJKIB,2,2
16552,TERDAX,3,3
16553,BUJMAU,2,2
16554,BEXJUL,2,2
16555,VIVCIP,1,1
16556,XONRAU,3,3
16557,XOZMUU,3,3
16558,YOPHUG,1,1
16559,WECQII,1,1
16560,PROPTC,3,3
16561,MIPXUF,1,1
16562,EKINAN,2,2
16563,LIBHUZ,2,2
16564,IFALUW,2,2
16565,EHOKIW,3,3
16566,HOWJUA,3,3
16567,OMIFIB,3,3
16568,NOKJOO,2,2
16569,PILPUV,1,1
16570,ZEKFEE,1,1
16571,JURYAW,2,2
16572,SUTNAZ,1,1
16573,CAHXUH,3,3
16574,HABPIM,3,3
16575,GAMYEC,1,1
16576,KIWHOO,3,3
16577,XOTMUP,2,2
16578,NAPRIJ,1,1
16579,QIXHEO,1,1
16580,MOYTID,3,3
16581,YISSUP,2,2
16582,EQIRUT,2,2
16583,BENDAB,3,3
16584,GIHWIE,3,3
16585,FIRVUX,2,2
16586,EMOZIQ,3,3
16587,BOKNEY,1,1
16588,KOPCUN,2,2
16589,CEFWEP,3,3
16590,SONJEK,3,3
16591,XUBMIT,1,1
16592,HUSDAA,3,3
16593,YARMAH,3,3
16594,LUGLAC,3,3
16595,CETLUJ,1,1
16596,DITWEL,3,3
16597,LUYDIV,1,1
16598,VAQWUI,3,3
16599,OLIVUB,1,1
16600,WOJDAB,3,3
16601,ZOWZAM,2,2
16602,DATCXO,2,2
16603,UMUBAF,3,3
16604,IBIPAO,1,1
16605,PIFNAV,3,3
16606,QUFPEN,3,3
16607,UCEBOT,2,2
16608,DAJPEL,1,1
16609,USOKOF,1,1
16610,ECUHET,1,1
16611,WUJXUX,1,1
16612,VEGDOB,3,3
16613,TAHMIA,3,3
16614,QUVXOV,3,3
16615,UXIVOP,1,1
16616,ISEFIV,1,1
16617,YAQHAA,3,3
16618,KIBHIQ,1,1
16619,BOQJEY,3,3
16620,VIRHEK,2,2
16621,ZASGAD,3,3
16622,ZAGXUD,3,3
16623,QANBIR,3,3
16624,WOPLUJ,1,1
16625,YUCKUC,1,1
16626,IFOGET,1,1
16627,LAXFAR,2,2
16628,FOBKOX,3,3
16629,WOBWEP,3,3
16630,VOMJOX,2,2
16631,LUXPIF,2,2
16632,VONVAX,2,2
16633,ROMSUI,2,2
16634,YIXWOS,3,3
16635,KIGPAT,2,2
16636,XANQUY,3,3
16637,FUYRAS,3,3
16638,QABSIY,3,3
16639,PALCOW,1,1
16640,ISIYEQ,3,3
16641,DIBLIK,1,1
16642,KEZZUN,1,1
16643,RUGZEB,1,1
16644,SIGJOI,2,2
16645,SELLUQ,2,2
16646,KIRWAL,2,2
16647,SOFNAC,3,3
16648,EVAVAY,3,3
16649,LOSTUK,3,3
16650,IRAFOW,1,1
16651,HEGKEJ,2,2
16652,VAPTUC,3,3
16653,BEHGAA,1,1
16654,LEBJUA,3,3
16655,JITCAU,1,1
16656,KOFMAW,3,3
16657,KITXUG,2,2
16658,QACBUT,2,2
16659,WIDJEZ,1,1
16660,UMECAT,1,1
16661,FUHGAQ,1,1
16662,LOPMEI,3,3
16663,DETBEM,2,2
16664,QECDOT,3,3
16665,IBIWEV,3,3
16666,NEPVIQ,3,3
16667,KAGXOG,3,3
16668,GAWDIU,3,3
16669,AYOWAO,2,2
16670,HUWMUI,3,3
16671,IGOBAJ,3,3
16672,NIHQOO,1,1
16673,EFUGOB,2,2
16674,QOMFED,2,2
16675,FEWGOH,1,1
16676,BEMMUC,1,1
16677,ADEWIT,1,1
16678,CICMOQ,2,2
16679,BOKPOI,1,1
16680,DIYYUF,2,2
16681,ALIPOC,2,2
16682,ONACAI,3,3
16683,FAPJEP,1,1
16684,IWUMES,1,1
16685,SASSUB,1,1
16686,SOZKUP,2,2
16687,ZACDUF,1,1
16688,OJOGOK,2,2
16689,FIGSAP,1,1
16690,OJIMEB,3,3
16691,LEQBOY,2,2
16692,OKAKAM,3,3
16693,OKUTUM,1,1
16694,RATFOJ,3,3
16695,UHIMAA,1,1
16696,TAKTUW,3,3
16697,SAWJEI,3,3
16698,XALKIE,1,1
16699,KOYZUW,1,1
16700,XERKUC,3,3
16701,XUXBUQ,1,1
16702,COCHUA,1,1
16703,LEPCUH,1,1
16704,PIYBAD,3,3
16705,SEHPUS,3,3
16706,ESEBOT,2,2
16707,XATPEP,3,3
16708,SINFUQ,2,2
16709,JOPZUL,3,3
16710,VAJBEP,3,3
16711,WAYFEK,2,2
16712,WUVQUC,1,1
16713,CILWOK,2,2
16714,YUYJEJ,3,3
16715,HONPOQ,1,1
16716,ZEFMEF,3,3
16717,VUGHAI,2,2
16718,YIYDEQ,3,3
16719,YAZLUI,1,1
16720,YANSAI,1,1
16721,KAFWUN,1,1
16722,QASHIC,2,2
16723,BORFAQ,3,3
16724,IJERUN,1,1
16725,BERZAC,2,2
16726,CCENPD,2,2
16727,XIRKOC,1,1
16728,VILWAP,3,3
16729,JIMBOW,1,1
16730,SOVFEP,2,2
16731,MADXAS,2,2
16732,BEJTUH,2,2
16733,MEJROI,3,3
16734,CIFGUX,1,1
16735,XAHNIE,1,1
16736,HACCAP,2,2
16737,KOJKOM,1,1
16738,AGODIK,2,2
16739,YIYXUZ,1,1
16740,HINGER,3,3
16741,FEPGAJ,2,2
16742,SAFHEQ,1,1
16743,APEFIM,2,2
16744,REDMAP,3,3
16745,OPAGIW,3,3
16746,UMODUV,3,3
16747,GINMID,1,1
16748,FEQHUH,3,3
16749,FIBLOS,3,3
16750,GUDVOQ,2,2
16751,MEGYAA,1,1
16752,REYYEZ,2,2
16753,HANQAQ,1,1
16754,AFOFIL,2,2
16755,BUNJUR,2,2
16756,NATYIR,1,1
16757,SAXNAH,2,2
16758,ZOJYII,2,2
16759,MUDWEQ,1,1
16760,JOFJIZ,1,1
16761,BUVDAY,3,3
16762,IGUXEQ,1,1
16763,PODVOW,3,3
16764,TAZCON,1,1
16765,DEDMEG,2,2
16766,SIBRIG,3,3
16767,XEWMUI,1,1
16768,KOQBAT,1,1
16769,CFMBZC,3,3
16770,UFAHIV,2,2
16771,YANTEP,2,2
16772,GIQQAA,2,2
16773,UZAFIM,2,2
16774,HOBHEP,1,1
16775,EMAQUF,1,1
16776,ODESEZ,1,1
16777,HPZBNI,3,3
16778,GEVCEP,3,3
16779,HAGJUX,3,3
16780,BFBZNI,3,3
16781,WUVSOX,3,3
16782,BOJJOA,2,2
16783,UJEJUP,2,2
16784,QEXTAO,3,3
16785,KUQBEE,3,3
16786,IBUBUF,2,2
16787,TIYNAT,3,3
16788,UQOXIJ,3,3
16789,LISXEQ,1,1
16790,JAZROV,1,1
16791,HIGPES,1,1
16792,AVINOI,2,2
16793,UREBOK,3,3
16794,LOVKUC,1,1
16795,XIGREK,2,2
16796,ESAYED,2,2
16797,ZIKCOL,2,2
16798,YEMKOR,2,2
16799,MUFVAK,2,2
16800,ECIXIY,2,2
16801,NITHIH,2,2
16802,HIRWEK,3,3
16803,EDCHCO,2,2
16804,REWPOB,1,1
16805,ESEWUU,3,3
16806,HANXID,1,1
16807,LIJNEB,1,1
16808,QALZOU,2,2
16809,BUYNIT,3,3
16810,PENQEG,3,3
16811,MUSQAS,3,3
16812,OBEJAJ,3,3
16813,FOGZAC,2,2
16814,KUKFEE,1,1
16815,IPISUW,1,1
16816,BEVHAN,3,3
16817,KIMWUA,3,3
16818,TEJDUK,3,3
16819,BAXBOT,2,2
16820,KEBDIE,3,3
16821,GORCIC,1,1
16822,QEFREA,1,1
16823,IFEBIE,2,2
16824,GOZGOT,3,3
16825,BIQQUN,3,3
16826,AVUYIA,2,2
16827,WUDJEN,1,1
16828,DIBROX,1,1
16829,FOSPOU,2,2
16830,KOHSEI,3,3
16831,MIKSOO,2,2
16832,VIBGEV,3,3
16833,ETUVEU,3,3
16834,IGOBOV,1,1
16835,CUCMOE,2,2
16836,WIYKUM,3,3
16837,UKOHIO,1,1
16838,AWOQEJ,2,2
16839,LOLMOO,2,2
16840,NEXKOS,2,2
16841,UYELIU,2,2
16842,ICIBIH,2,2
16843,WUCVUL,2,2
16844,IXIGIG,3,3
16845,KUVRAX,1,1
16846,NEFMIU,1,1
16847,AHIXUL,1,1
16848,KIZMAH,3,3
16849,EHUXEN,1,1
16850,RAZDUT,2,2
16851,CAKQOU,3,3
16852,ATOPII,3,3
16853,ZUMYOY,1,1
16854,VAYHIP,3,3
16855,ONEQOO,3,3
16856,VOSBIQ,2,2
16857,TACWUQ,2,2
16858,AXOKED,3,3
16859,PEMJOI,3,3
16860,GOHNAV,3,3
16861,FUHWIQ,3,3
16862,GOTYEV,2,2
16863,SEMTOU,2,2
16864,VUCCOM,2,2
16865,BADGUL,2,2
16866,ZUBTAR,1,1
16867,ANITIB,3,3
16868,GACKUU,1,1
16869,ITEMEA,2,2
16870,ZEHJAZ,2,2
16871,MOCLUL,2,2
16872,CILPIZ,2,2
16873,FUMTUF,1,1
16874,XIDGAV,2,2
16875,DUCVEC,1,1
16876,TUNHIV,3,3
16877,RIFWIP,3,3
16878,FODXED,1,1
16879,TUKPAS,3,3
16880,WUMJEU,3,3
16881,ZOBJOS,3,3
16882,LETJAW,2,2
16883,QOLWUJ,3,3
16884,XORLAT,1,1
16885,NOTSUK,3,3
16886,ZAGMAY,2,2
16887,VEGSAD,3,3
16888,FEVZIQ,2,2
16889,HIPVAF,3,3
16890,QOWKAR,1,1
16891,LEVWUF,3,3
16892,CIWWIP,3,3
16893,ZILTOH,1,1
16894,ITUGUB,3,3
16895,TIMMEH,1,1
16896,SAWMAG,2,2
16897,IPOROX,1,1
16898,GOPBOF,3,3
16899,BOJZIJ,2,2
16900,QAKTAX,3,3
16901,NONWUK,3,3
16902,NASPAY,1,1
16903,QAHHOX,2,2
16904,WABJUG,3,3
16905,HUSTIA,2,2
16906,LIVYAU,1,1
16907,ROHLUV,1,1
16908,RAJNEW,1,1
16909,NAWLOP,3,3
16910,LIKCIS,3,3
16911,JUQKOX,3,3
16912,UYOWAH,3,3
16913,ADOLOU,3,3
16914,UCAPAR,3,3
16915,SALZEN,3,3
16916,SADRUN,3,3
16917,UGOZOH,1,1
16918,UPIPAL,2,2
16919,LUXLUN,2,2
16920,DOFNIW,3,3
16921,CEKLAG,2,2
16922,IHILOA,3,3
16923,HINWAF,3,3
16924,CAQWUN,3,3
16925,DOLYUB,3,3
16926,FEVSAD,3,3
16927,SEDCOT,2,2
16928,MECROE,3,3
16929,RAKTIK,1,1
16930,ASEWAZ,1,1
16931,EMODOC,1,1
16932,FEJXUN,2,2
16933,BEPROE,2,2
16934,VIJJIJ,3,3
16935,RODVEM,3,3
16936,GOSPOT,3,3
16937,QANBEP,3,3
16938,BODTEU,3,3
16939,IKOWOV,1,1
16940,MAXVIS,2,2
16941,XEZDAL,1,1
16942,AYIMAX,3,3
16943,OMUVEY,3,3
16944,IJUDUP,1,1
16945,YOZCUL,1,1
16946,BAHZAN,3,3
16947,RUCXOF,1,1
16948,SUNMIA,1,1
16949,TOPGAJ,2,2
16950,HEHHIP,1,1
16951,HADSEL,2,2
16952,JONYOA,2,2
16953,VEVXIH,1,1
16954,OBOCUF,3,3
16955,OCOCOZ,2,2
16956,AMOJUH,2,2
16957,CAPQIX,1,1
16958,WALXIS,1,1
16959,DAGROS,2,2
16960,NAQQEB,2,2
16961,VOQCOU,2,2
16962,LEWQIP,2,2
16963,NECLOX,2,2
16964,AXUFOO,3,3
16965,REBWOL,3,3
16966,DIJXEB,3,3
16967,QESLIN,1,1
16968,JAVMAX,3,3
16969,RIVVIC,3,3
16970,DIYLAZ,2,2
16971,OBILAM,1,1
16972,HOBCUW,1,1
16973,AVODEV,3,3
16974,IQEBOV,3,3
16975,RIRZAV,2,2
16976,ZZZBOM,2,2
16977,NAGDEI,1,1
16978,GAQWAW,1,1
16979,HEWSEL,1,1
16980,YAVFAF,3,3
16981,PAYTEQ,3,3
16982,TOXSAA,3,3
16983,POXDUC,1,1
16984,YICNIK,3,3
16985,CIBNAF,2,2
16986,XIPJIP,3,3
16987,DIQQID,1,1
16988,SITNAO,1,1
16989,QAPCEP,1,1
16990,XAZGEN,1,1
16991,EGUKOK,1,1
16992,UZUGUT,2,2
16993,INEMAQ,3,3
16994,KIFZEI,1,1
16995,MEBHAG,1,1
16996,WUCVUM,3,3
16997,PIWNUH,3,3
16998,FAGKII,3,3
16999,SERTUE,1,1
17000,HEMNIZ,3,3
17001,UQEZOH,2,2
17002,HIRYIQ,3,3
17003,METDOE,1,1
17004,LAJXAW,3,3
17005,ATIVUV,2,2
17006,CIXFUN,3,3
17007,PATQEJ,3,3
17008,TAYXEA,1,1
17009,AFAXAG,3,3
17010,NODRUX,1,1
17011,BEZWOW,1,1
17012,PITKUA,3,3
17013,XILJOU,2,2
17014,WAGLUL,2,2
17015,VATHUW,3,3
17016,WUJDIQ,3,3
17017,MALRIA,3,3
17018,KUQKOY,2,2
17019,XOWTIP,1,1
17020,SIQHAE,2,2
17021,ALADAU,2,2
17022,VEZGEO,2,2
17023,YETCEG,2,2
17024,TAFTIG,3,3
17025,XAJQEF,3,3
17026,YEHTAG,1,1
17027,NAPYUY,3,3
17028,UNOGAG,3,3
17029,PIPNUA,1,1
17030,VOFRIR,3,3
17031,IBOCIM,3,3
17032,XUVGIH,1,1
17033,XEGPEF,3,3
17034,AREKIS,3,3
17035,OSINUB,2,2
17036,SENFOG,3,3
17037,JETHEY,2,2
17038,IQICIV,2,2
17039,LIMYEP,1,1
17040,ERAROH,1,1
17041,LIFCUC,1,1
17042,MEXKEI,2,2
17043,YAMFEB,1,1
17044,AFUBIM,3,3
17045,HUDGUK,2,2
17046,COFNUJ,3,3
17047,FOHGIU,2,2
17048,VASJOR,1,1
17049,ULOQUJ,2,2
17050,BEQDUY,3,3
17051,UVOZAJ,1,1
17052,GUKLAA,3,3
17053,MITHAZ,2,2
17054,ZIHVIX,2,2
17055,PAWDAW,1,1
17056,GISLUQ,2,2
17057,GAKMIO,2,2
17058,XETHUA,3,3
17059,DUNSEN,1,1
17060,AKOVOM,3,3
17061,YATPEQ,3,3
17062,QEYGEG,3,3
17063,RIMTUC,2,2
17064,UJOMOX,3,3
17065,RIGCIV,3,3
17066,TEGJEW,2,2
17067,WEGTEK,3,3
17068,BAYXAA,3,3
17069,MAJFIO,3,3
17070,IPISUV,2,2
17071,HAPPAP,2,2
17072,QUVQII,2,2
17073,XEMBEY,1,1
17074,HOYFOQ,3,3
17075,PIJXIQ,2,2
17076,APAZEZ,1,1
17077,WIQMIW,1,1
17078,TEMVIS,2,2
17079,OTAJAX,1,1
17080,GUKRIN,2,2
17081,GEXZIU,3,3
17082,MITVIU,1,1
17083,CUXSAP,3,3
17084,JUFHUN,1,1
17085,NITHII,3,3
17086,TIVMAM,1,1
17087,LEHVUP,1,1
17088,NIJWAF,3,3
17089,NISVAO,3,3
17090,MELQOK,3,3
17091,GERZUZ,2,2
17092,ZAYLAO,2,2
17093,CIFBID,3,3
17094,VOHBOK,2,2
17095,CASJAI,3,3
17096,MUVPEA,1,1
17097,BITKEY,1,1
17098,XIKCEA,2,2
17099,YABNUK,3,3
17100,ZANCOG,3,3
17101,QUNDIP,1,1
17102,OKUCUV,1,1
17103,ODEZOQ,1,1
17104,AZEMID,1,1
17105,WEBREA,2,2
17106,RODHOJ,2,2
17107,WIPYIG,3,3
17108,VIGFAS,2,2
17109,WAYFEJ,3,3
17110,CILYAY,2,2
17111,LUWCAH,2,2
17112,MIKDOC,3,3
17113,ZOWSEM,3,3
17114,PEHNUN,3,3
17115,RERQIO,1,1
17116,CASFUA,3,3
17117,SUHNIU,2,2
17118,FENQAQ,1,1
17119,UPOZIL,1,1
17120,MAYKAA,3,3
17121,BENQUI,1,1
17122,KESVOW,3,3
17123,XAKLOK,2,2
17124,KIJKEU,3,3
17125,TUVXUD,1,1
17126,DUSNIQ,2,2
17127,YADQEC,3,3
17128,MIMYEP,2,2
17129,ECIVET,3,3
17130,RARLEB,3,3
17131,GINJOC,1,1
17132,ROFGEC,1,1
17133,FEQHUI,1,1
17134,ULUWOQ,1,1
17135,ETALOA,3,3
17136,BMPFPN,3,3
17137,GAWTAC,3,3
17138,FEJTAQ,2,2
17139,CPTCFE,2,2
17140,HOPFOJ,2,2
17141,ZAZYEE,3,3
17142,BEYBIU,1,1
17143,KUBQEE,3,3
17144,VEFPAX,1,1
17145,YAFPAY,2,2
17146,YIWMOH,2,2
17147,JASROL,2,2
17148,ZIHXET,2,2
17149,FOJVIL,3,3
17150,LICYEB,3,3
17151,NIZVAT,2,2
17152,SATDUP,2,2
17153,YOZVOZ,1,1
17154,RAPMAX,3,3
17155,QUMQOE,2,2
17156,EKUGAT,3,3
17157,WUWWIU,3,3
17158,YOZXOB,2,2
17159,UVOXUZ,3,3
17160,WEYKAP,2,2
17161,FIMTUS,3,3
17162,ALADOI,2,2
17163,WEKRIN,2,2
17164,MEGLUJ,1,1
17165,SUQHAQ,1,1
17166,EMULUW,1,1
17167,WAFDIT,2,2
17168,UYIZAE,2,2
17169,XEFSIO,1,1
17170,QELWIQ,1,1
17171,GEZLAA,3,3
17172,HEPSIF,3,3
17173,QERQOW,3,3
17174,CUCDIM,3,3
17175,KEPMIZ,3,3
17176,TURDUF,3,3
17177,FEBPIM,2,2
17178,JEKCAE,3,3
17179,WOPLUK,3,3
17180,UNANEC,2,2
17181,DAYCEL,3,3
17182,GUDQEB,2,2
17183,YEFJEY,1,1
17184,PORSEU,1,1
17185,EZOTAQ,2,2
17186,ALIPOB,3,3
17187,NEBVOG,3,3
17188,HAHROX,3,3
17189,JIDYUT,2,2
17190,BUFKAR,1,1
17191,QALVUW,3,3
17192,EHEPAK,1,1
17193,BIZREI,3,3
17194,LANMIW,2,2
17195,YUBMIU,1,1
17196,WAHVUA,1,1
17197,SAMWEJ,3,3
17198,KAGXOF,2,2
17199,CIVJOH,1,1
17200,JIBHIP,1,1
17201,OHUNAI,2,2
17202,JAWNON,2,2
17203,GAJPOA,1,1
17204,OYIKUE,2,2
17205,QAJGIS,1,1
17206,DAFQAE,3,3
17207,EKEDUV,3,3
17208,TUJTIB,3,3
17209,VUCSES,3,3
17210,MAXFAS,1,1
17211,CPOCNB,1,1
17212,QANPUT,3,3
17213,OPUJOZ,3,3
17214,CEQQAS,2,2
17215,SECJIU,3,3
17216,CIMMOB,3,3
17217,ENEWOK,2,2
17218,HAZKEY,2,2
17219,FINTIG,1,1
17220,VIQQUH,2,2
17221,ZACHOD,2,2
17222,FOQVAK,3,3
17223,FEVDOC,2,2
17224,JAPPEW,2,2
17225,TIXXUU,3,3
17226,ZOTVIP,3,3
17227,FILKER,2,2
17228,DOBLAL,1,1
17229,USOLIA,1,1
17230,FANLAH,3,3
17231,EREWAC,1,1
17232,DUWWUN,2,2
17233,WEHRUZ,1,1
17234,SIWRAS,2,2
17235,BIRXOR,1,1
17236,BOHKEQ,3,3
17237,MEDKOX,3,3
17238,JOKXEN,2,2
17239,CAKVEQ,1,1
17240,QAHFOV,3,3
17241,ORESUA,3,3
17242,OXEDEB,3,3
17243,HABNAC,3,3
17244,VANGIE,1,1
17245,GELBUX,2,2
17246,HELJAJ,2,2
17247,GOCVEC,1,1
17248,EPODUK,2,2
17249,QONSAO,2,2
17250,NOPSET,3,3
17251,ZEPQAM,1,1
17252,XOSZUB,3,3
17253,DOFPOE,3,3
17254,FOSWEQ,3,3
17255,HURKUB,3,3
17256,IKUSAJ,3,3
17257,FEGQOA,2,2
17258,ERUMUC,1,1
17259,HIFTOJ,1,1
17260,GUXVEA,2,2
17261,ALINER,1,1
17262,SOMXEY,2,2
17263,NEBQIV,2,2
17264,GONDEU,3,3
17265,ICURED,1,1
17266,HARFIS,3,3
17267,QAPDOB,3,3
17268,TATZOH,1,1
17269,LEKXIK,3,3
17270,HASKEU,3,3
17271,HUHMON,2,2
17272,BUSRIR,3,3
17273,JAPWAY,2,2
17274,EWIGEZ,1,1
17275,SOFYAO,3,3
17276,WEQVIY,2,2
17277,BUNHAT,3,3
17278,BUQMEG,3,3
17279,HAZLAW,3,3
17280,NESMAA,1,1
17281,YAQSUE,2,2
17282,QIZRUQ,1,1
17283,KAMHUB,3,3
17284,YAXVIC,3,3
17285,ZEQKOY,3,3
17286,XUNREE,2,2
17287,GAWMAV,2,2
17288,HIMLEU,2,2
17289,KEWSAK,1,1
17290,JIMBAJ,3,3
17291,XENNAF,3,3
17292,JEFJUA,3,3
17293,UYAGIL,3,3
17294,EGIBOP,1,1
17295,COFLAM,1,1
17296,RASQAD,3,3
17297,NAKBIL,2,2
17298,TEJJUR,1,1
17299,JOHZAI,2,2
17300,FEVQUU,3,3
17301,ESUDEB,1,1
17302,NOQLUB,3,3
17303,ADOWUM,3,3
17304,BIPPAU,1,1
17305,NASNEC,2,2
17306,PULKOZ,1,1
17307,XIYTOO,3,3
17308,IREZAH,3,3
17309,QIVHEK,3,3
17310,IMEWUT,1,1
17311,EQIGOC,3,3
17312,DECZIV,3,3
17313,WERCOL,3,3
17314,MOSVOF,3,3
17315,CIBLUV,1,1
17316,TOBBUK,3,3
17317,KOMKAY,3,3
17318,IGUQAF,1,1
17319,BOJQUN,3,3
17320,REPWEO,1,1
17321,OQIFEC,1,1
17322,DEWGER,2,2
17323,VIQSOD,2,2
17324,EMUPEK,1,1
17325,GITWOV,3,3
17326,XAXVIC,2,2
17327,POBYUA,1,1
17328,QUQVAZ,2,2
17329,MIBZIK,1,1
17330,SOQQIA,2,2
17331,SURJEV,3,3
17332,PIFGIU,3,3
17333,XEDKAT,3,3
17334,QEZPUJ,2,2
17335,VAKXEN,3,3
17336,WEGQUU,3,3
17337,LIWXUN,2,2
17338,GUVFAG,3,3
17339,XUWZOF,1,1
17340,FESKET,1,1
17341,ZEWFAI,2,2
17342,VETBUT,3,3
17343,LULSOD,1,1
17344,HOVRAO,1,1
17345,GUQXIA,2,2
17346,KAHYUR,1,1
17347,VEFYEN,2,2
17348,VOHBAW,3,3
17349,HUJLIK,1,1
17350,VEHWIP,3,3
17351,YAQVIX,2,2
17352,WIZLAU,3,3
17353,HIDLEN,3,3
17354,TAHSAX,3,3
17355,AMETOC,3,3
17356,MUTHAN,1,1
17357,HASRIC,3,3
17358,MURLET,1,1
17359,OMEGOC,3,3
17360,PAGLES,1,1
17361,HAMTOE,2,2
17362,PEKWIO,2,2
17363,LOSXAU,2,2
17364,VEKBOE,3,3
17365,QAJBUY,2,2
17366,RUTBUD,2,2
17367,FEWYEN,3,3
17368,UVOZOV,2,2
17369,PATXAK,3,3
17370,HORWAO,2,2
17371,TUGVOH,2,2
17372,PUJQAP,1,1
17373,RELGEV,3,3
17374,EBAYEM,1,1
17375,ENEPIZ,1,1
17376,PEHRIF,3,3
17377,PUHLUA,3,3
17378,SUQSUT,3,3
17379,GIRTOU,1,1
17380,WEDHEW,1,1
17381,COGVON,1,1
17382,CATSAU,2,2
17383,SUXVIR,3,3
17384,RAFZUT,3,3
17385,COFPET,3,3
17386,JEPVIM,3,3
17387,ABERIK,1,1
17388,ALOXIJ,2,2
17389,LIJLEV,3,3
17390,DIQSIF,1,1
17391,LIBDUV,3,3
17392,NARVEI,2,2
17393,MEYZAU,3,3
17394,QIXSEY,3,3
17395,FUPPOW,3,3
17396,JAVVOS,2,2
17397,DARWOI,1,1
17398,VOBLEF,2,2
17399,DARYAZ,3,3
17400,NOMLEJ,1,1
17401,NAGFEK,1,1
17402,FUQQUF,2,2
17403,BURZOD,3,3
17404,XEJKUT,1,1
17405,AZOCAV,3,3
17406,FUYYEF,2,2
17407,VAPJIH,3,3
17408,PLASAU,3,3
17409,BAHFIC,3,3
17410,QAFTEY,3,3
17411,DUPGEA,2,2
17412,NOHMAY,2,2
17413,DAWXEI,1,1
17414,WAYJIS,2,2
17415,ACAPUQ,2,2
17416,QOQFUZ,2,2
17417,AFOZAW,1,1
17418,WIFWEO,3,3
17419,DOMTAC,3,3
17420,RUHRAO,3,3
17421,SALDUF,3,3
17422,ZOBHOP,3,3
17423,XEPDEE,3,3
17424,ONIWUF,2,2
17425,GACRAD,3,3
17426,KECBOJ,3,3
17427,CODQAN,3,3
17428,NIWHOS,2,2
17429,YIKXIB,2,2
17430,BULBAM,3,3
17431,DULYIT,1,1
17432,PIYPES,2,2
17433,QUMQUK,2,2
17434,VUHYEF,1,1
17435,COWREL,2,2
17436,CERQIB,3,3
17437,XUVKEF,3,3
17438,BIMTUN,2,2
17439,JEBFIF,1,1
17440,NOLHAY,3,3
17441,HEXYUG,1,1
17442,HAFYIA,1,1
17443,REVXEV,2,2
17444,ETUSAO,3,3
17445,ASEKIV,1,1
17446,WUHGOV,3,3
17447,ISAQAU,1,1
17448,FAHMOU,1,1
17449,CORHUM,2,2
17450,JELFIT,1,1
17451,NANFEP,2,2
17452,QOZBOY,3,3
17453,TURHUK,3,3
17454,AWUKUB,1,1
17455,AMIWEB,1,1
17456,VIDHIZ,3,3
17457,NEWMIN,3,3
17458,VULBOV,2,2
17459,PAKHIT,1,1
17460,YEKSAL,3,3
17461,BESWUU,3,3
17462,ZELSIV,2,2
17463,COFNOD,3,3
17464,SIRXAT,2,2
17465,KISTUB,2,2
17466,WECZOT,1,1
17467,IFIXAX,3,3
17468,HAPBEF,2,2
17469,KAVVOS,2,2
17470,HICNIQ,3,3
17471,ETAYON,2,2
17472,ZOWZUI,3,3
17473,OJIXEL,3,3
17474,PIJCER,2,2
17475,LAZKED,1,1
17476,WAVGEG,3,3
17477,TOCVAI,2,2
17478,POYRUQ,2,2
17479,AREYOM,1,1
17480,DAJLAC,2,2
17481,FOWGIJ,3,3
17482,NUXLEZ,3,3
17483,GOCJAM,1,1
17484,JEYFOJ,3,3
17485,CEPPOG,1,1
17486,JECBOJ,2,2
17487,PIYNOC,3,3
17488,PUQDIO,3,3
17489,QALZUZ,2,2
17490,RUWNIJ,1,1
17491,TUMHOZ,3,3
17492,UBEKIY,2,2
17493,NAKYIL,1,1
17494,ZECNAA,1,1
17495,HADZUH,2,2
17496,FAWVAA,3,3
17497,YAPWES,3,3
17498,BPPZNH,3,3
17499,BUGSAX,2,2
17500,GIZLOS,2,2
17501,CTMTCR,1,1
17502,NEHXII,3,3
17503,RAFJER,1,1
17504,YADJIW,1,1
17505,SUPYIN,2,2
17506,GULYAP,2,2
17507,TEVJEM,3,3
17508,UGOVAO,2,2
17509,ZOLVEE,3,3
17510,VOYRIM,2,2
17511,ZANTUD,2,2
17512,GUFLEA,3,3
17513,IYURUP,2,2
17514,RUQDAK,3,3
17515,XUXBOI,3,3
17516,FOYPIU,3,3
17517,RIXMER,2,2
17518,TAHHAO,2,2
17519,TOBBAN,2,2
17520,EHUSOP,2,2
17521,LUZMID,3,3
17522,DAZTOO,2,2
17523,PIVDEF,2,2
17524,MUTSAY,1,1
17525,JELHEO,1,1
17526,WAVWAS,2,2
17527,XULXEK,1,1
17528,VOMDUX,3,3
17529,HUYJEQ,2,2
17530,IGUZER,3,3
17531,PODTOT,1,1
17532,KABROV,3,3
17533,BUVFAZ,3,3
17534,ETUDAB,1,1
17535,NEMGEU,2,2
17536,BAWJER,2,2
17537,LAVSOR,1,1
17538,RIKGIE,3,3
17539,YAWWEZ,3,3
17540,KUJWAO,3,3
17541,KAYWUG,1,1
17542,NAMMIB,1,1
17543,ICECUP,3,3
17544,VOBPUZ,2,2
17545,EHOWOP,3,3
17546,IMAKOX,3,3
17547,COQMUS,2,2
17548,WENJUY,1,1
17549,MAQJAR,2,2
17550,OQEGUN,2,2
17551,NIMYUE,3,3
17552,USAPOU,2,2
17553,PILNIJ,2,2
17554,XIKFAZ,2,2
17555,CAZHAP,2,2
17556,SIXMER,1,1
17557,TELGOG,3,3
17558,DOPKUO,1,1
17559,NAGXOL,2,2
17560,MOMLOQ,2,2
17561,CIHGOR,1,1
17562,YAKLUR,3,3
17563,GOCCIO,1,1
17564,XOBFIG,3,3
17565,HAMZUS,2,2
17566,NELSEE,2,2
17567,QIJMII,3,3
17568,WIJXOC,3,3
17569,BEPRUK,2,2
17570,MICROJ,1,1
17571,TAWJAE,3,3
17572,ZUKQED,1,1
17573,XEWTAX,2,2
17574,FEKYUQ,3,3
17575,JUDPED,2,2
17576,JOXLUD,1,1
17577,RAJBIO,3,3
17578,KUPTEV,1,1
17579,MELFUH,1,1
17580,ZOPMUM,2,2
17581,SUZBAS,2,2
17582,SEPKAA,2,2
17583,CIDFIE,2,2
17584,NOKDUO,3,3
17585,ABOGOR,1,1
17586,NAGHIP,2,2
17587,ABUTOH,1,1
17588,PUKWIB,1,1
17589,KESTOU,1,1
17590,CONZOX,3,3
17591,QINHII,1,1
17592,TEMMEG,1,1
17593,ODIGAK,3,3
17594,ROKGAC,2,2
17595,PIYYON,2,2
17596,YUYHEI,1,1
17597,HOQYER,2,2
17598,KEWVIS,1,1
17599,ZECYAL,1,1
17600,HINYUZ,2,2
17601,RUJCAA,3,3
17602,YECGAP,2,2
17603,AVINUQ,3,3
17604,XIPQES,3,3
17605,REMTUZ,3,3
17606,VEKGEB,1,1
17607,VENQAK,1,1
17608,ROGVOC,1,1
17609,DUGHEU,2,2
17610,WIDHEY,2,2
17611,LEKJOB,2,2
17612,WEGHAR,3,3
17613,IDOTUT,3,3
17614,TUCSUF,1,1
17615,QASDIX,2,2
17616,IGEBEB,3,3
17617,USELOW,1,1
17618,DADNUV,1,1
17619,YEBFUJ,3,3
17620,NANTUT,2,2
17621,AGAZUE,2,2
17622,VALDOB,3,3
17623,IKUVEQ,1,1
17624,ASUSIQ,2,2
17625,LOMWUH,1,1
17626,YEKTIV,1,1
17627,OZISOI,1,1
17628,MINGEY,2,2
17629,VEBWOQ,2,2
17630,HAGSOB,1,1
17631,JECBAV,1,1
17632,BUPKAA,3,3
17633,SUXQUZ,3,3
17634,XAWYEB,1,1
17635,AYEWEG,3,3
17636,MEXWAP,3,3
17637,AZURUK,3,3
17638,OBASER,3,3
17639,QIXSIZ,3,3
17640,XOWFAR,1,1
17641,GISRIL,3,3
17642,GAQWUR,1,1
17643,REGSAX,2,2
17644,PAYQOV,2,2
17645,USUXUD,2,2
17646,SAFDEJ,1,1
17647,GABFOH,2,2
17648,MANVEC,2,2
17649,CAPDEC,3,3
17650,AWIPII,1,1
17651,KISMUW,3,3
17652,IQEGEQ,1,1
17653,GIYNEH,3,3
17654,LACXUI,3,3
17655,XIDROS,3,3
17656,IXAHIZ,2,2
17657,TABZOL,3,3
17658,FIPYEI,2,2
17659,OJABEH,3,3
17660,XUHMOC,1,1
17661,HADQIM,2,2
17662,SIXCEJ,2,2
17663,ALODUB,1,1
17664,FUMXUJ,1,1
17665,WOHYOK,2,2
17666,QIWNAM,1,1
17667,GECVOC,3,3
17668,VASDUS,1,1
17669,TIZWEE,3,3
17670,AZASID,3,3
17671,SEQVEP,2,2
17672,UYEPOE,3,3
17673,EPPTPD,2,2
17674,CIGDAA,3,3
17675,RUJDIL,1,1
17676,ASERIC,1,1
17677,KARCEL,2,2
17678,PIMCIX,1,1
17679,SUFKAH,3,3
17680,HUPTAQ,1,1
17681,DOTRIP,3,3
17682,GIFPUI,3,3
17683,VUXFAX,2,2
17684,KIFFAG,2,2
17685,KIRYUG,1,1
17686,KECBAV,1,1
17687,PIXSIZ,3,3
17688,KINLIC,1,1
17689,IZORIZ,2,2
17690,BOFPIW,3,3
17691,QAPSUV,3,3
17692,ZEJWAO,3,3
17693,NOXNUL,2,2
17694,LIXRER,2,2
17695,DAJREO,3,3
17696,RAGYOP,2,2
17697,NIKHEU,1,1
17698,CPASRU,2,2
17699,KUFQOU,1,1
17700,KASYIP,3,3
17701,FILBUA,3,3
17702,KEYFAV,2,2
17703,QAHDOT,3,3
17704,DAZZOW,3,3
17705,UNAKAX,1,1
17706,OVEWOC,1,1
17707,WUMQEC,2,2
17708,PADKEO,1,1
17709,ISAQOI,1,1
17710,ZIPJUF,1,1
17711,ASELAL,2,2
17712,TIMJUU,1,1
17713,FOCMIW,3,3
17714,SITBAB,3,3
17715,FICJEH,1,1
17716,ZISXUU,3,3
17717,MAJJIU,1,1
17718,XEKJAY,3,3
17719,TOBBOE,3,3
17720,SAZTES,2,2
17721,WOGDEC,3,3
17722,DOPWIP,3,3
17723,BIGDAA,1,1
17724,LOFTIM,3,3
17725,XUTSAI,3,3
17726,TUZGON,1,1
17727,VUMHIU,1,1
17728,VIQSUJ,2,2
17729,COQQIL,2,2
17730,NEPMED,2,2
17731,DIYWAM,2,2
17732,IDATUF,3,3
17733,BUHPOK,2,2
17734,NADMEM,3,3
17735,KEHSAT,2,2
17736,YITZEK,1,1
17737,USUJIC,3,3
17738,EHIXUP,2,2
17739,JUKMAG,1,1
17740,LUNBUS,2,2
17741,POBLUN,3,3
17742,NAMJAO,2,2
17743,XUBFAB,2,2
17744,VUCQEQ,2,2
17745,MAYKUS,3,3
17746,PERSOU,2,2
17747,ICINIS,2,2
17748,KOXWOJ,1,1
17749,ZACHUJ,2,2
17750,DEFLUY,2,2
17751,MARHIA,1,1
17752,OFOWEL,2,2
17753,SIBLUL,2,2
17754,JIZQEP,1,1
17755,KUCNAA,1,1
17756,QEBPUK,3,3
17757,HOZZUT,3,3
17758,FANBUU,3,3
17759,PEFWOP,3,3
17760,MEJNIY,2,2
17761,LATKIB,3,3
17762,HILDOW,3,3
17763,IYUGAM,3,3
17764,OHOQOU,1,1
17765,CEWYIP,2,2
17766,IGOWAD,1,1
17767,PIGQIG,2,2
17768,TOXDUI,1,1
17769,ABITEN,2,2
17770,KALLIW,1,1
17771,RODDOG,2,2
17772,VUGDAE,3,3
17773,FIDTOF,1,1
17774,BEVJOF,1,1
17775,BIMHIQ,2,2
17776,JEJREY,2,2
17777,YAMCOE,2,2
17778,YAQZEV,2,2
17779,EZOHIK,2,2
17780,RURHET,3,3
17781,MIZJOV,3,3
17782,YOMYUW,3,3
17783,USAPAI,1,1
17784,YAPPOV,3,3
17785,WUDMUD,2,2
17786,JOCGOZ,2,2
17787,MUCKAW,3,3
17788,GAHJEG,2,2
17789,EYAGIV,3,3
17790,SULPIB,1,1
17791,KOMWIT,3,3
17792,OWAWIU,2,2
17793,ZAHNUR,2,2
17794,HILCIQ,2,2
17795,GEFNEN,3,3
17796,VIZNAW,3,3
17797,NIPXER,2,2
17798,QUBGAY,1,1
17799,QUGQEP,2,2
17800,OGIVEH,3,3
17801,FEDTUF,3,3
17802,RIXDAD,3,3
17803,YAPGOL,2,2
17804,DOFPUK,3,3
17805,HIGBOO,3,3
17806,UZASEW,1,1
17807,SERSEN,1,1
17808,DGAMCO,2,2
17809,DOMDIT,3,3
17810,PEHPID,3,3
17811,BUWGUW,3,3
17812,QEMVIN,2,2
17813,PEMDUI,3,3
17814,HOHHOD,3,3
17815,YIQRIZ,2,2
17816,VIBLAT,3,3
17817,BOLPUO,3,3
17818,OMUZEC,3,3
17819,CIVVEM,1,1
17820,ZIHMIO,2,2
17821,ZOZFUP,3,3
17822,YUFDEL,1,1
17823,EPEFIQ,3,3
17824,MITDAW,1,1
17825,MIJLIB,1,1
17826,SIQHUW,2,2
17827,VINJAE,2,2
17828,BUYROD,2,2
17829,EXEPOM,2,2
17830,MOGWIP,1,1
17831,TURSOR,1,1
17832,HAMVOG,3,3
17833,EFAFIB,1,1
17834,POQSAP,3,3
17835,XUHXUU,2,2
17836,QEBBIL,3,3
17837,POJDEY,3,3
17838,MECPAM,1,1
17839,FACGUN,2,2
17840,HUCKUO,1,1
17841,QUWGEX,1,1
17842,CUMVOV,1,1
17843,NEDGIM,2,2
17844,POQZIE,3,3
17845,BERQEV,2,2
17846,FERDIP,2,2
17847,TOHNEJ,1,1
17848,WUTLUV,1,1
17849,QIHBOC,1,1
17850,OKOPAI,1,1
17851,EDALOL,3,3
17852,XOCBAW,1,1
17853,KEFHUC,1,1
17854,GAMLEM,2,2
17855,JAPREB,1,1
17856,RAZJOT,3,3
17857,OKAKUI,1,1
17858,XOFCED,3,3
17859,VUDMUD,1,1
17860,VEMVUE,1,1
17861,INOZIV,3,3
17862,EJUWIQ,3,3
17863,HIJWIH,2,2
17864,DEMXIF,1,1
17865,GAJGUU,3,3
17866,WUJPOI,3,3
17867,FOGYEH,3,3
17868,GUZZEI,3,3
17869,AZALIW,2,2
17870,HEXSAI,1,1
17871,ZIGHEE,3,3
17872,TOWSED,2,2
17873,BALKEI,1,1
17874,TUFQAM,3,3
17875,LARYEI,2,2
17876,LIBGIM,2,2
17877,AZIFAS,3,3
17878,LAMROI,3,3
17879,AWUMUD,1,1
17880,RIYCUX,2,2
17881,IWULUH,3,3
17882,NENJIA,3,3
17883,UNOCAC,2,2
17884,GAMMOY,3,3
17885,ZIRXEG,2,2
17886,FEPZOQ,2,2
17887,EGEYOG,2,2
17888,VUVNAC,1,1
17889,FISTEI,1,1
17890,QEVYIZ,2,2
17891,PEBZON,1,1
17892,FOTTOY,3,3
17893,MAZTIT,2,2
17894,RABPIU,1,1
17895,NAZJIH,3,3
17896,ZEXHET,1,1
17897,WIYSEC,3,3
17898,KEXZAO,2,2
17899,YIBWAJ,3,3
17900,JOJFEU,1,1
17901,CIGLAH,3,3
17902,VACHIU,1,1
17903,DELCON,2,2
17904,AHACES,3,3
17905,OHEBEI,1,1
17906,XAGNOI,3,3
17907,DIZVUE,3,3
17908,IDAPAG,3,3
17909,LISRIO,2,2
17910,FIQBAI,3,3
17911,IHOLIA,3,3
17912,YIJZOH,2,2
17913,IKOMEB,2,2
17914,DEXYEL,3,3
17915,TULXUW,1,1
17916,YORHAQ,2,2
17917,EQICAL,1,1
17918,CUFQEZ,3,3
17919,COZMUZ,3,3
17920,WIKTER,1,1
17921,ROMRER,3,3
17922,PAJHUE,3,3
17923,YOJFUZ,2,2
17924,SUYXOB,3,3
17925,VOWTIN,1,1
17926,WUPDIU,3,3
17927,OFULEH,3,3
17928,ADAFAQ,1,1
17929,HIYKOQ,2,2
17930,TEXLEN,1,1
17931,HIVJUR,3,3
17932,ZELGUW,1,1
17933,WEYQEX,1,1
17934,GOTTOY,2,2
17935,NULNEN,1,1
17936,BAMCUR,1,1
17937,ECOZUU,3,3
17938,ZICTIS,1,1
17939,JECFUW,1,1
17940,BEDLEC,2,2
17941,GAQSAS,2,2
17942,XIVHUJ,1,1
17943,JEXZAO,3,3
17944,EZUVUR,2,2
17945,UGUZOM,3,3
17946,QIRYOG,3,3
17947,VEZJOA,2,2
17948,PANHIX,2,2
17949,RESVIV,3,3
17950,WOSFIT,1,1
17951,KEZBIC,3,3
17952,VAGTEC,3,3
17953,ZIDDOF,2,2
17954,ECEZIZ,1,1
17955,CUHFER,2,2
17956,VADFEP,1,1
17957,KEBNEL,2,2
17958,DUYFAE,1,1
17959,TITTUO,2,2
17960,UDETOP,3,3
17961,UMENEG,2,2
17962,IWUWAZ,3,3
17963,JAGKAD,2,2
17964,WIBCES,3,3
17965,POPTUL,2,2
17966,ROJKIM,3,3
17967,FIPHIV,1,1
17968,RELZEP,2,2
17969,ZENDII,3,3
17970,SOXBEP,2,2
17971,TACFOU,2,2
17972,OQECOD,3,3
17973,APONAX,1,1
17974,KEXVUG,3,3
17975,VOWFUI,2,2
17976,YIVSAX,2,2
17977,FIYZUJ,2,2
17978,VUMGOZ,2,2
17979,YENMIO,2,2
17980,POPCUV,3,3
17981,QUGWIB,1,1
17982,MERCOB,2,2
17983,BODPEQ,3,3
17984,ZIKWIB,2,2
17985,NAPFAO,3,3
17986,CEGGIF,2,2
17987,XADBEJ,2,2
17988,UTODAK,2,2
17989,MIFBIM,2,2
17990,DEPCIK,3,3
17991,ZIWBUF,2,2
17992,HEYPAC,2,2
17993,XEHYIV,3,3
17994,EWUVUN,3,3
17995,DEYFUM,1,1
17996,QICLOE,3,3
17997,XACRAW,3,3
17998,INABOQ,2,2
17999,FUVLAL,1,1
18000,BAFGOF,1,1
18001,MURHIS,2,2
18002,ELENEO,3,3
18003,WAWKOV,1,1
18004,CAQVIA,3,3
18005,GUSJAF,2,2
18006,ICEGOM,3,3
18007,DAWWOR,1,1
18008,SELFUL,3,3
18009,OGOMAA,3,3
18010,LEYROW,3,3
18011,XEFNII,3,3
18012,WUKQUO,3,3
18013,HACGAU,3,3
18014,MILWOT,3,3
18015,ZIWNAY,1,1
18016,TEBTUR,2,2
18017,XALFAU,3,3
18018,CIVPIH,1,1
18019,AKEGIG,2,2
18020,TAZRUJ,2,2
18021,PIKVAJ,3,3
18022,EPOLOL,3,3
18023,SIHTOV,2,2
18024,QIYVEB,3,3
18025,RAPWIS,1,1
18026,TOWXUB,1,1
18027,BELFOO,3,3
18028,FEXNOM,2,2
18029,OQILEH,3,3
18030,KIMDUI,2,2
18031,ALEKOU,1,1
18032,PUBTUB,2,2
18033,MECCUV,2,2
18034,IFAJAB,3,3
18035,NIWPER,2,2
18036,MUGHOM,3,3
18037,CAGSOV,3,3
18038,JOGSAZ,3,3
18039,XIYPAW,3,3
18040,SAKNAV,1,1
18041,BAWKAM,3,3
18042,FACCAO,2,2
18043,NIWGEH,2,2
18044,HIMMUO,3,3
18045,ZASSIV,1,1
18046,XUDDIJ,2,2
18047,YANWAL,2,2
18048,WOCNAD,3,3
18049,KAKCOQ,3,3
18050,ZOCDEA,2,2
18051,ZUNQEH,1,1
18052,EMEGUY,2,2
18053,XIKGEE,1,1
18054,MUVTEE,3,3
18055,EREDOV,3,3
18056,QEKDER,2,2
18057,KAYZEP,2,2
18058,ISICAO,3,3
18059,HUBBOW,3,3
18060,QIHJOJ,3,3
18061,EJUHIB,2,2
18062,TUCWAP,1,1
18063,VIYDEN,2,2
18064,OFAHEM,1,1
18065,IVIRAI,3,3
18066,MITRIQ,1,1
18067,IRAREZ,2,2
18068,EYEDES,3,3
18069,QEKSEH,2,2
18070,JEVVUB,3,3
18071,NEXMUZ,3,3
18072,SAJZAF,3,3
18073,REYVUN,2,2
18074,BOFHOU,2,2
18075,WOYFUL,3,3
18076,DETQIF,1,1
18077,POSZEC,3,3
18078,PUBVOY,2,2
18079,QIDBAH,3,3
18080,NUMJAJ,1,1
18081,LITKEG,3,3
18082,HOSRUF,1,1
18083,MEXXEW,1,1
18084,SIWQIZ,2,2
18085,VUWTOW,3,3
18086,XANWAL,3,3
18087,PAHREZ,1,1
18088,YOMJAL,2,2
18089,IJOSUY,1,1
18090,HOQXAM,2,2
18091,LUKYOF,2,2
18092,OPOTIZ,1,1
18093,XEZWAE,1,1
18094,EPENIX,2,2
18095,CEQRIZ,2,2
18096,HAFHIJ,1,1
18097,ROMLOU,3,3
18098,CABLAU,3,3
18099,DURWAP,3,3
18100,HIVVEN,2,2
18101,FOHCIQ,2,2
18102,IRUQAQ,1,1
18103,AMALOR,3,3
18104,ETEDEO,2,2
18105,WEGGEU,2,2
18106,PEVGAB,2,2
18107,TAKBIU,1,1
18108,KASFIT,2,2
18109,SIJROU,3,3
18110,KAWSAC,1,1
18111,HOJJUM,3,3
18112,WOCGEE,1,1
18113,MUJDIH,1,1
18114,ZOGXEC,1,1
18115,GADSIQ,2,2
18116,ORUDIP,3,3
18117,PILHEX,1,1
18118,HAJWIY,3,3
18119,MABXIX,2,2
18120,VUPJIZ,2,2
18121,MIMCAO,3,3
18122,MIKGEU,3,3
18123,LALHOV,2,2
18124,YEMFII,3,3
18125,FIRYEL,1,1
18126,ROHZEW,2,2
18127,ZEJQAI,3,3
18128,VOYSAF,3,3
18129,HISWOV,1,1
18130,KIJHOC,2,2
18131,TEHCES,1,1
18132,VAWBIH,1,1
18133,ADURIC,2,2
18134,BAQQAL,2,2
18135,PIPHAB,1,1
18136,VEQLAE,2,2
18137,TIZHIU,2,2
18138,COZFIH,3,3
18139,DITDES,3,3
18140,KAMYOP,3,3
18141,SOKFIH,1,1
18142,BIQNOE,2,2
18143,AGAGAQ,2,2
18144,IGAHON,2,2
18145,TARSAK,1,1
18146,KAPJOC,3,3
18147,OGIYOS,1,1
18148,BIBTEN,3,3
18149,LOFRIK,1,1
18150,TELQEI,3,3
18151,FOWVEU,2,2
18152,PUTMOJ,1,1
18153,CIQGEO,3,3
18154,COBVUL,3,3
18155,TUGBIG,2,2
18156,YEKKEF,1,1
18157,JURJAH,2,2
18158,ITEWAH,2,2
18159,NIKRUX,2,2
18160,YISWUU,3,3
18161,KEJHUC,3,3
18162,QEFVIG,3,3
18163,GOBMUF,2,2
18164,ZODMAI,3,3
18165,BALYUM,1,1
18166,IGEDED,1,1
18167,KULROA,3,3
18168,TADJUH,1,1
18169,OFESAV,1,1
18170,SUHDII,2,2
18171,QONGEH,3,3
18172,RABWAO,2,2
18173,BAMVAO,3,3
18174,KABDEX,3,3
18175,NEMHAR,2,2
18176,TUXGOK,2,2
18177,FAYGOD,2,2
18178,FIHTOF,2,2
18179,PUHMIO,1,1
18180,AGICEY,3,3
18181,HAKDOO,2,2
18182,ZAHTEH,1,1
18183,QAKYEK,1,1
18184,GOLVAF,3,3
18185,XUCTAT,1,1
18186,UCAVUP,2,2
18187,FIJGUD,2,2
18188,XEKKEF,3,3
18189,CAHNIJ,2,2
18190,HABFUO,3,3
18191,ETUWUN,2,2
18192,QUMLOC,1,1
18193,JOVFOS,2,2
18194,NOXSAX,1,1
18195,IGEXUO,2,2
18196,JEJHUC,1,1
18197,HUDXOV,3,3
18198,AHIYEW,1,1
18199,COLJEU,2,2
18200,NAJWUR,1,1
18201,RACDEF,2,2
18202,QAQVUZ,2,2
18203,MADRAN,3,3
18204,JURMEQ,2,2
18205,QIJRIM,3,3
18206,XUVZIY,3,3
18207,EMAWAS,3,3
18208,VEKDUM,3,3
18209,IBUMIF,1,1
18210,DIHHUA,3,3
18211,DEKJIN,2,2
18212,YIVFUE,2,2
18213,GITCIY,2,2
18214,DUQGUS,2,2
18215,AJUZOV,2,2
18216,WANDOG,3,3
18217,LOHLAV,1,1
18218,OLOZEU,3,3
18219,JUCQON,1,1
18220,EDUGER,3,3
18221,MATMID,3,3
18222,TAJVEF,3,3
18223,GIRPOQ,1,1
18224,YAHMAZ,1,1
18225,UFIQOQ,3,3
18226,YATZEZ,2,2
18227,REFVAC,3,3
18228,JEPWAF,3,3
18229,CIMNIW,3,3
18230,NAFJAF,2,2
18231,YAZTID,2,2
18232,AGIDAW,3,3
18233,RIHJIE,1,1
18234,LUVTIF,2,2
18235,BIZQAC,2,2
18236,VIBDOA,3,3
18237,CEPFEI,2,2
18238,TAWNUD,3,3
18239,IQAZOP,2,2
18240,BARTAR,2,2
18241,BAQHOR,3,3
18242,ZETYIK,1,1
18243,ORIQUC,2,2
18244,HAFFIE,3,3
18245,LIGFAJ,3,3
18246,WEHJEB,3,3
18247,TIKZOF,2,2
18248,TENPAD,2,2
18249,PUMKIR,2,2
18250,CURPUA,2,2
18251,PAXMAD,2,2
18252,BUCGOX,2,2
18253,GUSHUA,1,1
18254,DUXLEN,2,2
18255,RARXOY,1,1
18256,IMACOQ,2,2
18257,RAQJOJ,3,3
18258,MASSAB,1,1
18259,ABAXOS,2,2
18260,GUZJOA,3,3
18261,HEDTOA,2,2
18262,COYJAC,1,1
18263,AWOBIA,1,1
18264,TAJJUM,3,3
18265,IDUMAW,1,1
18266,HIJFIT,1,1
18267,LECFEH,1,1
18268,MUZKEA,1,1
18269,CISXIM,3,3
18270,VUPMOK,3,3
18271,ZIKPAO,1,1
18272,YETWOK,1,1
18273,LAQLOH,3,3
18274,WOWJOJ,3,3
18275,QEWJAG,3,3
18276,EQOGIB,3,3
18277,UGUCOO,2,2
18278,FEFHEH,1,1
18279,ELAKIL,2,2
18280,GIHDIM,3,3
18281,LUWRUQ,1,1
18282,BAZNOJ,1,1
18283,ATUGEB,3,3
18284,XIWGOC,1,1
18285,DOQRIK,2,2
18286,ONOKUA,1,1
18287,ATOZIT,2,2
18288,HINFUI,3,3
18289,HEFROB,1,1
18290,HEKBUX,2,2
18291,LEHGAI,3,3
18292,DODBII,3,3
18293,JIZWEV,3,3
18294,JIFNOE,1,1
18295,EYAQOL,3,3
18296,LOYYAC,1,1
18297,HONCAR,2,2
18298,OKIKIC,3,3
18299,XAFVUZ,1,1
18300,ZEVXON,2,2
18301,VUKJOA,1,1
18302,OYUMIH,1,1
18303,XAKHAS,1,1
18304,YEBWUA,1,1
18305,OFAHIN,2,2
18306,FANSUI,3,3
18307,WELVIT,2,2
18308,ZUNQIK,3,3
18309,SIXNUJ,3,3
18310,HITBUI,1,1
18311,LEQQAZ,1,1
18312,GAXDOY,3,3
18313,JOLBOD,3,3
18314,CUKSOS,2,2
18315,ENUKAC,1,1
18316,XOMMIV,1,1
18317,SUSQUS,2,2
18318,ROGWIT,1,1
18319,TUVNED,3,3
18320,ZOQTII,2,2
18321,GOZJIO,3,3
18322,NOPNIQ,3,3
18323,OCUXUG,1,1
18324,CIMWEA,2,2
18325,SOQGUB,3,3
18326,TINLIP,1,1
18327,KAFVEU,3,3
18328,YAKSUA,2,2
18329,FAJVUI,2,2
18330,HAGRIU,1,1
18331,COPSOQ,1,1
18332,HOWKIN,2,2
18333,DOSFUO,3,3
18334,ZUKYEM,1,1
18335,WUVGEB,1,1
18336,NEXFIH,2,2
18337,SEHFER,3,3
18338,VUCGAC,2,2
18339,JAFQAL,1,1
18340,AJOPAR,2,2
18341,ETAMIV,2,2
18342,VATYUK,2,2
18343,FUVPIV,2,2
18344,COXRAI,2,2
18345,ROBSEH,2,2
18346,QUDBUN,2,2
18347,MIGJAP,1,1
18348,TEYCIJ,3,3
18349,REWTUI,2,2
18350,FIWSEK,3,3
18351,COTMOQ,3,3
18352,DASPOG,1,1
18353,CUCKOB,3,3
18354,DIFVIY,3,3
18355,CORGEX,3,3
18356,GUJWIU,1,1
18357,BARHEK,1,1
18358,REXWUQ,1,1
18359,SUVWAK,1,1
18360,UQEKOT,1,1
18361,AYUBON,1,1
18362,NOGFUM,1,1
18363,VIYHIW,2,2
18364,VIKQAI,2,2
18365,WAPGAY,3,3
18366,ENEJUC,3,3
18367,SOKSES,3,3
18368,FIGBAZ,2,2
18369,DELFIJ,3,3
18370,GOSHEB,3,3
18371,XIQXIF,3,3
18372,PEDYUT,3,3
18373,VAZLOX,1,1
18374,ESIRII,3,3
18375,ZUKBEM,1,1
18376,QEDBAF,3,3
18377,INIDIS,3,3
18378,ALABAS,3,3
18379,ROHXIV,2,2
18380,EYEXOV,3,3
18381,UPIQER,3,3
18382,MAZVIV,2,2
18383,KENTOO,3,3
18384,FISVEK,3,3
18385,XUWLEH,2,2
18386,VOXROR,2,2
18387,ZITPOL,1,1
18388,QEKVAD,2,2
18389,XIDXOX,1,1
18390,LOJJUP,2,2
18391,FADVAI,3,3
18392,NIPREN,1,1
18393,ZOJQEU,2,2
18394,AREMIU,1,1
18395,NIVXOG,1,1
18396,KEVCUM,3,3
18397,GOKTOQ,2,2
18398,PECNUG,1,1
18399,GOHFOB,1,1
18400,MODVEI,3,3
18401,FAQHOX,2,2
18402,OZOXUZ,1,1
18403,CIJGUY,3,3
18404,KATZAG,3,3
18405,QICNOG,3,3
18406,MILWUZ,3,3
18407,TULHIR,2,2
18408,IHEKIQ,3,3
18409,HAJLIN,2,2
18410,TAZROD,1,1
18411,ZOWKOL,1,1
18412,KEQFIY,3,3
18413,QEDYUT,3,3
18414,PICPEW,2,2
18415,AQAYAU,2,2
18416,LIXXEY,3,3
18417,REWQIT,3,3
18418,BINBUY,2,2
18419,CUFTAA,2,2
18420,EKARAM,1,1
18421,XIBKIG,1,1
18422,FUGKEX,2,2
18423,ETOSAK,1,1
18424,MABTIU,3,3
18425,FEXREH,2,2
18426,BUWZUQ,1,1
18427,WAVDAZ,2,2
18428,COMYUY,1,1
18429,PERWAM,2,2
18430,YIGDAX,1,1
18431,HIBNOY,3,3
18432,BENLAJ,3,3
18433,SUXNOP,3,3
18434,BAYGOY,1,1
18435,EHOTIE,2,2
18436,UKEBAO,3,3
18437,WAYNIW,1,1
18438,GOBCOP,2,2
18439,ENEHOX,1,1
18440,ONAGUI,1,1
18441,FOQPOQ,3,3
18442,QEHCEN,3,3
18443,QAYBAT,2,2
18444,ZECFUM,1,1
18445,QACQAN,3,3
18446,VUDGUX,3,3
18447,OMOHUT,3,3
18448,DISHEW,1,1
18449,BEMGOP,3,3
18450,SIWZAZ,2,2
18451,KIXTOE,1,1
18452,WEYSEZ,2,2
18453,CPMOTS,1,1
18454,DEQROH,2,2
18455,CAQSOE,3,3
18456,NURSOK,2,2
18457,ZONTEB,2,2
18458,UZIMEW,3,3
18459,LEXZEU,1,1
18460,ROKMOT,2,2
18461,JODCAK,1,1
18462,REHDIS,3,3
18463,YILRET,3,3
18464,WOKQIX,1,1
18465,HIXHUU,3,3
18466,NUPWUS,3,3
18467,EFORAT,2,2
18468,AGUXAC,2,2
18469,OPIBIA,2,2
18470,CILFOV,3,3
18471,XOMQOG,2,2
18472,SUNYUW,3,3
18473,KANNES,2,2
18474,VEMPAF,1,1
18475,COFZIK,1,1
18476,GEWQEG,3,3
18477,CIZCIA,3,3
18478,TIHQUY,3,3
18479,XAWXUO,1,1
18480,XOPBOT,1,1
18481,LITGII,1,1
18482,JERDOA,3,3
18483,GISQAE,1,1
18484,LEFLEO,1,1
18485,IYEWUF,2,2
18486,ALENIQ,2,2
18487,BUNNON,3,3
18488,OLEZOW,2,2
18489,MIPLEE,2,2
18490,SAVFON,2,2
18491,VEZVED,3,3
18492,BOTXUG,3,3
18493,RIZDUD,1,1
18494,UGIFAR,1,1
18495,KAFZEX,2,2
18496,YOSYEM,2,2
18497,JUTKOB,1,1
18498,ADUGEO,3,3
18499,ETZMNI,3,3
18500,YORTIK,2,2
18501,BODKIR,3,3
18502,HIHRAU,2,2
18503,XIRMOD,2,2
18504,ELELEM,2,2
18505,SAZNAL,2,2
18506,VEJGAU,3,3
18507,BAFKAW,3,3
18508,FUVNAN,3,3
18509,CALNAE,1,1
18510,SIWJEN,1,1
18511,OZEXIB,2,2
18512,QADJUB,2,2
18513,YEFRAD,3,3
18514,MOWYUT,2,2
18515,CENWUO,1,1
18516,RIZHAL,3,3
18517,MIXQOD,1,1
18518,DENPOB,1,1
18519,DETCOX,2,2
18520,UPOYUW,1,1
18521,CERBIK,2,2
18522,JIDCIM,1,1
18523,WEQGEF,2,2
18524,LEDJEL,3,3
18525,DIZQIM,1,1
18526,SOYMIC,3,3
18527,XOPWUU,2,2
18528,AJUTUW,2,2
18529,QUZVOX,3,3
18530,RIVWOT,1,1
18531,UDOMEG,3,3
18532,BEXGIY,1,1
18533,MIRJEF,1,1
18534,JITPUX,2,2
18535,HUYNEU,1,1
18536,XOGCOO,2,2
18537,NAYCEX,1,1
18538,IZEXUI,3,3
18539,QIRKIN,3,3
18540,NELYIM,1,1
18541,OVESAL,3,3
18542,HAMKOV,3,3
18543,SOWTEG,2,2
18544,TOHXUJ,2,2
18545,YURDIY,1,1
18546,VELZIY,3,3
18547,AHAQAE,1,1
18548,ERURUG,3,3
18549,BOGKUF,3,3
18550,MENSUU,3,3
18551,AWOYIV,2,2
18552,PIZZUX,1,1
18553,AFUZAD,1,1
18554,WIQKIQ,2,2
18555,DEFJAZ,3,3
18556,YOGVUN,3,3
18557,BOFJOW,3,3
18558,YOJFOT,2,2
18559,CIMKAO,1,1
18560,WOWHAT,3,3
18561,RETJAE,2,2
18562,KAQGUH,1,1
18563,NOKLAC,3,3
18564,KICFUY,3,3
18565,NITNIO,3,3
18566,ADUNOE,3,3
18567,RUPXUW,3,3
18568,KERDOA,1,1
18569,DULZOA,3,3
18570,XEYNIA,3,3
18571,IDIVEZ,2,2
18572,HUJDIB,3,3
18573,BEWMAT,3,3
18574,VEKMIJ,1,1
18575,FEDLIJ,3,3
18576,VELDAV,1,1
18577,TOXBAJ,2,2
18578,FATNOE,1,1
18579,PENNEB,1,1
18580,YIPGUD,1,1
18581,ABOXUO,1,1
18582,ATUREM,3,3
18583,GILJAM,2,2
18584,COXGUT,3,3
18585,ZIRJOZ,2,2
18586,REPHIH,1,1
18587,TOSTIE,3,3
18588,DAQXOK,2,2
18589,QIWMEP,2,2
18590,YUDXOL,2,2
18591,TIQLIO,3,3
18592,FIMWIH,1,1
18593,WOCYUL,3,3
18594,DECREK,2,2
18595,WEGWUD,2,2
18596,MOKROT,2,2
18597,LOFPII,1,1
18598,KIMJOH,2,2
18599,POSVEY,2,2
18600,HUHBEU,1,1
18601,YAXBUU,2,2
18602,XAFVOT,1,1
18603,ICONOE,3,3
18604,HAWXAG,3,3
18605,MUPBIJ,2,2
18606,SADQEW,3,3
18607,GOSVAN,2,2
18608,IWOQOD,1,1
18609,AROXAG,3,3
18610,ABAJIZ,3,3
18611,IVASOQ,1,1
18612,TEBZOS,3,3
18613,XIWBIP,3,3
18614,XEKGIH,1,1
18615,IRELEZ,1,1
18616,ZESKOK,2,2
18617,XOXFEW,2,2
18618,XOGMOW,2,2
18619,DUKMAY,1,1
18620,JAMREX,3,3
18621,FIKZEG,3,3
18622,RIVYOL,2,2
18623,JOWPOA,3,3
18624,UNAVOU,2,2
18625,HUWYII,3,3
18626,YICXAM,2,2
18627,WOFSAN,3,3
18628,LATJUL,2,2
18629,FUMPAF,1,1
18630,BENKIP,3,3
18631,HAYCUG,2,2
18632,YIGCIB,2,2
18633,FOYJOU,3,3
18634,WAMTOV,1,1
18635,OLUKEM,3,3
18636,ROMBUT,3,3
18637,ICUCEO,3,3
18638,LILRED,3,3
18639,VEFVOU,2,2
18640,VEKFUO,3,3
18641,YAKFUN,2,2
18642,QEQROX,1,1
18643,NABJEJ,1,1
18644,APXCBU,2,2
18645,QAQTUX,1,1
18646,DAMFAA,2,2
18647,GUPTAO,3,3
18648,DAMHOR,3,3
18649,NUFPEK,1,1
18650,ISAWUV,1,1
18651,HUGFAT,1,1
18652,GOYMIS,1,1
18653,LANBAD,3,3
18654,NOLNUZ,3,3
18655,MOBROO,1,1
18656,NOGTEI,2,2
18657,COCKEO,1,1
18658,EJAGOL,3,3
18659,JOXFUX,3,3
18660,CEVLUN,3,3
18661,NECZEA,2,2
18662,LOTNEN,3,3
18663,IZODUY,2,2
18664,PAYRIT,3,3
18665,LABZIZ,3,3
18666,FARSIB,3,3
18667,LEVMII,3,3
18668,FORNUV,3,3
18669,BUFMAT,1,1
18670,ABEVEL,3,3
18671,COMBOW,3,3
18672,NILBIT,3,3
18673,IBOLOB,2,2
18674,PAHYAY,2,2
18675,EBUGUE,3,3
18676,USINOB,1,1
18677,ECUGOY,3,3
18678,CEPCAE,3,3
18679,WACJET,1,1
18680,CISCEN,3,3
18681,VAQTIS,3,3
18682,BIYQEF,2,2
18683,IFEJIM,3,3
18684,LIDQEU,2,2
18685,TOTQUQ,3,3
18686,MEVHUT,3,3
18687,ALUXEM,3,3
18688,IGEFEF,3,3
18689,TAPWAJ,3,3
18690,POMGAZ,3,3
18691,VIHCOF,2,2
18692,HUVSAV,1,1
18693,FUTVEV,3,3
18694,XOSNIC,1,1
18695,TEXWEY,3,3
18696,ETATIC,1,1
18697,XETRIX,1,1
18698,DOSXEQ,1,1
18699,HIZLAF,1,1
18700,IFIBEG,2,2
18701,JIQCAO,3,3
18702,XIWKAR,3,3
18703,HUNFAX,1,1
18704,DEPHOW,3,3
18705,XIYGUH,1,1
18706,GIHFIO,2,2
18707,TIZMOF,2,2
18708,KIXTAN,2,2
18709,RUWJEZ,2,2
18710,BERBEH,3,3
18711,EXEDIU,3,3
18712,FAPBIL,1,1
18713,QAXCUN,3,3
18714,OJEZIM,2,2
18715,IWAXEK,2,2
18716,KIQSEL,3,3
18717,FEBSUA,3,3
18718,SANMID,2,2
18719,RAFWEC,2,2
18720,FELFOR,2,2
18721,CISZIO,2,2
18722,SOZXAJ,1,1
18723,CEKDAX,1,1
18724,DEKMUF,1,1
18725,XUJHIU,1,1
18726,LUVFOX,3,3
18727,FOWCEZ,2,2
18728,KANYIJ,1,1
18729,COFMER,1,1
18730,AHETOY,1,1
18731,EPUMEK,1,1
18732,KIBPAN,2,2
18733,DAJJUW,3,3
18734,DOMPOL,3,3
18735,AQICAF,2,2
18736,VELDOJ,1,1
18737,KASCAL,2,2
18738,GEGBUQ,3,3
18739,VOVLID,3,3
18740,XORDAK,2,2
18741,OYEYIB,2,2
18742,BAGFAR,2,2
18743,DUYCIJ,2,2
18744,TASBEW,2,2
18745,EPAWOI,3,3
18746,RADXOJ,3,3
18747,BIYVAH,3,3
18748,MOSNEP,2,2
18749,VIXLAP,2,2
18750,ZAJLUU,3,3
18751,OVILAH,1,1
18752,XIQDUY,2,2
18753,FOJGES,2,2
18754,YABZEI,2,2
18755,FOSFEZ,3,3
18756,XIYLEY,1,1
18757,RUCPOX,1,1
18758,HIJTOJ,3,3
18759,DPMCPD,3,3
18760,YEPGOS,3,3
18761,CIMLIU,2,2
18762,CEZQAZ,2,2
18763,IVEFIZ,3,3
18764,MIXFAB,3,3
18765,GECGUQ,3,3
18766,WALNAB,1,1
18767,TAJTED,3,3
18768,EGOYEE,3,3
18769,INUHUU,1,1
18770,RUJWIE,3,3
18771,VESQOZ,2,2
18772,SAZYOJ,2,2
18773,YUTNOS,3,3
18774,YERXAY,1,1
18775,QAKPUO,2,2
18776,JUQJEM,2,2
18777,NUCFAU,3,3
18778,ASAVUM,3,3
18779,JEXQEL,2,2
18780,KUXJEV,1,1
18781,VUQKIE,1,1
18782,XOBLIL,2,2
18783,GAJQIV,1,1
18784,YIJQIT,2,2
18785,BEZXIO,3,3
18786,UKUCOV,1,1
18787,FORREJ,2,2
18788,MUZNAZ,1,1
18789,SIDPAY,3,3
18790,NOMXOF,3,3
18791,YOQHIW,3,3
18792,FESDOX,2,2
18793,DARCEE,2,2
18794,XUCHIN,3,3
18795,JIWYOE,1,1
18796,XIMHEK,1,1
18797,XEJSIO,2,2
18798,DOKSOO,2,2
18799,MAQNOJ,2,2
18800,VIHMAB,2,2
18801,RATWAK,2,2
18802,YAPSIT,2,2
18803,KEFWAU,3,3
18804,YIYLEY,1,1
18805,FUGLOJ,3,3
18806,LUCTUA,2,2
18807,VOHHUY,3,3
18808,FERNEX,1,1
18809,YISNAR,2,2
18810,COTMAZ,3,3
18811,UJEYAJ,2,2
18812,RIVGEK,1,1
18813,EYASON,3,3
18814,HOTRAJ,2,2
18815,ZEYYOT,2,2
18816,QOSJUE,1,1
18817,HOGFER,2,2
18818,SUYTOX,3,3
18819,WUNNOI,3,3
18820,OTUQAY,1,1
18821,PUWHUM,2,2
18822,MUCTUC,1,1
18823,RARCAP,1,1
18824,NUMHOV,1,1
18825,JACKII,2,2
18826,DURLAE,2,2
18827,XAYVUP,2,2
18828,OHOKEC,3,3
18829,BOBXAS,1,1
18830,CIJKOX,3,3
18831,FOPTEK,1,1
18832,JEFWAW,1,1
18833,POGLON,3,3
18834,KALZUV,3,3
18835,DIBSEO,2,2
18836,NINCOD,3,3
18837,RIPSEP,1,1
18838,BIDLIL,3,3
18839,KOKWOW,2,2
18840,PASWIS,2,2
18841,SEWZUS,3,3
18842,PIFQOM,3,3
18843,VITSOJ,2,2
18844,CIFCAZ,1,1
18845,FACCUH,2,2
18846,TIGNIK,1,1
18847,FUPMOS,3,3
18848,YOCVER,2,2
18849,LADGAC,1,1
18850,IMESOK,2,2
18851,UMAPEE,3,3
18852,EGOGOW,1,1
18853,OHUDUR,1,1
18854,NAZCUM,1,1
18855,AKONIZ,3,3
18856,NEJMEU,1,1
18857,WOWQAC,2,2
18858,NINDIB,1,1
18859,IMILAS,2,2
18860,BISHUJ,2,2
18861,FEXWUC,2,2
18862,XAJPOP,3,3
18863,NABMAF,3,3
18864,YEWGOX,3,3
18865,KIWYOG,2,2
18866,TXMPPD,2,2
18867,BOFJAI,2,2
18868,SADZUS,3,3
18869,UXEFIO,2,2
18870,SOYSOR,3,3
18871,CUCGUC,3,3
18872,OVETIT,3,3
18873,IBONUL,3,3
18874,HAWQIG,3,3
18875,VIWQIE,3,3
18876,WIWCUB,3,3
18877,GAPPUI,2,2
18878,EVEYUC,1,1
18879,YUKBAH,1,1
18880,ENOJEZ,1,1
18881,NIFWOO,2,2
18882,MEZBAX,2,2
18883,RULTID,3,3
18884,TUKHEM,1,1
18885,RIZVEB,3,3
18886,QASWIS,2,2
18887,ZUJQOM,1,1
18888,YOPYUX,2,2
18889,DAHLUV,1,1
18890,DISHIA,1,1
18891,ETACIL,3,3
18892,EBIRIT,2,2
18893,CARVAR,3,3
18894,IBEWEU,2,2
18895,JURSUM,3,3
18896,SAQHOJ,2,2
18897,QAFGIQ,3,3
18898,YADYEH,1,1
18899,IPOSEO,1,1
18900,UMICAW,1,1
18901,VUKHOA,2,2
18902,XAMYES,2,2
18903,DECKIH,2,2
18904,XATXEZ,1,1
18905,LIVJUZ,1,1
18906,QIWCII,2,2
18907,DEGPAG,3,3
18908,MIKLOH,3,3
18909,DIDPEL,1,1
18910,TACCEG,2,2
18911,YOZYIW,2,2
18912,BIJKOX,2,2
18913,HOXZOJ,3,3
18914,VEZDUB,1,1
18915,BEHHIF,1,1
18916,WOZMOQ,1,1
18917,QEZCOO,2,2
18918,WICLEA,3,3
18919,MITLUY,3,3
18920,NECMEN,2,2
18921,ZOWPUW,1,1
18922,YOYBAQ,3,3
18923,KAPVED,1,1
18924,SOPDOS,3,3
18925,GESZEJ,3,3
18926,RAQJUQ,2,2
18927,ITEREF,2,2
18928,DARCEG,1,1
18929,DACJUN,2,2
18930,GAJQIT,2,2
18931,XIPPUK,1,1
18932,SUTXEK,2,2
18933,GETFUH,3,3
18934,BOFMEP,2,2
18935,WALBUH,1,1
18936,QUDGEE,1,1
18937,YEKWOA,3,3
18938,CACZOY,2,2
18939,ZERFAG,2,2
18940,LIKNUS,1,1
18941,NICHAL,3,3
18942,RIBSAX,2,2
18943,OWINAM,1,1
18944,LOQXAR,2,2
18945,INELIX,3,3
18946,XILRIU,3,3
18947,QICWOP,3,3
18948,NEDJAI,2,2
18949,UNAVOW,2,2
18950,MOCHAN,2,2
18951,KUFLAZ,1,1
18952,ECUYEK,1,1
18953,YENVIZ,2,2
18954,BAHKOL,3,3
18955,BEQLUE,3,3
18956,FORKII,3,3
18957,QUTMUQ,1,1
18958,INOYOA,3,3
18959,USIGEJ,2,2
18960,PAYWUK,3,3
18961,CISJOF,3,3
18962,CAMTAO,2,2
18963,JOHLEY,3,3
18964,MAVPEF,1,1
18965,BABGET,3,3
18966,KATZOY,1,1
18967,HUJZOD,3,3
18968,CECPAF,1,1
18969,CIZCEW,3,3
18970,WALGIB,2,2
18971,YUVXIY,2,2
18972,TUPXEJ,3,3
18973,IREGUI,2,2
18974,ANIYUU,1,1
18975,IMAQIZ,1,1
18976,MIYBED,3,3
18977,NAPCIU,1,1
18978,UROFEN,2,2
18979,UCAXAX,2,2
18980,PIBZAI,1,1
18981,NONTEP,1,1
18982,IZADUI,2,2
18983,XEXZEG,1,1
18984,WIHDIB,3,3
18985,FUHZUF,3,3
18986,ULAKIC,3,3
18987,QENPOP,3,3
18988,QEWQOY,2,2
18989,GIZFOM,2,2
18990,FOQGAU,2,2
18991,IFEDEC,1,1
18992,RANHUL,3,3
18993,GAQFOU,1,1
18994,DOXNAH,1,1
18995,FEJLEN,1,1
18996,MIMHIZ,2,2
18997,COBTUL,1,1
18998,KITRAJ,3,3
18999,LETKIH,3,3
19000,BUGYAF,1,1
19001,NECDOS,1,1
19002,NARKEZ,2,2
19003,POKMIN,3,3
19004,VAVQUE,3,3
19005,GIQPII,3,3
19006,KICSAQ,2,2
19007,LEMDEM,3,3
19008,VACMAO,2,2
19009,QAPRIM,1,1
19010,FIYDIB,3,3
19011,TUNGOZ,2,2
19012,UJUHEN,3,3
19013,VUTTEL,3,3
19014,NAMBUA,3,3
19015,KUFKEC,2,2
19016,GATPIC,3,3
19017,LUNDON,1,1
19018,NENVOR,3,3
19019,FOPJOL,3,3
19020,NIQXAP,3,3
19021,LOCHAN,1,1
19022,UHIKOO,1,1
19023,HAGWOD,1,1
19024,BAQTEU,1,1
19025,CESQAT,1,1
19026,VOFSAL,2,2
19027,LEGFAF,3,3
19028,RUHCUT,2,2
19029,EJIJAL,1,1
19030,TIRGEH,2,2
19031,PEYXEA,1,1
19032,RALNUO,1,1
19033,ZEPPEP,2,2
19034,RETHUW,3,3
19035,EZIVEO,2,2
19036,HEQSUU,3,3
19037,MURZAD,1,1
19038,TEDYOR,1,1
19039,XOHGEG,3,3
19040,MUHGOM,1,1
19041,ARULEF,3,3
19042,NOCFEQ,3,3
19043,BELMIQ,3,3
19044,UCUBIE,3,3
19045,PUBSEK,1,1
19046,YOFPEO,2,2
19047,HEXQOU,1,1
19048,HEDHEF,2,2
19049,IXUQEX,1,1
19050,MOBROM,3,3
19051,FIZFOM,2,2
19052,NOLNUX,2,2
19053,CAXHUE,1,1
19054,GIMWIJ,3,3
19055,QAXFIF,3,3
19056,NACPIT,2,2
19057,HUDZOV,3,3
19058,PEFTIG,1,1
19059,LANBAF,1,1
19060,KOWWIE,3,3
19061,CEPJIR,2,2
19062,WIDGUN,3,3
19063,MAYJIH,3,3
19064,EYEXAH,1,1
19065,FONKOL,3,3
19066,UKUMAP,2,2
19067,XAHFIX,1,1
19068,AWICIU,2,2
19069,JOJJEZ,3,3
19070,APALOV,1,1
19071,BORGIY,1,1
19072,YUMXOU,3,3
19073,UHAQAW,3,3
19074,YUPBIX,1,1
19075,WUWQIQ,2,2
19076,JUGQEK,1,1
19077,SOSXOO,2,2
19078,ISALNI,2,2
19079,DULSEI,3,3
19080,DIFHAC,3,3
19081,IYUDIQ,3,3
19082,GENLUG,3,3
19083,LEDSIX,2,2
19084,TISCOP,3,3
19085,GOXNEO,3,3
19086,ZERHAH,3,3
19087,HOCZEE,3,3
19088,JIZPUH,1,1
19089,QOYZAH,3,3
19090,WEMKUV,3,3
19091,TIFSOR,1,1
19092,KARPID,2,2
19093,BEMNEO,3,3
19094,JAQPUP,3,3
19095,MIGCIP,3,3
19096,HOBPOE,2,2
19097,GEKFAE,2,2
19098,LAHCUU,3,3
19099,HUPNEL,1,1
19100,HOXMAL,1,1
19101,NALZOR,2,2
19102,SOSHIS,3,3
19103,ZIKPUH,2,2
19104,IJAZEZ,1,1
19105,OXEKAG,1,1
19106,FIQWAD,1,1
19107,NUPWUQ,3,3
19108,IXUTUQ,2,2
19109,OQEHEY,1,1
19110,XATVEU,3,3
19111,GONPUU,3,3
19112,OLUNUF,3,3
19113,CIGGIJ,3,3
19114,RODNON,3,3
19115,KUPGEJ,1,1
19116,TUKQEX,3,3
19117,YOGCOM,3,3
19118,LOJVEN,2,2
19119,BOJLOD,2,2
19120,EXAFAM,1,1
19121,LOWBAD,1,1
19122,AJIHAD,3,3
19123,JAYHAS,1,1
19124,RIKDOE,1,1
19125,GIYZOF,3,3
19126,CEMNEO,2,2
19127,RIHVOV,3,3
19128,MINTIQ,1,1
19129,NOQFOR,3,3
19130,FNCPPT,3,3
19131,YIRMOF,1,1
19132,ARIYUV,2,2
19133,NEHKIU,3,3
19134,KEWKEC,1,1
19135,PASGAS,2,2
19136,NEVMOS,2,2
19137,HOVCOM,2,2
19138,REWXAT,2,2
19139,QIQPAJ,3,3
19140,XAMNIJ,3,3
19141,POFHEA,1,1
19142,AVUFEE,2,2
19143,MAWZAM,3,3
19144,PIMYOZ,2,2
19145,ACUROI,2,2
19146,XORTII,3,3
19147,YUHPOG,3,3
19148,XORSOO,2,2
19149,SOWTEE,2,2
19150,MEXZEW,3,3
19151,AHEJIH,2,2
19152,ALIQET,2,2
19153,INOWOY,3,3
19154,VEZXIJ,3,3
19155,FIWTAG,1,1
19156,QADQAR,1,1
19157,TOSJOC,3,3
19158,EBAQEF,2,2
19159,TEKJEB,3,3
19160,VALGEV,3,3
19161,FERGAL,3,3
19162,ABEFOF,3,3
19163,ABEHAU,1,1
19164,PORKAJ,2,2
19165,TUVLIG,3,3
19166,NADLUB,3,3
19167,GOGPUN,1,1
19168,KAPVIG,3,3
19169,PESJIJ,3,3
19170,LORDAY,3,3
19171,VUDBIG,2,2
19172,RAMFIW,3,3
19173,SUBCEX,2,2
19174,PINBET,3,3
19175,HEBBAS,1,1
19176,TOWQED,3,3
19177,SOCGEZ,2,2
19178,ZORJIB,2,2
19179,AFELAY,2,2
19180,XAPDEX,2,2
19181,UWEKEO,2,2
19182,LEGVIF,2,2
19183,HOPYAP,2,2
19184,LUSWAA,1,1
19185,UPUFAP,1,1
19186,ZOLLOD,3,3
19187,FUTSUJ,2,2
19188,MILBOY,3,3
19189,QEQRAF,3,3
19190,MIXSUJ,2,2
19191,RUQPEY,3,3
19192,WIZCEP,2,2
19193,HELYUS,2,2
19194,DABKAT,1,1
19195,DOQNOO,3,3
19196,HEXFAS,2,2
19197,TASBIA,2,2
19198,WIHXUJ,3,3
19199,UMAWOW,3,3
19200,EJAPAH,3,3
19201,SUGLOX,3,3
19202,KUKYIA,1,1
19203,MURMOB,3,3
19204,ZENCUT,3,3
19205,ODERAQ,3,3
19206,FIDPAK,2,2
19207,LEQSOQ,3,3
19208,SESDOJ,3,3
19209,IDARAG,2,2
19210,OBIFUA,2,2
19211,SOTVAB,2,2
19212,VERBEZ,2,2
19213,WUYTUI,1,1
19214,EZUXAZ,3,3
19215,CERGUC,3,3
19216,NESLIH,3,3
19217,ASOJIB,2,2
19218,BEDWIU,1,1
19219,MIMHEY,3,3
19220,PIGLIC,3,3
19221,BANQOZ,2,2
19222,ZISPOG,2,2
19223,COMBAI,2,2
19224,TIYSUT,1,1
19225,UWANEO,1,1
19226,BIKSUK,1,1
19227,XUVHAY,2,2
19228,JIVJEE,2,2
19229,WUKXEI,1,1
19230,IRUCEE,2,2
19231,KARYAF,2,2
19232,YIBKIE,2,2
19233,FUMNEH,1,1
19234,WIGGEY,3,3
19235,VAWKUZ,1,1
19236,RUQNOI,3,3
19237,UZAPOC,1,1
19238,MULRER,3,3
19239,MOCXIN,3,3
19240,JENTOM,3,3
19241,KIFRIA,1,1
19242,OCEBUW,3,3
19243,QELZUG,1,1
19244,YIQQAQ,3,3
19245,ADODAC,1,1
19246,VOGPOZ,3,3
19247,MALFUB,2,2
19248,TESVOF,3,3
19249,ABIGIF,1,1
19250,MOTWEY,3,3
19251,YENFAZ,3,3
19252,CEMYEB,3,3
19253,ALIZUR,2,2
19254,BIZTIN,1,1
19255,ZOPKOG,2,2
19256,LAKSOJ,1,1
19257,RETSOY,2,2
19258,VEZHOA,1,1
19259,XEJXUH,3,3
19260,XAGNUR,2,2
19261,AQEROD,1,1
19262,BOPQAZ,3,3
19263,ASAJIP,2,2
19264,OLUBAY,2,2
19265,ZIPWUU,1,1
19266,BENLAH,3,3
19267,TUHJOV,3,3
19268,IHUXUF,2,2
19269,IWOHOS,1,1
19270,DAZGOD,1,1
19271,NONFUT,1,1
19272,BOLMUK,2,2
19273,BUPQEK,2,2
19274,REDPUP,1,1
19275,RAYBIE,3,3
19276,TEWSOF,3,3
19277,CUHXUY,2,2
19278,XAWTAR,1,1
19279,LURMOB,3,3
19280,JUCSAE,1,1
19281,PILSEM,1,1
19282,HUPGOQ,2,2
19283,QUHVIZ,1,1
19284,OGECIQ,1,1
19285,COWQUA,2,2
19286,QAVCOG,3,3
19287,DOZFUV,2,2
19288,JODTUV,1,1
19289,XIJSIT,2,2
19290,CUKMEA,2,2
19291,HULYUI,3,3
19292,GERGUI,1,1
19293,NIPYAO,2,2
19294,DEQKUF,1,1
19295,KULGUU,3,3
19296,VEMPUA,3,3
19297,XEGSOR,1,1
19298,TEPHOO,2,2
19299,NEQQIK,3,3
19300,XEYBIN,3,3
19301,YIRXAB,3,3
19302,REHFEP,3,3
19303,MIVTES,3,3
19304,HAYJEA,1,1
19305,IHOLEW,3,3
19306,WEKSUB,2,2
19307,CUMPOR,3,3
19308,IMEQOI,1,1
19309,CIFHIM,1,1
19310,RITHUY,2,2
19311,LAYXOA,3,3
19312,SOHJAA,2,2
19313,WURKOJ,2,2
19314,HAWCOY,3,3
19315,CUMWIT,1,1
19316,KUPBOM,2,2
19317,VITQOH,3,3
19318,FAJCOJ,2,2
19319,PIFSOO,1,1
19320,TEWQAO,1,1
19321,MERZOB,1,1
19322,BOBMAK,1,1
19323,MEMQEB,3,3
19324,GUVKIT,3,3
19325,SAZYUQ,2,2
19326,VEGNAA,1,1
19327,HUQJUZ,3,3
19328,LUTKEQ,2,2
19329,WEPQIU,3,3
19330,FIMKAP,3,3
19331,GERLEX,3,3
19332,ABESAB,2,2
19333,SOWXEH,3,3
19334,VEHMAY,3,3
19335,LONQIO,2,2
19336,HUNMIM,1,1
19337,ZEBBEN,3,3
19338,ZESKUG,3,3
19339,CAJQEJ,3,3
19340,PEZCUV,2,2
19341,ZIDTEL,2,2
19342,PIHJAT,2,2
19343,INENIZ,3,3
19344,DELZON,1,1
19345,HONJIE,3,3
19346,FAJVUK,3,3
19347,HACPOQ,2,2
19348,TEKHIC,2,2
19349,EGABIA,3,3
19350,TOLTIX,2,2
19351,CTPOAU,3,3
19352,KEWWAM,2,2
19353,XAPHEB,2,2
19354,DPIMZN,3,3
19355,TISVAT,2,2
19356,LEKKIW,2,2
19357,WUSFAS,1,1
19358,ZUWYAU,1,1
19359,FANXEZ,2,2
19360,JIYYUL,3,3
19361,PEPCIY,3,3
19362,UROTAX,1,1
19363,ORISOZ,2,2
19364,RUZFUP,1,1
19365,KOLWUG,3,3
19366,LAFZOK,2,2
19367,ZODCOO,1,1
19368,GIMKAP,3,3
19369,RIRKUZ,3,3
19370,SEPZOC,1,1
19371,YASCIG,3,3
19372,HUHYIT,2,2
19373,GIJBIL,1,1
19374,HURJIN,1,1
19375,DIDREN,1,1
19376,SOBXAI,2,2
19377,FACMAB,1,1
19378,OCANIP,3,3
19379,JUJFOM,1,1
19380,NAZMAG,1,1
19381,TEHSAE,1,1
19382,XATZEX,2,2
19383,QIMRIQ,3,3
19384,EHEZOI,1,1
19385,NIVSIY,1,1
19386,ZOLPIB,2,2
19387,KEPNOM,1,1
19388,FOSMOP,1,1
19389,HOTPAJ,3,3
19390,DEDWAL,2,2
19391,ARASIW,3,3
19392,TOBFUM,3,3
19393,HONCAP,3,3
19394,ZOZRIS,1,1
19395,EDOSAS,2,2
19396,XORVEH,3,3
19397,MEBBAY,1,1
19398,ZEBRAZ,1,1
19399,ATUPEM,3,3
19400,MOMMEG,2,2
19401,ADULAN,3,3
19402,KIPKIG,3,3
19403,PHZCWB,2,2
19404,FUHXUD,2,2
19405,VOZHIB,2,2
19406,REJNIH,1,1
19407,KEHLOY,1,1
19408,PEGROI,3,3
19409,WIBQUU,3,3
19410,AXIBEO,2,2
19411,IQIWAG,1,1
19412,VILMEL,3,3
19413,NEZPOB,1,1
19414,WOVKUN,3,3
19415,ALOPIA,3,3
19416,EMUZIV,1,1
19417,SAXDAW,2,2
19418,LOJDOD,2,2
19419,IDANEI,2,2
19420,AGANIF,1,1
19421,WIZVIK,3,3
19422,BIVNON,1,1
19423,REBMIY,1,1
19424,JABDEZ,1,1
19425,MOZROL,1,1
19426,QOYZUZ,3,3
19427,GUTTEV,2,2
19428,WENWOD,2,2
19429,GUKQAE,1,1
19430,FEQYAE,2,2
19431,NIJTIM,2,2
19432,RIRNIP,1,1
19433,ZIBKUS,3,3
19434,GUKHOL,3,3
19435,QAZBIG,1,1
19436,FOLXOW,2,2
19437,NOHLIG,3,3
19438,SEBHUD,3,3
19439,AGEBAS,1,1
19440,ZECVEI,1,1
19441,POMBEC,1,1
19442,ZIDMIM,1,1
19443,FURWEU,2,2
19444,POKFAY,2,2
19445,NINCUJ,3,3
19446,OJUNIR,3,3
19447,MALXIH,3,3
19448,WEGGIC,1,1
19449,PEQNEH,2,2
19450,BOKDIR,2,2
19451,YEPPUE,2,2
19452,TASNIL,3,3
19453,TUKVUS,2,2
19454,CADHIY,3,3
19455,IBUMID,1,1
19456,EDACEU,3,3
19457,QUBXOC,3,3
19458,OFOMUT,2,2
19459,CEPHIP,2,2
19460,EHAFAW,3,3
19461,ZAFSAA,3,3
19462,DOKFOB,2,2
19463,JOXDUX,1,1
19464,VUMKUL,1,1
19465,COSALL,2,2
19466,UQIFIL,2,2
19467,JUVCUB,1,1
19468,DESQEY,3,3
19469,BOBVUN,1,1
19470,IJUBAQ,3,3
19471,TANCAP,2,2
19472,TOPVUQ,3,3
19473,JIWKIN,1,1
19474,AZOGUU,1,1
19475,JELGAJ,2,2
19476,GOMYUF,2,2
19477,LIXSAO,2,2
19478,GASBOT,2,2
19479,NAYFOJ,3,3
19480,ZISRAY,1,1
19481,QOKFAY,1,1
19482,NOPPAK,3,3
19483,BAQVEW,1,1
19484,NIQTOA,1,1
19485,UDULOU,2,2
19486,ZEKLIN,3,3
19487,ELEKUD,2,2
19488,WARVUG,2,2
19489,PAHBOP,2,2
19490,RUHVUL,2,2
19491,ZEJVER,3,3
19492,LAMLIX,1,1
19493,HANKEM,2,2
19494,USEJOS,3,3
19495,XUZLOV,1,1
19496,BISHOD,2,2
19497,CAQQAN,3,3
19498,YUDVUO,3,3
19499,BAGMED,1,1
19500,AJUSIJ,2,2
19501,ZAYDUA,1,1
19502,EWIQUX,2,2
19503,ZAZVUR,2,2
19504,RIZMEU,2,2
19505,AQERUJ,3,3
19506,ASAFEI,1,1
19507,IKACII,3,3
19508,NIWGEJ,1,1
19509,HADPAD,2,2
19510,DEGROY,3,3
19511,TOVNOK,1,1
19512,HAZXIQ,1,1
19513,WEKQAE,3,3
19514,NIVJIL,1,1
19515,UGIMIG,2,2
19516,SIYVOL,3,3
19517,OSUVAB,3,3
19518,VURKAV,1,1
19519,AVUJIK,3,3
19520,COCLUF,1,1
19521,TARQUY,1,1
19522,TEJWUA,1,1
19523,SAGFOV,3,3
19524,XACLIZ,2,2
19525,NIDDAH,3,3
19526,PEWZIE,1,1
19527,KOXQAR,3,3
19528,RAPWIQ,3,3
19529,HAHXOF,2,2
19530,SIHTOT,2,2
19531,BITQOO,1,1
19532,SOTJIX,1,1
19533,TEYHAH,3,3
19534,EZOWIZ,1,1
19535,SODNUW,1,1
19536,LERSIK,3,3
19537,APEBIJ,1,1
19538,QIXRAS,2,2
19539,VAHGAM,3,3
19540,VANCEW,1,1
19541,MIQCIC,1,1
19542,HACGAW,2,2
19543,SICBIP,2,2
19544,GIQNUT,1,1
19545,XIBPEF,2,2
19546,SIYFIP,2,2
19547,HUPPUE,2,2
19548,LUDXUG,1,1
19549,KODZUY,2,2
19550,ICEGOO,3,3
19551,SAWRUE,2,2
19552,BOLMOE,1,1
19553,LURZUV,3,3
19554,VEVREU,3,3
19555,UCUYIE,1,1
19556,NIZRAR,3,3
19557,GEXLUT,3,3
19558,RAJZAD,2,2
19559,SEWZAV,3,3
19560,SEWTOE,3,3
19561,JAXNEB,2,2
19562,PIJLOK,3,3
19563,NOFLEA,2,2
19564,OJIWOU,3,3
19565,TUMPEY,3,3
19566,VIWCAG,3,3
19567,VOKSIX,1,1
19568,AMALOP,3,3
19569,TAVVOB,3,3
19570,YUXFUV,1,1
19571,QIFCEP,3,3
19572,MIXSOD,1,1
19573,SOFHUT,1,1
19574,QONNAK,1,1
19575,CUCWEE,2,2
19576,GAVJOF,2,2
19577,VUHHEO,1,1
19578,NOVJAJ,1,1
19579,NUGHEC,2,2
19580,CIDRUF,2,2
19581,HUQDUU,3,3
19582,PUVLEY,2,2
19583,XIZREE,1,1
19584,ICAKEE,3,3
19585,UVOGOE,1,1
19586,QUWSUX,2,2
19587,ATEFIQ,3,3
19588,YODMEL,2,2
19589,MOGHIA,1,1
19590,SIMBIB,3,3
19591,QEZQER,1,1
19592,SUKJUG,1,1
19593,HOSRUD,2,2
19594,RIFJEV,1,1
19595,NIGQEB,3,3
19596,IYEYAN,3,3
19597,XUYNEM,3,3
19598,IQIPIJ,3,3
19599,AHASAE,2,2
19600,JOMXOY,1,1
19601,VIGYUG,3,3
19602,QIBFEP,3,3
19603,OFOQIK,3,3
19604,QIDBAJ,2,2
19605,IVAXIO,3,3
19606,BIKSOE,3,3
19607,IHUFEX,3,3
19608,APUCIX,3,3
19609,SATRIQ,1,1
19610,VAWKOT,3,3
19611,OGOJEZ,2,2
19612,WUGRIA,1,1
19613,GIDLIQ,3,3
19614,PILMUS,3,3
19615,BUHVAD,1,1
19616,YAZDAF,2,2
19617,AGITIU,1,1
19618,PMENPN,3,3
19619,AJIJAF,3,3
19620,MUJMOT,3,3
19621,YIBPEF,2,2
19622,OVOXUV,1,1
19623,WIDNII,1,1
19624,FAKGEE,1,1
19625,QULHEN,1,1
19626,DIPVIH,2,2
19627,NAYFAV,2,2
19628,AXESIG,3,3
19629,VAVFAZ,3,3
19630,SERPUC,2,2
19631,JACBUN,3,3
19632,JOGJOF,3,3
19633,WINBAY,1,1
19634,CAJTUC,1,1
19635,YEPBEA,3,3
19636,RUQNUP,1,1
19637,OLADAI,1,1
19638,PEBJIP,1,1
19639,QISMOU,3,3
19640,WOBVUI,1,1
19641,TISQIY,2,2
19642,MEMVOP,3,3
19643,HIBNUB,2,2
19644,FIRPAX,3,3
19645,AFUCUA,3,3
19646,GOWSUI,2,2
19647,MIXZEY,3,3
19648,ZODMOW,1,1
19649,RIKDUK,1,1
19650,AQUVIR,2,2
19651,XENMIM,3,3
19652,KALDIK,3,3
19653,EZEWUB,1,1
19654,SUGNOZ,2,2
19655,YUMZAK,1,1
19656,WAMXOY,2,2
19657,HAVNOK,3,3
19658,WAMVAJ,1,1
19659,DOWFED,1,1
19660,TIRWUN,3,3
19661,FAVZIM,3,3
19662,LAFSIU,1,1
19663,KEDMEM,3,3
19664,COHJUI,1,1
19665,KEPPII,1,1
19666,EYETAE,3,3
19667,LEGTID,3,3
19668,POZMEW,1,1
19669,DUSTAO,3,3
19670,TAFPIA,3,3
19671,WIJGAY,3,3
19672,BAWBIM,3,3
19673,ZITROL,3,3
19674,TIDBUE,2,2
19675,PEBCAE,1,1
19676,SOZDEQ,3,3
19677,XIGHOK,3,3
19678,WONLES,2,2
19679,ZAWVIC,2,2
19680,FCACPD,3,3
19681,BAQSUI,3,3
19682,RAMDIU,3,3
19683,WACMUJ,3,3
19684,YOYWOB,1,1
19685,MAWQIM,3,3
19686,JEJDOU,2,2
19687,EMONAV,2,2
19688,HEZBAR,2,2
19689,UHAFUH,1,1
19690,WUJRUP,3,3
19691,TAZPOD,1,1
19692,DELVUM,3,3
19693,HISWAH,3,3
19694,TAGDIQ,2,2
19695,DOFCAE,2,2
19696,ZISLEU,3,3
19697,XIRMUH,1,1
19698,YUYGOP,3,3
19699,EJEGEI,1,1
19700,MUTLOC,1,1
19701,ZIZKAW,3,3
19702,WIBCEQ,3,3
19703,VIQGEJ,1,1
19704,CMTPPE,3,3
19705,XIVTEC,1,1
19706,POHTOV,3,3
19707,JEGCUU,3,3
19708,DEYQUU,3,3
19709,REFFIV,1,1
19710,MARYEK,2,2
19711,OXUVIO,1,1
19712,HILNUP,1,1
19713,MAQKEX,3,3
19714,UPEKOS,1,1
19715,YUKYAH,1,1
19716,LETGIE,1,1
19717,JUQVAV,1,1
19718,GULHAY,3,3
19719,XASSAP,1,1
19720,GAHKOQ,2,2
19721,XEJZUJ,3,3
19722,VEZJOC,3,3
19723,NILWEM,3,3
19724,KUVMUM,1,1
19725,DIZCOF,2,2
19726,FABYOY,2,2
19727,VIHZUH,3,3
19728,CITFOB,2,2
19729,MABHAZ,2,2
19730,YEWKOB,3,3
19731,YIKNOZ,1,1
19732,XIZYUC,2,2
19733,HAPZOR,1,1
19734,HUTYAZ,1,1
19735,EBAXUB,1,1
19736,KIXVOE,3,3
19737,JUXFEN,2,2
19738,GUTQUH,3,3
19739,VORCEN,2,2
19740,MOGNED,2,2
19741,LEXLUW,2,2
19742,TIFWAJ,3,3
19743,PIHBOA,3,3
19744,VAJRUU,3,3
19745,VUGZIH,2,2
19746,FODCEG,2,2
19747,TEPGEC,3,3
19748,RAFZOO,3,3
19749,QUGQER,1,1
19750,WEBBUE,1,1
19751,PULYIF,3,3
19752,UPOHAL,1,1
19753,COTWIS,3,3
19754,DAJKIL,3,3
19755,HACVOW,2,2
19756,YAQQUE,3,3
19757,CENQAN,3,3
19758,DECHOJ,2,2
19759,ESARAS,3,3
19760,VAQWOD,1,1
19761,VUVHOL,3,3
19762,JOCGOX,1,1
19763,QOLYOH,1,1
19764,XEFFIB,1,1
19765,HIKJAO,3,3
19766,UPEJEG,2,2
19767,AQAHUY,1,1
19768,LEVYOD,2,2
19769,EAIGCO,1,1
19770,DITRAC,2,2
19771,QICZEI,1,1
19772,KAWREI,2,2
19773,RAPHIB,3,3
19774,XOTCAN,1,1
19775,PIXVUR,1,1
19776,HINWUW,3,3
19777,QODZOY,2,2
19778,COBROD,3,3
19779,RAFJIS,2,2
19780,UBICIR,1,1
19781,IFUJUS,1,1
19782,NAZKAA,1,1
19783,BEYGAO,3,3
19784,IYIPEO,1,1
19785,OBOJIC,1,1
19786,HIVNAF,1,1
19787,PUQJIU,3,3
19788,KELQEX,1,1
19789,DIXZOA,3,3
19790,NITJEJ,1,1
19791,GIBYAT,3,3
19792,QIGTUX,2,2
19793,AJEHUV,1,1
19794,UNIDUT,1,1
19795,KUHVIT,3,3
19796,SIBLUN,3,3
19797,QANGOB,2,2
19798,NELVUY,1,1
19799,ISIPUV,3,3
19800,JISXOC,1,1
19801,JILSEC,3,3
19802,KARSAZ,3,3
19803,IYAMON,1,1
19804,VONSEW,1,1
19805,EFAXAO,1,1
19806,SENCEU,3,3
19807,RITRET,2,2
19808,LOLCUM,1,1
19809,SAWHIK,1,1
19810,GOGFEN,3,3
19811,HIZSUE,3,3
19812,JASWEI,3,3
19813,GULNOT,1,1
19814,QACLAJ,3,3
19815,MIJKOF,2,2
19816,QEKLEY,1,1
19817,ZEPMIU,1,1
19818,PUMDAC,3,3
19819,CORTIP,3,3
19820,VERFIJ,3,3
19821,ZEVKUK,1,1
19822,JAYLOK,1,1
19823,SORVIH,1,1
19824,EXABOU,2,2
19825,QULYIF,3,3
19826,OLUHAE,3,3
19827,FACGUL,3,3
19828,HADTUE,2,2
19829,MURNET,1,1
19830,LIHMOE,2,2
19831,EXEPOO,2,2
19832,NIBXAX,1,1
19833,TURSOP,2,2
19834,DASDEI,1,1
19835,QOWGAK,2,2
19836,XOJNUF,3,3
19837,PIQVUI,3,3
19838,PUMMIV,2,2
19839,MARZUD,3,3
19840,GUVZIH,2,2
19841,WAYCOO,2,2
19842,HAXHAT,1,1
19843,YIKVIX,3,3
19844,SUJMAL,3,3
19845,IPITEH,2,2
19846,DUQTOA,2,2
19847,TIQVAQ,3,3
19848,NULMUC,1,1
19849,YAKYAM,2,2
19850,YIDBIZ,1,1
19851,TUTNEC,3,3
19852,HOSZUM,3,3
19853,NIGYEK,2,2
19854,NOYVAA,3,3
19855,HIQBUG,1,1
19856,TULBIL,2,2
19857,XUFMOD,1,1
19858,OJIHOF,2,2
19859,HIZXET,1,1
19860,IJIDEM,3,3
19861,ABAWEJ,1,1
19862,ZOWTUD,2,2
19863,SIKYOC,3,3
19864,QEQXAM,1,1
19865,QEHYAD,3,3
19866,CEMMOY,2,2
19867,LETJUQ,3,3
19868,WELWOA,3,3
19869,PIGXAG,3,3
19870,BANKIM,2,2
19871,SIGQAA,2,2
19872,GUJTAI,3,3
19873,GIYNEJ,1,1
19874,EWAMUM,3,3
19875,CENFAC,3,3
19876,ROMQUH,3,3
19877,EQODUL,3,3
19878,DEJVEV,2,2
19879,BOJXEH,1,1
19880,WOGCAX,1,1
19881,DUBGOW,1,1
19882,OPALOH,1,1
19883,NOKJUU,2,2
19884,ESOBEU,2,2
19885,UFOZAR,2,2
19886,WAPTOY,3,3
19887,GIZWUH,2,2
19888,ODOZEQ,1,1
19889,DUNXAO,1,1
19890,UXELEP,3,3
19891,GIXJAY,3,3
19892,FAZSOS,1,1
19893,YORNOI,1,1
19894,LAJCAB,3,3
19895,EFIKEJ,1,1
19896,NAMFUE,2,2
19897,RIWYIF,3,3
19898,YEBFUH,1,1
19899,CUCXAB,3,3
19900,YAMMAC,3,3
19901,SADKOA,3,3
19902,YOSXUB,1,1
19903,ERAWEZ,3,3
19904,RALQAY,3,3
19905,CALCEB,1,1
19906,GADROS,1,1
19907,EMOXIP,3,3
19908,EFOCUX,1,1
19909,QOZRED,2,2
19910,QIXJEN,2,2
19911,FODSAS,1,1
19912,FUJTAI,1,1
19913,DOBYAV,1,1
19914,ABIZIW,3,3
19915,MAXDAS,2,2
19916,LIFDEJ,2,2
19917,HOHXIM,1,1
19918,JOXPIY,1,1
19919,TUZPOV,1,1
19920,REMVAH,3,3
19921,RIQSAP,1,1
19922,RERDEA,2,2
19923,HIWCOH,3,3
19924,OPUQAS,3,3
19925,VANBOC,2,2
19926,YIHZAS,1,1
19927,QAKQIC,1,1
19928,WODVER,3,3
19929,WAFTUS,2,2
19930,SAFMOB,3,3
19931,WIMTUK,2,2
19932,NUSMOE,2,2
19933,RURVOQ,1,1
19934,ZIPJUD,3,3
19935,FOCMIU,3,3
19936,OMERON,2,2
19937,DUSGUT,2,2
19938,FAWFIT,2,2
19939,KUWTII,1,1
19940,YUCKOY,2,2
19941,DUVSIY,3,3
19942,CIDMUB,1,1
19943,TAWHUW,3,3
19944,RADKOA,1,1
19945,EKOCUD,3,3
19946,DOHPUL,3,3
19947,IXAFET,2,2
19948,LOBFIU,2,2
19949,AQAJOU,1,1
19950,NEWZEU,3,3
19951,VOGJIM,1,1
19952,WAYMAK,2,2
19953,COGMAP,2,2
19954,LEKCEJ,3,3
19955,COXHEC,1,1
19956,MOCBOY,2,2
19957,GOTLIN,1,1
19958,ZAHBAO,3,3
19959,NEDNAM,3,3
19960,VEKNAA,1,1
19961,KUVNEU,1,1
19962,VAFXOP,2,2
19963,OCUROW,2,2
19964,UJOVAQ,1,1
19965,KARMEV,2,2
19966,UKAZOW,3,3
19967,JEPFOD,1,1
19968,LAWRUA,1,1
19969,BEQFUY,3,3
19970,JOGREG,1,1
19971,EQOQAF,1,1
19972,VIFNIL,1,1
19973,LISQUA,3,3
19974,TENXAO,2,2
19975,EJUGAS,1,1
19976,QUGFIK,1,1
19977,QACKIP,1,1
19978,NABYIB,2,2
19979,UDITOR,2,2
19980,MINNAZ,3,3
19981,NINPAF,1,1
19982,QOPWIB,3,3
19983,XAZNUH,3,3
19984,LEVBUJ,2,2
19985,MAKBUX,2,2
19986,JOPJIJ,2,2
19987,XOVBIW,1,1
19988,LUZMIF,1,1
19989,UTANUB,1,1
19990,KETVUE,1,1
19991,MOYHOA,1,1
19992,ASAPAL,3,3
19993,MIFCOX,1,1
19994,DEPLAM,3,3
19995,HIFHIN,3,3
19996,AXUSOB,1,1
19997,XOLVOK,1,1
19998,BIQFOY,2,2
19999,XUXBOK,1,1
20000,LUJBEX,1,1
20001,PADNUD,1,1
20002,KEVBIA,1,1
20003,POCZAL,3,3
20004,NOVRIC,1,1
20005,SOCDAP,2,2
20006,KIYQUE,3,3
20007,NUCKEE,1,1
20008,WIBNUQ,3,3
20009,CAFVOX,1,1
20010,SUQCEP,1,1
20011,PUNVOL,3,3
20012,AGIRIS,3,3
20013,JUXWEE,3,3
20014,AGOTUM,2,2
20015,LIRWIV,2,2
20016,FUVMEQ,1,1
20017,IHEQAO,2,2
20018,FATJOC,3,3
20019,AXOWOB,3,3
20020,XORGIW,3,3
20021,EPOZIT,3,3
20022,RIZKES,3,3
20023,ATERUP,1,1
20024,ZEZVOT,1,1
20025,ZIHQUE,3,3
20026,HILDAI,3,3
20027,ZELZAV,1,1
20028,ROWPEA,2,2
20029,JAMFOV,3,3
20030,NOPVOF,3,3
20031,HAGSAK,3,3
20032,ZAXTOL,1,1
20033,ECITET,1,1
20034,SUBLUZ,1,1
20035,JAXVOT,2,2
20036,HEFZOI,1,1
20037,KAVFIZ,3,3
20038,YEDYIT,1,1
20039,HUBQUR,2,2
20040,SUZBAQ,1,1
20041,AJATUC,1,1
20042,HIXGEB,1,1
20043,QOCCOE,1,1
20044,YIGPEJ,1,1
20045,GAVYUA,3,3
20046,LABYAQ,3,3
20047,GATJOC,3,3
20048,DAYDUE,1,1
20049,DEYLAV,2,2
20050,TOKBAW,3,3
20051,HUJRUC,1,1
20052,FOKYEJ,2,2
20053,BEJVUI,1,1
20054,QOLYAT,2,2
20055,LERBIW,2,2
20056,FULWOA,3,3
20057,JIYQUE,2,2
20058,TAYQUG,3,3
20059,FAWQEZ,2,2
20060,PIQTAN,3,3
20061,XOGRUH,2,2
20062,EFINUC,2,2
20063,NAMCEL,2,2
20064,EWUPUJ,3,3
20065,KAWBOA,3,3
20066,BEGSUE,1,1
20067,YICKOM,3,3
20068,MAJMAM,1,1
20069,TIPWUK,3,3
20070,XIFCAT,2,2
20071,EXOREO,2,2
20072,LIZCIJ,1,1
20073,YABPEW,3,3
20074,KONREK,1,1
20075,IREFES,2,2
20076,XUTTIQ,1,1
20077,ONEQUU,3,3
20078,XATLOV,3,3
20079,QENJIG,1,1
20080,WOWRIJ,2,2
20081,LEBJAG,3,3
20082,QUNCUZ,3,3
20083,UROPUN,1,1
20084,UBONII,3,3
20085,GEDQEM,2,2
20086,RIXQUL,3,3
20087,TODZUJ,2,2
20088,LOFDAO,3,3
20089,WUBKEL,1,1
20090,AHABAN,1,1
20091,BEVMEV,3,3
20092,JUYSAA,1,1
20093,OHEMOG,1,1
20094,QUVCOB,2,2
20095,KANZAA,3,3
20096,CECCOD,3,3
20097,BETRIC,2,2
20098,WORFUG,1,1
20099,PACREQ,1,1
20100,IGUFUL,1,1
20101,LEWSIP,2,2
20102,NETMUX,3,3
20103,AYOWUI,2,2
20104,NEMLUQ,1,1
20105,OKUMAI,1,1
20106,ZOTMIE,3,3
20107,ZETXAB,1,1
20108,CIJQIX,2,2
20109,TUFGEJ,1,1
20110,GUKGIC,3,3
20111,JAHGIM,1,1
20112,WETKIQ,3,3
20113,BUNCEU,1,1
20114,VEWKUE,2,2
20115,RAZDON,2,2
20116,FODDOU,2,2
20117,WAWSEU,2,2
20118,JENPOI,3,3
20119,KIFVIE,2,2
20120,MULVEV,3,3
20121,COFPEV,3,3
20122,VOHYAU,1,1
20123,ICUWOV,3,3
20124,WINHUW,3,3
20125,DOMMOH,3,3
20126,UTUVEL,2,2
20127,PIVMOY,2,2
20128,VIHPAF,1,1
20129,KILMAX,1,1
20130,DOCMOZ,2,2
20131,YORNAU,2,2
20132,BAMGOM,2,2
20133,KUYSAA,2,2
20134,IPIJAS,3,3
20135,FAYVAF,3,3
20136,TERHAA,1,1
20137,FIQDAM,3,3
20138,MANDUE,1,1
20139,POYRUS,3,3
20140,RAPFIZ,2,2
20141,NEBCAA,3,3
20142,PEWKIN,1,1
20143,SIHBIY,1,1
20144,UFOMOT,3,3
20145,RAMROO,3,3
20146,XEMYIX,2,2
20147,DIJSOH,2,2
20148,KOYDEJ,1,1
20149,YUTSOW,2,2
20150,LUZTEG,3,3
20151,IJONAX,2,2
20152,NATBER,2,2
20153,BEQDOU,1,1
20154,WAPJIJ,3,3
20155,QIQDEZ,3,3
20156,LOPJUV,1,1
20157,VINHUW,1,1
20158,VALMII,1,1
20159,ALAFAU,1,1
20160,VAWSEU,3,3
20161,AGEFUR,1,1
20162,ZORNIF,3,3
20163,KIWMEK,3,3
20164,VALZIS,2,2
20165,SIWYEE,2,2
20166,SENDOG,2,2
20167,YOGWIB,1,1
20168,JOJWEK,3,3
20169,PENTAH,1,1
20170,DIJDOR,3,3
20171,MIMPUV,3,3
20172,VOPRIC,3,3
20173,TUDJUX,1,1
20174,IPORUB,1,1
20175,RECMOF,1,1
20176,ROCVIR,2,2
20177,WIFBIA,1,1
20178,ZUSVOB,1,1
20179,BEHYIZ,3,3
20180,TEYKIV,1,1
20181,XEWQIB,2,2
20182,OQIFEA,1,1
20183,WOLPAO,2,2
20184,WOJTEU,2,2
20185,LALREW,2,2
20186,DOXQMO,1,1
20187,TOXQUS,3,3
20188,HIVLAD,1,1
20189,ROHNAE,3,3
20190,ODIROM,1,1
20191,AKILOY,1,1
20192,CAGWAL,3,3
20193,LESHUM,3,3
20194,UJEHAT,2,2
20195,CIVDAN,3,3
20196,JUTDIO,1,1
20197,QIDSUS,3,3
20198,GAKQUE,2,2
20199,KERNUQ,2,2
20200,KOFDIV,2,2
20201,VUGHOV,2,2
20202,MURKAO,1,1
20203,WEZPIC,3,3
20204,ZANJIL,1,1
20205,VETGIK,3,3
20206,XAMTUD,2,2
20207,YAMFIC,3,3
20208,SOTWII,2,2
20209,YEDKAV,3,3
20210,OWIQOB,3,3
20211,USARAI,1,1
20212,ZOZHAX,3,3
20213,KEFXID,2,2
20214,CTMSRH,2,2
20215,CAWZUV,2,2
20216,KOLXER,3,3
20217,MILJOG,3,3
20218,IHIKEP,2,2
20219,IBOMIW,1,1
20220,TEQHIG,1,1
20221,SUQQOM,2,2
20222,NIPZER,2,2
20223,BUBWON,1,1
20224,BAFTAF,3,3
20225,BUXJAG,3,3
20226,SEWGAG,1,1
20227,SERQEN,2,2
20228,HOXLIP,2,2
20229,EPOHAV,1,1
20230,MUNLAL,1,1
20231,GOTYIA,1,1
20232,HIBVIY,3,3
20233,OCOZOZ,1,1
20234,JOPFIG,3,3
20235,NODNIE,3,3
20236,DURJAC,3,3
20237,LIPXUE,1,1
20238,SUGQUG,1,1
20239,EBAYEO,3,3
20240,PAWJAZ,3,3
20241,RUGTIZ,1,1
20242,VAMBIY,1,1
20243,XOYZIX,1,1
20244,UWAVAR,3,3
20245,IROHAB,1,1
20246,VIMZAV,3,3
20247,NIBTOI,2,2
20248,ZATWEZ,2,2
20249,VAKDUG,2,2
20250,QULRAQ,2,2
20251,KAJMIT,3,3
20252,CIXMII,1,1
20253,MAPKOD,3,3
20254,COGFIP,2,2
20255,UGEXEK,2,2
20256,OLUJAG,3,3
20257,FOXFEF,3,3
20258,DEJJOS,3,3
20259,TAHSAZ,3,3
20260,GUGZIR,3,3
20261,ROFYAM,3,3
20262,GABZEO,1,1
20263,HMAPNI,3,3
20264,QUHNOX,1,1
20265,DOTWOA,2,2
20266,ULOTEV,2,2
20267,MOJBUL,2,2
20268,REKPEG,1,1
20269,NEBCUS,1,1
20270,ZUDNAP,3,3
20271,HUBFAM,2,2
20272,FALFUV,3,3
20273,OGIDAK,2,2
20274,KERLOJ,3,3
20275,WELKED,2,2
20276,ZIHFAZ,1,1
20277,KEQGAP,3,3
20278,DAKTAK,3,3
20279,DANBEB,3,3
20280,YUJKUL,1,1
20281,XANTIP,1,1
20282,CIGVEU,1,1
20283,RULRIB,2,2
20284,KALWEA,2,2
20285,ZEYFAN,2,2
20286,CEBKIE,3,3
20287,GULNUZ,1,1
20288,IRIKAV,3,3
20289,BOMMEY,3,3
20290,KUVKAN,1,1
20291,XELXES,2,2
20292,WOFRES,1,1
20293,MIBCEH,3,3
20294,JEBXUN,1,1
20295,JEXKUT,3,3
20296,RENJUQ,2,2
20297,ZEVKOE,1,1
20298,FEYRUX,2,2
20299,WARRUC,2,2
20300,JEYDAV,2,2
20301,TOPYED,3,3
20302,IGOBAI,2,2
20303,ECOROG,2,2
20304,MESMIG,1,1
20305,JOJPUW,2,2
20306,QALVUU,3,3
20307,BOYGIG,3,3
20308,ZIJYOG,1,1
20309,FEHLEK,2,2
20310,AXEYIL,2,2
20311,TINVAN,1,1
20312,VUZKIN,1,1
20313,MEVYUJ,3,3
20314,TUMDOU,1,1
20315,BOKPOJ,3,3
20316,PABJEL,1,1
20317,OPOLUC,3,3
20318,QIXQIZ,2,2
20319,BEVQAX,2,2
20320,CATTEY,3,3
20321,CEXHOC,2,2
20322,DIDJUV,1,1
20323,TULNEU,3,3
20324,VUDJIN,2,2
20325,TEGJIA,2,2
20326,JETFET,2,2
20327,HEFQIU,3,3
20328,MEQYUC,2,2
20329,SEMTAJ,1,1
20330,HEBDOI,3,3
20331,ROHGIG,3,3
20332,TUQVUW,3,3
20333,BIBYOB,3,3
20334,UNUCOY,1,1
20335,SOXFIU,3,3
20336,YEHTOY,1,1
20337,GUPRAK,2,2
20338,YEKHAY,3,3
20339,XEFDIW,3,3
20340,DUMVIQ,2,2
20341,DOQHAU,3,3
20342,GOHYOS,3,3
20343,DURQUF,1,1
20344,BERTAX,1,1
20345,YEZCIT,1,1
20346,JOHSII,2,2
20347,CIGHOR,3,3
20348,AFULIW,2,2
20349,AMAFOL,3,3
20350,EBUSIF,3,3
20351,GUXVEC,3,3
20352,CAQRES,3,3
20353,LEVYUJ,3,3
20354,VONMUI,2,2
20355,TOMSIA,2,2
20356,TADKIS,1,1
20357,JUXPUN,2,2
20358,FIHNEP,2,2
20359,KIJLOE,1,1
20360,ZEJBAU,1,1
20361,BEKNUC,2,2
20362,IKOWAH,2,2
20363,WUXCEA,1,1
20364,MEHZOQ,2,2
20365,KUNWIB,2,2
20366,ORESUC,1,1
20367,QUVVAF,2,2
20368,KEYDAV,1,1
20369,GEWPOQ,3,3
20370,OTOCEI,1,1
20371,CEZWAI,1,1
20372,LUGRIO,3,3
20373,FICHEH,2,2
20374,BECMUR,2,2
20375,XUVLUX,2,2
20376,AHEKAC,1,1
20377,WEHRUX,3,3
20378,JOFMAT,3,3
20379,YIQWOK,1,1
20380,CUBNAP,2,2
20381,HIRYEP,1,1
20382,OMIFIA,2,2
20383,ROJQOX,2,2
20384,MIJPAZ,3,3
20385,YODLUA,2,2
20386,IQEBAH,1,1
20387,ULAMIE,3,3
20388,YUSJUR,2,2
20389,NIGPUO,2,2
20390,CIRQEZ,3,3
20391,SIFNIF,2,2
20392,MEXNUB,3,3
20393,EZAMOH,3,3
20394,NEVROW,2,2
20395,QUGMOW,2,2
20396,CAFZOB,3,3
20397,AQEZOM,3,3
20398,YIMYEB,3,3
20399,ADUHAJ,3,3
20400,COBRUJ,3,3
20401,PILGUO,3,3
20402,YUTVEP,3,3
20403,EDIJIL,3,3
20404,FODQAQ,1,1
20405,NAPRII,1,1
20406,SIMXOB,2,2
20407,SEQSAI,2,2
20408,DADNOM,2,2
20409,SOSWEC,2,2
20410,DEGTUF,2,2
20411,BEPBIL,1,1
20412,OHEHIT,3,3
20413,FUSWOI,1,1
20414,AGOVUO,3,3
20415,COCSAP,3,3
20416,ZEBVOU,1,1
20417,OCUWIS,2,2
20418,KAZLEE,2,2
20419,SOFGEA,2,2
20420,KIHMET,1,1
20421,ZEWFOW,2,2
20422,MITVIW,2,2
20423,OKAGUF,1,1
20424,RUGDAZ,3,3
20425,REJDIT,2,2
20426,KIYSUG,2,2
20427,RACGOR,2,2
20428,LURLIU,1,1
20429,WITYUX,1,1
20430,BECCUJ,2,2
20431,OFEBUZ,2,2
20432,JOGLUN,2,2
20433,ABAKAS,3,3
20434,LOMNOQ,3,3
20435,LENGIV,1,1
20436,ROBRAB,3,3
20437,GOPLAA,3,3
20438,NUMNAL,3,3
20439,FEYNIG,1,1
20440,VEHGAR,2,2
20441,BUCTAX,1,1
20442,JOPHIH,3,3
20443,EVUROC,2,2
20444,HANQAR,1,1
20445,AKOVOO,1,1
20446,QOTNAO,2,2
20447,COFYUR,3,3
20448,LIBMEP,2,2
20449,KOHTAD,3,3
20450,MUFHIG,1,1
20451,QILRAE,1,1
20452,WOPYAC,1,1
20453,CMADPT,1,1
20454,NINKOM,3,3
20455,OQARII,1,1
20456,VASJOP,1,1
20457,FIMVAA,3,3
20458,DEFRIQ,2,2
20459,CERDIO,2,2
20460,GEZYUI,2,2
20461,VACBEH,2,2
20462,VELKIG,2,2
20463,QOVDUD,1,1
20464,ODESEY,2,2
20465,VAYQER,3,3
20466,WOYPIM,1,1
20467,QOYKAT,1,1
20468,QAPSAF,1,1
20469,YEDKOJ,1,1
20470,MIYZAY,3,3
20471,XETSAQ,3,3
20472,JEWMEE,3,3
20473,OJOWIT,2,2
20474,TODZOD,2,2
20475,BELRIU,2,2
20476,MUYTAB,2,2
20477,ILUZUL,2,2
20478,ZARQUG,2,2
20479,REWNEQ,1,1
20480,UJATAA,3,3
20481,VICZOX,3,3
20482,XIXPEB,2,2
20483,KAYYAO,1,1
20484,SASXEP,1,1
20485,LUSHOY,2,2
20486,YAKYUH,3,3
20487,CETYAC,3,3
20488,YIWTAC,2,2
20489,IKISIF,3,3
20490,ZABBIR,1,1
20491,WODSOB,1,1
20492,MIYCOP,3,3
20493,GIDZUR,1,1
20494,VEJVAK,3,3
20495,ZUKSED,2,2
20496,XUYDIE,2,2
20497,LILMEB,3,3
20498,DUYREW,3,3
20499,SONTAS,3,3
20500,CIZBOC,2,2
20501,XEPVAQ,2,2
20502,YOZFID,1,1
20503,BIJZAX,2,2
20504,OJIMEA,3,3
20505,ZUWMIQ,1,1
20506,BUVCEC,3,3
20507,XIYCAK,3,3
20508,ENABEA,2,2
20509,NAGJIP,3,3
20510,JAPPIA,2,2
20511,TIWWOL,2,2
20512,CIRFIT,3,3
20513,COCHUB,1,1
20514,RADNEQ,2,2
20515,KESVOU,2,2
20516,KOJLIH,3,3
20517,VOFLAH,1,1
20518,RIMFIF,3,3
20519,YUYJEI,3,3
20520,SARKAY,2,2
20521,MIKDOA,2,2
20522,DUVMUD,3,3
20523,GUGZEQ,1,1
20524,UTIZOP,1,1
20525,AQEVUN,3,3
20526,IBEHEF,2,2
20527,LEKFOZ,3,3
20528,CIYGOJ,2,2
20529,YIPXUU,1,1
20530,AGAMAX,3,3
20531,DAGKAX,1,1
20532,ZELCUQ,2,2
20533,TEKPUX,2,2
20534,MIXGIK,3,3
20535,LOCLUO,1,1
20536,LOQWEU,3,3
20537,IQUJEL,3,3
20538,VEGMIH,1,1
20539,YIQWAW,1,1
20540,QUJDUX,1,1
20541,ISIPAD,3,3
20542,VECXOT,2,2
20543,QONTIW,1,1
20544,KOJBES,1,1
20545,CEQFOW,3,3
20546,MIDRUO,3,3
20547,QIQXOH,1,1
20548,NEVRAK,2,2
20549,YOSVOT,3,3
20550,HIMKOE,3,3
20551,KEYTIV,1,1
20552,DESKAQ,2,2
20553,ISAMIZ,3,3
20554,JAYNAB,2,2
20555,ASEWAY,3,3
20556,WALQAD,2,2
20557,XEPFEE,3,3
20558,AMOJUJ,3,3
20559,ZIDGIF,3,3
20560,JONYOC,3,3
20561,TULYIL,1,1
20562,XEKXIY,1,1
20563,HUWQIB,3,3
20564,POJCUP,1,1
20565,JICBOQ,1,1
20566,DUVHIN,3,3
20567,WOLNET,1,1
20568,HIPXOV,2,2
20569,IJEWIG,1,1
20570,DEXCOZ,2,2
20571,SAMPOM,2,2
20572,TAYFOS,1,1
20573,HETJUL,3,3
20574,IBEXAR,2,2
20575,QATQEH,2,2
20576,EROGUN,3,3
20577,RUVHOF,3,3
20578,ZAQXAQ,2,2
20579,KOGYOX,1,1
20580,FUQXEW,2,2
20581,GIQFAO,3,3
20582,NEGGAI,3,3
20583,CIKBUW,3,3
20584,WAYZUT,3,3
20585,HAJDEF,1,1
20586,MAQQOL,3,3
20587,LEVBOD,3,3
20588,YUXWOD,2,2
20589,MIJYEL,3,3
20590,FIHYII,1,1
20591,AGEDUP,1,1
20592,DODXOK,2,2
20593,TIGCUH,2,2
20594,BATTIZ,3,3
20595,GULKED,3,3
20596,GIFPAN,3,3
20597,LIXGIK,2,2
20598,BADPUU,2,2
20599,GAVLUN,1,1
20600,REDTOM,3,3
20601,ESITIM,1,1
20602,OLUCEF,1,1
20603,AXIXAG,2,2
20604,ZIFQOY,1,1
20605,RAMPOM,2,2
20606,HICKOW,2,2
20607,BEVHAM,3,3
20608,FUNMEG,2,2
20609,SOHGED,2,2
20610,BABQOM,3,3
20611,HEBZIZ,3,3
20612,BOWPEL,1,1
20613,IKEROF,2,2
20614,AFAVOV,3,3
20615,NUXNEZ,2,2
20616,OHUNOW,2,2
20617,GUQXEW,2,2
20618,NEMLOH,1,1
20619,FUPGUV,1,1
20620,CEPKAN,1,1
20621,PEBNIT,2,2
20622,CEWBIR,3,3
20623,FEQCEM,1,1
20624,AMAVES,1,1
20625,MAHWIC,3,3
20626,VUCDIH,2,2
20627,UFUKOV,3,3
20628,YUGWUU,1,1
20629,OXOXEG,3,3
20630,EHUXEM,3,3
20631,CAQBOL,2,2
20632,QARREK,1,1
20633,NURLAQ,1,1
20634,CAHCOE,3,3
20635,LADHEE,3,3
20636,LUCWEM,3,3
20637,WECXOU,1,1
20638,ULOSOE,2,2
20639,HUGWOW,3,3
20640,FUMTUD,3,3
20641,NADFAZ,3,3
20642,NAPYUZ,2,2
20643,XAVHOV,1,1
20644,KECBUP,1,1
20645,IFAGIG,3,3
20646,LASPIH,3,3
20647,TIJDOI,2,2
20648,LAJQIA,1,1
20649,PAKJIU,3,3
20650,ZISQIF,1,1
20651,WEZNOF,3,3
20652,QEBWEC,2,2
20653,GIJXOM,2,2
20654,PESLIM,1,1
20655,NOCNEY,3,3
20656,SEJZAM,1,1
20657,EHUXEL,2,2
20658,XEJKON,1,1
20659,JELCOS,2,2
20660,BOHBAD,1,1
20661,ONACOW,3,3
20662,DEHBOI,3,3
20663,EVOHEE,1,1
20664,RUCQEO,1,1
20665,GAPZOM,2,2
20666,ZIVNEZ,2,2
20667,GIXFAU,3,3
20668,NONRIT,3,3
20669,WOLPOE,2,2
20670,EXIDEU,3,3
20671,TICQUS,2,2
20672,UVIWON,1,1
20673,ORATAE,2,2
20674,KAYPIL,3,3
20675,TIGHEX,2,2
20676,UWEFUY,2,2
20677,OHEFEN,2,2
20678,UTITAU,2,2
20679,GIJHIQ,2,2
20680,EWASIF,3,3
20681,CECFIA,3,3
20682,ZELTUJ,1,1
20683,KASKAQ,2,2
20684,POLBOI,2,2
20685,KECGIM,1,1
20686,IKUTIS,3,3
20687,QEJMID,2,2
20688,LUPSEV,3,3
20689,LANMEW,1,1
20690,CEQFOV,2,2
20691,XEPZUO,3,3
20692,TOTBAI,1,1
20693,IZIDEA,3,3
20694,XEZMIZ,2,2
20695,SESWUL,3,3
20696,NOFTUX,2,2
20697,LALRIB,3,3
20698,VUJCOT,2,2
20699,XUTQOT,1,1
20700,NEZZOH,2,2
20701,JOTZID,2,2
20702,XEWQEW,3,3
20703,RARBIZ,1,1
20704,MIKQUV,1,1
20705,JECBUP,2,2
20706,PAYTER,3,3
20707,FUGQUV,1,1
20708,BADBIS,3,3
20709,YUVPIQ,3,3
20710,EGUKOH,1,1
20711,TINTUH,3,3
20712,QURJAR,1,1
20713,FICFEF,2,2
20714,IVENIG,2,2
20715,AWOXOB,2,2
20716,TUKGAK,1,1
20717,MAMFIR,2,2
20718,QIWYUQ,2,2
20719,MOYDAF,3,3
20720,QAWCEZ,3,3
20721,XABLOD,3,3
20722,BIXFUM,2,2
20723,GAYZOV,3,3
20724,ZETDIN,3,3
20725,BOBPAL,2,2
20726,UFEJOE,2,2
20727,CAXBOV,2,2
20728,NOLDOK,3,3
20729,OBIRIA,2,2
20730,XUSFOG,3,3
20731,GUKBOF,3,3
20732,MOHXIQ,2,2
20733,PEDZIL,1,1
20734,PAWJOP,3,3
20735,XIFVAM,2,2
20736,YIKZIC,3,3
20737,POSBUX,3,3
20738,FIGCEF,1,1
20739,TIPBUR,2,2
20740,XESTEW,2,2
20741,OCOCOY,2,2
20742,KUPFAC,2,2
20743,MEGNAN,2,2
20744,SEQTIR,3,3
20745,GEKPEV,1,1
20746,IKEBIL,2,2
20747,EKIGEM,3,3
20748,PEMDAO,3,3
20749,ZURREL,1,1
20750,QIGSEE,2,2
20751,CIXZEQ,3,3
20752,LUFXOZ,2,2
20753,YOWQUY,1,1
20754,USOGUG,2,2
20755,VAQLOR,1,1
20756,FAZXIN,2,2
20757,NUDGIC,3,3
20758,YOLCOR,3,3
20759,WIWYIM,2,2
20760,UKIREO,1,1
20761,IXEHAV,3,3
20762,FEVTEH,1,1
20763,WIPPAQ,1,1
20764,XOFQOZ,2,2
20765,NIYDAD,1,1
20766,GESREB,3,3
20767,RATVIT,2,2
20768,VOZPUX,2,2
20769,CUHKOH,3,3
20770,ETENID,1,1
20771,EDEPUC,1,1
20772,LIPMAY,2,2
20773,SIRSIW,1,1
20774,OSECEV,1,1
20775,QODVOU,2,2
20776,JITDIZ,2,2
20777,FEXSAC,3,3
20778,ALEXOH,1,1
20779,CESNAQ,3,3
20780,OLAYOR,3,3
20781,DEBNEF,2,2
20782,INIKAT,3,3
20783,KIBTUL,3,3
20784,LIXNAH,2,2
20785,PIFGEU,1,1
20786,RADNEP,1,1
20787,UHUZEC,2,2
20788,MEWXAQ,2,2
20789,HABGEA,1,1
20790,BUGJUK,3,3
20791,OLANOH,1,1
20792,BUVCEB,3,3
20793,UQETAO,1,1
20794,FUVVID,1,1
20795,IWOPES,1,1
20796,KIZCON,3,3
20797,RIBRIE,2,2
20798,NURBOT,3,3
20799,SOYYUA,3,3
20800,XEPVAP,2,2
20801,CICCOK,1,1
20802,ZARMEM,1,1
20803,CIWRUX,1,1
20804,HOGNEX,2,2
20805,HUZQUR,1,1
20806,LUYTAC,3,3
20807,RUHGAC,2,2
20808,RUFKUY,2,2
20809,COCJOX,1,1
20810,YOBDIF,3,3
20811,MUPCAB,3,3
20812,ZUGKOD,3,3
20813,UPIGAC,3,3
20814,NESSEN,1,1
20815,VUJMAP,2,2
20816,EDAWOX,3,3
20817,LIYZAX,3,3
20818,QUPWUT,2,2
20819,RUJZUR,1,1
20820,MBPMHG,3,3
20821,DUJVEM,1,1
20822,YUGLAQ,1,1
20823,TIRVIA,3,3
20824,NIJWAE,3,3
20825,MUSFAK,1,1
20826,IBASOW,2,2
20827,DAPQUG,1,1
20828,COCSAQ,2,2
20829,SUDQEQ,1,1
20830,IFUJAW,3,3
20831,CUDXUX,1,1
20832,YEQYUR,2,2
20833,ROGSEP,1,1
20834,GOLLEZ,1,1
20835,XERYIF,2,2
20836,HIZCEB,3,3
20837,KIHFUD,2,2
20838,AKURON,3,3
20839,VAPXOB,3,3
20840,ZEVLEV,1,1
20841,FIKREZ,3,3
20842,CERDIN,3,3
20843,GUVVID,3,3
20844,SOGCAS,2,2
20845,CIJZAY,3,3
20846,URUVUZ,3,3
20847,WEJHIE,3,3
20848,FUGZEP,1,1
20849,MICRUP,1,1
20850,NEHDAG,2,2
20851,UGEJUN,3,3
20852,NIZMUE,2,2
20853,OGITIJ,3,3
20854,GOFNAQ,2,2
20855,NUVRUU,1,1
20856,HUBVIL,2,2
20857,GIMQEY,2,2
20858,YATPER,2,2
20859,AROPAZ,3,3
20860,TEDXEG,2,2
20861,RAQWOX,2,2
20862,UVEXEB,1,1
20863,BUCZAA,1,1
20864,TOBGIB,3,3
20865,RAHVAZ,3,3
20866,OZAPUB,2,2
20867,EZEHOI,3,3
20868,ABOBEA,2,2
20869,IDESUG,3,3
20870,XEMGUS,1,1
20871,DOFPOF,1,1
20872,KEXKUU,1,1
20873,PUWKIB,1,1
20874,CUHGUK,1,1
20875,RUMCUY,3,3
20876,FUDQEA,2,2
20877,HEQGIU,3,3
20878,EBANEC,2,2
20879,UXOKEA,1,1
20880,OGUXUL,2,2
20881,GAFHEC,3,3
20882,XUFVAY,1,1
20883,VEVVID,3,3
20884,FEGQOB,1,1
20885,WOHYUQ,2,2
20886,WOQXUX,1,1
20887,IVEWIR,2,2
20888,GIKBOR,3,3
20889,HEDWIW,3,3
20890,NANSIH,3,3
20891,RALSAZ,3,3
20892,NACDUT,3,3
20893,ROBBIT,2,2
20894,YUKSAB,1,1
20895,QIXHEM,3,3
20896,NAPRIH,3,3
20897,FATHAK,1,1
20898,DUDVIK,1,1
20899,COBRUK,1,1
20900,JAJTET,2,2
20901,RAYCAX,3,3
20902,VOPLUH,2,2
20903,QUXFEV,3,3
20904,GOBKOZ,1,1
20905,APOMIE,1,1
20906,ONAXUY,2,2
20907,KUBVOT,3,3
20908,FEQCIO,1,1
20909,QOMHIJ,2,2
20910,JEXPAG,2,2
20911,YAFNEA,3,3
20912,REPYIW,3,3
20913,YIQYAY,1,1
20914,QAYDOM,2,2
20915,DAFJUT,1,1
20916,VIBGIW,1,1
20917,EBOPOA,1,1
20918,BOLYEH,1,1
20919,QALTOO,3,3
20920,KIZMOV,2,2
20921,JEKJIS,3,3
20922,NAHGIQ,1,1
20923,BUFKAQ,1,1
20924,RUNCIM,3,3
20925,RIFGAR,3,3
20926,ZUPDOG,1,1
20927,NAQFIX,2,2
20928,XIPJEP,1,1
20929,FEMZAC,1,1
20930,VABSUP,3,3
20931,JAWYOW,3,3
20932,TORFIP,2,2
20933,PEQVUF,3,3
20934,WOKYIE,3,3
20935,ZISXOO,3,3
20936,UKEQUW,2,2
20937,IGOBAH,3,3
20938,TOPYEE,3,3
20939,TUXTOV,3,3
20940,SUVFOH,1,1
20941,AFOZUQ,3,3
20942,XARTOC,2,2
20943,NILSIK,1,1
20944,HILFOA,3,3
20945,POTNOE,1,1
20946,TAJLOF,2,2
20947,BUHPUQ,2,2
20948,IRIKAW,2,2
20949,VENSOA,1,1
20950,HICKAJ,1,1
20951,ROGZAQ,3,3
20952,CUVDOP,1,1
20953,YETFUZ,3,3
20954,QAHXEE,3,3
20955,UTITOI,2,2
20956,ARONEA,1,1
20957,XIKJAC,3,3
20958,GEVJAS,3,3
20959,WATSOZ,2,2
20960,WUJCAH,2,2
20961,FOBRAS,2,2
20962,JEKZOO,1,1
20963,YEYQIF,2,2
20964,UCUSIX,3,3
20965,WIYYEK,2,2
20966,NIKDIX,2,2
20967,FUDHIW,1,1
20968,XUTVEQ,1,1
20969,CUDMAR,1,1
20970,OWEWOE,1,1
20971,CUCDIN,1,1
20972,EWUPAN,3,3
20973,EYEGOF,3,3
20974,OTIKUZ,1,1
20975,REQSAH,3,3
20976,RITYOJ,3,3
20977,FADPOP,1,1
20978,IKELIT,2,2
20979,RUJQIW,2,2
20980,QUSNIB,2,2
20981,JUNRUI,1,1
20982,QAWZEX,1,1
20983,IWABUE,3,3
20984,LUGBOE,2,2
20985,VIMTOD,3,3
20986,SOWKEW,3,3
20987,EVUKOW,3,3
20988,XAHNED,1,1
20989,TECJUJ,3,3
20990,XAMXAM,2,2
20991,BEZPEF,1,1
20992,LOFHAT,1,1
20993,DAHXIV,3,3
20994,ENOPUV,1,1
20995,ZOWMAB,2,2
20996,ZUNGUK,3,3
20997,AKAZUH,2,2
20998,TAVKOR,1,1
20999,JIJREC,1,1
21000,KUJBOH,2,2
21001,FIFWIB,3,3
21002,RALMIB,3,3
21003,SAXNOV,3,3
21004,ZODYEZ,3,3
21005,PEVTOC,1,1
21006,LEKVED,1,1
21007,SUXVIQ,2,2
21008,HIYHED,3,3
21009,NOZHOB,3,3
21010,OLONAF,2,2
21011,BAWZUW,1,1
21012,IJIVAZ,3,3
21013,HOZZON,1,1
21014,OKEPEC,1,1
21015,XANTIQ,2,2
21016,WAJGUL,2,2
21017,XAMFIB,3,3
21018,KOXWUP,1,1
21019,KEFJUB,2,2
21020,RUPGUG,2,2
21021,BISNUM,3,3
21022,WUCMOW,1,1
21023,AVINAW,2,2
21024,CUMTOW,1,1
21025,KUJRIT,1,1
21026,NIYMER,1,1
21027,IFUJOK,3,3
21028,YANSOW,1,1
21029,FAVYAE,2,2
21030,SORZEG,2,2
21031,JADTEQ,3,3
21032,FEVQUV,3,3
21033,IZAYAK,3,3
21034,MAJQEU,3,3
21035,JOMLEC,3,3
21036,BUJMAW,3,3
21037,HADZAN,3,3
21038,HACSIR,1,1
21039,QEHRIE,1,1
21040,KEDLUA,3,3
21041,GEYWIS,3,3
21042,XUJWEF,2,2
21043,VAVLAG,2,2
21044,BANYOE,3,3
21045,OLANAT,1,1
21046,NIKMAZ,1,1
21047,LOKDIZ,3,3
21048,FEXJAV,2,2
21049,LITFAV,2,2
21050,PONJOR,2,2
21051,NIPQUB,2,2
21052,IDAMAB,3,3
21053,COFRIA,2,2
21054,VUCMOW,1,1
21055,QAGGUA,3,3
21056,SEKPEF,1,1
21057,HAQTIC,1,1
21058,UGASIF,3,3
21059,PUYKIG,1,1
21060,SERQEO,2,2
21061,EQADOQ,3,3
21062,TODMAC,3,3
21063,VEJVOV,1,1
21064,WOVJIA,3,3
21065,GUSWAT,3,3
21066,VOGQEO,2,2
21067,ICETAL,3,3
21068,REVZIC,3,3
21069,FORCEU,3,3
21070,OHUPIR,2,2
21071,SCYNAG,1,1
21072,VEKWUG,2,2
21073,FABZEN,1,1
21074,UQAFOI,3,3
21075,EWIGEY,2,2
21076,YIPDIK,2,2
21077,JOGPIG,3,3
21078,FONCAO,3,3
21079,GIFPOD,2,2
21080,DIFNOX,3,3
21081,XOBJII,3,3
21082,IXEHOJ,3,3
21083,GOBBEG,3,3
21084,XIYSIJ,3,3
21085,ICECAV,3,3
21086,ZIMNOB,3,3
21087,JIKFES,1,1
21088,VEGQUV,3,3
21089,SUPGUG,3,3
21090,TOXMEY,2,2
21091,WANNAD,3,3
21092,ZOYTOY,2,2
21093,CUHKAT,3,3
21094,QAJNAR,2,2
21095,XOTMAW,2,2
21096,TIGJEZ,3,3
21097,PEWKIO,3,3
21098,PYCXEP,3,3
21099,CEFROU,1,1
21100,ZISCOX,1,1
21101,LIXBON,1,1
21102,FIQDAL,2,2
21103,XAVMIR,3,3
21104,ALETAN,1,1
21105,CUGMIC,1,1
21106,CEGSUD,2,2
21107,AXUFUU,3,3
21108,SAKQOM,2,2
21109,CAZVIK,3,3
21110,WOPKET,3,3
21111,CEJZAW,1,1
21112,BOYKIK,3,3
21113,VOZNEF,3,3
21114,WABMIZ,1,1
21115,UZUGON,2,2
21116,JISVOZ,3,3
21117,EKOHIW,2,2
21118,RUWNII,2,2
21119,DAQGUB,1,1
21120,URUVOT,3,3
21121,WODQOV,3,3
21122,XERBEE,3,3
21123,QONSUI,2,2
21124,FUQTIX,1,1
21125,CORHUN,3,3
21126,WIHKUU,3,3
21127,KIVWIV,1,1
21128,IDILOZ,2,2
21129,YOBCUN,2,2
21130,CECVUD,2,2
21131,JEPSUS,2,2
21132,GASMIZ,2,2
21133,QUVVUB,1,1
21134,NENLID,2,2
21135,WISNOD,3,3
21136,XAVJOT,2,2
21137,WABSAU,1,1
21138,TASFID,3,3
21139,CIYBIX,1,1
21140,PETPAI,2,2
21141,KEXROY,1,1
21142,KEDKEJ,1,1
21143,UMUBUA,2,2
21144,DEXTUX,2,2
21145,AMEQEP,3,3
21146,PALZUY,3,3
21147,CUWLIQ,3,3
21148,ZIZCOC,3,3
21149,SELBOE,1,1
21150,MADVUL,2,2
21151,QIJTEK,3,3
21152,YIKXIA,3,3
21153,POCDIU,2,2
21154,QOWGOA,2,2
21155,POZRIF,1,1
21156,SEZWON,1,1
21157,JALBIL,1,1
21158,USUTOS,2,2
21159,WUPGUM,1,1
21160,ADUZII,2,2
21161,TAYDOP,2,2
21162,ABIDOE,3,3
21163,OZUCAO,1,1
21164,YEHMUT,3,3
21165,POVCIM,3,3
21166,QARYOB,1,1
21167,YICKOL,1,1
21168,MAMDIP,3,3
21169,CIHRUG,1,1
21170,IDAFEA,2,2
21171,FASSAU,3,3
21172,YIPZUV,2,2
21173,MARHEV,3,3
21174,BILRIZ,3,3
21175,WAHVAG,1,1
21176,QOJCOH,2,2
21177,WOJVIB,2,2
21178,MUYFEU,1,1
21179,HOKSIJ,3,3
21180,PUKYEZ,3,3
21181,YUDKAM,1,1
21182,FOQTOV,2,2
21183,MIDPUL,2,2
21184,FAVYUW,3,3
21185,PUTKAS,2,2
21186,RUDMOT,3,3
21187,FUPGON,2,2
21188,KEYVIU,3,3
21189,HUBQUS,3,3
21190,GETGES,3,3
21191,REZNAP,1,1
21192,WALCES,1,1
21193,DABQII,3,3
21194,JEBCUO,3,3
21195,MUTTEC,3,3
21196,BIJVOH,2,2
21197,OJAGUB,3,3
21198,NUWXEL,1,1
21199,MAXQUX,3,3
21200,BATFOR,3,3
21201,XCECMO,2,2
21202,HOMWOX,3,3
21203,COCJUA,3,3
21204,BECMAA,2,2
21205,GUTLAJ,3,3
21206,ZELTOD,1,1
21207,KIBVUN,3,3
21208,ITAJEV,1,1
21209,BOSKUS,1,1
21210,ENAWEX,3,3
21211,ECAKUO,2,2
21212,YAGVEK,2,2
21213,YOCRIT,2,2
21214,YECGAS,1,1
21215,ROGVAK,2,2
21216,IFIQIY,1,1
21217,YASKIO,3,3
21218,KULTAO,2,2
21219,MARVOQ,3,3
21220,NAMCEM,2,2
21221,QADNUE,2,2
21222,EDERUA,1,1
21223,YUZQUH,3,3
21224,JIYQUD,2,2
21225,QEGZOV,1,1
21226,DOJXUV,2,2
21227,YEKJOQ,2,2
21228,XALYOY,2,2
21229,OPIVOZ,3,3
21230,GANNOB,2,2
21231,JASPOM,1,1
21232,DAKHED,2,2
21233,HUBMEX,2,2
21234,WAVLUB,3,3
21235,TONCEE,1,1
21236,FOZGUX,3,3
21237,GAZHUK,3,3
21238,GUVMEP,3,3
21239,VEVCEH,2,2
21240,EJAMOS,3,3
21241,FEQJUH,1,1
21242,KAJVIB,2,2
21243,JABLEE,1,1
21244,DAMWUL,1,1
21245,KASWIK,3,3
21246,TEGHEV,1,1
21247,LECRUI,3,3
21248,PIMZIY,1,1
21249,KODGAL,1,1
21250,GIRVAH,3,3
21251,QASXUD,2,2
21252,GEDFEA,3,3
21253,HOKCOA,3,3
21254,QACKIQ,1,1
21255,PUPWOM,3,3
21256,NOHDIX,1,1
21257,JEFJAG,3,3
21258,AREPES,3,3
21259,VALCES,3,3
21260,ULOSUK,2,2
21261,ZEVNET,1,1
21262,NAZBEV,1,1
21263,YEDKUR,1,1
21264,WUQQOQ,2,2
21265,SADLER,3,3
21266,GENJOY,2,2
21267,POKNAF,2,2
21268,YANVEP,3,3
21269,OCUROV,3,3
21270,NAPYOT,2,2
21271,FMNBCU,3,3
21272,XOMKEP,2,2
21273,WULLAQ,3,3
21274,CIVDUJ,1,1
21275,FOPBUJ,3,3
21276,UGETEG,3,3
21277,KANSIB,3,3
21278,BEZWUZ,3,3
21279,KAWRIK,2,2
21280,EPUGEC,2,2
21281,LIVBOK,3,3
21282,SOQJIU,1,1
21283,BAXBUX,3,3
21284,UGAMUL,3,3
21285,HAFGAZ,3,3
21286,MABWOC,2,2
21287,IWIMUY,3,3
21288,GIGXIE,3,3
21289,CACNEC,2,2
21290,RUJXUP,1,1
21291,WIVFAJ,2,2
21292,PIBPAT,2,2
21293,DAFFUN,2,2
21294,GUVJAI,2,2
21295,SOZKOK,1,1
21296,GEZGEA,3,3
21297,POFLED,3,3
21298,VEHLID,1,1
21299,AGOCUV,3,3
21300,XAFRAX,3,3
21301,ABUVUP,3,3
21302,YALWAJ,3,3
21303,GIVDAR,3,3
21304,JOJPOO,3,3
21305,CUYPUK,1,1
21306,SIWPAR,3,3
21307,ICOJOB,3,3
21308,HIGKEQ,2,2
21309,NEYJAE,3,3
21310,TOBBOF,1,1
21311,XINNAK,2,2
21312,JETCAN,3,3
21313,VUSNOP,1,1
21314,ZIFHUT,3,3
21315,BOYKEH,3,3
21316,ODUGIF,3,3
21317,DAVLIY,2,2
21318,TEPYOE,2,2
21319,COJXEI,1,1
21320,WIXSUR,3,3
21321,MENNUP,2,2
21322,PEVFIJ,1,1
21323,XITDOX,1,1
21324,BEHBEX,2,2
21325,ECERIP,2,2
21326,TALJIA,3,3
21327,SIWGAH,2,2
21328,BIRMOI,1,1
21329,DADLON,1,1
21330,BEZYUB,1,1
21331,GIFPUJ,3,3
21332,LILXIO,3,3
21333,MIDBEH,2,2
21334,VUGCEH,2,2
21335,HEWCUI,1,1
21336,EBALEA,3,3
21337,IGUCES,3,3
21338,PIXSIY,1,1
21339,QORQET,1,1
21340,NIJRIJ,3,3
21341,OPEKUR,2,2
21342,KEBZUM,2,2
21343,SOYPIF,2,2
21344,DUFWUW,1,1
21345,NOSCEF,2,2
21346,MUXBOZ,1,1
21347,RENZIU,2,2
21348,RAKFAK,1,1
21349,RANPEB,3,3
21350,MAJCAC,3,3
21351,WUTPEI,3,3
21352,MUPFIM,3,3
21353,UQUWOT,2,2
21354,WUHGAI,3,3
21355,FATZEJ,1,1
21356,TATVAM,2,2
21357,JIMYOU,3,3
21358,PACBOO,1,1
21359,VIXSUR,3,3
21360,VUDHIM,2,2
21361,EQODUM,1,1
21362,RECHIT,3,3
21363,QERSOV,1,1
21364,POZREE,1,1
21365,SALQAX,1,1
21366,FIQTIL,3,3
21367,LUNPIW,1,1
21368,FISKEY,3,3
21369,EHOLUJ,3,3
21370,FIPYEJ,3,3
21371,IWUDUB,3,3
21372,DODTOG,2,2
21373,DAMLOU,3,3
21374,UQOQUO,3,3
21375,EJOVUX,1,1
21376,WAPDID,2,2
21377,KARMIC,3,3
21378,TUJQOE,3,3
21379,MALWAZ,3,3
21380,HIYZAR,3,3
21381,QANPON,3,3
21382,PONQAN,1,1
21383,WALZEQ,1,1
21384,BUHRUS,2,2
21385,IMOBIW,3,3
21386,KAXQEG,2,2
21387,WOPREA,1,1
21388,SAMBEQ,3,3
21389,HUWXUS,3,3
21390,BUSWOB,3,3
21391,TOVQON,1,1
21392,KOTHAF,1,1
21393,VORHUI,2,2
21394,GOZRAR,1,1
21395,FAGGIG,1,1
21396,QEQFIC,3,3
21397,MILXIO,2,2
21398,RONHEK,2,2
21399,UFOZAS,1,1
21400,XOTTAB,1,1
21401,LAXMIG,2,2
21402,MABLUZ,3,3
21403,WAWSIW,1,1
21404,YEZQOK,3,3
21405,NIQGUP,2,2
21406,ZURNAB,2,2
21407,TARLOP,3,3
21408,RICJIX,2,2
21409,KIDPES,1,1
21410,POTNUK,1,1
21411,FONFET,3,3
21412,AVILAU,2,2
21413,DEBLIG,3,3
21414,BUVVIY,3,3
21415,YETFOT,3,3
21416,FEVQOO,3,3
21417,VACRUO,1,1
21418,CEVMIC,3,3
21419,XAPPOU,3,3
21420,ZECLUR,3,3
21421,ZIRWAC,1,1
21422,YIMLEL,1,1
21423,XEDGOF,3,3
21424,XANVIS,2,2
21425,MEVYOE,1,1
21426,IBOJUI,1,1
21427,GAJGUV,3,3
21428,YAQCIC,1,1
21429,AVEDOW,2,2
21430,VEVCIK,3,3
21431,YAVCIJ,3,3
21432,TIDFAR,1,1
21433,JOPDID,3,3
21434,SURCUF,3,3
21435,ZEJNOR,3,3
21436,NUXRAB,2,2
21437,TEJZIT,3,3
21438,SOSGUD,3,3
21439,ASITIF,1,1
21440,YORGEU,2,2
21441,HABBOF,1,1
21442,BAQNOW,2,2
21443,YIKVIY,3,3
21444,PANGOC,3,3
21445,MUFSIQ,3,3
21446,AQOHUJ,3,3
21447,ESEGEQ,2,2
21448,LUDROT,3,3
21449,KIHJUI,2,2
21450,AHABOD,1,1
21451,SOVDIS,2,2
21452,ROBGOG,2,2
21453,DUFLAR,2,2
21454,HOBJIS,1,1
21455,LUBVIQ,1,1
21456,UPEJEF,2,2
21457,ENOPOO,1,1
21458,QILRUA,3,3
21459,ZOZDOH,2,2
21460,RAQNUT,2,2
21461,YAXTIB,1,1
21462,KEHTEY,3,3
21463,LUWFIS,1,1
21464,RIZNUL,2,2
21465,SOFBOG,3,3
21466,YAYYED,3,3
21467,JATYIM,1,1
21468,KUGKAB,1,1
21469,FAPTUL,1,1
21470,YUXBAV,3,3
21471,RETPEN,2,2
21472,CADYIS,2,2
21473,XARFIJ,1,1
21474,GUWNIY,1,1
21475,SUQSON,3,3
21476,SAQKII,1,1
21477,RAFZON,3,3
21478,MIRYIX,1,1
21479,ZIKQES,3,3
21480,CMPTZP,3,3
21481,XONNIZ,2,2
21482,NIZCOS,1,1
21483,LAFLIP,2,2
21484,VIQVIC,2,2
21485,LEXLUV,2,2
21486,SEWKOW,2,2
21487,TIFYOX,1,1
21488,FERVUT,2,2
21489,QAPFOC,3,3
21490,DINVAB,1,1
21491,YOJNUG,2,2
21492,CALZIB,3,3
21493,DOQTIN,3,3
21494,OFOWEO,2,2
21495,BUGFUF,3,3
21496,IJAPEP,1,1
21497,REJFET,2,2
21498,LALPET,3,3
21499,HIHFIR,1,1
21500,VIGSOT,2,2
21501,NEJPIF,1,1
21502,CIRJIX,2,2
21503,DOYPOY,3,3
21504,TEHLOK,2,2
21505,SUQTIH,3,3
21506,LAWYIR,1,1
21507,UMIPAH,2,2
21508,SUQCIR,3,3
21509,AQIKUI,1,1
21510,DUHKEY,3,3
21511,FIRXAG,3,3
21512,NEZCUS,3,3
21513,YOKXOL,3,3
21514,ABITEM,2,2
21515,ZUZJEJ,2,2
21516,RAFJIR,2,2
21517,MIFXUW,2,2
21518,JOHXAH,3,3
21519,ROSGUD,3,3
21520,COBROE,1,1
21521,DAKMUZ,3,3
21522,KALLIT,3,3
21523,CECDEW,2,2
21524,EMOVEJ,3,3
21525,HARTON,1,1
21526,CEYXAJ,1,1
21527,DEYQUT,1,1
21528,LAYVOX,2,2
21529,SUQNUQ,1,1
21530,XIVTEB,2,2
21531,BAPGUX,2,2
21532,BONRAY,2,2
21533,COPHUK,2,2
21534,VOBVUH,1,1
21535,GOJLAS,3,3
21536,IFOTIK,1,1
21537,ZIYWOV,2,2
21538,UHIYES,1,1
21539,CAXQOH,3,3
21540,EKOKUL,2,2
21541,IBICOO,3,3
21542,VOTCUC,2,2
21543,DIZDIA,1,1
21544,PAQSEG,3,3
21545,LAPHES,3,3
21546,WAFWEJ,1,1
21547,CACTUY,3,3
21548,APELEP,1,1
21549,OBEGIN,3,3
21550,EJEPER,1,1
21551,LEMVOQ,3,3
21552,ELUSUB,2,2
21553,KEDTIZ,3,3
21554,IVEJIC,2,2
21555,KAMPIZ,3,3
21556,PIWHOT,2,2
21557,KIXVOD,2,2
21558,VOTHER,2,2
21559,MEFYEC,3,3
21560,XEKBAS,3,3
21561,VILCEB,3,3
21562,RUVKIE,3,3
21563,MASCIV,3,3
21564,BUBTEY,1,1
21565,LALVIF,2,2
21566,FMFPCO,2,2
21567,ZEYWUV,2,2
21568,QEZZUU,1,1
21569,LAHMAI,1,1
21570,GIFDEH,3,3
21571,AMIXOM,1,1
21572,WUFHEK,3,3
21573,WAJMUP,3,3
21574,NIJDAL,2,2
21575,HOBPUJ,2,2
21576,JEDMEL,3,3
21577,WASLUY,2,2
21578,OCIFUE,3,3
21579,CIHHEJ,2,2
21580,OBIHAJ,3,3
21581,IRIMUT,3,3
21582,FUFCOY,1,1
21583,AZORAI,2,2
21584,IHOBEN,2,2
21585,YOSROQ,1,1
21586,VEYXOQ,1,1
21587,WESSAP,3,3
21588,OJAZAA,3,3
21589,RUGWAR,2,2
21590,HOKBIV,3,3
21591,EGEPEN,3,3
21592,PEDYON,3,3
21593,LETGID,2,2
21594,QALGAM,3,3
21595,MACPUC,2,2
21596,HEJXUS,2,2
21597,LIWGOP,2,2
21598,SISZEB,2,2
21599,QOPCUU,3,3
21600,EZUTOJ,2,2
21601,VIGLOP,3,3
21602,WOPZEH,3,3
21603,ABATUS,2,2
21604,FOJLAS,3,3
21605,EBOXUQ,3,3
21606,FUPTUI,1,1
21607,BOBSEQ,3,3
21608,ECOXOM,2,2
21609,AXAHAI,3,3
21610,SEZXEB,1,1
21611,HEJCAA,2,2
21612,SERPUB,3,3
21613,OCOYEM,1,1
21614,ATECUZ,1,1
21615,ZENVUM,3,3
21616,EHIKAH,2,2
21617,XUYGOQ,1,1
21618,AKENAF,2,2
21619,XUFLEQ,3,3
21620,GOVBIE,2,2
21621,LHISNI,3,3
21622,JITPOU,3,3
21623,IZEXOD,1,1
21624,DEKSIX,2,2
21625,EHESIV,3,3
21626,PEFXIK,3,3
21627,QEKTAE,3,3
21628,HAWXUA,3,3
21629,POKSUE,2,2
21630,BUHFEQ,2,2
21631,FUYXAZ,1,1
21632,VIYTAY,2,2
21633,FIBJUY,2,2
21634,ZIRXED,3,3
21635,GOSVUH,2,2
21636,HIQFAP,3,3
21637,SAQCIW,3,3
21638,IVUBAD,2,2
21639,ZORHIA,2,2
21640,HERQEA,2,2
21641,ACASII,3,3
21642,GICBEB,2,2
21643,JAMPIZ,3,3
21644,QIWFAG,3,3
21645,EWOPOV,3,3
21646,VUKTIF,3,3
21647,FOTTOZ,3,3
21648,KEPPIH,2,2
21649,KUXFEO,1,1
21650,ABEFUI,1,1
21651,NOXJAN,3,3
21652,BETZEH,2,2
21653,QOTQUO,1,1
21654,UJIZIW,1,1
21655,BIKTIB,3,3
21656,UQANUY,1,1
21657,RIFJEW,2,2
21658,HUDTUV,1,1
21659,YOXZAM,2,2
21660,AQOWUY,2,2
21661,ATEFIP,3,3
21662,ORIHUU,3,3
21663,PUVLEX,3,3
21664,QESXOB,3,3
21665,GIDKOV,3,3
21666,XOZBIA,1,1
21667,DEFVIT,1,1
21668,ZOPYIO,2,2
21669,FEKJOU,2,2
21670,EVIXEO,2,2
21671,QIFCEQ,2,2
21672,MEJTUT,2,2
21673,NAPQAA,1,1
21674,JIQQIN,1,1
21675,JOCMUK,1,1
21676,LENSOO,2,2
21677,XUYYEV,3,3
21678,RULFAG,2,2
21679,DAYPIE,3,3
21680,PIPXIV,1,1
21681,KAJNAK,2,2
21682,CUNLOO,2,2
21683,PITCAY,3,3
21684,ROFSAG,2,2
21685,FECGAW,1,1
21686,PIRGEC,3,3
21687,QIHJOI,3,3
21688,CINBOT,3,3
21689,POWTUQ,1,1
21690,TEJBOA,3,3
21691,UYAHUY,3,3
21692,MONQEM,3,3
21693,YEHWEN,1,1
21694,FELSAU,1,1
21695,QANMUQ,3,3
21696,FESVEF,2,2
21697,LULNOV,2,2
21698,AKUFIV,3,3
21699,MUPGAF,3,3
21700,IYUTUU,1,1
21701,IFUWOZ,1,1
21702,QIDBAK,1,1
21703,HADKUW,1,1
21704,DEPJAJ,3,3
21705,TOWXUA,3,3
21706,PAGXOK,1,1
21707,EGIXID,3,3
21708,NAQLID,3,3
21709,KINVUY,2,2
21710,NOHPUY,2,2
21711,JIYKEI,2,2
21712,UQEPAK,1,1
21713,NIKGAQ,2,2
21714,EROFIA,1,1
21715,CEGBUO,3,3
21716,GESJUM,2,2
21717,NIQTAK,2,2
21718,DILCUZ,2,2
21719,LUWPAU,2,2
21720,TENYEQ,3,3
21721,AHEZUL,1,1
21722,DOFDEJ,2,2
21723,TETJEK,3,3
21724,AGIZEX,2,2
21725,DUHCEP,3,3
21726,TEMKEB,2,2
21727,COMYOT,2,2
21728,XOXZAM,3,3
21729,MUYYIR,1,1
21730,BAWKAN,2,2
21731,XEYBEL,3,3
21732,FUGNAW,1,1
21733,QIVBEC,2,2
21734,ZERTID,1,1
21735,RUJKOW,2,2
21736,CIDWIZ,1,1
21737,MEVDUM,1,1
21738,VENWAN,1,1
21739,TUMYOR,3,3
21740,HULBOF,3,3
21741,GUKDUN,2,2
21742,GEKZII,3,3
21743,LITRIR,2,2
21744,RATRIP,3,3
21745,WAWKOU,3,3
21746,TAKLEZ,2,2
21747,EYUREX,2,2
21748,GUPVOE,3,3
21749,HIKBAG,1,1
21750,QUBVOZ,3,3
21751,SULXIH,2,2
21752,WOVWIP,3,3
21753,DAJCID,2,2
21754,ICARIR,1,1
21755,OXALAD,1,1
21756,ZIKYEZ,2,2
21757,GATLOD,3,3
21758,CISDUF,2,2
21759,ZAPQOZ,2,2
21760,ASECEH,3,3
21761,GUYHEN,3,3
21762,XOGCUU,2,2
21763,JAYZES,1,1
21764,BEMLEL,1,1
21765,EQOLUS,1,1
21766,HAJNEL,1,1
21767,TOPVUP,1,1
21768,LIWYIC,2,2
21769,SESXIZ,3,3
21770,POLVER,3,3
21771,HAKCIJ,1,1
21772,BEFXUG,2,2
21773,NUVTAA,3,3
21774,ZIXMOI,2,2
21775,SASREM,3,3
21776,DIYVEQ,1,1
21777,AMAWUH,1,1
21778,VEYHEN,3,3
21779,REWSEV,1,1
21780,DOSQUA,3,3
21781,DAMJOS,3,3
21782,JUMHAA,1,1
21783,AJUZOU,2,2
21784,MUJJEG,3,3
21785,GITCIZ,1,1
21786,ULUDAG,1,1
21787,PEMYAI,3,3
21788,NUVMOH,3,3
21789,WIHTUF,3,3
21790,JAFFAB,1,1
21791,EJAROW,3,3
21792,OLOZEV,3,3
21793,GEVNAW,3,3
21794,VIBQUT,3,3
21795,CIGLOW,3,3
21796,USOZUA,1,1
21797,LERMON,2,2
21798,LORVIZ,1,1
21799,ZAHCEQ,3,3
21800,TASGAX,3,3
21801,POZHUH,1,1
21802,IGEDEG,1,1
21803,RENNUT,3,3
21804,IDORUQ,3,3
21805,RAXDAV,3,3
21806,NOVCEJ,1,1
21807,EGAKAB,3,3
21808,CEPXOM,3,3
21809,PUVRAC,1,1
21810,PAMZEK,2,2
21811,ZOWYER,1,1
21812,OWAVOA,1,1
21813,TOSXEH,1,1
21814,ZEQHIO,2,2
21815,AWENAR,2,2
21816,TISHIM,1,1
21817,YINVIB,2,2
21818,LODCIQ,3,3
21819,TFTPRU,2,2
21820,GOYHOT,3,3
21821,GEQYAD,2,2
21822,YEGCIX,3,3
21823,QUJBAZ,3,3
21824,YOCMIP,1,1
21825,NICCIM,2,2
21826,DOMKAS,2,2
21827,FOCKIR,3,3
21828,NEDVIE,3,3
21829,HANRIZ,3,3
21830,EJALEG,3,3
21831,NUSKOB,2,2
21832,IFODAK,2,2
21833,REXWAW,1,1
21834,QIDLAS,2,2
21835,OQOJUA,3,3
21836,UCATOH,2,2
21837,JALMOC,1,1
21838,LOFRIH,1,1
21839,FEVNAW,2,2
21840,WIVNAT,2,2
21841,SUJBII,1,1
21842,UBOXAN,1,1
21843,KISYIU,1,1
21844,MEVHON,3,3
21845,SIFJIC,2,2
21846,YEJFIC,2,2
21847,SEDGAN,1,1
21848,USULIF,2,2
21849,VIXGIS,2,2
21850,TARDAR,2,2
21851,SEHVAE,2,2
21852,JOSNAI,2,2
21853,PAXDIE,3,3
21854,LEDMUD,2,2
21855,BERWED,2,2
21856,OMEDIU,3,3
21857,SITZIH,3,3
21858,XIPPOD,1,1
21859,LOVJEL,3,3
21860,WORNUO,3,3
21861,WABWUT,3,3
21862,TUKTOI,3,3
21863,FIBQOW,1,1
21864,XINVIB,3,3
21865,CAQVEV,3,3
21866,GOPQAF,3,3
21867,ZIYYOY,3,3
21868,JINXUA,2,2
21869,TOPCOQ,2,2
21870,YENTIY,1,1
21871,AYUGEJ,1,1
21872,ZEJQAJ,3,3
21873,YILWOG,3,3
21874,CADFET,1,1
21875,TEQBEY,2,2
21876,QUCLOR,1,1
21877,TEWFAC,1,1
21878,BEZCEO,2,2
21879,COFSUO,3,3
21880,MUFBIZ,2,2
21881,HEKGIQ,2,2
21882,HERFIX,1,1
21883,TOGWUK,3,3
21884,IQATAW,2,2
21885,PAWWOA,3,3
21886,MECHIP,1,1
21887,QAHBOQ,2,2
21888,BOJPIC,3,3
21889,YEBRIH,3,3
21890,LUXZEL,1,1
21891,DEWJOH,3,3
21892,ULUJOC,3,3
21893,CURROY,1,1
21894,LESGEY,3,3
21895,CABNUQ,1,1
21896,BIQPEA,1,1
21897,CIYJIF,2,2
21898,XEMVOA,2,2
21899,NUWLUN,3,3
21900,WIPZAZ,3,3
21901,IWADOZ,3,3
21902,KETKOL,2,2
21903,SARHIF,2,2
21904,YOPGEP,2,2
21905,TEHZIQ,2,2
21906,UJAGOB,3,3
21907,EXECUI,1,1
21908,GECGOK,3,3
21909,OHUTIV,2,2
21910,IKIYIL,2,2
21911,XOCTEQ,2,2
21912,DAYLUM,2,2
21913,WUBZIE,1,1
21914,GUSSAP,3,3
21915,SUJGUC,1,1
21916,AYIKUO,3,3
21917,BEKFAY,1,1
21918,XOSRAZ,2,2
21919,HIJTUP,3,3
21920,MARGAQ,3,3
21921,KOGZEO,1,1
21922,VEKXER,2,2
21923,HEFROA,1,1
21924,IZADOF,1,1
21925,WEPTUI,2,2
21926,XORVEI,1,1
21927,NUFYUL,1,1
21928,GUVNUH,3,3
21929,XUMXUZ,3,3
21930,NAVKAW,2,2
21931,ERINUP,3,3
21932,REVWAR,3,3
21933,IPOQEL,3,3
21934,YOTBEP,3,3
21935,JOCQIC,2,2
21936,NIMMED,3,3
21937,HOTPAK,1,1
21938,JUPBOL,2,2
21939,LUPWIF,1,1
21940,JARRED,1,1
21941,NUDSAG,3,3
21942,CAGSAI,1,1
21943,LIFLIV,2,2
21944,OFIBAI,2,2
21945,INEPAT,3,3
21946,GAYNEZ,2,2
21947,MELYUX,3,3
21948,SUWCUJ,2,2
21949,SOQLEP,2,2
21950,LOVCOQ,2,2
21951,UREJUY,3,3
21952,ASAFIK,3,3
21953,VEJLEB,3,3
21954,FEGRIW,1,1
21955,EZIMIM,1,1
21956,DOMROM,3,3
21957,FECGOK,1,1
21958,XOLGAJ,3,3
21959,QIHJAU,3,3
21960,PIFTIH,2,2
21961,SUQKEX,1,1
21962,XODMIN,2,2
21963,ADASUX,1,1
21964,OKOVAL,2,2
21965,RACTAQ,2,2
21966,RATNUX,3,3
21967,KEFNUF,3,3
21968,SUPQID,1,1
21969,YIMJEJ,1,1
21970,CIZJUR,2,2
21971,XIXDOX,1,1
21972,HELGIO,3,3
21973,JAFVEV,1,1
21974,TEKZUE,3,3
21975,FAJSIW,1,1
21976,AJUDER,1,1
21977,SIYZUY,2,2
21978,ILUBIA,1,1
21979,YUHRAX,1,1
21980,UTUWOY,1,1
21981,FEGBOK,3,3
21982,BZTBFE,2,2
21983,QEYMEO,1,1
21984,FOZCAY,3,3
21985,JIJVEG,3,3
21986,JOSPIQ,3,3
21987,RUWCUJ,3,3
21988,XULPEA,2,2
21989,NINXAN,1,1
21990,YAXKER,1,1
21991,KALXUU,1,1
21992,MEHGAJ,1,1
21993,WACXAA,2,2
21994,MOHRIM,3,3
21995,GOBHIO,2,2
21996,TUDYAU,2,2
21997,VALKEZ,3,3
21998,MAQNUP,3,3
21999,ICIZUQ,3,3
22000,HANBOQ,3,3
22001,BIBHUQ,3,3
22002,NOWKUF,3,3
22003,GOSMOQ,1,1
22004,ZIPWUT,3,3
22005,COFCEI,2,2
22006,MASVIN,2,2
22007,XUFWIE,3,3
22008,BAMVUI,3,3
22009,FUPCOJ,3,3
22010,COVKOQ,1,1
22011,REPFID,3,3
22012,KEKKAO,1,1
22013,GOBCOS,2,2
22014,ZIRDOV,3,3
22015,IPESUU,1,1
22016,VEYZOS,1,1
22017,PUHXEW,2,2
22018,FOQGOH,3,3
22019,LUXJUJ,2,2
22020,LUVHOC,1,1
22021,COHMIW,3,3
22022,CEHXAP,3,3
22023,LANKEQ,3,3
22024,IYICID,3,3
22025,TOHSEO,3,3
22026,VACXUS,1,1
22027,ULEPOQ,3,3
22028,DULMOO,3,3
22029,ZOWLII,2,2
22030,SIDNEA,3,3
22031,UCAVAV,2,2
22032,LALTID,3,3
22033,MGXPCO,2,2
22034,GUTSUK,2,2
22035,EKIHOV,1,1
22036,VUKDUC,3,3
22037,MEDCOR,1,1
22038,QITMUD,3,3
22039,RECLES,3,3
22040,HUPGOP,3,3
22041,GENYOP,3,3
22042,TIYVIH,2,2
22043,GESMIE,1,1
22044,REPVOX,2,2
22045,JIDTIC,3,3
22046,MIJQIG,3,3
22047,SAJQIE,2,2
22048,AQAWOE,3,3
22049,ULUDUB,3,3
22050,EWIVIQ,2,2
22051,DASNET,3,3
22052,XIKNUB,3,3
22053,LALJAK,1,1
22054,MUHWES,1,1
22055,QARDAO,3,3
22056,IVAJOG,2,2
22057,YEKLUY,3,3
22058,MADRUH,3,3
22059,PEBZUT,2,2
22060,QEBHIS,1,1
22061,WUHTOK,2,2
22062,UROVOP,1,1
22063,NALJIX,1,1
22064,LUHKUX,1,1
22065,YAPZOI,1,1
22066,MALTID,3,3
22067,EBILOQ,2,2
22068,GEVLOI,2,2
22069,LAFQIV,3,3
22070,EJAPAI,2,2
22071,QEYXIC,2,2
22072,AZAYIL,2,2
22073,JAHFUU,2,2
22074,FUMRUB,3,3
22075,DENRUM,3,3
22076,RIWZAY,3,3
22077,WUKDUC,2,2
22078,OJIWUZ,3,3
22079,BILDUY,3,3
22080,MOWLOA,1,1
22081,IWEJIF,1,1
22082,UPOLOB,2,2
22083,XEDDEP,2,2
22084,EHEQIT,1,1
22085,INISIJ,3,3
22086,TENGUO,2,2
22087,PIHFAO,2,2
22088,CEAMZN,3,3
22089,NUXTUV,2,2
22090,TOGWAN,3,3
22091,FOBCOS,1,1
22092,LADYEY,1,1
22093,JERCIS,1,1
22094,AKELAD,2,2
22095,GABKIF,2,2
22096,WUYCUR,1,1
22097,NIBBEF,2,2
22098,YODHAA,1,1
22099,KAHDON,3,3
22100,YANLOS,1,1
22101,SUVWAH,2,2
22102,LONXUI,1,1
22103,RELHAR,1,1
22104,RISHAC,2,2
22105,ALEPAJ,2,2
22106,XITLUH,3,3
22107,XIYRAA,2,2
22108,XOBKAB,2,2
22109,SIYMAQ,3,3
22110,HILNOH,2,2
22111,RIFVOR,2,2
22112,NEBGAD,2,2
22113,SAPPUX,3,3
22114,XISGEP,1,1
22115,DEMKEO,3,3
22116,AQUTIQ,3,3
22117,JEBPUF,1,1
22118,QIGRAZ,2,2
22119,LONZOE,2,2
22120,POSXEB,2,2
22121,IBEWIW,3,3
22122,NIRHUR,3,3
22123,YEFLIH,3,3
22124,GAXVEG,2,2
22125,QASWEQ,1,1
22126,WEHZUG,2,2
22127,POYMAS,2,2
22128,REWVOF,3,3
22129,REWXAU,2,2
22130,YIMFEG,3,3
22131,WEJGAV,2,2
22132,IVIPAH,1,1
22133,DAMXEY,1,1
22134,TEJYAJ,1,1
22135,HITBAO,3,3
22136,FIGNUF,3,3
22137,RAYKAF,2,2
22138,SIVBUV,1,1
22139,SAPROT,3,3
22140,GIYZOG,3,3
22141,EGOGAJ,3,3
22142,GIVWAL,1,1
22143,RARSIQ,1,1
22144,DEJLAH,1,1
22145,FANSAO,1,1
22146,GOGPUO,3,3
22147,ICEGUW,1,1
22148,TAHRIG,1,1
22149,NAPSAC,1,1
22150,TISVUP,1,1
22151,XADWEF,2,2
22152,FONGUN,1,1
22153,ICOPIB,2,2
22154,HAFJIK,2,2
22155,KEVXAK,1,1
22156,EPUHUV,1,1
22157,GAVHOE,1,1
22158,HEJQEW,1,1
22159,WEQGEE,2,2
22160,XATQAM,3,3
22161,FACFEW,1,1
22162,NUFGIF,3,3
22163,OJAQIA,3,3
22164,OZOZOU,3,3
22165,JEFWOJ,2,2
22166,LEVFUO,2,2
22167,AKARUA,2,2
22168,ZEGTUC,3,3
22169,RUYMON,3,3
22170,IZEXUJ,1,1
22171,HIVCEU,2,2
22172,FOHVIJ,2,2
22173,FONPUT,2,2
22174,LOLBEV,2,2
22175,SOWTED,3,3
22176,BEJGOM,3,3
22177,ICUZEN,3,3
22178,WEYTAW,1,1
22179,FEQNUL,2,2
22180,RIFFIY,3,3
22181,EGUDES,2,2
22182,VATREN,3,3
22183,GATNOF,2,2
22184,RAFPOE,3,3
22185,KOMJIF,1,1
22186,VOLCUU,3,3
22187,OYUHAS,2,2
22188,NEVDEX,1,1
22189,GEZSAF,2,2
22190,IYUDIP,1,1
22191,XEBYOT,3,3
22192,OYOLAS,1,1
22193,VUVBOF,3,3
22194,UNUKOF,3,3
22195,HEWKON,1,1
22196,IVAHUK,2,2
22197,FUVNAM,3,3
22198,XEHBEV,1,1
22199,QIXGAJ,1,1
22200,KAJKEP,1,1
22201,SOJYOG,2,2
22202,HUFPUW,1,1
22203,WECPAW,3,3
22204,GUFVOV,1,1
22205,PIRKIM,3,3
22206,WEYJIX,1,1
22207,EJELOW,2,2
22208,YIKYUO,3,3
22209,ZUFWAA,2,2
22210,EYADAK,2,2
22211,SIYCOU,2,2
22212,COHCEL,1,1
22213,OJEMEW,2,2
22214,QAVZUJ,3,3
22215,LEXZEV,3,3
22216,WIYZUD,1,1
22217,NOSWOJ,2,2
22218,PIWHUZ,3,3
22219,VURGOF,1,1
22220,RABLAL,1,1
22221,ANULED,1,1
22222,WUSTIP,2,2
22223,YUDCUV,2,2
22224,DENNEQ,1,1
22225,COFZIH,1,1
22226,QOJKUX,1,1
22227,MAPSED,2,2
22228,EVUSEV,2,2
22229,TOMGUA,1,1
22230,WOQLIY,3,3
22231,WIYCUF,3,3
22232,NAYJAZ,1,1
22233,ORAKAV,2,2
22234,ICANOT,1,1
22235,YEKPIQ,1,1
22236,MUYBIR,3,3
22237,NIRJAB,2,2
22238,EBAVOU,3,3
22239,LONVUF,3,3
22240,TOSZEJ,1,1
22241,BOBHEF,3,3
22242,LAVPEG,3,3
22243,UTAVIX,1,1
22244,REXNUG,3,3
22245,FOJWAD,2,2
22246,OLOSUE,2,2
22247,JECQAK,3,3
22248,YIJVOF,3,3
22249,FINKET,2,2
22250,LUSPIZ,3,3
22251,MAYMOO,2,2
22252,LUJQIS,3,3
22253,BEKZIC,2,2
22254,MIXVEU,2,2
22255,GORKIH,2,2
22256,VIPHEL,1,1
22257,MALZIK,2,2
22258,VIBSUV,2,2
22259,WUVREN,1,1
22260,DORROR,2,2
22261,QOYCAK,3,3
22262,BAXMIY,2,2
22263,KAZMOP,1,1
22264,EYEXAI,3,3
22265,SIGLOM,3,3
22266,SEVYUO,1,1
22267,PARCIU,1,1
22268,PEDKES,1,1
22269,KEYNUY,3,3
22270,GUVGEL,2,2
22271,FUMKUW,1,1
22272,IDIFOQ,1,1
22273,JEBBEB,1,1
22274,NEBWID,3,3
22275,YEJVUF,2,2
22276,RAMHIY,1,1
22277,ZUQHEA,3,3
22278,OZOVUV,3,3
22279,ZAVYIE,1,1
22280,LEHBEF,1,1
22281,MOHGIB,3,3
22282,GIYDIC,2,2
22283,DUKMAZ,2,2
22284,AKUMOJ,3,3
22285,NIPRIN,2,2
22286,YEJCOG,2,2
22287,TIHDAP,3,3
22288,LIBREU,1,1
22289,MEVMIJ,3,3
22290,SAHWEE,1,1
22291,IGUGEW,1,1
22292,QIVGOS,1,1
22293,OCEPER,3,3
22294,CAQTET,3,3
22295,YIFNEG,2,2
22296,YIYKAT,3,3
22297,QAHYAZ,1,1
22298,DOWDID,2,2
22299,WIZCIR,1,1
22300,LOMQOT,2,2
22301,TUXGUQ,2,2
22302,IMIBOV,3,3
22303,JUQZAZ,1,1
22304,ETOTIR,2,2
22305,OKUGAC,3,3
22306,TUDRIU,3,3
22307,MADWEV,2,2
22308,SIFHIA,2,2
22309,LOXVOL,3,3
22310,TONWOI,2,2
22311,TUFZEZ,2,2
22312,XODXIA,2,2
22313,RUJRUL,3,3
22314,TESXOH,1,1
22315,EJEWUN,2,2
22316,FEVLAU,1,1
22317,UCAVOJ,2,2
22318,ABACAL,1,1
22319,YAVNAL,2,2
22320,JERCEP,3,3
22321,ULUVEF,1,1
22322,RUQNAT,3,3
22323,FICNEO,1,1
22324,SIHHID,3,3
22325,XACWIL,1,1
22326,YUSYOC,2,2
22327,MOFYAH,3,3
22328,JERZIQ,3,3
22329,XOQQEB,2,2
22330,PILCOD,3,3
22331,YUHKUH,2,2
22332,NITYEU,2,2
22333,ACAXOU,2,2
22334,HENCIN,1,1
22335,KUMQUF,2,2
22336,NODZUE,1,1
22337,ICUHUJ,2,2
22338,RALYUC,1,1
22339,BEFFEY,3,3
22340,LIXHOR,2,2
22341,UMUCEL,3,3
22342,APIVAX,3,3
22343,CUMGUP,1,1
22344,ILEFOW,2,2
22345,UMICAV,2,2
22346,REPQEJ,3,3
22347,YAGKEZ,1,1
22348,SARTAK,1,1
22349,IPOSEN,2,2
22350,LAGNUC,1,1
22351,LUQXEB,3,3
22352,YOZNIL,3,3
22353,KUHRIQ,2,2
22354,QANMAT,3,3
22355,ETEVOQ,3,3
22356,DETSED,1,1
22357,UGUCUU,2,2
22358,UQUZEM,3,3
22359,NOBKIA,2,2
22360,XESLAJ,2,2
22361,CAVJOZ,1,1
22362,ALIQIV,2,2
22363,AKAPAF,3,3
22364,MUPLER,1,1
22365,JARLUM,3,3
22366,WEYTOK,1,1
22367,BOVKAZ,3,3
22368,MUCXAJ,2,2
22369,YEQJAI,2,2
22370,ICERAJ,1,1
22371,NOWRAV,1,1
22372,ASAVUN,3,3
22373,BIGGEH,1,1
22374,LUGQUB,3,3
22375,HEPBIN,3,3
22376,XIPPUJ,1,1
22377,CERBEK,1,1
22378,HIHROJ,1,1
22379,XUMFES,2,2
22380,NOMXOE,2,2
22381,OJIYUB,3,3
22382,SOPDOR,3,3
22383,TAMDAM,2,2
22384,NARLAU,2,2
22385,WECPOK,3,3
22386,CUQBOH,3,3
22387,VAQQUZ,1,1
22388,IVOFUV,3,3
22389,PEXGUV,1,1
22390,CUVKEK,2,2
22391,POLMIQ,1,1
22392,CRETAG,3,3
22393,GEZQUA,2,2
22394,REYFEK,1,1
22395,BUWTUJ,1,1
22396,JOGXEM,1,1
22397,SEWZUR,3,3
22398,HAXBOB,1,1
22399,LAVYOZ,3,3
22400,DIGKOT,1,1
22401,NIWBOL,3,3
22402,JEFWAV,2,2
22403,FAYLEX,2,2
22404,RIJWEQ,1,1
22405,MUGMEI,2,2
22406,XULREC,3,3
22407,FEKQOB,3,3
22408,WUZZID,1,1
22409,BIFDEB,2,2
22410,TOKDUU,3,3
22411,SALYUC,3,3
22412,FUTHOR,3,3
22413,YAVGIN,3,3
22414,BILQAS,1,1
22415,WELFUR,3,3
22416,BILXIF,3,3
22417,LUZNAY,1,1
22418,OJIKIE,1,1
22419,PELFIY,3,3
22420,YIXXEJ,3,3
22421,XOLRAR,3,3
22422,RASGEB,1,1
22423,YIPPUJ,3,3
22424,ZEVXUT,2,2
22425,CAJZOC,2,2
22426,JOVMEO,1,1
22427,GOYHUZ,3,3
22428,QETZAU,1,1
22429,XOCQAJ,2,2
22430,PILVUE,3,3
22431,QOSQAT,1,1
22432,YETBOP,2,2
22433,IPUYIB,2,2
22434,SUJWIF,2,2
22435,SIBSAY,2,2
22436,ZOMFIQ,3,3
22437,ZAYDAE,1,1
22438,VEZFOX,2,2
22439,BUHZAH,3,3
22440,VEZHAK,2,2
22441,LADGAB,3,3
22442,BOSCOC,1,1
22443,XERVOI,3,3
22444,UQEGUT,2,2
22445,KUNXAT,1,1
22446,QAQFIX,3,3
22447,GUDYIO,2,2
22448,TOBFOF,3,3
22449,JIHLOE,1,1
22450,ROBSIL,2,2
22451,FANJAI,3,3
22452,VEKTIO,2,2
22453,EGUMAV,3,3
22454,EJIFUA,3,3
22455,GOMYOZ,2,2
22456,EWUQEU,2,2
22457,LARRAZ,3,3
22458,UJALEY,2,2
22459,KUXZAE,3,3
22460,HEQQOK,2,2
22461,MOFBUI,1,1
22462,BARHIO,2,2
22463,GUSVEX,3,3
22464,TELSEL,2,2
22465,GUJWEQ,1,1
22466,YEMCOJ,3,3
22467,QOVGEN,3,3
22468,WIJLEH,3,3
22469,TOPFIQ,2,2
22470,WIBDUH,3,3
22471,ISOKEH,3,3
22472,MELYOR,3,3
22473,HUBNOJ,2,2
22474,SINLOR,2,2
22475,NAQYEL,1,1
22476,IBENIQ,1,1
22477,GOSHIF,3,3
22478,TARFAT,3,3
22479,OGOMUT,3,3
22480,DACHOG,3,3
22481,XOKKOA,3,3
22482,UZANIU,3,3
22483,COZSIW,1,1
22484,VOYHOJ,1,1
22485,XATQOB,3,3
22486,MAZVER,1,1
22487,FISVIO,3,3
22488,DOBTIB,1,1
22489,WAFLEY,1,1
22490,ENURUC,3,3
22491,LUMHEH,2,2
22492,LOQTUH,3,3
22493,PAKLET,3,3
22494,DUQPOW,3,3
22495,MAHZUR,3,3
22496,VAJZAK,3,3
22497,ODOYAI,1,1
22498,HIVMEI,1,1
22499,MODVIM,3,3
22500,CECPAC,2,2
22501,EVAKUK,1,1
22502,ZIFGEE,1,1
22503,FIBDOK,3,3
22504,XORSAA,2,2
22505,MUYGUK,2,2
22506,BAYYIM,2,2
22507,JUYNAU,2,2
22508,FEXKEZ,3,3
22509,PAFPIY,1,1
22510,ZAWZIK,1,1
22511,YOTKUP,2,2
22512,ABOJIO,1,1
22513,MOZRUP,3,3
22514,HIKYAC,3,3
22515,QARQUV,2,2
22516,VULHOZ,1,1
22517,HOPNOS,1,1
22518,LAQGEP,3,3
22519,BUNNAB,3,3
22520,REHMOJ,2,2
22521,UKARUU,1,1
22522,TELCAO,3,3
22523,JUNXAT,2,2
22524,HEHNER,1,1
22525,KIWGEE,3,3
22526,NORSEV,1,1
22527,SEBHOX,3,3
22528,MOMFOJ,1,1
22529,OGAMUF,2,2
22530,MIHYIO,1,1
22531,SAHYIM,2,2
22532,FUVNOB,2,2
22533,JEMVED,2,2
22534,XECVUY,3,3
22535,LISWAP,1,1
22536,GUKHUP,3,3
22537,BIWXOY,1,1
22538,QEZMAN,1,1
22539,YEDDIW,2,2
22540,UPITUK,3,3
22541,EDIBEC,1,1
22542,ADASOR,1,1
22543,EHOTEA,2,2
22544,SEJKOI,3,3
22545,ADUBUA,1,1
22546,VAWRUJ,3,3
22547,HICMAH,3,3
22548,OVOXAA,2,2
22549,RELQAC,3,3
22550,CXFTNB,1,1
22551,VEXYAA,3,3
22552,HOWWAS,3,3
22553,FETJAR,2,2
22554,XUVQAI,3,3
22555,SIYZOS,3,3
22556,UVOBEP,1,1
22557,OBOYIO,1,1
22558,FOJNOI,3,3
22559,NOMHIJ,1,1
22560,NAGBIK,1,1
22561,ATAVEX,2,2
22562,MXNSNI,3,3
22563,DEHDAW,2,2
22564,YATQOB,3,3
22565,WIZJAT,2,2
22566,TITXUR,3,3
22567,PERWOA,3,3
22568,KAPQAX,1,1
22569,KERJOI,3,3
22570,FOTQEN,1,1
22571,YATDUT,2,2
22572,NEXVUJ,3,3
22573,KIJZIM,3,3
22574,VUMLIA,1,1
22575,QEWHAB,2,2
22576,VEFHEU,3,3
22577,YAZQOG,2,2
22578,SIXYON,2,2
22579,QELTUZ,2,2
22580,QIPQUB,3,3
22581,OQININ,2,2
22582,COGWII,1,1
22583,RAQXIS,3,3
22584,EYIYER,2,2
22585,CALPEN,2,2
22586,JAYQAC,3,3
22587,JUBYEK,2,2
22588,JOJZAK,1,1
22589,GORREM,3,3
22590,HOBWEE,1,1
22591,KOXZEC,1,1
22592,JACKIL,1,1
22593,IDIDUY,1,1
22594,AMAWOB,2,2
22595,XADNEW,3,3
22596,RAQQAF,1,1
22597,GANQUL,1,1
22598,IJIYIM,1,1
22599,PIJYAJ,1,1
22600,WUVKIK,1,1
22601,LEZYUO,1,1
22602,YOZKUU,2,2
22603,LAPDEM,2,2
22604,KOFPUR,2,2
22605,EDAXIS,3,3
22606,VOGYIA,3,3
22607,ZUZPOZ,3,3
22608,GAJHEG,1,1
22609,WEYVUT,3,3
22610,YILBOL,2,2
22611,ZEJJOR,1,1
22612,ZEVSEA,2,2
22613,CABYOV,2,2
22614,VUTSAG,2,2
22615,HIPPOM,3,3
22616,WIRGOV,3,3
22617,YOPKIZ,3,3
22618,WANDUN,2,2
22619,WEJWIR,3,3
22620,DAMJUY,3,3
22621,CEGREM,3,3
22622,WUTMIH,3,3
22623,PEWHAB,3,3
22624,EGONEX,1,1
22625,FOTXOD,3,3
22626,JIDCEI,1,1
22627,QIZTUP,3,3
22628,KAYQAC,3,3
22629,WELSOW,3,3
22630,OKIWAI,3,3
22631,SAQXIS,3,3
22632,YEQSOD,3,3
22633,JOZBOP,2,2
22634,HUYYIK,2,2
22635,VAHROL,2,2
22636,SEVNUF,3,3
22637,MUZWOT,1,1
22638,BURYEU,3,3
22639,TUKCUY,1,1
22640,PICPID,3,3
22641,TUHQUJ,2,2
22642,QIRKEJ,3,3
22643,OKEQAX,2,2
22644,PIKTOS,3,3
22645,HEFWIA,3,3
22646,IZAHAS,3,3
22647,OQUWAB,1,1
22648,DUBMAR,1,1
22649,LICMUG,3,3
22650,YOSKUN,2,2
22651,DUZCUY,3,3
22652,RUCYEU,2,2
22653,SIFQED,2,2
22654,FEQKEV,1,1
22655,NUSKUH,2,2
22656,RUBTIS,2,2
22657,ZABCAK,1,1
22658,GANCIK,1,1
22659,DEDBAQ,2,2
22660,BUPXAO,1,1
22661,CUWCUT,3,3
22662,XAWJEL,1,1
22663,BIQYUV,2,2
22664,AWONEH,2,2
22665,CUKVIP,3,3
22666,QIYMER,2,2
22667,NICVIF,2,2
22668,HINSUV,3,3
22669,RAMVAE,1,1
22670,SEPXOD,1,1
22671,OJOVAM,3,3
22672,HIYPOV,2,2
22673,PENNIF,1,1
22674,QOCWIO,3,3
22675,IPEQOJ,2,2
22676,GIMGAO,1,1
22677,BOWVEO,3,3
22678,BINPIY,2,2
22679,REWCUT,3,3
22680,CODRET,3,3
22681,DELFIM,3,3
22682,CAFPUU,2,2
22683,YIRXUU,3,3
22684,WUPQIJ,3,3
22685,CAMJEF,3,3
22686,MINZEO,2,2
22687,FOPDOF,1,1
22688,LEGQOE,1,1
22689,TIQLEK,3,3
22690,QIWMIT,1,1
22691,ZIJHAB,1,1
22692,CORPEE,2,2
22693,RITVIA,2,2
22694,IBUQOP,1,1
22695,XARKOT,2,2
22696,BULVEM,1,1
22697,WULSUT,2,2
22698,METBOD,2,2
22699,IKUKEG,2,2
22700,FAHNIP,1,1
22701,SACQIZ,3,3
22702,LIZBUV,1,1
22703,SEGBUF,1,1
22704,KUJCEX,2,2
22705,WUZQUE,3,3
22706,DEHDOK,3,3
22707,JEXTUB,3,3
22708,YOGTOE,1,1
22709,LOLKOO,2,2
22710,GOQGOL,1,1
22711,LOLLII,2,2
22712,HIBPEN,3,3
22713,QESXUH,3,3
22714,LECTOE,3,3
22715,LAJWIC,2,2
22716,GACMUU,3,3
22717,IHUCAQ,3,3
22718,UZOWIR,2,2
22719,REFVUV,3,3
22720,RETZEV,2,2
22721,HUDMAU,1,1
22722,REHMAV,1,1
22723,OSOYIG,2,2
22724,FESJOG,1,1
22725,NABDEB,3,3
22726,UNAZUF,2,2
22727,PIXWEZ,3,3
22728,ROSFEM,2,2
22729,USAZAR,3,3
22730,OCPBRH,2,2
22731,USATOA,1,1
22732,OHAREV,3,3
22733,XEHLII,2,2
22734,CAMCOL,3,3
22735,XUFPOG,1,1
22736,KAHZEZ,3,3
22737,QEFSAX,3,3
22738,POMNEK,1,1
22739,ZAYCIL,2,2
22740,PUMGIO,3,3
22741,ZELYEY,1,1
22742,JIZKAH,2,2
22743,GAHNIP,3,3
22744,JITGUR,2,2
22745,IFAXES,3,3
22746,PARTEH,2,2
22747,QAZNIO,3,3
22748,SUJPAO,2,2
22749,GIBTET,2,2
22750,TEMYAP,1,1
22751,OBITIC,2,2
22752,CEQGIR,3,3
22753,WIWFEN,3,3
22754,VOWSUV,3,3
22755,GOFFOW,2,2
22756,IXALEZ,2,2
22757,GIWDEV,1,1
22758,FOCNAN,2,2
22759,NOGTIM,2,2
22760,NOYROK,3,3
22761,ZIYLAY,1,1
22762,MOYBAD,3,3
22763,DUSMUZ,3,3
22764,DUGRAZ,3,3
22765,FAWLIZ,2,2
22766,DUJLUS,1,1
22767,PAYREP,3,3
22768,LIRDIZ,1,1
22769,FULMEG,3,3
22770,KASZAI,3,3
22771,IQULEO,1,1
22772,KIDMEQ,1,1
22773,IGEQIX,1,1
22774,SUTHOF,2,2
22775,LAMYEF,1,1
22776,UMUTIF,2,2
22777,SADTUN,1,1
22778,TEPJAC,2,2
22779,SAMQIH,2,2
22780,UXAJOT,3,3
22781,JOCDEK,2,2
22782,WEPMOV,2,2
22783,YADNIC,3,3
22784,LIMTUW,3,3
22785,RAMTUU,1,1
22786,MEVDOG,3,3
22787,JIBNER,1,1
22788,TABNEP,1,1
22789,KEVQIM,3,3
22790,TUMYUX,3,3
22791,SUNLOF,1,1
22792,HUBNAV,3,3
22793,YUGDOW,1,1
22794,PEKVAC,3,3
22795,POKCID,1,1
22796,HEDVAO,2,2
22797,NEDMIV,2,2
22798,RURKOE,2,2
22799,BOJBAE,3,3
22800,PHASCR,2,2
22801,EQEPAU,1,1
22802,MUQHOY,1,1
22803,ILIWAD,1,1
22804,RANSOP,3,3
22805,SILJAZ,1,1
22806,XIVHOC,3,3
22807,LISGIG,3,3
22808,ONAKAQ,2,2
22809,MAHQIW,3,3
22810,FOZHEI,3,3
22811,EXEDEQ,3,3
22812,CITFUI,3,3
22813,ZUXHIJ,1,1
22814,SEFMAS,3,3
22815,KUMHUW,2,2
22816,RAFWIG,2,2
22817,RIPCOJ,1,1
22818,BAMZAR,3,3
22819,UDODOJ,2,2
22820,EXOFAZ,3,3
22821,DUWJOV,3,3
22822,ULITUH,1,1
22823,UTEMOX,3,3
22824,HUDDIW,1,1
22825,FEZHUP,2,2
22826,LUXHOB,3,3
22827,BOQRAB,1,1
22828,LAHTUJ,2,2
22829,TIBXAD,1,1
22830,QANZOV,3,3
22831,LIMXAH,2,2
22832,WIVYUX,3,3
22833,OPAVIM,2,2
22834,XECXUA,3,3
22835,WEDYIO,2,2
22836,XEHBER,2,2
22837,MURJIV,1,1
22838,TEDGIS,2,2
22839,AFOYEZ,1,1
22840,QADJUE,1,1
22841,TEYSOF,1,1
22842,GORLAA,1,1
22843,MOSNIT,2,2
22844,PHSMOB,1,1
22845,QUBZAO,2,2
22846,NOTNAN,2,2
22847,YABZIM,1,1
22848,YIHWES,3,3
22849,FEJRAP,2,2
22850,WEBHUK,1,1
22851,WIWHIU,3,3
22852,WUFCOP,3,3
22853,ROCWAK,2,2
22854,HOBWIF,2,2
22855,EMIFIP,3,3
22856,ZEGXAO,1,1
22857,ICIMAJ,3,3
22858,CAHBIW,3,3
22859,NEYGED,2,2
22860,LUKNUB,2,2
22861,AWOPAD,3,3
22862,DAGDIY,3,3
22863,FEZZIW,2,2
22864,WUWHEB,1,1
22865,GONBIW,1,1
22866,FUWZAY,2,2
22867,YOXXAK,1,1
22868,XAXYOK,2,2
22869,YEFKOJ,2,2
22870,XUQDUJ,3,3
22871,KAGNEO,2,2
22872,QELQED,3,3
22873,MIMXAH,2,2
22874,JINCUE,2,2
22875,BOXKOP,1,1
22876,CAXJAP,2,2
22877,SEMPUY,2,2
22878,DABPUT,3,3
22879,COKXOQ,3,3
22880,OJEDOY,3,3
22881,SIKQUA,2,2
22882,BEZXEK,3,3
22883,BIWTUZ,2,2
22884,GOZHEI,2,2
22885,CAVQUP,1,1
22886,COQKOK,2,2
22887,ZOJHIS,1,1
22888,TESFIH,2,2
22889,NEKGAL,2,2
22890,SAWROY,2,2
22891,RILJAZ,3,3
22892,BAKYAQ,2,2
22893,DEDKEG,1,1
22894,NURZEF,3,3
22895,XUCHEJ,3,3
22896,BEDRUZ,2,2
22897,ICEGUS,1,1
22898,KIKRUU,2,2
22899,MIXQOC,3,3
22900,XEJSEK,2,2
22901,HUPPOY,2,2
22902,UJORAP,1,1
22903,IXUFIS,3,3
22904,NODXAF,2,2
22905,JAYFOE,2,2
22906,TEBDIP,3,3
22907,TCTAFE,2,2
22908,HUMCOJ,3,3
22909,QACFAD,3,3
22910,EDAHAS,3,3
22911,VOGGOR,1,1
22912,EVIQUX,2,2
22913,OBONEA,2,2
22914,ELITOK,2,2
22915,SOTZUX,3,3
22916,VIQYUQ,3,3
22917,ONUXAY,3,3
22918,RIVGIO,1,1
22919,QOPTOE,3,3
22920,DUPTEO,3,3
22921,ZENVOG,3,3
22922,LETRIO,2,2
22923,JAGWIY,3,3
22924,SAKWUA,1,1
22925,BAZLAS,3,3
22926,BUZZIG,3,3
22927,KODJIY,3,3
22928,HOGFIV,2,2
22929,COCLOZ,1,1
22930,FIFXOI,3,3
22931,AKAYET,1,1
22932,JOJTAD,2,2
22933,SETZEA,1,1
22934,GAZLAY,1,1
22935,HUWLIV,3,3
22936,GOGKUK,2,2
22937,NEGCOT,2,2
22938,KUSGOV,1,1
22939,KIBLIS,3,3
22940,TUHQOD,2,2
22941,PORPAO,3,3
22942,QETQIQ,2,2
22943,XUPGAR,3,3
22944,OHICOZ,3,3
22945,LIBGEI,2,2
22946,FISCIW,2,2
22947,LUNXEY,3,3
22948,RESQAK,3,3
22949,GIJGUC,1,1
22950,SOPDUX,3,3
22951,UCADIP,1,1
22952,GISFUJ,1,1
22953,UMAYUD,2,2
22954,KISPAD,3,3
22955,UBEQUP,1,1
22956,COHHAK,2,2
22957,IROBOG,1,1
22958,HOBBEJ,1,1
22959,FASBOQ,3,3
22960,JEJSAV,3,3
22961,NILRUV,1,1
22962,OHAPIW,1,1
22963,DUJWUD,1,1
22964,OMAVIK,1,1
22965,PEPMEG,1,1
22966,SIGLUP,3,3
22967,YEQSUJ,2,2
22968,LONFIG,3,3
22969,CIVLUP,3,3
22970,YUHKOB,1,1
22971,MEZWAR,2,2
22972,WAQHAY,3,3
22973,PIYSUL,2,2
22974,JACYOE,2,2
22975,PEWMEN,1,1
22976,TAPYUG,2,2
22977,ZEQFEG,1,1
22978,SEJKUP,3,3
22979,TILTAL,3,3
22980,HINDOB,1,1
22981,KITGAW,3,3
22982,HINJAQ,3,3
22983,BOBSIV,2,2
22984,BULTIL,3,3
22985,SUWVOX,3,3
22986,SUWXAK,1,1
22987,UGUMAL,3,3
22988,PAJDOV,3,3
22989,ZIDSAG,2,2
22990,DORNED,2,2
22991,XAKDUK,3,3
22992,RUQLAR,3,3
22993,MAYZUH,3,3
22994,OFULIL,3,3
22995,MIFKOC,2,2
22996,FOJNUP,3,3
22997,MICSEY,2,2
22998,FUHZOZ,3,3
22999,XIPNEP,3,3
23000,HALCIG,3,3
23001,HEYYER,3,3
23002,LALVEA,2,2
23003,YISBOS,3,3
23004,NOJCAT,3,3
23005,MUGHAA,1,1
23006,BUNRIO,1,1
23007,XOXZOB,3,3
23008,FEZDUJ,1,1
23009,GOCBAC,1,1
23010,CESJOZ,1,1
23011,FILVIG,3,3
23012,QISTOE,3,3
23013,WOVPAY,2,2
23014,BAWKOA,3,3
23015,MOHWUC,2,2
23016,NASJEW,2,2
23017,ZUPYAN,1,1
23018,VENYAR,2,2
23019,GIZFUQ,2,2
23020,VADFIT,1,1
23021,YUDXUR,2,2
23022,CUHFIV,2,2
23023,TECLOF,3,3
23024,QUTZOW,3,3
23025,COHDUC,1,1
23026,GUKJUR,2,2
23027,BEQLOY,3,3
23028,PIRNAF,3,3
23029,SOSZAC,2,2
23030,VILSOY,2,2
23031,ATUWAQ,1,1
23032,JICJUD,2,2
23033,IJOHOG,3,3
23034,JASVAD,3,3
23035,ADUKER,3,3
23036,DIXLII,2,2
23037,SOXBIT,2,2
23038,AYOZIX,1,1
23039,OGOMOM,2,2
23040,QAHWUT,3,3
23041,CIFMUB,2,2
23042,BEZMIG,1,1
23043,OBIVEB,3,3
23044,FIXWUH,3,3
23045,YENMEK,2,2
23046,BODPIU,3,3
23047,VAQHAY,2,2
23048,QESTUE,2,2
23049,REDGAJ,3,3
23050,MIFBEI,2,2
23051,KIDHOV,3,3
23052,NOGVEL,2,2
23053,VEKHAU,1,1
23054,OWEFUS,3,3
23055,YAHTOT,2,2
23056,BELVEW,3,3
23057,OHEKAO,1,1
23058,IHEPIV,2,2
23059,WEXLAN,2,2
23060,LOFLAT,2,2
23061,URUKUO,2,2
23062,ECIBOH,3,3
23063,XUMJIY,3,3
23064,QILXAK,3,3
23065,VECBIQ,2,2
23066,RADZOO,3,3
23067,LISNUW,1,1
23068,VUKCEL,2,2
23069,EFOYEG,1,1
23070,MERCAN,3,3
23071,REPZOF,1,1
23072,OWAHEB,2,2
23073,SOGPOU,2,2
23074,WURRAF,1,1
23075,OTIMOV,2,2
23076,OMEZAI,1,1
23077,EGUFIV,2,2
23078,MIXJOT,2,2
23079,KOXXEA,1,1
23080,QAVDID,2,2
23081,GOZXUO,1,1
23082,NAWFOJ,3,3
23083,GAPRUN,1,1
23084,AMGXCO,2,2
23085,FETSUU,1,1
23086,TECREA,3,3
23087,TUXRUZ,3,3
23088,CIBJON,1,1
23089,SOVROM,3,3
23090,QOJKOR,1,1
23091,QAYNAI,2,2
23092,XOCSAL,2,2
23093,BIGBAW,1,1
23094,WENPIP,2,2
23095,OYOPEY,3,3
23096,NIJDOC,1,1
23097,TOZDUK,1,1
23098,RIKQAD,3,3
23099,AZIXEO,3,3
23100,BUFTUT,2,2
23101,UPITOE,3,3
23102,CIPJIY,1,1
23103,JOCHEQ,2,2
23104,GEXGIC,3,3
23105,VAWROD,3,3
23106,NIWGIL,2,2
23107,VISQOD,3,3
23108,KUWLAR,3,3
23109,UTUGIA,1,1
23110,BAYKOD,2,2
23111,QOFCAP,3,3
23112,VIMWIB,1,1
23113,HEGHAF,3,3
23114,ZUNQIL,1,1
23115,KIWNUA,3,3
23116,ZOCDIE,2,2
23117,ENOQIK,1,1
23118,XEPKAE,1,1
23119,HAWJEV,3,3
23120,YAZFUD,1,1
23121,KAWTEJ,1,1
23122,EQUMEI,1,1
23123,QOVKIW,2,2
23124,FUDKOF,2,2
23125,HUNHUU,2,2
23126,DESZUZ,2,2
23127,BZHREC,1,1
23128,MOSROE,1,1
23129,EYEDIW,3,3
23130,XOBPAF,1,1
23131,TEKVAI,1,1
23132,WOCYOE,3,3
23133,SUYXAN,3,3
23134,XIXFUG,3,3
23135,JIVFEZ,1,1
23136,FUMBEW,3,3
23137,QUMKIU,1,1
23138,YOZLIJ,3,3
23139,YEWGUD,2,2
23140,MURQIA,3,3
23141,JEMCEK,2,2
23142,CIJKUD,3,3
23143,LEBYUN,1,1
23144,QASROR,3,3
23145,GEZHAU,1,1
23146,RIMRAG,1,1
23147,HAZFOG,2,2
23148,OYUJOI,2,2
23149,EVAKOE,1,1
23150,WEBDUF,2,2
23151,HIHGOV,3,3
23152,BEGYOE,3,3
23153,ECOQIW,3,3
23154,KUCVIO,2,2
23155,AHODOT,1,1
23156,KENVAA,2,2
23157,ZEHNOS,2,2
23158,BIBJON,2,2
23159,LEYRAL,3,3
23160,JAJYOI,2,2
23161,KOJXAI,1,1
23162,FIRWIP,2,2
23163,RIMKON,2,2
23164,DOYFIG,1,1
23165,HUJMUU,1,1
23166,ACEHOI,3,3
23167,OBOKOF,3,3
23168,PIYVIF,3,3
23169,LIXMIR,3,3
23170,CAVQAU,1,1
23171,GONWEL,2,2
23172,YEJCUM,2,2
23173,DOKQOJ,3,3
23174,HISBUG,1,1
23175,POVREA,2,2
23176,XEMVOE,1,1
23177,OFIKIX,3,3
23178,QAJDAJ,1,1
23179,EFIHUW,3,3
23180,KISRUC,1,1
23181,AJIMEM,3,3
23182,MOGQEE,2,2
23183,RAMSIJ,1,1
23184,USAXAP,3,3
23185,GEDYIB,1,1
23186,HECXUL,2,2
23187,NIVMOX,3,3
23188,MEPKAU,2,2
23189,DUNNIL,2,2
23190,ONUJEO,3,3
23191,LEGTIA,3,3
23192,MIBBUW,3,3
23193,FUYVOM,2,2
23194,TAVCUQ,1,1
23195,TEHCIW,1,1
23196,EVOGUT,3,3
23197,LECXAT,3,3
23198,JEZBID,1,1
23199,JINMAX,2,2
23200,ZOWKUR,1,1
23201,UMALAY,1,1
23202,FEZVEN,2,2
23203,KULKOS,1,1
23204,KUVVAZ,3,3
23205,NINQEK,1,1
23206,FEHFEE,1,1
23207,HIVHON,1,1
23208,LILBUE,3,3
23209,COQWEN,3,3
23210,EFICEF,1,1
23211,GOCLAL,1,1
23212,TOSVEC,1,1
23213,UJEBAM,2,2
23214,TUGBEC,2,2
23215,YADBEM,3,3
23216,RISJAE,2,2
23217,DEJBUQ,3,3
23218,TOXLUP,3,3
23219,FOSTOW,2,2
23220,CAFRUW,3,3
23221,FIBVEV,1,1
23222,LERCOE,1,1
23223,ZODCAA,1,1
23224,YAHSEF,3,3
23225,UGUXUQ,3,3
23226,YEDHIZ,2,2
23227,WAPKOO,3,3
23228,ESOSIO,1,1
23229,TAHWOP,2,2
23230,NEZGAA,2,2
23231,JUZNID,2,2
23232,QIGGAQ,3,3
23233,PIMLOP,1,1
23234,GAGHOL,2,2
23235,JUPYUQ,3,3
23236,DOMRAB,2,2
23237,ZUDJOZ,2,2
23238,DOVNUZ,2,2
23239,DUSSES,1,1
23240,AQEPOC,2,2
23241,BARSIX,1,1
23242,GEBZIA,1,1
23243,MUCDEW,1,1
23244,GULQOU,1,1
23245,DAHLAA,2,2
23246,GAQSAT,3,3
23247,ERIBOW,1,1
23248,FISDAM,3,3
23249,NIPYOA,2,2
23250,DONYOX,3,3
23251,VUKFUE,2,2
23252,FIRKUO,2,2
23253,HUWKAL,3,3
23254,FAWGAM,1,1
23255,XIWGAO,2,2
23256,ECOZUR,1,1
23257,SUVYUF,3,3
23258,QAKYIO,1,1
23259,YUTKED,1,1
23260,ZORZUB,3,3
23261,EDIWIX,2,2
23262,RUPFEN,2,2
23263,GATNUL,1,1
23264,PEVPAH,2,2
23265,WEBHOE,1,1
23266,COXWEU,1,1
23267,LILGIX,1,1
23268,KOXVEY,2,2
23269,VIRBEF,2,2
23270,WOFFOM,2,2
23271,PYTOCU,3,3
23272,XUVMEG,2,2
23273,WIWDEL,2,2
23274,BAMHED,1,1
23275,VEGNOO,1,1
23276,BAFRUW,1,1
23277,IPOVOZ,2,2
23278,SOJYUM,2,2
23279,QIJREI,3,3
23280,WOGPUF,2,2
23281,ENAXOG,2,2
23282,XAKVEO,1,1
23283,UVOPOM,3,3
23284,GIHZON,2,2
23285,CEWTUT,2,2
23286,KEGQIW,1,1
23287,KAHXEX,3,3
23288,MEGJAN,1,1
23289,JEJSOJ,3,3
23290,KAJGIM,3,3
23291,COBSEU,3,3
23292,ZITGUH,2,2
23293,YICTAG,2,2
23294,FUSTIY,2,2
23295,SAFLES,3,3
23296,UHAJAR,1,1
23297,GELJOX,3,3
23298,NEZWEU,1,1
23299,WODWOC,2,2
23300,BUBSAS,2,2
23301,YODCIE,2,2
23302,QOWTUU,1,1
23303,RUMRAS,3,3
23304,ZEGZAM,2,2
23305,AQHPRV,1,1
23306,QUMLAO,1,1
23307,MULYOH,3,3
23308,DEYJAU,2,2
23309,HAZHOH,3,3
23310,CIMNES,3,3
23311,ROLVAQ,3,3
23312,NUYWOV,1,1
23313,HEWPAA,3,3
23314,LIYYEA,1,1
23315,JAVYEO,1,1
23316,GEDNIO,1,1
23317,DAWYAF,1,1
23318,ZIZGUM,3,3
23319,ROBMUQ,3,3
23320,NUCSOV,2,2
23321,HAFFEA,3,3
23322,FOYDUS,3,3
23323,EGALIK,3,3
23324,CUZXIE,1,1
23325,RUYZUI,3,3
23326,GITMIF,2,2
23327,XIHRAH,2,2
23328,LOFNUS,1,1
23329,SODYUH,3,3
23330,CIDPOX,1,1
23331,TUSXOV,3,3
23332,VOPCIM,3,3
23333,JOQXIY,2,2
23334,MORJUA,3,3
23335,NUHLAG,1,1
23336,JABTOW,3,3
23337,ASINUL,3,3
23338,QIFDAL,2,2
23339,HUXSUQ,1,1
23340,FOKTUX,2,2
23341,RUQYUX,2,2
23342,RABWOC,2,2
23343,HIJFEP,1,1
23344,JUDJUN,3,3
23345,LECFIL,2,2
23346,ZAGYEO,3,3
23347,NAZZOD,3,3
23348,LIXSOA,3,3
23349,PIYHOU,2,2
23350,HESLOH,3,3
23351,UFORAI,3,3
23352,FEFHIL,1,1
23353,SOTCAH,3,3
23354,TADSUM,1,1
23355,CURLIN,1,1
23356,DUFZIP,3,3
23357,CUKMIG,1,1
23358,GADMOR,1,1
23359,ERESOK,3,3
23360,MAMKAP,2,2
23361,XARKUZ,2,2
23362,QOFTOV,3,3
23363,ODIZUX,3,3
23364,RALNAX,1,1
23365,RIZTIF,3,3
23366,LONXOC,1,1
23367,DESVON,1,1
23368,MAJBIL,1,1
23369,RIBXEI,3,3
23370,BELDUS,3,3
23371,EXIYIT,3,3
23372,JORXUM,1,1
23373,QOPVOG,3,3
23374,OPAFUH,3,3
23375,TOQPEW,3,3
23376,FORNAC,2,2
23377,KUGSEL,2,2
23378,VENLUX,3,3
23379,YANLUY,1,1
23380,CORKIF,3,3
23381,YOGTUK,1,1
23382,IDUMOL,2,2
23383,WADVAC,1,1
23384,INUVIX,2,2
23385,HAQLUK,1,1
23386,NIGMUL,2,2
23387,BELSUI,3,3
23388,VODYAP,3,3
23389,LIYGOQ,3,3
23390,ZOMJIX,3,3
23391,OFAHEJ,2,2
23392,OLUNOZ,3,3
23393,FIFCAB,2,2
23394,BOTHIE,2,2
23395,WUKCIO,3,3
23396,IRUXIC,2,2
23397,JACYAN,1,1
23398,EFUXUY,3,3
23399,ZULGAO,1,1
23400,LAWTUB,3,3
23401,QITXUO,2,2
23402,KIQCUM,1,1
23403,TEVPUG,3,3
23404,AHAJOI,3,3
23405,ROPXIG,3,3
23406,MIWPOY,3,3
23407,RILFOK,3,3
23408,XEZWAB,2,2
23409,EXOCEA,3,3
23410,RIJLEB,2,2
23411,WIKJOR,1,1
23412,XIXZIO,3,3
23413,GOZJEK,3,3
23414,HOVQIV,1,1
23415,XOBNEJ,3,3
23416,GUTMEQ,1,1
23417,KIJHAO,2,2
23418,ESEXEF,3,3
23419,OZOXOS,3,3
23420,FOBCUY,1,1
23421,LORJUA,1,1
23422,DAQDIJ,2,2
23423,YUNSUX,3,3
23424,QIDKIZ,3,3
23425,CATYAY,3,3
23426,QARQAD,3,3
23427,HICQEQ,3,3
23428,ISUHUC,1,1
23429,BOMWAC,3,3
23430,RITQUI,2,2
23431,OVEQAI,2,2
23432,UGAWEE,2,2
23433,PUQGUD,2,2
23434,VIHQEK,3,3
23435,WAJGOF,3,3
23436,JEPVEI,3,3
23437,HUJWEO,3,3
23438,CERZUW,3,3
23439,GINHAM,2,2
23440,SEJXOW,3,3
23441,KITMUY,3,3
23442,LEFMUE,3,3
23443,QUGZUQ,1,1
23444,QOBGEX,1,1
23445,QELROR,2,2
23446,TULGUC,3,3
23447,LOZCOU,3,3
23448,VEBYAE,2,2
23449,JARCEK,3,3
23450,AKOSEZ,2,2
23451,QERTIT,2,2
23452,DIFKIO,2,2
23453,MUPTUN,3,3
23454,WIHYEU,3,3
23455,DOFLEP,2,2
23456,XIWTUT,2,2
23457,MEWCAU,2,2
23458,CUVHAE,2,2
23459,YAJDIZ,3,3
23460,AQOMID,1,1
23461,TAVWES,2,2
23462,ZOGWOH,3,3
23463,XEDRUT,3,3
23464,VINMEL,2,2
23465,VOYNUU,3,3
23466,YOGNIR,2,2
23467,EPUNAF,1,1
23468,GANNAM,2,2
23469,ADUMET,3,3
23470,GUPPAL,1,1
23471,UTOWUW,3,3
23472,XIGYAN,3,3
23473,IHUPOS,3,3
23474,RITLOV,3,3
23475,CENHOU,3,3
23476,BEZKIA,3,3
23477,HOSXOD,3,3
23478,IHUGOI,2,2
23479,BUJQII,2,2
23480,NOZHUH,3,3
23481,JOMRUY,2,2
23482,COJHAN,2,2
23483,PEVTUI,1,1
23484,WIJXAO,3,3
23485,SEPLIK,2,2
23486,SAFDEM,1,1
23487,TUDDUR,2,2
23488,ITOZOH,3,3
23489,BIKRET,3,3
23490,QASZAP,1,1
23491,YIDLED,3,3
23492,HEYXAM,2,2
23493,DOPPOQ,3,3
23494,MEXPEN,3,3
23495,BAJKUU,2,2
23496,NANFIT,3,3
23497,TINSEP,3,3
23498,AMIWIF,1,1
23499,QUCJOP,2,2
23500,TIHYOY,3,3
23501,JEKMUH,3,3
23502,RAYHIK,3,3
23503,PUPYOQ,2,2
23504,GIDCOL,3,3
23505,FIJSIB,2,2
23506,FIMTOM,3,3
23507,RUCMAE,3,3
23508,UBEWUV,3,3
23509,RABVEW,2,2
23510,HUGYUE,2,2
23511,EWAVAZ,3,3
23512,SALJUN,3,3
23513,ZUVROX,2,2
23514,QEZNES,1,1
23515,KIQKUS,3,3
23516,RAHCAF,3,3
23517,IMOGUN,2,2
23518,YEHTUE,1,1
23519,ZICBAR,2,2
23520,ABAPAV,3,3
23521,LUTQUN,3,3
23522,FANYAW,2,2
23523,GESYAE,2,2
23524,NODRAZ,2,2
23525,EGOMAR,2,2
23526,MAYKUT,2,2
23527,YIDROT,3,3
23528,VUKYUV,2,2
23529,ROHWUG,2,2
23530,IPEYUZ,2,2
23531,XUSMIH,3,3
23532,TUCQOZ,2,2
23533,XUJLIA,1,1
23534,TISWEY,2,2
23535,OPIQEL,1,1
23536,XEZVII,2,2
23537,EJEDUT,3,3
23538,NOKHOK,2,2
23539,WAYSIA,1,1
23540,OQOLUC,2,2
23541,OZOWIK,3,3
23542,QOMJIL,2,2
23543,TIKLIL,3,3
23544,XUPHIA,1,1
23545,DAPJUC,2,2
23546,EQIGUJ,1,1
23547,VIMFII,1,1
23548,PERDOH,2,2
23549,FIRCUF,3,3
23550,YOZDEW,1,1
23551,WAMNEE,2,2
23552,ITPTZN,3,3
23553,QIBWIJ,1,1
23554,HEFMAJ,2,2
23555,VOPLOB,2,2
23556,KOBSOM,3,3
23557,BCPERH,2,2
23558,SIYGAI,1,1
23559,JEGNIS,3,3
23560,GOCJOA,1,1
23561,QEHPIC,2,2
23562,CPMPNI,3,3
23563,CUZWOJ,2,2
23564,DUKYEN,1,1
23565,QIGCUG,3,3
23566,RAFJIV,1,1
23567,NIQROU,2,2
23568,KOKMEF,1,1
23569,SAWFEB,2,2
23570,VAHFIT,1,1
23571,SUPYEJ,3,3
23572,ERONIL,1,1
23573,KUYSOO,1,1
23574,ODIPOJ,2,2
23575,FENDOR,1,1
23576,JOBZEG,3,3
23577,CAGBAQ,3,3
23578,PIYNAO,2,2
23579,VOYREI,3,3
23580,JUPDON,3,3
23581,PIKWIQ,3,3
23582,JEVRAD,2,2
23583,POKPEN,1,1
23584,VEMTOY,1,1
23585,PEJHAO,3,3
23586,EHIMOA,1,1
23587,RIXMIV,2,2
23588,SACRAS,3,3
23589,UHONUA,2,2
23590,PAZMAF,1,1
23591,TENMUW,3,3
23592,CITGES,3,3
23593,QICFUG,2,2
23594,UREPEP,1,1
23595,XULXIO,1,1
23596,CIRCAI,1,1
23597,KEHCEG,1,1
23598,AWEVIH,2,2
23599,BIDFEA,1,1
23600,BAWJIV,2,2
23601,NUYHOE,3,3
23602,KETMON,2,2
23603,QUXMOM,3,3
23604,YAZKES,3,3
23605,ZOJLET,1,1
23606,KANXUT,2,2
23607,UPUBOZ,1,1
23608,RIKGEA,3,3
23609,EKOXAD,2,2
23610,VUYKOQ,3,3
23611,VEMDIE,1,1
23612,LELDAH,3,3
23613,QEJDUG,3,3
23614,REDVAA,3,3
23615,FUVDAB,2,2
23616,TAHVED,3,3
23617,QIWBUU,3,3
23618,TEXTAT,2,2
23619,DUJQUU,2,2
23620,GEVDUJ,3,3
23621,GOCCEK,1,1
23622,WEHLEC,3,3
23623,QUZKON,2,2
23624,TOMFIK,1,1
23625,LISHUQ,2,2
23626,RASHUS,1,1
23627,CUFPOI,2,2
23628,UMAHUO,1,1
23629,SARWER,1,1
23630,UHUQAS,1,1
23631,ETUSOC,2,2
23632,PIBWIJ,3,3
23633,SAMRAA,2,2
23634,IVISIR,3,3
23635,WIGDOJ,1,1
23636,XADJES,1,1
23637,MATKIE,2,2
23638,VUFYIG,3,3
23639,LATYUB,3,3
23640,KAYNUU,2,2
23641,NIVPUG,3,3
23642,HOBSEA,1,1
23643,QUWPEE,2,2
23644,RAJBEK,3,3
23645,MAWPAC,2,2
23646,EFUGUJ,3,3
23647,MUWFIW,1,1
23648,UDUHUZ,3,3
23649,IJOPEF,1,1
23650,WAQWOA,1,1
23651,ATIVAC,1,1
23652,GILWOP,3,3
23653,YOKMUI,3,3
23654,EHAGEZ,3,3
23655,ZEWSAV,1,1
23656,HACHEB,3,3
23657,WONMOB,2,2
23658,IDACUL,3,3
23659,TABSEV,3,3
23660,RIQDAX,2,2
23661,WUYKOQ,2,2
23662,UKUYEE,3,3
23663,LOGNEA,3,3
23664,MEPDER,3,3
23665,HAQDUB,3,3
23666,ODOCIU,3,3
23667,ZONPIB,2,2
23668,VATHAB,3,3
23669,KOKTIP,3,3
23670,VUJXOP,1,1
23671,TEJJOL,1,1
23672,LUZSOP,3,3
23673,YABBUA,3,3
23674,HOYSAR,1,1
23675,PULKUD,3,3
23676,CEBGEY,3,3
23677,XEWJES,1,1
23678,AXUDAA,3,3
23679,AKILUE,1,1
23680,JOJGOF,3,3
23681,SOVMOI,1,1
23682,LADCOI,2,2
23683,KIBTOF,3,3
23684,MISJAA,3,3
23685,AMIGAF,2,2
23686,LUSTEY,2,2
23687,ROSKOC,2,2
23688,DIGFIJ,3,3
23689,HERPAZ,1,1
23690,IKUVIU,3,3
23691,TUDXIZ,2,2
23692,COXMUX,2,2
23693,NAGQEV,1,1
23694,BOFNOC,3,3
23695,CIWROR,2,2
23696,HUXNAR,3,3
23697,ZEJGIH,2,2
23698,WEWYIG,1,1
23699,WAPXUH,1,1
23700,SAGBUY,3,3
23701,OCUBIY,3,3
23702,OBASIV,1,1
23703,SIMMAC,2,2
23704,CIBLAC,3,3
23705,EYOWAT,1,1
23706,TAWMEL,2,2
23707,UNALIE,1,1
23708,WOGJEK,3,3
23709,FAYMUQ,2,2
23710,MENWUA,1,1
23711,PAYVET,3,3
23712,BIVFOB,3,3
23713,RAMLEZ,2,2
23714,FATZIM,2,2
23715,GEHWEY,3,3
23716,CAPDIG,3,3
23717,REFPOI,3,3
23718,ZAQZAV,3,3
23719,GUZRID,2,2
23720,DIMMET,3,3
23721,LAMVUS,2,2
23722,QETYIX,1,1
23723,ZOSZIS,3,3
23724,OJABIL,3,3
23725,UJECER,3,3
23726,WODDUS,1,1
23727,ZAPBUN,1,1
23728,LOCREC,1,1
23729,EKAVAN,3,3
23730,KANZAD,2,2
23731,ASAGAD,3,3
23732,VAPXUH,3,3
23733,KAVXAG,1,1
23734,NUHCIC,1,1
23735,KIQGOG,3,3
23736,NOCPUT,2,2
23737,ASUTAL,2,2
23738,FIJSEA,1,1
23739,NEJNOF,3,3
23740,BOFPES,3,3
23741,KOLTEM,3,3
23742,BUHWEI,3,3
23743,XEDWEJ,1,1
23744,WOHNAJ,1,1
23745,BALMEH,3,3
23746,VOLGUB,1,1
23747,TILLEF,2,2
23748,MIKVIM,1,1
23749,JEMKEU,2,2
23750,DEXCUF,2,2
23751,VADPAR,2,2
23752,HUXBUZ,3,3
23753,FICJIL,1,1
23754,WIXFAK,3,3
23755,VAFFER,1,1
23756,PAZJIK,2,2
23757,IZABAO,3,3
23758,ZEYSOO,2,2
23759,WOGDIG,1,1
23760,QATZOE,1,1
23761,IKIXAC,2,2
23762,NOMBIA,2,2
23763,CUTLUA,2,2
23764,TABSIB,2,2
23765,COQQEH,1,1
23766,LEPVUA,3,3
23767,AFATOQ,3,3
23768,REBWUR,3,3
23769,FEJHIL,1,1
23770,BAZSUR,3,3
23771,MENLAS,3,3
23772,OJIXEK,3,3
23773,DUBPAT,3,3
23774,ZUTJIH,1,1
23775,BEPNEP,2,2
23776,TUMQAT,3,3
23777,MEGKEQ,2,2
23778,FALFAA,1,1
23779,VUCQIU,3,3
23780,OXUGIA,1,1
23781,QALXOQ,3,3
23782,FECVAO,1,1
23783,YEVLUG,2,2
23784,JIHHAJ,3,3
23785,EWESOQ,2,2
23786,DUPPEK,3,3
23787,JABGUP,1,1
23788,HOPMEE,1,1
23789,DEQTUP,3,3
23790,CEMJEN,1,1
23791,IKERUM,1,1
23792,TEWPIV,2,2
23793,PIGQEC,2,2
23794,PIBGAJ,2,2
23795,UWEFOS,2,2
23796,DUJTEK,1,1
23797,KADDUS,1,1
23798,KALLES,1,1
23799,YIYHIY,3,3
23800,UZACOO,3,3
23801,ICUGIX,3,3
23802,CEYPOL,3,3
23803,NEJLUJ,1,1
23804,JAZWIT,2,2
23805,NUSSID,2,2
23806,URIVIB,2,2
23807,SANWOT,1,1
23808,OWAWEQ,2,2
23809,BOBKOT,1,1
23810,LUHMOT,1,1
23811,GUWYED,3,3
23812,QOCVUA,1,1
23813,ITACOX,3,3
23814,ZEJWOC,3,3
23815,VUMXAE,3,3
23816,NIPXIV,2,2
23817,MUVNUO,1,1
23818,WENQAL,1,1
23819,SIRCUV,1,1
23820,EJIGEL,3,3
23821,TUDFAB,2,2
23822,ROJZIA,2,2
23823,NICNUJ,2,2
23824,AVEMIZ,1,1
23825,NUMLAK,3,3
23826,OJOLEE,3,3
23827,IJISIF,3,3
23828,WAPSEN,2,2
23829,LUSHUE,2,2
23830,ZAKGOH,3,3
23831,ZOXBAS,1,1
23832,VETREU,2,2
23833,ENUZOD,3,3
23834,QEGMOH,1,1
23835,NEZQES,1,1
23836,ABIFUM,1,1
23837,DOMDEP,3,3
23838,NODLEA,1,1
23839,EQUYUK,2,2
23840,KEXKAC,1,1
23841,PIHLOK,3,3
23842,FOWWOF,2,2
23843,TENOCO,2,2
23844,CEWGOD,3,3
23845,MOWHOV,1,1
23846,GOJQUT,3,3
23847,HOTQIS,3,3
23848,GEDHII,2,2
23849,INDRHB,2,2
23850,FEPRAT,2,2
23851,DOBPER,1,1
23852,DAMBOI,1,1
23853,XIXREE,3,3
23854,SUTREE,1,1
23855,QIWNOA,2,2
23856,POHPUY,3,3
23857,CIRTOO,2,2
23858,HAMZUT,3,3
23859,UKUGAI,2,2
23860,XEVLUG,3,3
23861,FICZOG,1,1
23862,HIJKUG,3,3
23863,JIZCUS,3,3
23864,GILGEO,3,3
23865,FOLRUW,3,3
23866,EZEQUV,3,3
23867,KOHMUQ,1,1
23868,KASNEY,3,3
23869,SIVCIK,1,1
23870,EDUQOL,3,3
23871,RIXTIC,3,3
23872,ZIZJEZ,3,3
23873,VEPYIY,2,2
23874,GIWPAF,2,2
23875,DOHLIV,2,2
23876,HOPTIS,3,3
23877,OBUWIS,2,2
23878,RIMDIA,2,2
23879,FOJSOO,2,2
23880,NEKDEQ,1,1
23881,PAFHUB,1,1
23882,SOXZOV,1,1
23883,XEFVAG,3,3
23884,EFOVAW,2,2
23885,INOZER,3,3
23886,UWIBUY,3,3
23887,KEPHAR,2,2
23888,BENSUL,1,1
23889,TINTOB,3,3
23890,CEHGUU,2,2
23891,AJUBIS,3,3
23892,DEMXEB,1,1
23893,AZAMOG,1,1
23894,EHICON,3,3
23895,LIMKAV,3,3
23896,OKAGOZ,1,1
23897,XOZVUD,2,2
23898,BIQCEL,1,1
23899,EKOCOX,3,3
23900,VIKGIH,3,3
23901,WEMCUM,3,3
23902,XESCIJ,2,2
23903,UMAFAR,2,2
23904,SECXUU,3,3
23905,CIXTEM,1,1
23906,HUQLOW,1,1
23907,HABBUL,1,1
23908,JOHDIV,3,3
23909,QANBIT,3,3
23910,YUCKUE,2,2
23911,NAJSUQ,1,1
23912,EKEXEZ,2,2
23913,PEXTOB,3,3
23914,DAPZIF,3,3
23915,VIMVUL,2,2
23916,GIQSUW,2,2
23917,FOTPAF,2,2
23918,MORKEL,3,3
23919,MOCBUE,2,2
23920,ROXTUW,1,1
23921,YINLAM,1,1
23922,AYIXUB,1,1
23923,LOQGOO,3,3
23924,PANGUI,3,3
23925,HEFFIJ,3,3
23926,ODUWUG,1,1
23927,YOGLIP,2,2
23928,PIQXAQ,3,3
23929,CUHBIR,2,2
23930,VAGPIC,2,2
23931,YATNAM,1,1
23932,QAWSOA,1,1
23933,JOCBIN,1,1
23934,HOHTEF,2,2
23935,YUQLUT,3,3
23936,WAZZEF,3,3
23937,FACGOG,1,1
23938,JUGRUA,3,3
23939,EHEPAL,1,1
23940,MOJYAL,3,3
23941,ZIJWAQ,1,1
23942,ZIPJOX,3,3
23943,AKOQEX,2,2
23944,PUJVEY,1,1
23945,MOTQIY,1,1
23946,UHOGEE,3,3
23947,PAKCOX,1,1
23948,MPMSPD,3,3
23949,JEKJIW,1,1
23950,ZIFFAZ,1,1
23951,QEGFIT,3,3
23952,TIXTAZ,1,1
23953,PAZFIF,1,1
23954,GUDQEE,1,1
23955,QAPCIT,1,1
23956,KOVWUQ,1,1
23957,USEYOH,3,3
23958,MOBSIH,3,3
23959,JIPFAS,3,3
23960,AZEZEM,2,2
23961,WOGFEF,3,3
23962,QOXXIL,2,2
23963,AMAVIU,2,2
23964,HEDGOO,3,3
23965,IXIGEB,3,3
23966,NAZRUC,2,2
23967,OFELUG,3,3
23968,XUPJIC,2,2
23969,ZUDWOK,1,1
23970,XUHFEL,1,1
23971,ERUQEO,1,1
23972,VIXTII,2,2
23973,MERYIR,3,3
23974,TUDTIW,3,3
23975,XUTFAV,2,2
23976,TAYXIE,1,1
23977,EZEXIQ,1,1
23978,ZAYLOC,2,2
23979,NISVOC,3,3
23980,LEPVAD,3,3
23981,LEPXOW,1,1
23982,VEVQOF,2,2
23983,SOBPUW,3,3
23984,HEYCOF,2,2
23985,PELPOP,1,1
23986,BIJDEF,2,2
23987,DUGCOZ,3,3
23988,CEMMUE,2,2
23989,NOLSAI,2,2
23990,VUNFAL,3,3
23991,RADPAO,3,3
23992,FIMVOO,3,3
23993,AZOQIS,1,1
23994,TADKIV,3,3
23995,QIXCUX,1,1
23996,TOGDUQ,3,3
23997,QOJHIG,3,3
23998,ACIHUP,1,1
23999,FELPIX,3,3
24000,NENNEA,2,2
24001,NIZCUY,1,1
24002,PEZKAH,2,2
24003,YEDPUV,1,1
24004,QORDEH,2,2
24005,PEYWOH,3,3
24006,IBOCEI,3,3
24007,IRASUP,3,3
24008,KAKWEZ,2,2
24009,RERMUW,2,2
24010,DOPROS,3,3
24011,GELYAZ,1,1
24012,QOGMIK,2,2
24013,RAWJIL,2,2
24014,MARZOX,1,1
24015,XAMTUA,2,2
24016,DABCAO,1,1
24017,KUXLEW,1,1
24018,KUPDUW,3,3
24019,FOHGEQ,2,2
24020,EYEPOO,2,2
24021,FUCXOQ,3,3
24022,HAFLEJ,1,1
24023,JEGKOW,2,2
24024,ORASIL,2,2
24025,NBPTBZ,3,3
24026,JAGZUM,3,3
24027,YIWZAI,3,3
24028,DEDZIX,1,1
24029,CUXZEA,3,3
24030,QORJIS,2,2
24031,QICDUE,2,2
24032,BERMOC,2,2
24033,HISQUY,1,1
24034,LIPTAH,2,2
24035,AHELEH,1,1
24036,BINFAH,2,2
24037,VETPIT,3,3
24038,NUVPAV,3,3
24039,XILTIV,2,2
24040,SITGEI,2,2
24041,GUFGAR,3,3
24042,SAYMOX,2,2
24043,RIGCER,3,3
24044,ATUDAX,1,1
24045,JOKVIR,2,2
24046,MEFZOQ,1,1
24047,NOBMIC,2,2
24048,BUQFUQ,1,1
24049,UHERAC,3,3
24050,ICOJUH,3,3
24051,HESHAP,2,2
24052,OQEWEO,1,1
24053,IYAMUR,2,2
24054,EFOTOI,1,1
24055,LUMGOS,1,1
24056,GEXZEQ,3,3
24057,OCEHOW,3,3
24058,IGOLOH,3,3
24059,AVESUP,3,3
24060,CIXHUQ,1,1
24061,MILMID,3,3
24062,PIZGOW,2,2
24063,XOXPAB,1,1
24064,MUVPIE,3,3
24065,WUWPAH,2,2
24066,BOQZAK,1,1
24067,KERNUT,2,2
24068,WUSKIG,3,3
24069,NUSXOO,2,2
24070,OCOJIC,3,3
24071,GEMSIE,1,1
24072,AWOFIB,3,3
24073,RUHPOA,3,3
24074,DAJLUV,2,2
24075,APIKUH,2,2
24076,NEZCON,3,3
24077,LOMWOA,2,2
24078,XABRID,3,3
24079,BUPRUA,2,2
24080,HAJZAX,1,1
24081,BZQNIX,3,3
24082,WIPYEC,1,1
24083,VAZFUZ,3,3
24084,VUJZOR,1,1
24085,WAYFIN,3,3
24086,TAJNUN,2,2
24087,POCXOW,3,3
24088,XEDKAS,1,1
24089,PIDXEG,3,3
24090,VUPPAA,1,1
24091,RAZFAB,2,2
24092,MOYCIO,1,1
24093,KODBIP,3,3
24094,BERDEI,3,3
24095,QUHWAT,2,2
24096,HUPHIL,2,2
24097,KESZUD,3,3
24098,PINCOE,2,2
24099,WICTOR,1,1
24100,KULHEE,3,3
24101,HOSXUJ,3,3
24102,GIQHAR,3,3
24103,PITWIY,1,1
24104,POMQEO,3,3
24105,TCIMFE,2,2
24106,QUKLIR,2,2
24107,VAFMAQ,3,3
24108,GEPWIL,1,1
24109,RUBWUH,3,3
24110,CIXZIV,3,3
24111,GARBIN,3,3
24112,NEHJAL,3,3
24113,BEXXIM,3,3
24114,EQODOG,1,1
24115,PMPHCR,2,2
24116,UVOMOK,1,1
24117,XAMVOZ,3,3
24118,MAFGAC,2,2
24119,QIQFII,1,1
24120,CORQOQ,3,3
24121,YACFIT,2,2
24122,BEYBEQ,1,1
24123,KISZOD,2,2
24124,YOZZUI,3,3
24125,UHOWAQ,3,3
24126,LICYIF,3,3
24127,FOJVEH,3,3
24128,GUSLUB,2,2
24129,QUSWEG,1,1
24130,RIDHIW,2,2
24131,HUVREY,1,1
24132,LUDPOR,3,3
24133,UGAJET,3,3
24134,YAQQOY,3,3
24135,WUWWEQ,3,3
24136,KUNNIR,2,2
24137,GILKIV,1,1
24138,PUXQIK,2,2
24139,GANNUH,2,2
24140,NOCPOM,2,2
24141,ECEWAL,2,2
24142,GEKPER,2,2
24143,KUSTAT,2,2
24144,NIGBEN,3,3
24145,SERFIE,2,2
24146,VIYKUK,3,3
24147,KISZAO,2,2
24148,WEKREJ,2,2
24149,DORXUD,3,3
24150,HISDAS,1,1
24151,IKONAX,3,3
24152,QOPBIH,1,1
24153,DIGCON,3,3
24154,WAFDEP,2,2
24155,MEFVUR,2,2
24156,NAXHIH,1,1
24157,YILDAA,3,3
24158,VOZKAY,1,1
24159,EJAMUY,3,3
24160,EQUYOE,2,2
24161,QIWYUU,1,1
24162,FUZBUA,1,1
24163,WUFGUZ,3,3
24164,GEMMOA,2,2
24165,LUXPEC,1,1
24166,CEWGUJ,3,3
24167,REFROK,3,3
24168,NOYTOM,3,3
24169,EBUJIV,3,3
24170,ZERBUT,1,1
24171,HAJJIO,3,3
24172,LOTHIL,3,3
24173,IHEJOV,1,1
24174,XIWCAK,3,3
24175,MOYMIW,2,2
24176,EWOJEF,2,2
24177,SOMJUZ,1,1
24178,WOKYEB,2,2
24179,LANMES,2,2
24180,BAXWUS,1,1
24181,PIVMUE,2,2
24182,SEJVUA,3,3
24183,FAFHID,2,2
24184,QAYSAO,1,1
24185,EDANAB,3,3
24186,SEPRUA,2,2
24187,FUBRIE,3,3
24188,VAZHUB,3,3
24189,HERRAX,2,2
24190,HOVROC,1,1
24191,VUTRIL,3,3
24192,JEPCIR,2,2
24193,SEKNAY,3,3
24194,EXANOJ,1,1
24195,POJHED,3,3
24196,WANGEA,2,2
24197,TATJEG,1,1
24198,ZOYSEO,1,1
24199,REVFUX,1,1
24200,ACARUT,3,3
24201,KASKAU,1,1
24202,GERVAB,3,3
24203,UXUQAI,1,1
24204,BEPLER,1,1
24205,LIHHEP,3,3
24206,DEYPII,3,3
24207,GOZGOR,1,1
24208,OYUPII,2,2
24209,EYEYIQ,3,3
24210,QIWKIR,2,2
24211,SECJEQ,3,3
24212,ISOMIM,2,2
24213,COQSEJ,2,2
24214,PALJIX,3,3
24215,FINTEC,2,2
24216,ONIGID,2,2
24217,OBOQIF,1,1
24218,QEVCAV,2,2
24219,VULGIU,1,1
24220,PARBAM,2,2
24221,FILKIV,2,2
24222,DAFHAW,1,1
24223,LORKIO,2,2
24224,UCOPAF,2,2
24225,HOLTUX,3,3
24226,QIFYOV,3,3
24227,DAGLED,3,3
24228,ULOJAH,3,3
24229,TIZLEU,1,1
24230,LOKCAS,3,3
24231,WOSPUP,2,2
24232,CAKVIU,2,2
24233,OVIHUY,3,3
24234,NOYVUV,1,1
24235,LECROC,3,3
24236,IVUHOW,1,1
24237,YICKUQ,2,2
24238,VANGEA,1,1
24239,VEFGAR,2,2
24240,ZISQIB,1,1
24241,YUBJAH,1,1
24242,FOWBOI,1,1
24243,DODXON,1,1
24244,YIWCAK,2,2
24245,LASGIV,3,3
24246,RUBLOQ,1,1
24247,LOKTAI,3,3
24248,RAMWIN,1,1
24249,ENORAB,3,3
24250,VOKYEB,2,2
24251,ALINIV,1,1
24252,BIWPOP,2,2
24253,OBAVOE,3,3
24254,NAWKIG,3,3
24255,YAWBEE,3,3
24256,EFEHON,1,1
24257,LUQWAV,3,3
24258,ZIVGOC,3,3
24259,TITLEP,3,3
24260,QONSOC,2,2
24261,QUCHAY,3,3
24262,RADPOD,1,1
24263,COQMOM,2,2
24264,FAKHUU,1,1
24265,JIYQOY,2,2
24266,BISKEW,3,3
24267,TUVJID,2,2
24268,SAFQIA,2,2
24269,JUCBAK,3,3
24270,QUBPUA,2,2
24271,KEFXEB,3,3
24272,NAMHOA,2,2
24273,BENDOO,3,3
24274,NAKBEH,2,2
24275,WURFIB,1,1
24276,UKEJOJ,2,2
24277,KAJJAK,1,1
24278,RIBKEW,1,1
24279,XEQLOW,3,3
24280,WUSKED,1,1
24281,LAXXEO,3,3
24282,QOPKAJ,3,3
24283,ZIHQOY,3,3
24284,XUZDUT,3,3
24285,QIVHIO,3,3
24286,ZUZHIO,1,1
24287,UTAPEN,1,1
24288,IDOTAA,1,1
24289,BUWWEV,2,2
24290,IBIWID,1,1
24291,NEVKOP,1,1
24292,DEFBOH,2,2
24293,IDUPAA,3,3
24294,HUXBOT,3,3
24295,EGECEC,1,1
24296,PIDVEH,1,1
24297,DODFEI,3,3
24298,APECUV,2,2
24299,HOQBIA,3,3
24300,QATZUK,1,1
24301,PEGXOP,3,3
24302,OVAGAW,1,1
24303,TARWOC,1,1
24304,ZEGYEP,2,2
24305,OHAJOW,2,2
24306,TPTCAN,3,3
24307,QANKOJ,1,1
24308,MICWII,1,1
24309,INOXEP,3,3
24310,QABTAR,2,2
24311,IXACOA,1,1
24312,BIQFUE,2,2
24313,FEPNIY,2,2
24314,WAYQEW,1,1
24315,MIFCUD,1,1
24316,NEKFES,1,1
24317,IGUHAT,1,1
24318,KADDOJ,1,1
24319,RILKEE,3,3
24320,ZALPUB,1,1
24321,LECBIH,1,1
24322,TEKKAX,3,3
24323,UZACUV,3,3
24324,SEKBUF,2,2
24325,CUMXUG,1,1
24326,RABSOG,1,1
24327,SUZWAL,3,3
24328,XIBHUL,2,2
24329,SOTPAV,1,1
24330,ROGTAM,1,1
24331,ZIZHEX,3,3
24332,JOKFAR,2,2
24333,XOMNAO,2,2
24334,GEVDAO,3,3
24335,DUXHIN,2,2
24336,QEJHUJ,3,3
24337,DAXPOI,2,2
24338,QAPSAC,3,3
24339,PEKWEK,2,2
24340,TERCID,1,1
24341,KAZKAY,3,3
24342,PALZOS,3,3
24343,NOWCOR,2,2
24344,PIPYUK,2,2
24345,IBECUR,1,1
24346,PAQNIF,3,3
24347,HITCET,2,2
24348,HEWTAE,3,3
24349,HINGET,3,3
24350,QEMTEH,2,2
24351,KAWBUJ,1,1
24352,GIFGAF,3,3
24353,PEHREB,3,3
24354,PEQSEK,3,3
24355,XAYRAT,1,1
24356,VOCFUO,2,2
24357,TAJRIF,2,2
24358,DOMFER,2,2
24359,CIYWIS,3,3
24360,BUVHUW,3,3
24361,KUTDEI,3,3
24362,MUKZIC,3,3
24363,BOLNIC,1,1
24364,FELLUF,3,3
24365,DEVSIG,2,2
24366,PIKLIG,3,3
24367,REQCIZ,2,2
24368,DADBUJ,1,1
24369,OJEKET,3,3
24370,XUHQIC,2,2
24371,QIJQAB,3,3
24372,IGOLAU,1,1
24373,QELPAZ,3,3
24374,CETPIR,2,2
24375,LIXYAW,1,1
24376,ALIPAO,3,3
24377,ROZYIP,2,2
24378,YOCGII,3,3
24379,POSWOK,1,1
24380,KURNOA,2,2
24381,NODNEB,3,3
24382,NUVPOK,3,3
24383,ORODEF,3,3
24384,LELQOM,1,1
24385,QAJYOQ,2,2
24386,UFIYUG,3,3
24387,CIFPUE,2,2
24388,RULYUT,2,2
24389,LICYED,2,2
24390,LUNKIR,1,1
24391,PALTAA,3,3
24392,TERCIE,3,3
24393,SEYRUL,1,1
24394,XEHDEU,3,3
24395,REXMEM,2,2
24396,QEJHUK,2,2
24397,PACYOJ,3,3
24398,FANREU,3,3
24399,RUJHIP,2,2
24400,ELOSUT,3,3
24401,EFAJII,1,1
24402,PAVKUS,2,2
24403,KAZGUP,2,2
24404,BENCIH,2,2
24405,KAPPIE,1,1
24406,NOYMAR,2,2
24407,JAPBUB,1,1
24408,XALYUE,2,2
24409,UTOWAD,2,2
24410,SIJVOW,2,2
24411,SARLED,2,2
24412,XOCGII,3,3
24413,FEKYON,1,1
24414,WOWGIA,3,3
24415,CINVII,1,1
24416,SENDUM,2,2
24417,YEWHIS,1,1
24418,GUGDOE,1,1
24419,XABBAE,2,2
24420,PAFXIF,2,2
24421,TIGXAI,1,1
24422,UXOREF,3,3
24423,YURBIY,1,1
24424,KUMKIM,3,3
24425,WOXDIY,2,2
24426,GINCEO,1,1
24427,GEZNUW,2,2
24428,LUSJUF,3,3
24429,LUDGAU,2,2
24430,KAKYEC,3,3
24431,BIHKAE,3,3
24432,BUYNIS,3,3
24433,OGELAQ,2,2
24434,XBECMO,1,1
24435,HOMWUD,2,2
24436,KUMBAX,1,1
24437,OQIFIF,1,1
24438,BEJFIH,2,2
24439,DIVXAI,2,2
24440,JIZSIW,2,2
24441,GEXZIS,3,3
24442,REYRUL,3,3
24443,CEHGOM,2,2
24444,FOHWOO,2,2
24445,HIJLIY,3,3
24446,SUCZUL,2,2
24447,QIMVER,1,1
24448,WOJCIH,2,2
24449,QUGCOK,1,1
24450,NUYMEC,1,1
24451,YEWXOO,1,1
24452,ISEXOU,3,3
24453,CIXJAW,3,3
24454,XIZJUN,3,3
24455,GEDXUM,1,1
24456,MAYGUO,2,2
24457,YATYOJ,2,2
24458,HANVEX,1,1
24459,VEWKOX,2,2
24460,EHOKES,3,3
24461,GUXFOX,1,1
24462,MOQKUZ,1,1
24463,ROXFER,2,2
24464,BAFSIO,1,1
24465,OZIQAQ,2,2
24466,AXUSUH,3,3
24467,MAFYEY,1,1
24468,BEWPUQ,2,2
24469,ZIGGUV,1,1
24470,ZEBCUG,2,2
24471,AGOTOG,2,2
24472,CEVXEJ,1,1
24473,SUVFAQ,2,2
24474,FAWXUZ,3,3
24475,AXOWUH,3,3
24476,YEZDAJ,1,1
24477,HEZVEQ,2,2
24478,CICZAP,1,1
24479,DOHNIB,1,1
24480,FIMZUZ,3,3
24481,WECVAC,3,3
24482,BEQFOS,3,3
24483,NARDAN,3,3
24484,CCENPT,3,3
24485,KUKXOE,3,3
24486,XUHXAA,1,1
24487,RAKQUQ,2,2
24488,BEPGUB,3,3
24489,HETQAZ,2,2
24490,IROJUV,3,3
24491,FORZER,2,2
24492,CEQXEC,3,3
24493,REFPUQ,3,3
24494,SOFYOB,1,1
24495,LAMVOK,3,3
24496,WALJUR,3,3
24497,DAMYAT,2,2
24498,VOXTOR,3,3
24499,SAKTIL,1,1
24500,ICETOB,2,2
24501,SIVVIE,1,1
24502,MAKBOR,2,2
24503,RUNJOA,3,3
24504,BOHKIT,3,3
24505,JAHWUL,3,3
24506,CAZQUQ,3,3
24507,UCISAD,1,1
24508,AGEQOU,1,1
24509,CEWGUK,1,1
24510,LUXPEB,2,2
24511,IDILUF,2,2
24512,EJAMUX,2,2
24513,XAWRAP,3,3
24514,ISIYIU,3,3
24515,POCQIH,1,1
24516,QOZBUF,1,1
24517,YIRLIU,3,3
24518,HOHDOX,2,2
24519,KINWIR,1,1
24520,ZUCYOL,3,3
24521,YOMYAC,3,3
24522,GEBYOB,2,2
24523,YASLUB,3,3
24524,UYUZIZ,3,3
24525,QEMMIH,2,2
24526,EPUNUB,1,1
24527,MARVUZ,2,2
24528,VAJKOJ,3,3
24529,QONDOO,2,2
24530,ICIPUH,3,3
24531,YUDWIE,3,3
24532,KISZAN,2,2
24533,QALJIY,1,1
24534,GOWRIT,3,3
24535,REYNEP,3,3
24536,IVAKIB,1,1
24537,ASALIR,2,2
24538,CEGSOX,2,2
24539,ZURLON,3,3
24540,HOVROB,2,2
24541,IDOTAW,1,1
24542,AHICAY,1,1
24543,ESIQUT,2,2
24544,DUXMUE,2,2
24545,HINNOH,1,1
24546,AVOSEJ,3,3
24547,KIGYEE,2,2
24548,MUJPAJ,2,2
24549,NICGEO,3,3
24550,SOVVAC,1,1
24551,IWUMIW,2,2
24552,VILGEC,3,3
24553,FANBAA,3,3
24554,RIGDOA,1,1
24555,WAFXUZ,2,2
24556,MIKQUS,2,2
24557,MUSQOH,2,2
24558,EXEBIU,3,3
24559,FAPDIL,3,3
24560,MODYAH,2,2
24561,YISDUZ,3,3
24562,NOBCEN,2,2
24563,BERDEH,2,2
24564,CIDDEB,2,2
24565,OJIMIF,1,1
24566,AJEFAX,3,3
24567,QOVVED,3,3
24568,CUGXEJ,2,2
24569,SIGTEI,1,1
24570,ZETCAF,3,3
24571,QACYAV,2,2
24572,UPOMES,1,1
24573,WENTIU,2,2
24574,QEHKEV,2,2
24575,BOCZEB,2,2
24576,MELFAK,3,3
24577,WUTYUH,3,3
24578,FOKRAZ,1,1
24579,PUNTAV,3,3
24580,VAJBIT,3,3
24581,FEQTIG,2,2
24582,PUMFAE,2,2
24583,XATPIT,3,3
24584,HAVMEY,1,1
24585,YIYDIU,2,2
24586,RIXVEC,3,3
24587,UKEJAW,1,1
24588,NEZCOO,1,1
24589,DUXHEL,3,3
24590,SOVFIT,3,3
24591,XAXHAJ,1,1
24592,ZENNIS,3,3
24593,NEFQUM,2,2
24594,CIGJUZ,2,2
24595,HAXDOA,2,2
24596,UYEPUM,1,1
24597,LIGBAH,2,2
24598,TEZKUF,3,3
24599,ULOHUY,2,2
24600,EQODOF,2,2
24601,ROMQOB,3,3
24602,RUMTUQ,2,2
24603,CIMJIU,1,1
24604,ACNCFE,2,2
24605,UDIVAH,3,3
24606,LUQWOK,3,3
24607,DODCUV,3,3
24608,IVOWUO,1,1
24609,VUGVEB,1,1
24610,VAKSUY,3,3
24611,OPAGES,3,3
24612,QURMIZ,2,2
24613,QEKRUT,2,2
24614,ZOGKEL,2,2
24615,MIDWEB,3,3
24616,KARVEE,3,3
24617,HOSXUK,3,3
24618,AVOVUC,1,1
24619,YUBHUY,2,2
24620,XETDOS,2,2
24621,SOSGOX,3,3
24622,GONDES,1,1
24623,WIRTUP,2,2
24624,XOPDAH,2,2
24625,RUHNEP,3,3
24626,COQVUB,3,3
24627,BEKBAX,3,3
24628,NUVPAW,3,3
24629,LIPZOZ,1,1
24630,CUNXEQ,3,3
24631,DMSCCR,1,1
24632,ILEGIR,2,2
24633,UPINEP,1,1
24634,SUKBOS,1,1
24635,JOWCUW,3,3
24636,VIGVIU,1,1
24637,IGUXIU,1,1
24638,BEJMUZ,2,2
24639,HEWZAK,2,2
24640,LODYAH,3,3
24641,BIWPAZ,2,2
24642,XETSOI,1,1
24643,QUJXIC,3,3
24644,GIPROP,2,2
24645,OWUHEU,3,3
24646,UXIHEP,3,3
24647,LITQAI,2,2
24648,LISXIU,1,1
24649,ZUGPUO,3,3
24650,RICFES,1,1
24651,PAGKAL,2,2
24652,EFOCOR,2,2
24653,AVESUQ,3,3
24654,GEJVUP,3,3
24655,URAWES,1,1
24656,QIVHEM,1,1
24657,CISREC,1,1
24658,SAFMUH,3,3
24659,JOBXED,2,2
24660,VUWWEP,2,2
24661,QURHUG,1,1
24662,OWEPIQ,2,2
24663,EGAXAN,3,3
24664,LIJNIF,1,1
24665,RETNUB,2,2
24666,TALQEG,1,1
24667,RIKYUI,3,3
24668,NIYTIA,3,3
24669,BIDXUI,2,2
24670,MOHDUK,3,3
24671,KUHTIR,1,1
24672,BOJJAM,2,2
24673,BIVZIR,1,1
24674,HUNYOF,2,2
24675,XEHCOG,1,1
24676,ATOGEW,3,3
24677,UNAWIS,1,1
24678,IVEPOQ,1,1
24679,XUBJOU,1,1
24680,XIPSIC,1,1
24681,QEFRIE,2,2
24682,RUMHEM,2,2
24683,RAJWEE,2,2
24684,GIRDIX,3,3
24685,IFEBEA,2,2
24686,RECXUT,2,2
24687,OBIBAD,2,2
24688,TESGAB,1,1
24689,ETORIQ,3,3
24690,ILISUS,3,3
24691,KIMLOH,2,2
24692,HINNAT,2,2
24693,QANGUH,2,2
24694,SEPKUU,3,3
24695,NAVCUI,1,1
24696,DPCBWC,1,1
24697,KUDKEB,3,3
24698,HAYYEL,3,3
24699,FIMFIR,3,3
24700,NELVOS,1,1
24701,AWOQIN,2,2
24702,GOPKIH,3,3
24703,QIDFOA,3,3
24704,QOXXIM,2,2
24705,NIHSUS,3,3
24706,QIGTOR,2,2
24707,MUHHEE,3,3
24708,VUDDEF,1,1
24709,EBOWIB,2,2
24710,LINREG,2,2
24711,GETLAU,2,2
24712,ISOQUD,2,2
24713,REFRAV,2,2
24714,IRASUQ,3,3
24715,IHAXAQ,3,3
24716,LOBDIS,3,3
24717,EVETEG,3,3
24718,VANGIC,1,1
24719,BAHMON,3,3
24720,TADKIW,1,1
24721,YEDGUM,1,1
24722,XULCEM,2,2
24723,IXASEH,1,1
24724,TUNHER,3,3
24725,EWATAY,3,3
24726,DUCVIG,1,1
24727,GAYMAU,2,2
24728,YIYMAW,2,2
24729,YEHVUF,3,3
24730,AMBZCW,2,2
24731,VIQCII,3,3
24732,AQIBEH,3,3
24733,ICIRAO,1,1
24734,BOHRIA,3,3
24735,WODDAW,3,3
24736,DIJQAR,3,3
24737,JEKTAY,1,1
24738,DAQWEA,3,3
24739,DOGDOS,2,2
24740,QIJVIO,1,1
24741,YEHZAN,2,2
24742,CONFIX,3,3
24743,SOYKEW,1,1
24744,MOJGIB,1,1
24745,LOXYEE,2,2
24746,PEFRIE,1,1
24747,DUGVUZ,1,1
24748,DIVQEH,3,3
24749,AXUVEV,1,1
24750,FITBUF,2,2
24751,BIQCEM,1,1
24752,QUNZOR,1,1
24753,BOHLAN,3,3
24754,BAGPEF,2,2
24755,OTAHUN,3,3
24756,GOXMUD,2,2
24757,YEZSOL,3,3
24758,NALROH,2,2
24759,NOKHUS,3,3
24760,JINNIG,2,2
24761,GEDMAG,2,2
24762,YOMGEO,3,3
24763,BOPBUE,3,3
24764,PUJVEX,2,2
24765,YEBSUT,2,2
24766,NUXWEK,3,3
24767,GUNDAU,1,1
24768,DOFNES,3,3
24769,EMAZID,2,2
24770,AJADEV,3,3
24771,YIPMAL,1,1
24772,BEBYUF,2,2
24773,HECYEW,2,2
24774,SEPPAG,2,2
24775,EDIDED,2,2
24776,BURCUN,1,1
24777,REYGAF,2,2
24778,WURFEW,2,2
24779,RIVQUM,1,1
24780,AGIWUJ,3,3
24781,SICSIH,3,3
24782,DEZGOH,3,3
24783,UGIBAP,3,3
24784,EWOXAQ,2,2
24785,LUSSAV,3,3
24786,SUQDAM,1,1
24787,COSPAD,3,3
24788,JONYUI,3,3
24789,KEWQOS,1,1
24790,NAGXOJ,3,3
24791,NOWVOK,2,2
24792,RAQWUD,3,3
24793,WEBLUN,3,3
24794,HETJOF,3,3
24795,XOQGUG,3,3
24796,XIYHIX,1,1
24797,QEMVEK,3,3
24798,KAZPOS,1,1
24799,REHPOM,2,2
24800,LELSOO,1,1
24801,RUZYUG,1,1
24802,AQIYEH,1,1
24803,NARQAA,3,3
24804,TAJPIE,2,2
24805,TAYFUY,1,1
24806,HAVQAW,3,3
24807,TOXVEK,1,1
24808,IDESAP,1,1
24809,QUJDOR,1,1
24810,EZATUW,2,2
24811,SUYPAF,2,2
24812,CIYROV,1,1
24813,XILQAO,1,1
24814,AZAMOF,3,3
24815,TEKPOR,2,2
24816,BOCXIC,3,3
24817,COCJUD,1,1
24818,TIRMEP,3,3
24819,COTGAW,3,3
24820,YUXRIS,1,1
24821,MOSZOM,1,1
24822,HIXLUW,2,2
24823,MIQBOG,3,3
24824,XEFVAF,2,2
24825,ICEQIQ,1,1
24826,UDUDOO,2,2
24827,XOVPUT,2,2
24828,DALHEH,1,1
24829,DOYGAZ,1,1
24830,MUSHUD,1,1
24831,FEXQAD,2,2
24832,QAHTEZ,2,2
24833,UCUVAR,3,3
24834,RORJUD,3,3
24835,KILVUY,2,2
24836,NOJPUY,1,1
24837,NANVAB,2,2
24838,QICZIN,3,3
24839,GEJVAU,1,1
24840,NASLID,3,3
24841,YIHCAU,2,2
24842,PASTAI,1,1
24843,TETBID,3,3
24844,IQENAV,2,2
24845,RUYNII,3,3
24846,YONWIJ,3,3
24847,HAXXIP,3,3
24848,JOHMUP,1,1
24849,IVUCEI,2,2
24850,LADZAV,1,1
24851,CIFWIZ,2,2
24852,ZIPDUX,2,2
24853,AFOCOO,3,3
24854,QALVAC,3,3
24855,JOJPAA,3,3
24856,FECVAN,2,2
24857,PAGWEB,3,3
24858,MUPHIP,3,3
24859,UPAFAU,3,3
24860,DIRFOB,1,1
24861,KOJKUS,2,2
24862,ERAGOV,3,3
24863,GOJSON,2,2
24864,ILOPAB,3,3
24865,VUBLAF,2,2
24866,VOVXAF,2,2
24867,PULYEA,2,2
24868,UHOLAG,3,3
24869,XEWXUV,2,2
24870,XIZTEG,3,3
24871,TUSKUP,3,3
24872,LUFXUF,2,2
24873,PASJIF,3,3
24874,HUXGIQ,3,3
24875,TIQVOI,1,1
24876,NOSZEA,3,3
24877,GOHWUV,2,2
24878,VUTYAM,2,2
24879,RIRFIJ,2,2
24880,YILQAO,2,2
24881,XEDYIP,2,2
24882,BOBKOU,2,2
24883,NEKCAI,1,1
24884,VIVJUG,2,2
24885,VAFXOT,1,1
24886,CIRVUU,3,3
24887,OMEKOH,2,2
24888,DERMES,2,2
24889,CEYPOM,2,2
24890,CAVNAP,2,2
24891,KEVGUO,1,1
24892,TIRFUV,1,1
24893,HIGBAB,3,3
24894,DEXCUG,3,3
24895,BEDMAZ,1,1
24896,TILLEG,3,3
24897,CTPPAU,3,3
24898,DOSNUW,3,3
24899,EPEQEY,1,1
24900,IHIGEN,2,2
24901,ECEYUG,3,3
24902,OBOCOY,3,3
24903,PABZUN,3,3
24904,BIBLAB,1,1
24905,IGIVUQ,3,3
24906,REGDOX,1,1
24907,MEGKEP,3,3
24908,PEMXIP,3,3
24909,MUNPEQ,3,3
24910,MOYVEB,2,2
24911,GEDXOC,1,1
24912,GIXSAH,1,1
24913,EWOQIS,3,3
24914,DAJLAE,3,3
24915,FEHWEX,2,2
24916,NOJROU,2,2
24917,KEPQOM,3,3
24918,ZIDWUG,2,2
24919,MOPFAZ,2,2
24920,GUHLEB,1,1
24921,EXIQEH,3,3
24922,NEMWAG,3,3
24923,HOTXAP,3,3
24924,SAQLAA,3,3
24925,ZITSIH,2,2
24926,ATORIL,2,2
24927,SUGXID,2,2
24928,QAZXUM,3,3
24929,MASKEY,2,2
24930,TASXAN,3,3
24931,TAJYAG,2,2
24932,SUZLOQ,2,2
24933,DILGOU,3,3
24934,SAKSUS,2,2
24935,TAWMEM,3,3
24936,SARRUZ,3,3
24937,FAHDEY,3,3
24938,PHHGDT,3,3
24939,DUYYOL,2,2
24940,KATWIP,1,1
24941,SIQZEB,1,1
24942,AMAZIY,2,2
24943,BAJNEJ,1,1
24944,BOCVEX,3,3
24945,OLEWEH,2,2
24946,RIRXAR,1,1
24947,JIDYAW,2,2
24948,PEDHOW,3,3
24949,HIKCEJ,3,3
24950,GAWFES,2,2
24951,PUWWOV,3,3
24952,WUNQUR,3,3
24953,OCAHEF,2,2
24954,BUNTEK,1,1
24955,KIBTOG,2,2
24956,HEBVEP,1,1
24957,DONHOE,3,3
24958,DILWII,1,1
24959,KEYQOV,2,2
24960,NOCRON,3,3
24961,SINCRA,2,2
24962,AYARIB,3,3
24963,ATIFIU,3,3
24964,DOGJUE,2,2
24965,SIVMEQ,2,2
24966,FUNHAX,2,2
24967,KUPJOW,1,1
24968,XIVREA,3,3
24969,GUHROR,1,1
24970,SIXCIO,2,2
24971,KIWCIC,2,2
24972,NITZOF,2,2
24973,TUDQAN,1,1
24974,OMITAG,2,2
24975,GIXTEQ,1,1
24976,OMUCEG,3,3
24977,WAZQAS,1,1
24978,LUTCEK,3,3
24979,COHWAY,3,3
24980,FERTAA,2,2
24981,AMIYIH,1,1
24982,CIMFIO,3,3
24983,SUTKIE,1,1
24984,AKUGOD,3,3
24985,WEWPAS,3,3
24986,DIZBIB,1,1
24987,WALJOK,3,3
24988,YAKYOB,3,3
24989,DEQHEM,2,2
24990,UWIGIR,3,3
24991,MEDGOS,1,1
24992,NUKHEG,2,2
24993,OQIMAF,1,1
24994,VOLKAK,3,3
24995,AXUTIW,2,2
24996,BUZYAX,2,2
24997,CATSZN,3,3
24998,AWOZAN,2,2
24999,MEBCEB,3,3
25000,OTUREB,2,2
25001,OJUQEQ,2,2
25002,COGTOJ,1,1
25003,MASLOK,3,3
25004,JONBOG,1,1
25005,CESREZ,3,3
25006,NORNIR,1,1
25007,HOHHOB,2,2
25008,FIJDIN,3,3
25009,AJEMIO,1,1
25010,CEXHUI,1,1
25011,GUVMIV,3,3
25012,EYIVUF,2,2
25013,BEXZIN,3,3
25014,EPADOQ,3,3
25015,UMAHUN,3,3
25016,EQOHAW,1,1
25017,MUBQOR,3,3
25018,AFILUX,3,3
25019,GOHYUY,3,3
25020,XOBFEB,3,3
25021,ZEPJOW,2,2
25022,UWUKUT,3,3
25023,WEQMEK,2,2
25024,POZKIA,2,2
25025,FEKLAJ,3,3
25026,AGUBEM,2,2
25027,ZISDEO,1,1
25028,OHIROP,1,1
25029,YUFDEJ,2,2
25030,NEFSUO,2,2
25031,DIXDEU,1,1
25032,MINYOX,1,1
25033,ZEQKUF,1,1
25034,PIPYAO,1,1
25035,QIYNAN,3,3
25036,UGEZEM,1,1
25037,LASNUP,3,3
25038,SEVXID,1,1
25039,QIDSON,2,2
25040,KAGXUN,2,2
25041,QIBYEG,2,2
25042,ETIVUZ,3,3
25043,OGIFAM,2,2
25044,MOQROA,2,2
25045,QOPGAF,2,2
25046,HOSFEB,1,1
25047,AXEBEK,1,1
25048,DALHIK,2,2
25049,JOXGIP,1,1
25050,ATEGAI,3,3
25051,ZUPDUL,3,3
25052,WUCXOJ,3,3
25053,GECHEB,3,3
25054,PIGHEW,1,1
25055,DISBEM,1,1
25056,GILYAB,1,1
25057,GILWOQ,2,2
25058,GIPNEB,1,1
25059,PUXMOL,2,2
25060,IYEXIV,2,2
25061,WAQYAS,1,1
25062,EXUDUX,3,3
25063,XIPFIL,2,2
25064,JATKUO,1,1
25065,FIKBUY,3,3
25066,ODIRUP,3,3
25067,XADCOX,1,1
25068,LIJLID,1,1
25069,CORMEB,2,2
25070,WEHROR,3,3
25071,XUVLOR,2,2
25072,AVUBIF,1,1
25073,PEKGUL,1,1
25074,KIHXIK,3,3
25075,TAZQET,3,3
25076,BODQOC,2,2
25077,ZOHTOF,3,3
25078,IHESUL,3,3
25079,HAGDOI,2,2
25080,NEYQUE,2,2
25081,EGACOE,2,2
25082,BEFBEX,1,1
25083,RURCUC,2,2
25084,PICJAN,2,2
25085,QOKYOE,2,2
25086,IYUGAK,3,3
25087,HAQFOX,3,3
25088,WAPMAC,1,1
25089,ONAXOR,1,1
25090,VIRTOI,3,3
25091,ZOJGUD,3,3
25092,XOCNUY,1,1
25093,EQECOV,1,1
25094,YEYTOP,1,1
25095,NEZHEG,2,2
25096,JAXHIC,3,3
25097,MIFSEC,2,2
25098,JERYOV,3,3
25099,ODOFUI,3,3
25100,MIDLIV,3,3
25101,SUKWOK,2,2
25102,JEXBET,1,1
25103,KODRUT,1,1
25104,XAQCIF,1,1
25105,VALCIU,1,1
25106,XEXNAS,1,1
25107,OGUXOG,1,1
25108,HEWXAI,3,3
25109,KEHCEF,3,3
25110,LECPAK,3,3
25111,BIFNIO,2,2
25112,HAYROS,1,1
25113,XEBJAS,2,2
25114,JODWII,2,2
25115,JUSQIZ,2,2
25116,QORHIP,1,1
25117,NOVYUU,2,2
25118,LEPDES,2,2
25119,WIRVUR,1,1
25120,NODBEO,3,3
25121,KUHQOV,2,2
25122,WUPKOK,1,1
25123,VEGDUK,1,1
25124,GIJZAA,3,3
25125,LUZMEA,3,3
25126,BEPGAG,2,2
25127,MOWSUN,3,3
25128,IHAMAI,1,1
25129,HUGYUD,1,1
25130,QUHKIO,3,3
25131,NOXNUJ,3,3
25132,DUKPOR,1,1
25133,KEKHIT,3,3
25134,WATSUF,2,2
25135,REJXOV,3,3
25136,ENUVUF,3,3
25137,ALEJEG,2,2
25138,POBPEC,1,1
25139,WAZFOU,3,3
25140,LAHLIP,1,1
25141,QUCJOQ,1,1
25142,HIPMAV,3,3
25143,QORFEK,2,2
25144,UKIGIF,3,3
25145,FIMCOV,3,3
25146,PAXROZ,1,1
25147,KAHGEJ,1,1
25148,OBATAM,2,2
25149,SABQAO,3,3
25150,BORZEO,1,1
25151,GATFUD,2,2
25152,NAVJEZ,2,2
25153,IMUCUO,1,1
25154,ROBPOO,3,3
25155,CEXCEO,2,2
25156,GOJZIP,2,2
25157,ABAGAM,3,3
25158,WUXJUV,3,3
25159,CASQAO,3,3
25160,LOSDII,2,2
25161,ZUVBIE,1,1
25162,OSACOC,2,2
25163,MOSVUN,2,2
25164,RAPQEG,3,3
25165,QAVKAA,3,3
25166,FIMDIP,3,3
25167,AMOZEH,2,2
25168,ITEFAR,1,1
25169,UCOPUB,1,1
25170,GAKHAF,1,1
25171,KEMREA,1,1
25172,GULWAN,3,3
25173,EZEMIH,2,2
25174,ROLNEM,3,3
25175,AQEXOK,3,3
25176,GARPOF,3,3
25177,TESKOS,3,3
25178,XIDLEE,2,2
25179,LAWWEL,3,3
25180,LESFAT,3,3
25181,LUNBUU,1,1
25182,WATXEW,2,2
25183,PIJCIW,1,1
25184,XEKSOV,3,3
25185,YAXQUM,2,2
25186,TUMQOI,3,3
25187,ZOGYAZ,1,1
25188,XUDLIR,1,1
25189,MIXRET,2,2
25190,ADUFUD,3,3
25191,KEYVES,3,3
25192,HALRIZ,1,1
25193,DEXQEC,2,2
25194,SAKFAN,2,2
25195,PAHDOR,1,1
25196,XIWTUU,3,3
25197,ESENOI,1,1
25198,GAVKEV,2,2
25199,LIXBAW,3,3
25200,GEYBIY,2,2
25201,MIVKIP,1,1
25202,ONIKIH,2,2
25203,VICFIZ,3,3
25204,FOTLIJ,1,1
25205,PEQTUA,2,2
25206,SEKYUG,1,1
25207,PAHSOH,3,3
25208,QELROS,1,1
25209,LERRAD,3,3
25210,SAYHIJ,3,3
25211,VOCJUT,3,3
25212,SEMVAL,1,1
25213,TAPMIG,2,2
25214,QESRUB,3,3
25215,ACOBEA,3,3
25216,KOFXAH,2,2
25217,XERLEO,2,2
25218,IFUVEK,2,2
25219,KEZXUK,3,3
25220,MUTQUO,3,3
25221,TEVMOY,3,3
25222,BUJQIH,2,2
25223,LEYMOU,2,2
25224,IHUGOH,1,1
25225,LAMTAU,2,2
25226,TAXGAC,3,3
25227,FIQTII,3,3
25228,BAJPAF,1,1
25229,SAPQEG,1,1
25230,POYWEI,1,1
25231,CAZFAN,2,2
25232,UTUDUL,1,1
25233,LASKIZ,1,1
25234,GANNAL,3,3
25235,TEVTAP,3,3
25236,CULRIK,2,2
25237,TUDSUI,3,3
25238,SUGHAD,1,1
25239,UMEHID,1,1
25240,VOWBAN,1,1
25241,TICVEJ,2,2
25242,JAYDOF,3,3
25243,SOQLIV,2,2
25244,ZOKLUG,2,2
25245,LIMVUC,1,1
25246,NEKLIZ,3,3
25247,LITWUJ,3,3
25248,XONTUQ,3,3
25249,DAKGOM,1,1
25250,GEQLUK,2,2
25251,UPIZOK,2,2
25252,LULYOI,3,3
25253,NIJSAD,1,1
25254,TOQPEV,3,3
25255,TEMRIQ,1,1
25256,PAPWAF,1,1
25257,YAZSAX,1,1
25258,IDUTAD,3,3
25259,RUBVES,1,1
25260,XUZWUK,3,3
25261,YECZUB,3,3
25262,QOPXAU,1,1
25263,IMIYOS,1,1
25264,QOSDOU,1,1
25265,IGUWUC,3,3
25266,LEMQIE,3,3
25267,HOGDIU,1,1
25268,ZISPUM,1,1
25269,QUNYED,3,3
25270,KANKAN,2,2
25271,CYSXPD,3,3
25272,CIRGUI,3,3
25273,BEMBIE,2,2
25274,PAXZOD,1,1
25275,CAMVOB,2,2
25276,QODLED,3,3
25277,MICVUQ,2,2
25278,ITEGIY,3,3
25279,QOMKAF,3,3
25280,SICLEX,2,2
25281,SECPOS,2,2
25282,EFUDES,1,1
25283,EJUXOX,2,2
25284,RUZSAI,3,3
25285,MAYHEZ,2,2
25286,OVIYOJ,2,2
25287,OZAMUA,1,1
25288,MIMCOB,3,3
25289,KEHRIY,2,2
25290,DAMFUU,2,2
25291,WEBQAZ,1,1
25292,HETYUA,2,2
25293,XOTLEZ,2,2
25294,BADXAJ,1,1
25295,MEPGUK,3,3
25296,ABEJAS,2,2
25297,IGECOP,1,1
25298,RUJLIT,1,1
25299,JAFFOL,2,2
25300,PIHSAE,1,1
25301,GUFTOQ,2,2
25302,IBOPIB,2,2
25303,XIBGEX,2,2
25304,QEKCAM,3,3
25305,JUMHOO,1,1
25306,LEMCUB,3,3
25307,LENQUQ,2,2
25308,UDURIU,3,3
25309,PIJNUT,2,2
25310,UDOVIU,2,2
25311,FILHOB,1,1
25312,VEXKIU,1,1
25313,NOMMAD,2,2
25314,GIQNUP,3,3
25315,RERKAB,2,2
25316,JEDJAG,3,3
25317,WIWJIV,2,2
25318,WIQLUH,1,1
25319,DALRUE,1,1
25320,SIFVUY,2,2
25321,WOYCIW,2,2
25322,VOHXEY,3,3
25323,VUZHAC,1,1
25324,DELTOE,1,1
25325,MICTOJ,3,3
25326,RULVEA,1,1
25327,CAWLER,3,3
25328,FASREX,3,3
25329,HAQWAX,2,2
25330,XEDMUQ,3,3
25331,AZUZUS,2,2
25332,XIXHUI,2,2
25333,HAFZUK,3,3
25334,QOVRIC,3,3
25335,MIKYAH,2,2
25336,IZIYIA,3,3
25337,AYIYEN,3,3
25338,XEZPEZ,2,2
25339,EVENAX,1,1
25340,LUMTAP,3,3
25341,BAMXAQ,3,3
25342,LECFIM,1,1
25343,NIQCAT,2,2
25344,WITFAJ,1,1
25345,LIVFUS,1,1
25346,REHFIW,3,3
25347,BOKMOH,1,1
25348,TUNKOD,1,1
25349,VIRRAS,3,3
25350,NEXVAN,1,1
25351,NIDSAV,3,3
25352,LIMZAK,1,1
25353,XAPMUX,2,2
25354,FIGNOZ,3,3
25355,SAYNEO,3,3
25356,LOMDAU,3,3
25357,SIMKAD,2,2
25358,XELKIJ,1,1
25359,XOVCOD,1,1
25360,KIXXAR,3,3
25361,XIXJOE,2,2
25362,GINLUM,3,3
25363,OYITOI,1,1
25364,EWIJAY,1,1
25365,GEHZUO,1,1
25366,MUZREE,3,3
25367,OKUROB,3,3
25368,ZOWYIT,2,2
25369,BOXYIX,3,3
25370,BARSIY,2,2
25371,QAMHUJ,3,3
25372,ZIMMEQ,3,3
25373,WORKET,2,2
25374,HOVVOF,3,3
25375,TADHAI,2,2
25376,NMETCO,2,2
25377,BADQIH,2,2
25378,OGEQOK,1,1
25379,HUYPUM,2,2
25380,YOKRUL,2,2
25381,ROBHIZ,3,3
25382,TAHWOQ,2,2
25383,NOZRIG,1,1
25384,DAZKAQ,3,3
25385,TOBZIV,3,3
25386,VEMBEV,3,3
25387,DUHJOH,3,3
25388,APUSOW,1,1
25389,VEZMIA,1,1
25390,NAYVEQ,3,3
25391,VUJWII,3,3
25392,WOVYEN,3,3
25393,BOLXUW,1,1
25394,ATOQUW,2,2
25395,NORFIL,1,1
25396,ETOFAU,2,2
25397,HOKROO,1,1
25398,SEYMAM,1,1
25399,KOVXIF,1,1
25400,ICICUV,3,3
25401,TIHQOQ,3,3
25402,KEVMAA,2,2
25403,ETESED,3,3
25404,VICKUN,2,2
25405,VUFQIX,2,2
25406,PEQYIU,3,3
25407,RECNET,3,3
25408,JEDFUX,1,1
25409,GUYFIP,2,2
25410,TAPKEB,3,3
25411,DAWBUB,1,1
25412,NAVBES,3,3
25413,BESDOT,2,2
25414,QANFER,1,1
25415,ZUQJIE,2,2
25416,FUPQIQ,3,3
25417,ULONAM,3,3
25418,KIGTOK,2,2
25419,GOKVOU,3,3
25420,PIQKOR,2,2
25421,KELRUS,1,1
25422,DIGRUJ,3,3
25423,LECVOF,3,3
25424,SIGYAL,2,2
25425,TITFIN,3,3
25426,ALAWAM,2,2
25427,REFTUU,3,3
25428,NIJCEP,3,3
25429,QITMOX,3,3
25430,YUGXED,2,2
25431,GIKJUG,2,2
25432,MIJJEV,3,3
25433,GOYVIB,3,3
25434,KANPUK,2,2
25435,IVOFAA,3,3
25436,RAQFUO,1,1
25437,MASQUT,1,1
25438,OGUPOY,1,1
25439,BELVIB,1,1
25440,KIZWID,1,1
25441,JEMZEH,2,2
25442,TUJWAZ,1,1
25443,YIXJOE,3,3
25444,MAQBOV,3,3
25445,CEFSIP,1,1
25446,NAQRAY,3,3
25447,GIMLIY,3,3
25448,HAHHII,3,3
25449,FOFDOT,1,1
25450,HAWDEO,2,2
25451,RUTMIC,3,3
25452,POCGUK,3,3
25453,HAQNOF,3,3
25454,QOYFIV,2,2
25455,YUJZAF,3,3
25456,NOQFUX,3,3
25457,VOJWOG,3,3
25458,KIZPOB,2,2
25459,TILVUJ,1,1
25460,KERDUI,1,1
25461,OKAXAC,1,1
25462,DAWPIE,1,1
25463,TOXLUQ,1,1
25464,AWEYOQ,1,1
25465,GEGLOV,2,2
25466,YADBEL,1,1
25467,DAJJAC,2,2
25468,COYHUU,3,3
25469,AMOKIW,1,1
25470,MOJSAF,3,3
25471,EQICAJ,3,3
25472,GAJMOV,3,3
25473,BEWTUU,3,3
25474,HESBAM,1,1
25475,OMOFAX,1,1
25476,VEXLOD,1,1
25477,YORFOD,2,2
25478,QELZOZ,1,1
25479,AYINEC,3,3
25480,VOVYEN,1,1
25481,DPPPDC,3,3
25482,ADAHOD,3,3
25483,NEVMUY,1,1
25484,IZADOC,3,3
25485,QOPZUR,3,3
25486,WIGKEG,1,1
25487,CAFKUT,1,1
25488,WUTQAD,1,1
25489,MIGFAL,3,3
25490,SUYXAO,1,1
25491,PUQLIW,2,2
25492,IXOKUB,2,2
25493,WEHTOT,3,3
25494,JOGDOZ,3,3
25495,YOLNIZ,3,3
25496,LASSAD,1,1
25497,HUNHUT,1,1
25498,YORFAO,2,2
25499,OVOMAO,2,2
25500,PUSSEB,2,2
25501,UBIRIJ,3,3
25502,QEXRUK,1,1
25503,UPEGUT,2,2
25504,ABOXOG,2,2
25505,REPDEW,1,1
25506,CIXLUT,1,1
25507,SOFCIB,2,2
25508,VUFMUG,2,2
25509,OCANIT,1,1
25510,SOWHAO,3,3
25511,XESYAW,2,2
25512,MIDCAE,2,2
25513,RIHXUD,3,3
25514,GEKSOE,3,3
25515,TEGPAY,3,3
25516,SUSQUU,3,3
25517,VUDYIC,3,3
25518,RUSCIR,1,1
25519,BELXIZ,2,2
25520,CUTXEU,3,3
25521,GUTMIS,2,2
25522,ZOPYEI,2,2
25523,PUTDEQ,1,1
25524,UXIGUE,1,1
25525,FUDLIA,2,2
25526,KAGLIO,2,2
25527,BUPDIC,1,1
25528,SUKFOW,1,1
25529,ACEQAA,3,3
25530,CIFZUN,1,1
25531,XEBLAU,2,2
25532,TEFCEP,3,3
25533,NUBKUS,3,3
25534,MULWOF,1,1
25535,EFAYET,1,1
25536,TIRNUH,1,1
25537,LEXJUU,3,3
25538,XUJXUV,2,2
25539,DOMLEX,3,3
25540,MUVJAO,1,1
25541,ODUDUO,3,3
25542,RASLOO,3,3
25543,LESPEF,2,2
25544,CISJUL,3,3
25545,WAYPUL,1,1
25546,NEYKEH,3,3
25547,BOLZAG,2,2
25548,PABGOQ,3,3
25549,TALRAZ,1,1
25550,QUHZID,3,3
25551,REYSEV,2,2
25552,OJUWEW,3,3
25553,CUJGOE,2,2
25554,TULDIN,3,3
25555,NASTOQ,1,1
25556,SAMTAF,1,1
25557,RAYYIA,3,3
25558,HINCIR,3,3
25559,TAYBAX,2,2
25560,JOLWUC,2,2
25561,VUKCEM,1,1
25562,TINBEZ,3,3
25563,HIGQUN,1,1
25564,GOZDEE,3,3
25565,HIPRON,2,2
25566,RIBJUL,1,1
25567,KUYKEX,1,1
25568,ECIBOI,3,3
25569,DIXBES,3,3
25570,DULQIL,3,3
25571,XASTIY,1,1
25572,BOSFIB,3,3
25573,SOVBIP,3,3
25574,YINDUW,1,1
25575,MUNQOE,1,1
25576,QIYHAH,2,2
25577,BUWVUM,3,3
25578,WAVHAF,3,3
25579,AFORAO,2,2
25580,EFUVUW,3,3
25581,QOFCAQ,3,3
25582,PUXRAC,2,2
25583,GELZEF,2,2
25584,LUFLED,3,3
25585,BISJUL,3,3
25586,RACTAT,2,2
25587,JOCHEP,2,2
25588,PUMBAA,2,2
25589,TOKZEY,1,1
25590,NIGCUB,2,2
25591,CEMBEF,1,1
25592,LAMBEG,2,2
25593,JARKIW,3,3
25594,YAFJEW,3,3
25595,BIYJIC,2,2
25596,EQOGID,1,1
25597,GALGIK,3,3
25598,CUBDOT,3,3
25599,TEDYUX,1,1
25600,GAHROW,2,2
25601,IVOXEZ,1,1
25602,OQILIM,1,1
25603,YAPHEF,3,3
25604,UNADIZ,1,1
25605,TICNOK,3,3
25606,ABEZIS,2,2
25607,ICOBAE,3,3
25608,FECPOT,2,2
25609,LIJDEN,1,1
25610,NAWFOK,1,1
25611,ZATTAT,1,1
25612,BALYUK,1,1
25613,SADMOC,1,1
25614,KURTIA,3,3
25615,VUXGEA,3,3
25616,DUBVOO,1,1
25617,YUWNIO,3,3
25618,MASTEJ,1,1
25619,NIHBOV,3,3
25620,FOGKUJ,2,2
25621,FUPMUY,3,3
25622,NERMEG,1,1
25623,HOKBEP,3,3
25624,WOPTEB,3,3
25625,FETFOB,3,3
25626,CETZIN,1,1
25627,RADDEI,3,3
25628,GOTXUK,2,2
25629,YONQEX,3,3
25630,PEXWIA,3,3
25631,KIWYUM,3,3
25632,ZAPXIA,2,2
25633,ESODEW,2,2
25634,TOGRIS,3,3
25635,LOQSIV,3,3
25636,GERKAR,3,3
25637,REYZOK,3,3
25638,AVIQUS,2,2
25639,SIRNIT,2,2
25640,LULBUP,1,1
25641,FEKQUI,3,3
25642,JIPKIC,1,1
25643,XUSYUH,3,3
25644,ODOWUB,3,3
25645,WIBTIL,1,1
25646,LUCJEY,3,3
25647,COXWIW,3,3
25648,PESFIC,2,2
25649,XIWNEX,2,2
25650,FISMEZ,3,3
25651,ECOQIA,1,1
25652,NOZNUO,1,1
25653,XUKWAC,3,3
25654,ELOLOI,3,3
25655,COMGIU,2,2
25656,WAGZEJ,1,1
25657,TOFTUD,3,3
25658,EHAQAI,3,3
25659,FUVLOA,1,1
25660,ENOXAH,3,3
25661,WIHTUC,1,1
25662,JAZQEG,2,2
25663,RAMSEH,1,1
25664,CPTPIR,2,2
25665,NILRUW,1,1
25666,XISBOR,3,3
25667,MIDDEK,3,3
25668,KAWSAE,3,3
25669,FOYFAB,3,3
25670,TUYCIA,1,1
25671,HIVXEP,2,2
25672,SOPDUY,3,3
25673,MIRFEZ,1,1
25674,SAQTEK,3,3
25675,HUYBEI,3,3
25676,SUPVOP,1,1
25677,UFENAX,3,3
25678,YEJVOZ,2,2
25679,CAXFAK,2,2
25680,LIXTER,1,1
25681,OBARAK,1,1
25682,CIFVAQ,3,3
25683,GETFOB,3,3
25684,XIJTOA,1,1
25685,UCUNEO,3,3
25686,UNAMAX,1,1
25687,YEKWUK,1,1
25688,LIHRAY,1,1
25689,WOGBEC,2,2
25690,DMENRE,2,2
25691,MANWAZ,1,1
25692,DORNEE,2,2
25693,TUTCUG,2,2
25694,JURSOG,3,3
25695,BULTIM,3,3
25696,DIDKIK,2,2
25697,JIZNIQ,2,2
25698,QUGGAD,1,1
25699,MEVHOK,1,1
25700,DIFCED,3,3
25701,FAGXER,2,2
25702,YUGFAH,2,2
25703,YEDHEX,1,1
25704,ZIGVAO,2,2
25705,IVETOU,2,2
25706,FAMCOP,1,1
25707,OLOSOY,2,2
25708,ZOFROE,3,3
25709,ARUWIV,3,3
25710,NECHAF,2,2
25711,IHOKUO,1,1
25712,ZOLNUL,3,3
25713,POVPIA,1,1
25714,PIJNOM,3,3
25715,VACDEJ,3,3
25716,SEJLEZ,3,3
25717,LOFNOK,1,1
25718,CIGBUS,1,1
25719,NEKGAM,1,1
25720,COQKOJ,1,1
25721,COHJOC,1,1
25722,NIPKII,2,2
25723,CUQNUY,3,3
25724,GOHSUR,2,2
25725,COKVAC,3,3
25726,LEDJEJ,3,3
25727,WIRPAQ,1,1
25728,COQRAC,3,3
25729,SICNEZ,3,3
25730,QAGCAE,3,3
25731,ZAPQUF,2,2
25732,YOYWUH,1,1
25733,HABHOH,1,1
25734,DIGROD,3,3
25735,CISDOZ,2,2
25736,XUYLEK,2,2
25737,BIBSUC,3,3
25738,OVAHIE,2,2
25739,MUMVAR,2,2
25740,YULBOY,3,3
25741,YARRAK,2,2
25742,OMEVAE,3,3
25743,JOGJUL,3,3
25744,MODQAA,3,3
25745,XOSYEK,3,3
25746,ENCYSM,2,2
25747,YOZNEJ,1,1
25748,VEXLUJ,1,1
25749,LEMSIG,2,2
25750,EWEYAG,3,3
25751,YORFUJ,2,2
25752,FUBCIO,3,3
25753,MIWBIF,3,3
25754,MOFLUP,1,1
25755,XOYLAZ,1,1
25756,OTEWIW,1,1
25757,GAKBAZ,1,1
25758,TEVNEO,2,2
25759,SAJVOQ,2,2
25760,ZUXFEG,1,1
25761,FONLEZ,1,1
25762,HUXSOI,3,3
25763,TAJFUF,2,2
25764,YOTWIN,1,1
25765,NORZAV,2,2
25766,DAHYAO,3,3
25767,RULMIU,3,3
25768,VOLQIW,3,3
25769,FARDEJ,2,2
25770,CESDUZ,2,2
25771,FOCPIW,1,1
25772,BIMLEP,2,2
25773,GUWVUP,2,2
25774,RUKJOZ,1,1
25775,DAKGUT,2,2
25776,QAMHOD,3,3
25777,XAGBAI,2,2
25778,JUQXUO,3,3
25779,QEKHIZ,2,2
25780,EGOKUG,2,2
25781,YILRER,3,3
25782,LIVDUQ,3,3
25783,CAGQOR,3,3
25784,XARRAK,2,2
25785,ZILLEN,2,2
25786,FOSXAP,1,1
25787,BUJKOH,3,3
25788,HUMVUJ,1,1
25789,ENADEC,2,2
25790,NIHYOV,3,3
25791,QOVPIA,3,3
25792,ZOQFAM,3,3
25793,XEFRAB,3,3
25794,IFUWUF,1,1
25795,JUVDEM,1,1
25796,MUDVAI,2,2
25797,MEPWIN,3,3
25798,GUTQOB,3,3
25799,XOVCUJ,1,1
25800,KUSBEG,3,3
25801,CITFUH,2,2
25802,KIDCIK,2,2
25803,DOKMIZ,2,2
25804,KUPPET,1,1
25805,DACXEN,3,3
25806,XOCSUH,1,1
25807,TAWNAG,2,2
25808,NUQQIB,3,3
25809,YOCHAZ,3,3
25810,UWOGOD,3,3
25811,KAYHAW,2,2
25812,VEZVEB,1,1
25813,OYUFOE,2,2
25814,SUHXOI,2,2
25815,DEYFOE,3,3
25816,SUKJOZ,3,3
25817,AHOQAQ,2,2
25818,ERUPOZ,1,1
25819,ZABDIP,3,3
25820,AXACIL,1,1
25821,CIVRIL,2,2
25822,MUTLUI,1,1
25823,YOJXEB,2,2
25824,ZOLBAD,2,2
25825,UGUQET,2,2
25826,FEMLIW,1,1
25827,TEYSOG,3,3
25828,LISWOZ,2,2
25829,ITIMEF,3,3
25830,DAXVON,2,2
25831,MEXCIE,3,3
25832,POPTOD,1,1
25833,SOSVAX,3,3
25834,UZELAN,2,2
25835,MOFGEV,3,3
25836,LINZEN,1,1
25837,BEWSIJ,1,1
25838,FADZUG,3,3
25839,BOYJUW,2,2
25840,XUSYAM,3,3
25841,VAGJUL,3,3
25842,TUYXIV,3,3
25843,TIHSOS,1,1
25844,NOLBOH,3,3
25845,RIVNAL,2,2
25846,LUTGEO,2,2
25847,XENJUV,1,1
25848,HITKIH,3,3
25849,HUHPUW,3,3
25850,GAHNIQ,1,1
25851,ZEDQUX,3,3
25852,GABYUD,2,2
25853,ODONON,3,3
25854,OFEXED,2,2
25855,FIQGET,2,2
25856,YUGCIP,1,1
25857,ZAWMES,3,3
25858,FOTTUF,3,3
25859,SEQRIQ,3,3
25860,CETDUD,3,3
25861,BIJLEN,3,3
25862,XUHRUO,2,2
25863,PDBZOM,3,3
25864,LEWPOV,1,1
25865,YEYWEF,1,1
25866,BEPMAL,3,3
25867,IVAMID,3,3
25868,WAQDAU,3,3
25869,CANVIX,2,2
25870,AROHIA,1,1
25871,LIXDUT,1,1
25872,SETMEM,1,1
25873,CHMPMO,2,2
25874,DOTQAH,3,3
25875,BAPNEN,2,2
25876,TUNKUJ,3,3
25877,PAJQAS,3,3
25878,TIQBIF,3,3
25879,ZEQJEK,2,2
25880,NUKPUH,1,1
25881,MGXIMC,2,2
25882,PESXUI,1,1
25883,UCOZUI,3,3
25884,JOZREY,1,1
25885,AJENAF,2,2
25886,GAVXIK,2,2
25887,INOPIL,2,2
25888,HAYQEE,3,3
25889,VAPNIJ,1,1
25890,GALKIQ,3,3
25891,LATXEN,1,1
25892,DUFVEH,2,2
25893,EGITEX,1,1
25894,LEPGOE,2,2
25895,ROHJUW,3,3
25896,DAGMAZ,3,3
25897,QIDNOH,3,3
25898,OLOHON,1,1
25899,LOLKON,2,2
25900,PRAMNI,3,3
25901,KITGUS,3,3
25902,WEXPEV,3,3
25903,PAZNIN,2,2
25904,YOQXAF,3,3
25905,CEPMAL,3,3
25906,MAZFOL,2,2
25907,AREDAF,1,1
25908,WEQYOG,3,3
25909,KUDMIG,2,2
25910,KEVHEZ,3,3
25911,PEKMUP,3,3
25912,YEXHUG,2,2
25913,BIKDUU,3,3
25914,GOYSOF,1,1
25915,QOKSOY,2,2
25916,TOQKIU,3,3
25917,MAYCOE,2,2
25918,XECSEF,2,2
25919,RIPZAU,1,1
25920,GOLMAW,2,2
25921,XAXGEM,1,1
25922,CATKEN,1,1
25923,AXIWIP,1,1
25924,YUWBIB,2,2
25925,MUNTEU,2,2
25926,MAPJET,1,1
25927,QOYDIT,2,2
25928,PAXFEA,3,3
25929,VINGEF,1,1
25930,VIWFEO,3,3
25931,XILLOU,3,3
25932,HAHJIK,2,2
25933,ROFVEN,1,1
25934,IKESIB,1,1
25935,MANKET,1,1
25936,GURGUW,3,3
25937,TIBQIG,3,3
25938,ZUYYUQ,1,1
25939,CAKGIH,3,3
25940,GULMEF,3,3
25941,KEKLES,2,2
25942,SEFSIJ,1,1
25943,DECLAA,2,2
25944,NIJVEH,3,3
25945,MEPGOE,3,3
25946,FOTXAN,2,2
25947,QITVAS,3,3
25948,TAVVUH,3,3
25949,EVUVUM,2,2
25950,WUYHEF,2,2
25951,LODFAL,3,3
25952,PAXZUJ,1,1
25953,SUQWAD,3,3
25954,CAHBIA,1,1
25955,XIRZOO,3,3
25956,REPTUF,1,1
25957,HAJBED,1,1
25958,WUGBUW,2,2
25959,JOLYOB,2,2
25960,VUTFUL,1,1
25961,BIZQUW,2,2
25962,UMANAZ,2,2
25963,VADTAW,3,3
25964,KIBNES,1,1
25965,DOMNEZ,2,2
25966,OKEQAY,3,3
25967,ISUFOT,2,2
25968,RITQAM,1,1
25969,SUHXAU,2,2
25970,ACESAC,2,2
25971,SUKDOU,1,1
25972,HAYVOW,1,1
25973,DARTEY,3,3
25974,SEVNUG,1,1
25975,YEKWOE,1,1
25976,OZIPIZ,1,1
25977,HADBIB,1,1
25978,POBMIF,3,3
25979,QISQIW,1,1
25980,ZEWGEP,1,1
25981,HIMJEU,1,1
25982,RARXUF,3,3
25983,COSZAO,1,1
25984,KUYGIV,3,3
25985,QIPCID,3,3
25986,POFXOZ,1,1
25987,HAWCUD,2,2
25988,JANNIV,3,3
25989,FECLEF,2,2
25990,APABAV,3,3
25991,PEWHAC,2,2
25992,HARWII,3,3
25993,SIRRAN,2,2
25994,LIMXOU,3,3
25995,CPICPT,1,1
25996,BABWAD,1,1
25997,HOBGAG,2,2
25998,IMPCNI,3,3
25999,CURWIX,2,2
26000,TEQPAJ,1,1
26001,GUTFAD,2,2
26002,DUNKAB,1,1
26003,KACKIM,1,1
26004,MEZYUN,2,2
26005,RIPCAW,2,2
26006,HOYLUE,3,3
26007,WUVNUW,3,3
26008,POVLUI,3,3
26009,HOTRAL,3,3
26010,TUGYEB,2,2
26011,TOBDUK,3,3
26012,NEZPUH,1,1
26013,ECOZAA,3,3
26014,IXUZUZ,1,1
26015,NACYAR,2,2
26016,UZITED,3,3
26017,VUMBEL,2,2
26018,SIFQEE,3,3
26019,GIWCOE,3,3
26020,LAYDEW,2,2
26021,DIHVEY,3,3
26022,DEKVAR,2,2
26023,COFTIB,3,3
26024,FUQYOG,1,1
26025,RECKOD,1,1
26026,KEFNOZ,3,3
26027,VUXREN,2,2
26028,OCUHID,2,2
26029,DOKMEY,2,2
26030,FIHTUN,3,3
26031,TUXPUY,3,3
26032,KONSUB,2,2
26033,JIMTEI,1,1
26034,QEWHAC,3,3
26035,PUNKOY,2,2
26036,VEZQOG,1,1
26037,UJIDUO,3,3
26038,OFADEF,2,2
26039,ZOMFIT,1,1
26040,UWELOY,3,3
26041,LONMAF,3,3
26042,ABAZOW,1,1
26043,KANYIL,1,1
26044,KUPGIM,2,2
26045,BIKFAE,2,2
26046,KAPXIL,2,2
26047,QUBXUI,3,3
26048,BAYNIA,2,2
26049,QESMAC,2,2
26050,EBAHEW,2,2
26051,MOHPIJ,2,2
26052,HINVIJ,2,2
26053,WUXREN,2,2
26054,VAWWIA,3,3
26055,WIFVUD,3,3
26056,JAHJOS,2,2
26057,NOBYUC,1,1
26058,TIQRAQ,1,1
26059,DOKFUH,2,2
26060,GAJHEF,3,3
26061,BINLUG,2,2
26062,JOXDOR,1,1
26063,VUMKOF,1,1
26064,HABHAT,1,1
26065,WOLQET,1,1
26066,ROSQIB,3,3
26067,QIDGIV,1,1
26068,AMAYAP,2,2
26069,JESGAQ,2,2
26070,HOBWED,2,2
26071,LELNOI,3,3
26072,CAJDEA,1,1
26073,UGEWOT,2,2
26074,LIHKUI,2,2
26075,GANJAH,1,1
26076,PEBXAV,1,1
26077,LIZPES,3,3
26078,BUZFUY,3,3
26079,EWORAM,1,1
26080,TIMKIJ,3,3
26081,ZISYIJ,2,2
26082,AFANIG,3,3
26083,IMUKAC,3,3
26084,FOSHIG,3,3
26085,OZATOZ,2,2
26086,XOWKIE,3,3
26087,LEJSEZ,1,1
26088,RAJHIU,3,3
26089,IRIZAN,1,1
26090,GOXKUB,2,2
26091,TIGWEN,3,3
26092,FISDUI,3,3
26093,PAHWOL,3,3
26094,LEDTAQ,3,3
26095,FEHJEI,3,3
26096,FEKXEZ,3,3
26097,IYICEB,1,1
26098,JATMOG,2,2
26099,SUHQIW,1,1
26100,LEDMOX,2,2
26101,XIWPUQ,2,2
26102,LUTWOP,1,1
26103,IQINUS,3,3
26104,COJRID,2,2
26105,ZUFWOO,3,3
26106,AFEKIG,3,3
26107,RUSFOA,3,3
26108,QAMHAO,1,1
26109,HIGVIF,3,3
26110,DOQGIB,3,3
26111,ALUXEK,3,3
26112,ZOHRUN,1,1
26113,POPSEV,3,3
26114,XAXGIN,3,3
26115,MAPJIW,1,1
26116,IVEVOW,2,2
26117,YEDJEZ,1,1
26118,FIKQUP,1,1
26119,IDOROM,1,1
26120,ISOKEI,2,2
26121,KELLIY,3,3
26122,ETECUB,2,2
26123,YOWKIE,3,3
26124,ETUGIM,1,1
26125,WIJLEI,2,2
26126,COXGUR,2,2
26127,COKFIT,3,3
26128,GIQGIW,1,1
26129,LELPEY,3,3
26130,PEWXEW,2,2
26131,MAJNIW,2,2
26132,YICFID,1,1
26133,ROBSIM,2,2
26134,POVNOE,2,2
26135,MECCAB,1,1
26136,MUTYAC,3,3
26137,EMUQAE,3,3
26138,AWUMAG,2,2
26139,LUJCUQ,3,3
26140,RAXVER,2,2
26141,KELRAV,2,2
26142,EJIMEQ,3,3
26143,ACPMNA,2,2
26144,YEJTOX,3,3
26145,MAHZUS,3,3
26146,PEWSUF,1,1
26147,VEJRUY,3,3
26148,RACHIN,2,2
26149,YUZYOJ,3,3
26150,IKIBEJ,2,2
26151,BAMSER,1,1
26152,XEYGOY,2,2
26153,COLQIG,3,3
26154,TUXLEE,3,3
26155,WIHTOZ,3,3
26156,YIPLES,1,1
26157,EDEZOC,3,3
26158,DENPAO,2,2
26159,CEYTAB,3,3
26160,FIFFIL,1,1
26161,NAPSOM,3,3
26162,VACJER,2,2
26163,WIGWOB,3,3
26164,BEPCAC,3,3
26165,ALOKES,3,3
26166,HIGVID,3,3
26167,IRICOE,1,1
26168,SEJKOJ,3,3
26169,RUSFOC,3,3
26170,XUFWEA,3,3
26171,NASHEV,2,2
26172,ABAXUY,2,2
26173,XURJIE,2,2
26174,GEGNAJ,2,2
26175,WISCIN,2,2
26176,DAGXUE,1,1
26177,AMOPIB,2,2
26178,JUPNAM,1,1
26179,OSUTOM,1,1
26180,YALQUY,1,1
26181,IZIBIC,2,2
26182,SIDNIE,3,3
26183,FOJNOJ,3,3
26184,TIGWEL,1,1
26185,TAMZIR,2,2
26186,ITUJIS,3,3
26187,NOXXIK,1,1
26188,ZAHVEN,1,1
26189,CEFHIE,3,3
26190,KIDDAD,3,3
26191,WECGOA,3,3
26192,IDABIA,3,3
26193,NEFLAL,1,1
26194,FUPSER,1,1
26195,GESMEA,1,1
26196,CIXREH,3,3
26197,XEMCOI,2,2
26198,QOPSET,2,2
26199,VAQDOK,1,1
26200,REWQES,3,3
26201,HESGIW,3,3
26202,OMETUW,3,3
26203,BUNNAA,3,3
26204,MESBAR,1,1
26205,SAJQEA,1,1
26206,LAMGAI,3,3
26207,TOQLAM,1,1
26208,FONKOJ,3,3
26209,VAWYEX,3,3
26210,JUTKAM,2,2
26211,KAGYIB,3,3
26212,ICEKOS,2,2
26213,DIJWAV,3,3
26214,JEMVEG,1,1
26215,BAQHUX,3,3
26216,COBQIW,2,2
26217,POVPEW,1,1
26218,MOXVOK,2,2
26219,BEFMUX,1,1
26220,MARRAY,1,1
26221,GAGMEH,3,3
26222,VORPEA,3,3
26223,REBXIG,3,3
26224,HIFROH,1,1
26225,LAFQER,3,3
26226,ELAWAR,3,3
26227,TUNNEV,1,1
26228,ETEHEQ,2,2
26229,CIYFEX,3,3
26230,XUVVES,1,1
26231,WUZMIN,2,2
26232,ULOYUP,3,3
26233,UMOYOL,3,3
26234,HOTBEZ,3,3
26235,OCEPEU,3,3
26236,ABUWEZ,3,3
26237,HUFKOI,1,1
26238,WEWZAZ,2,2
26239,LAZQAH,3,3
26240,EMUQAG,3,3
26241,YUVQAJ,3,3
26242,FAPKAJ,3,3
26243,BEJGAA,2,2
26244,KASZOV,1,1
26245,FACTUC,1,1
26246,QUVYIS,1,1
26247,SELXIU,1,1
26248,MICQEX,2,2
26249,BAZBAH,3,3
26250,GABKEB,2,2
26251,XULYUB,1,1
26252,EZARAA,2,2
26253,FEHDIG,3,3
26254,OYIVAU,3,3
26255,UCECIQ,3,3
26256,XUPLIF,2,2
26257,VIKDUP,3,3
26258,HINFOC,3,3
26259,GULSAH,3,3
26260,WILQOX,3,3
26261,HEFRUH,1,1
26262,LIZNOA,3,3
26263,EROSEJ,3,3
26264,BEVLUJ,2,2
26265,HITBOC,2,2
26266,LALMIV,3,3
26267,WIBDUK,1,1
26268,SONGUY,2,2
26269,YUJZUA,3,3
26270,ZEJZIZ,1,1
26271,VECGOA,3,3
26272,VIFMAC,1,1
26273,VAGXEJ,2,2
26274,XISGIT,1,1
26275,SINLOQ,2,2
26276,CUNNAA,2,2
26277,KIXMOT,3,3
26278,SIHFEX,3,3
26279,PAZYEU,2,2
26280,FANSOC,3,3
26281,CEPXUS,3,3
26282,KOCZAD,2,2
26283,BOLHES,3,3
26284,NAJGIS,1,1
26285,POSXIF,2,2
26286,OPAFAN,2,2
26287,FOCGEL,3,3
26288,ZUJQOK,1,1
26289,SADXON,2,2
26290,AQAPEP,1,1
26291,EBECIY,3,3
26292,GASNAT,1,1
26293,YEVDOT,3,3
26294,KEPLOI,2,2
26295,TICNUP,3,3
26296,XAHVOU,3,3
26297,UZITEF,1,1
26298,FETSOO,1,1
26299,REPQEM,1,1
26300,ACOMUA,2,2
26301,CIBJUT,1,1
26302,VUVKIH,2,2
26303,YABJAN,3,3
26304,XEFKAU,1,1
26305,CISTEG,2,2
26306,UDODAU,1,1
26307,JUJJAZ,3,3
26308,ICUHUM,3,3
26309,NAKDIN,2,2
26310,ONUMUG,3,3
26311,SUYCOF,3,3
26312,BUFTON,2,2
26313,ADEFIZ,2,2
26314,XAGBOW,2,2
26315,FEBHAW,3,3
26316,HAVBOW,3,3
26317,ELEBEF,1,1
26318,TUVLEB,2,2
26319,HIXZEU,2,2
26320,PIKMAY,2,2
26321,UVUMUU,3,3
26322,PUKCAB,2,2
26323,NEJDOY,3,3
26324,WIJKAE,2,2
26325,KEKBEI,1,1
26326,OKIYOY,3,3
26327,ZEHLOR,1,1
26328,TIGKUP,3,3
26329,WEPJEG,3,3
26330,QAHBUX,3,3
26331,FAYBIS,2,2
26332,LEFBED,2,2
26333,KIQZOB,3,3
26334,QUDGEC,2,2
26335,OBUCAT,1,1
26336,NEDQUJ,3,3
26337,RUFFIJ,2,2
26338,ODUFUO,1,1
26339,QOYTAA,3,3
26340,RUNLAN,3,3
26341,OWOJEQ,3,3
26342,TUSCOB,3,3
26343,NICHAJ,1,1
26344,HIXCIC,2,2
26345,JIVMOQ,1,1
26346,TAVMOS,2,2
26347,YAFCUF,2,2
26348,SOWZEL,2,2
26349,FOMLUO,2,2
26350,PUQKUJ,3,3
26351,KUNQIU,3,3
26352,CUJKAV,2,2
26353,CAFLII,1,1
26354,KADREP,3,3
26355,LUKLAF,3,3
26356,FOPTEM,1,1
26357,VUNWAD,3,3
26358,AZUSIA,1,1
26359,AKOPAS,3,3
26360,WIFVUF,1,1
26361,DAXZUX,2,2
26362,SIZVED,2,2
26363,HIJCOT,3,3
26364,CUBVIH,1,1
26365,WANDUM,3,3
26366,GEXLAW,2,2
26367,KAJKIT,1,1
26368,HOZLIS,3,3
26369,KETKUR,2,2
26370,BEJPAL,1,1
26371,UPUDUF,3,3
26372,HEGJAG,3,3
26373,MUPROE,2,2
26374,GETTII,3,3
26375,ZOCHEH,2,2
26376,DEBHID,3,3
26377,XEDMAV,1,1
26378,XAWSIY,1,1
26379,DUHVIL,3,3
26380,HOHKIB,3,3
26381,DEXLID,3,3
26382,LECSET,3,3
26383,XOZPAD,3,3
26384,NETPUX,3,3
26385,CIBHOO,1,1
26386,HUNHOO,2,2
26387,YUNTEG,3,3
26388,BOVLED,2,2
26389,MUJVOE,2,2
26390,BDMIUP,3,3
26391,VORNOF,3,3
26392,FAPBIH,3,3
26393,JUPBUR,2,2
26394,FIHTUL,2,2
26395,KEPNUR,2,2
26396,NIFWAB,3,3
26397,ECOXUS,2,2
26398,ZICVIU,1,1
26399,ECUKUI,1,1
26400,WUHDIP,1,1
26401,FUNRIQ,1,1
26402,XEBGET,3,3
26403,QEYJUC,1,1
26404,DEHFUS,2,2
26405,HAZCET,3,3
26406,KOJDES,2,2
26407,NONZEY,3,3
26408,NOHPOP,3,3
26409,SANCIX,1,1
26410,TOSZIN,1,1
26411,VAZNUG,3,3
26412,UGUXOK,3,3
26413,WUTFUN,2,2
26414,WAPKUU,3,3
26415,IHIJOB,1,1
26416,SASNAD,3,3
26417,GETZIQ,3,3
26418,DEJBOK,3,3
26419,BOSCAO,1,1
26420,TOBQAC,3,3
26421,ZUQXOY,2,2
26422,FACMUV,1,1
26423,MASQOO,2,2
26424,UTOQAW,3,3
26425,TIXLES,3,3
26426,HEYKOL,3,3
26427,PEBZUS,2,2
26428,DAWWUX,1,1
26429,AFOWIB,2,2
26430,HUJMAD,1,1
26431,PADVEZ,1,1
26432,SEQRIS,3,3
26433,LUBREF,3,3
26434,JULGAA,3,3
26435,IQETIH,2,2
26436,UVIXEE,1,1
26437,RUYZOD,1,1
26438,ICIVUL,1,1
26439,VAPPAG,2,2
26440,VANXIR,3,3
26441,UQEBEZ,3,3
26442,FUXNAO,3,3
26443,BOLMUM,3,3
26444,LUNTEW,1,1
26445,XIQJUE,2,2
26446,NEHLOB,2,2
26447,VOGWIZ,3,3
26448,BERGUE,1,1
26449,JOBYOR,3,3
26450,NOGTIN,2,2
26451,NEXDEZ,2,2
26452,TAVCOK,1,1
26453,IFURIN,1,1
26454,WULVIJ,3,3
26455,RADCUW,2,2
26456,UBEFAL,2,2
26457,OCIVIG,3,3
26458,DAGJEA,1,1
26459,CIGYAT,3,3
26460,ZAVYEA,2,2
26461,SAMTUV,2,2
26462,VEGNUU,1,1
26463,COJBAF,3,3
26464,TOKHOQ,1,1
26465,TOFXUK,3,3
26466,UKUZOP,2,2
26467,POZXEI,1,1
26468,KEMFOX,1,1
26469,HIKNOF,2,2
26470,VOGNEL,3,3
26471,JITKAY,2,2
26472,LUZPEE,1,1
26473,LALFUD,1,1
26474,FEYQEF,1,1
26475,HEVJUO,2,2
26476,MATXEL,1,1
26477,VOCWUG,1,1
26478,TIQGUY,2,2
26479,KEBBIF,2,2
26480,CIMPUN,1,1
26481,NAKJIV,3,3
26482,JOVZIF,1,1
26483,CTACZN,1,1
26484,TEJBUH,1,1
26485,KEQTUZ,1,1
26486,UTIRAT,1,1
26487,CAFPUV,2,2
26488,XECSED,1,1
26489,EMEGOS,1,1
26490,YINMIR,3,3
26491,ZIWRIG,2,2
26492,SOLXUO,3,3
26493,TUDREQ,3,3
26494,ZIDSUA,1,1
26495,AGOKAJ,2,2
26496,BIKSUM,3,3
26497,DASPOC,3,3
26498,JOBPEX,3,3
26499,ZOMQEX,2,2
26500,AYOHAY,3,3
26501,XEYWED,3,3
26502,DODNIW,1,1
26503,OMODAX,3,3
26504,EHOMEW,1,1
26505,GUXNAO,3,3
26506,XUZWOG,3,3
26507,UJIHON,1,1
26508,KARWOS,1,1
26509,SUYZOD,2,2
26510,VIKFAW,1,1
26511,BEHHEC,2,2
26512,GUCGOA,2,2
26513,FIQLUP,3,3
26514,TIFMED,3,3
26515,KOMXUF,2,2
26516,NUHBUN,1,1
26517,QATKUT,1,1
26518,VEFQEC,2,2
26519,HUXSOK,2,2
26520,MUBKIG,1,1
26521,JAQBIQ,1,1
26522,QOWDIS,1,1
26523,BOZDEZ,3,3
26524,QEHTEG,1,1
26525,WOHZEY,1,1
26526,VIQYUR,2,2
26527,CIRNEX,2,2
26528,PATNII,1,1
26529,YIHPAI,3,3
26530,QOSFOU,2,2
26531,OREPEJ,1,1
26532,YUZGIL,3,3
26533,YECXUB,3,3
26534,NEZRAM,3,3
26535,YOZNEH,3,3
26536,JOJTAG,1,1
26537,CUTDAY,2,2
26538,RIMRUA,1,1
26539,ALIQER,2,2
26540,RIYCOR,2,2
26541,QOXYAD,2,2
26542,OJILAX,1,1
26543,COGPAP,1,1
26544,AZEYUA,1,1
26545,NAZQEO,1,1
26546,QAGCAG,1,1
26547,HAFJIL,1,1
26548,COHJOA,3,3
26549,FAXXIL,3,3
26550,XIXXIN,1,1
26551,APOBOZ,1,1
26552,BURNIO,1,1
26553,HUBGIW,3,3
26554,AQOBUF,2,2
26555,DOZVEV,3,3
26556,ROPZIF,3,3
26557,CILXEB,2,2
26558,ILOMOM,1,1
26559,SIJPOS,3,3
26560,ROBMOK,3,3
26561,GANHUZ,2,2
26562,ESOXAL,3,3
26563,POKJAE,1,1
26564,GERWEI,2,2
26565,KICTIZ,2,2
26566,TUSTAD,2,2
26567,TUGKUD,1,1
26568,RIBDOX,2,2
26569,VOWFOC,2,2
26570,OKEHAN,1,1
26571,NAMGEN,1,1
26572,AMONOF,1,1
26573,NISWET,3,3
26574,ESAVOM,1,1
26575,CODYUQ,3,3
26576,HETWAI,1,1
26577,JASTON,3,3
26578,XOKGUA,3,3
26579,MUZYOX,3,3
26580,ESUPUD,3,3
26581,RIJWIU,1,1
26582,KAYHAU,3,3
26583,BIFDIF,2,2
26584,KIJFUF,2,2
26585,YEDTAC,2,2
26586,UWUZAO,2,2
26587,UQIJIP,2,2
26588,HEBLOQ,3,3
26589,GISQAA,3,3
26590,TAHKEV,2,2
26591,KALQIB,1,1
26592,NALZOT,1,1
26593,BIGBUQ,1,1
26594,OJIKEA,1,1
26595,PAXQEN,1,1
26596,PEWXIA,2,2
26597,RUTXIN,3,3
26598,UDEHEQ,3,3
26599,TOWZUD,1,1
26600,FAVHOB,1,1
26601,KIJMEW,2,2
26602,EHEXAQ,2,2
26603,SEKSUY,3,3
26604,QAVMUW,2,2
26605,VOHQUH,3,3
26606,OWEXIZ,1,1
26607,IGOJAQ,3,3
26608,DESVUT,1,1
26609,YAGREH,1,1
26610,NEMDAL,3,3
26611,XUHWIG,2,2
26612,CEPZAC,1,1
26613,UDODOI,1,1
26614,LASFOB,3,3
26615,NUCVIQ,3,3
26616,DURREO,1,1
26617,LUVJUH,2,2
26618,FOKVUY,2,2
26619,MAHFIN,3,3
26620,KULPAL,1,1
26621,IZAQAE,1,1
26622,QANZOU,2,2
26623,PELQEG,1,1
26624,JAGNEL,1,1
26625,AQIFEN,2,2
26626,QUWHOG,3,3
26627,NANYEG,2,2
26628,QAGTUO,2,2
26629,TECLOE,1,1
26630,SECKUH,2,2
26631,SERBEA,1,1
26632,ZASZOL,2,2
26633,UHIYIW,1,1
26634,WESZEA,3,3
26635,WOKMOZ,3,3
26636,SOFJAB,1,1
26637,ROQBIL,1,1
26638,WOWCES,3,3
26639,MIVJOR,2,2
26640,POZTED,2,2
26641,BEZMID,1,1
26642,ETHCPD,1,1
26643,NIHRIH,3,3
26644,OFOZUH,2,2
26645,LEYKOQ,1,1
26646,RISZIF,1,1
26647,OBEGEJ,3,3
26648,MIFBEJ,1,1
26649,KAPCEM,2,2
26650,POLVEU,2,2
26651,FAFGUQ,3,3
26652,PACDON,1,1
26653,TEGNIC,1,1
26654,KOHRUV,2,2
26655,IYABES,1,1
26656,HIGJAI,3,3
26657,NAHDOT,1,1
26658,SABPER,2,2
26659,ITUHIQ,3,3
26660,VIHVOZ,3,3
26661,QEYJAF,1,1
26662,TURKEW,3,3
26663,ZODZAW,3,3
26664,UXUBOH,1,1
26665,HEYYEQ,3,3
26666,VUBCEC,2,2
26667,HIWGUS,2,2
26668,LALVEB,2,2
26669,TOLJAF,2,2
26670,ZUFBOU,1,1
26671,WICRUY,2,2
26672,MUJVUK,2,2
26673,YIJMAJ,1,1
26674,EJIHAH,2,2
26675,YEXSUR,1,1
26676,PAMZEL,2,2
26677,QEVPOW,3,3
26678,ELEKUB,3,3
26679,MUYWIM,2,2
26680,PAYGIH,2,2
26681,OPASAA,3,3
26682,JELPAV,1,1
26683,MIDMOC,2,2
26684,OKEMIA,2,2
26685,POBJUL,1,1
26686,MEGMIW,2,2
26687,BEYMUP,3,3
26688,PAXDIB,1,1
26689,RAJSEC,2,2
26690,GONPAA,3,3
26691,CEZMID,2,2
26692,KAWZIR,1,1
26693,ASESOG,2,2
26694,HAKQUJ,1,1
26695,UCEVII,2,2
26696,KAYTEL,3,3
26697,LOBPOI,3,3
26698,RIRGAC,1,1
26699,VUMYIM,2,2
26700,BAPBEA,3,3
26701,ZENCAW,2,2
26702,XUTBAQ,3,3
26703,ZIQZOO,3,3
26704,WOPZIL,2,2
26705,IZIYEW,2,2
26706,VIBCIT,2,2
26707,REMGAR,1,1
26708,RECKUH,3,3
26709,AMARIR,3,3
26710,KIBKOV,2,2
26711,UBEMEX,1,1
26712,FOCKIU,2,2
26713,VOQPAS,3,3
26714,YEVDUZ,3,3
26715,HIGMEP,1,1
26716,FODLOZ,2,2
26717,HECDIG,1,1
26718,AYADAF,3,3
26719,GOVBEA,2,2
26720,MOZROJ,3,3
26721,NOYPAV,1,1
26722,ASUGUT,1,1
26723,RAMDEP,3,3
26724,NOCCAL,3,3
26725,RUVLAX,3,3
26726,UJIMEI,1,1
26727,RICRAA,1,1
26728,WENWOB,1,1
26729,XUDXUQ,3,3
26730,EHESER,3,3
26731,BERKUH,3,3
26732,NOBLUN,2,2
26733,YOSLIE,1,1
26734,YUTNUY,3,3
26735,FISCIT,2,2
26736,NITKAD,1,1
26737,SAQCES,3,3
26738,GUKHOJ,3,3
26739,VUNBAK,1,1
26740,WIHVOZ,2,2
26741,ULUHUH,1,1
26742,DOTTIR,2,2
26743,REHMUP,2,2
26744,LUJVUK,1,1
26745,UKAROO,1,1
26746,MOMFUP,1,1
26747,NAPQOM,3,3
26748,OMAVIH,2,2
26749,ATOSAE,2,2
26750,XOJSAT,1,1
26751,WEYVON,3,3
26752,XOVDET,3,3
26753,BEMBED,2,2
26754,YOBKUW,3,3
26755,ZAYVEC,3,3
26756,TOQYAB,2,2
26757,GOXBED,1,1
26758,SAQMIH,2,2
26759,DEGLIL,2,2
26760,TEBZUY,3,3
26761,ECUBIN,2,2
26762,GEDWIY,3,3
26763,NUCSAI,1,1
26764,ZOPYEK,3,3
26765,DOZTIW,3,3
26766,OBUVAL,2,2
26767,LATJOF,2,2
26768,SIKQAG,2,2
26769,NAQROP,2,2
26770,SEWZOL,3,3
26771,QASKAX,3,3
26772,GEKTIA,3,3
26773,KAVPAZ,2,2
26774,IQIGEU,1,1
26775,WEPCUT,1,1
26776,FUVKIR,2,2
26777,VIVGIQ,2,2
26778,RUWQIJ,1,1
26779,HAQNAO,1,1
26780,OCIJOA,3,3
26781,XEPKAF,2,2
26782,GIRNEE,1,1
26783,OBOLIC,3,3
26784,CPBUMO,2,2
26785,WEWHEL,2,2
26786,UDOFAW,2,2
26787,FUGNOL,2,2
26788,BODNAN,1,1
26789,OTZPAG,3,3
26790,LUTLAN,2,2
26791,REVWAU,1,1
26792,BODWOG,2,2
26793,IPOQEK,3,3
26794,ROKXAT,1,1
26795,CUNWUF,3,3
26796,SUQRII,1,1
26797,MARNIC,3,3
26798,XEVXEF,1,1
26799,QUMKIV,1,1
26800,BOQGOE,3,3
26801,OPADAL,3,3
26802,BEZHUN,1,1
26803,VORLOD,3,3
26804,FIPXAE,3,3
26805,WOPMIA,3,3
26806,QOPXOK,3,3
26807,JIYKIM,3,3
26808,XUQCEU,1,1
26809,FISDOE,1,1
26810,LEKYUV,2,2
26811,QAYNAJ,1,1
26812,QETXAP,1,1
26813,IJEMOA,3,3
26814,VIFXAL,2,2
26815,UREQAL,1,1
26816,PASROQ,3,3
26817,VIHCUL,2,2
26818,PUTCAJ,2,2
26819,SOWDUE,1,1
26820,DUHCIT,3,3
26821,TEMKIF,2,2
26822,ZUGXAA,3,3
26823,ROJLAD,2,2
26824,HICCUV,1,1
26825,KABJIG,2,2
26826,UTUGIB,2,2
26827,MUNVIA,2,2
26828,YOHNUE,3,3
26829,JOPROY,2,2
26830,MODJAT,2,2
26831,YEBLAW,1,1
26832,ICAYUG,3,3
26833,RIFSEE,1,1
26834,KOJTUB,2,2
26835,QIZTOJ,2,2
26836,KAPZIL,3,3
26837,BELVET,2,2
26838,XECXAG,2,2
26839,UROXUV,3,3
26840,JEYGEZ,2,2
26841,WEPFII,2,2
26842,QIBTUR,3,3
26843,OHIZAG,2,2
26844,LEXHOL,3,3
26845,MELKIX,2,2
26846,JAQPAS,1,1
26847,XAPQIR,1,1
26848,HABDOG,2,2
26849,JIZPAK,2,2
26850,NOQZIE,3,3
26851,SIVREW,2,2
26852,KENMUP,1,1
26853,HIQDUG,1,1
26854,AHEFIC,3,3
26855,BACFIY,1,1
26856,VEVKIR,3,3
26857,YAVKIS,3,3
26858,IZACES,3,3
26859,OGAZAZ,1,1
26860,POKQOY,1,1
26861,VIRBEE,1,1
26862,TICGIW,3,3
26863,PEQYIW,3,3
26864,ICICUT,2,2
26865,DIYVIU,1,1
26866,COMGET,1,1
26867,UZUHEE,2,2
26868,POYFIT,2,2
26869,KILLEA,1,1
26870,XUJZAD,1,1
26871,WOJYAV,1,1
26872,IPOVOY,2,2
26873,BOGBEF,3,3
26874,FUDLEW,2,2
26875,XEFWEL,2,2
26876,WOGPUE,3,3
26877,REPCOG,3,3
26878,MERZAO,1,1
26879,REMWIR,2,2
26880,APUSOU,2,2
26881,SENWUF,2,2
26882,GUCBIR,2,2
26883,HAMPAN,3,3
26884,FOTVUF,2,2
26885,AXOVIS,1,1
26886,FIBQAL,3,3
26887,JADYAS,1,1
26888,UXIKOD,3,3
26889,BEVKEV,2,2
26890,QOXBOX,1,1
26891,BIBFUN,3,3
26892,IWOMIQ,2,2
26893,AROJIA,1,1
26894,NEZGAB,3,3
26895,LETGIC,3,3
26896,PEHHOB,2,2
26897,GIFSEU,2,2
26898,HAZVEL,1,1
26899,QEZMUH,1,1
26900,IRIMUS,3,3
26901,KAHSUJ,2,2
26902,UPOPEW,1,1
26903,NOVCIN,1,1
26904,TOSXIL,1,1
26905,ZEMQOX,1,1
26906,VOXNED,3,3
26907,ODEKUG,2,2
26908,ITENAY,3,3
26909,NOMJEH,3,3
26910,KEQCOY,2,2
26911,IZUWAB,3,3
26912,UCOXUI,2,2
26913,TISHEI,1,1
26914,COHXIH,1,1
26915,LOLKUU,2,2
26916,LESWOV,1,1
26917,MEGTIB,2,2
26918,BENYAV,2,2
26919,EBAXUD,3,3
26920,BESCIP,1,1
26921,UWOBIU,1,1
26922,NEDVEA,3,3
26923,RIYHEM,1,1
26924,WUNBOW,2,2
26925,IDAGAY,2,2
26926,WOYDOD,2,2
26927,VOMGIP,3,3
26928,KICFOS,3,3
26929,FOBFIP,1,1
26930,ADAHOF,3,3
26931,MOHNUU,3,3
26932,CEBVIR,3,3
26933,GIBQAL,3,3
26934,OMOFAZ,3,3
26935,WOPMEU,1,1
26936,QELZOX,1,1
26937,QADTEX,3,3
26938,LEGJAM,1,1
26939,RERBIB,3,3
26940,EGUMUP,1,1
26941,UWALEK,2,2
26942,AREHOU,3,3
26943,DOCRAS,1,1
26944,GAGJUT,3,3
26945,PCESMO,2,2
26946,EWUDIM,1,1
26947,NIQMOR,2,2
26948,PANFEP,1,1
26949,YONHEO,2,2
26950,DELDIL,1,1
26951,IQODIB,3,3
26952,EHIROF,1,1
26953,WIBDAN,3,3
26954,RAHLEU,3,3
26955,CAMHEG,3,3
26956,PAXDEA,3,3
26957,OPEFIA,3,3
26958,AKAKAA,2,2
26959,VIKZIZ,3,3
26960,NULPOZ,3,3
26961,ZIXZAH,1,1
26962,DOWFEB,2,2
26963,QAJDAI,2,2
26964,ZEXHEP,3,3
26965,ABIWUE,3,3
26966,VUJYEG,1,1
26967,IGOVIK,3,3
26968,LEFYED,2,2
26969,GANHOT,2,2
26970,BATPIX,1,1
26971,INIFIU,2,2
26972,YIPYIJ,1,1
26973,FUZJAN,2,2
26974,NOYRUQ,3,3
26975,FUGPIH,3,3
26976,VAYLIQ,3,3
26977,TANMAY,3,3
26978,KALZAB,3,3
26979,OJUWIA,3,3
26980,RAMDIS,2,2
26981,JITPOR,1,1
26982,HOXFIJ,2,2
26983,LISLAD,3,3
26984,LAFDII,3,3
26985,ZIDZER,3,3
26986,IZEXOC,2,2
26987,ULISIT,3,3
26988,QIYHOV,1,1
26989,LUDTAI,1,1
26990,MIDJEQ,1,1
26991,UZEYAC,1,1
26992,FEJKUC,2,2
26993,MIQZES,2,2
26994,LUQJOX,3,3
26995,LURVAX,3,3
26996,DOZTET,1,1
26997,SIFCOZ,1,1
26998,XEGMIG,2,2
26999,ROWQAX,2,2
27000,SEYZAB,1,1
27001,QEWZIC,3,3
27002,GAXHUI,1,1
27003,MAKDUX,3,3
27004,GOHFUH,2,2
27005,NUVVUV,3,3
27006,XEZNOH,2,2
27007,YADRAZ,3,3
27008,IKIYEH,3,3
27009,ZOYKUT,1,1
27010,MEKBOX,1,1
27011,SACVUQ,2,2
27012,ECUBEM,3,3
27013,VOXRUX,2,2
27014,OJUYEZ,2,2
27015,QAFNUG,2,2
27016,MEXXES,1,1
27017,NIVXUM,1,1
27018,DENKAM,1,1
27019,ULICOH,3,3
27020,DAJQUD,3,3
27021,QOFTOU,1,1
27022,VUFXAX,3,3
27023,FEZQAC,2,2
27024,YUMJEY,1,1
27025,NOKNAE,3,3
27026,NUCMEE,2,2
27027,UBOXOB,2,2
27028,ZINHEM,2,2
27029,REWTOC,2,2
27030,PUZVUE,1,1
27031,SUYZUJ,3,3
27032,XOGQIU,1,1
27033,YIVMID,1,1
27034,KAYZET,1,1
27035,XIXSAY,3,3
27036,ABIRIO,2,2
27037,MOMCEY,3,3
27038,DOBQAN,2,2
27039,KAGPUE,2,2
27040,UGEREF,3,3
27041,KURTEW,2,2
27042,NUMTIA,3,3
27043,EXADAI,1,1
27044,NOGFOG,1,1
27045,TIZXAF,1,1
27046,OCUSIQ,3,3
27047,HEDZOJ,1,1
27048,PELSEE,2,2
27049,YICSEJ,1,1
27050,LAFTOB,1,1
27051,PUFZEW,3,3
27052,AJANEH,1,1
27053,GUNWOB,2,2
27054,BAMXAS,1,1
27055,LUMTAR,1,1
27056,YOQCOX,1,1
27057,OWOZUW,1,1
27058,NIRHOL,3,3
27059,ANIYAA,1,1
27060,NOWWII,1,1
27061,IMTOPD,3,3
27062,YIMJIN,1,1
27063,XUQCIV,3,3
27064,NUSGUF,1,1
27065,HELGEK,3,3
27066,YILGEH,2,2
27067,NAZZOG,3,3
27068,WEWQEY,1,1
27069,VIQYOK,3,3
27070,VIQWAX,1,1
27071,FAXHUI,2,2
27072,PEWZIC,3,3
27073,VIRKOX,1,1
27074,SATWUJ,1,1
27075,LEKRID,3,3
27076,XETNOZ,3,3
27077,TAWLAG,2,2
27078,LERSIM,2,2
27079,RUPHIV,3,3
27080,SOWXIM,3,3
27081,RONKUC,3,3
27082,XOJSOH,1,1
27083,NARYOV,2,2
27084,XUDZAA,1,1
27085,SIMLEH,2,2
27086,BOCWAR,2,2
27087,NIBKUE,2,2
27088,OYUDOE,1,1
27089,YEFKUP,3,3
27090,YAXKIV,1,1
27091,XAXYUQ,2,2
27092,WEXNUJ,3,3
27093,KIKROO,2,2
27094,QOSZEG,1,1
27095,XAHJID,1,1
27096,PUNYEF,1,1
27097,WOWZEQ,1,1
27098,COQKUQ,3,3
27099,AGAYEN,2,2
27100,NIZRAT,1,1
27101,SUBVEQ,1,1
27102,DACKIF,1,1
27103,QEBKAJ,2,2
27104,BOLLEW,3,3
27105,VEVSOG,2,2
27106,IFAYUJ,3,3
27107,ITINOR,1,1
27108,GIKGIQ,2,2
27109,CEZKIB,2,2
27110,EZOMUE,1,1
27111,SECHIS,3,3
27112,RANLUN,3,3
27113,ZIKXOI,2,2
27114,PEDHAI,2,2
27115,HEKFOV,3,3
27116,KEHJOY,2,2
27117,AMIPOC,3,3
27118,OBOSED,2,2
27119,MOSVUL,3,3
27120,FEMTUN,3,3
27121,IVEKAX,3,3
27122,YUFXUT,1,1
27123,ZITXUX,1,1
27124,ONINUW,3,3
27125,IRIYEQ,1,1
27126,VOCHOM,2,2
27127,ZIBZUI,2,2
27128,QAPDUH,3,3
27129,AMIWIE,2,2
27130,NIYSUK,1,1
27131,OXEFED,3,3
27132,JIWHUS,1,1
27133,LALYON,3,3
27134,WOSPAV,2,2
27135,RIVJOV,3,3
27136,ZAGXOX,3,3
27137,BAMWET,3,3
27138,INUWAP,2,2
27139,XUJKOD,2,2
27140,FIMTON,3,3
27141,QEZNEP,2,2
27142,PINQIO,2,2
27143,DIHLOX,1,1
27144,KEDKIN,1,1
27145,SALJUM,2,2
27146,TORVUR,1,1
27147,ABEBAO,1,1
27148,ITIGEX,2,2
27149,QAJBOS,2,2
27150,WOPYUW,2,2
27151,VIPLEO,2,2
27152,YOZZOD,2,2
27153,NIHCIT,2,2
27154,RAFMOD,3,3
27155,ROJMEL,2,2
27156,AMINES,1,1
27157,XAKPII,3,3
27158,IBUKID,1,1
27159,CEWPAV,2,2
27160,ZAFLOH,2,2
27161,PAXPUC,3,3
27162,FUZBAG,1,1
27163,EDIZUO,2,2
27164,PEBKAJ,3,3
27165,HIWJED,3,3
27166,ZAGZUC,3,3
27167,RECHIS,1,1
27168,EKIKEP,1,1
27169,HODPEV,1,1
27170,ZUDWUQ,2,2
27171,NUNWEZ,3,3
27172,SIGXIR,3,3
27173,UQEXAR,3,3
27174,KIQYIW,1,1
27175,ZISTAY,2,2
27176,ALAVIS,3,3
27177,WEWYEG,1,1
27178,ESEWAB,3,3
27179,TUFPIU,3,3
27180,PUHKIM,2,2
27181,MUJGUW,1,1
27182,ZINYIE,2,2
27183,AMETUI,3,3
27184,PAFFUY,3,3
27185,EXOLAE,3,3
27186,CEJMOV,2,2
27187,NUMRES,2,2
27188,BAFHIZ,1,1
27189,XUYXOE,3,3
27190,FEBLAD,1,1
27191,XAGFOD,1,1
27192,VANWUD,2,2
27193,RUSLAT,3,3
27194,XADZAD,1,1
27195,MOBFIS,2,2
27196,MAHLIR,3,3
27197,EKOQIE,2,2
27198,HUJYIW,2,2
27199,FEYKAY,3,3
27200,LILFAP,1,1
27201,PYSINI,3,3
27202,NODKOG,1,1
27203,YAXFUB,3,3
27204,BACGAR,1,1
27205,YUMBEP,3,3
27206,CEVMID,1,1
27207,RAYVAP,3,3
27208,UQAMEF,3,3
27209,NEBVUM,2,2
27210,RADLIV,1,1
27211,ALIPUH,3,3
27212,WUCXOH,3,3
27213,VEGVIN,3,3
27214,FUPGAB,1,1
27215,GIXQUZ,1,1
27216,WUBNUC,1,1
27217,ZOCLEL,3,3
27218,YASKEK,3,3
27219,VUYBEX,3,3
27220,ZOXRIP,3,3
27221,FIFKAH,3,3
27222,ABELOK,3,3
27223,SUYNEH,2,2
27224,NEZFII,1,1
27225,UNOPUK,3,3
27226,CUJXAH,3,3
27227,UBIFUI,3,3
27228,MINYOZ,3,3
27229,SETLUB,3,3
27230,QOWGAM,3,3
27231,ISIBIW,2,2
27232,AKOTAW,3,3
27233,OSOJEN,3,3
27234,INOSAG,3,3
27235,CESREX,1,1
27236,BIBYUJ,3,3
27237,QARYAN,1,1
27238,VEVCIL,2,2
27239,QUBKUU,3,3
27240,PIMTIQ,3,3
27241,GENSOK,3,3
27242,SUCDID,2,2
27243,PUCZIX,2,2
27244,RUQMEY,1,1
27245,KOBCIR,1,1
27246,QINXAM,2,2
27247,KIMGEU,1,1
27248,SEVJUA,2,2
27249,AHAWUB,3,3
27250,PUVJIZ,3,3
27251,KOTVIY,1,1
27252,XAXFUB,1,1
27253,MEMYIN,2,2
27254,AHOBOQ,3,3
27255,VAQYAQ,2,2
27256,GUJMOQ,1,1
27257,WEQCIE,1,1
27258,YAYYEC,1,1
27259,VALCIW,3,3
27260,TIMXIA,1,1
27261,WAJWIN,1,1
27262,SADLIV,3,3
27263,TEYYON,2,2
27264,TAHVEG,3,3
27265,EYICOE,3,3
27266,EQECOT,3,3
27267,CAQYOJ,3,3
27268,MURGOX,3,3
27269,USAYIX,1,1
27270,QUMZIJ,3,3
27271,RASZIW,1,1
27272,SIHLIG,2,2
27273,KOBSON,1,1
27274,JUGPUW,3,3
27275,SIMXUJ,1,1
27276,FUXCEJ,1,1
27277,SODZES,3,3
27278,KONBOE,3,3
27279,VEVQUK,3,3
27280,GANPIV,1,1
27281,MIKQAC,1,1
27282,KOKMEE,2,2
27283,OCEDAE,3,3
27284,BIRXUX,1,1
27285,HESDOB,3,3
27286,KAZYIX,1,1
27287,AQATET,2,2
27288,GEZGIE,3,3
27289,TITGAG,3,3
27290,AVUBID,3,3
27291,VIQQOB,2,2
27292,EMUREM,1,1
27293,CIMMUH,3,3
27294,GAXRIG,1,1
27295,GOKYIO,3,3
27296,BIJVAS,1,1
27297,COXVOB,3,3
27298,IOMEPT,3,3
27299,VIKBAS,2,2
27300,GENTEY,2,2
27301,HUXBUY,1,1
27302,IKEGOX,1,1
27303,JUXNIB,2,2
27304,YOGPOB,3,3
27305,ZEDGIY,2,2
27306,RACGUZ,3,3
27307,POJSIS,1,1
27308,JUQKUD,3,3
27309,PELBEN,3,3
27310,NETVAL,1,1
27311,LUZHUJ,3,3
27312,NONPIQ,3,3
27313,UNOLIT,1,1
27314,QERZIX,2,2
27315,BOYKIL,1,1
27316,FEKRES,3,3
27317,ODUGEB,3,3
27318,ZESHEN,3,3
27319,SEYLEP,3,3
27320,XAHRAZ,2,2
27321,ZIPFOV,3,3
27322,YIVREC,3,3
27323,GAJKOR,2,2
27324,VALJOI,3,3
27325,WERXOH,2,2
27326,RAXBOK,2,2
27327,LOFCEP,3,3
27328,XAVMIU,1,1
27329,UHIXAK,2,2
27330,CEGSUC,2,2
27331,FAWZUZ,3,3
27332,HUHQIL,3,3
27333,HITJUS,3,3
27334,ZUNYIQ,2,2
27335,JERPIJ,1,1
27336,GIPYIN,2,2
27337,RUSLOH,2,2
27338,XEPCAX,1,1
27339,TUYNUW,1,1
27340,QAJKIZ,1,1
27341,CICXAP,3,3
27342,ZIVPUT,1,1
27343,XEPJIM,2,2
27344,VAJKUQ,1,1
27345,BEFGUS,1,1
27346,LILXEK,2,2
27347,PEYNUG,1,1
27348,XEMPAK,1,1
27349,UCOLIH,3,3
27350,DIGCUT,3,3
27351,LOHJOH,2,2
27352,CATDUY,2,2
27353,GUNVIU,1,1
27354,TEHRIH,3,3
27355,FEWLIF,2,2
27356,NIPVEN,2,2
27357,QIWYOO,1,1
27358,LAMTOK,3,3
27359,REFRUQ,2,2
27360,MUFDEX,3,3
27361,HEYZUI,3,3
27362,ICEXAQ,3,3
27363,CAZQOJ,3,3
27364,RANPIF,3,3
27365,DEXCUE,1,1
27366,IPORUD,1,1
27367,WAZJUC,2,2
27368,WEZLOC,3,3
27369,ONAFIT,3,3
27370,FIZBAS,2,2
27371,AJUKAR,2,2
27372,VUTBUJ,2,2
27373,FEGJOR,3,3
27374,GOGCUA,1,1
27375,QATSEL,1,1
27376,SAFDIM,1,1
27377,HEFSER,3,3
27378,FILLUJ,2,2
27379,JAJDUU,1,1
27380,JIPMED,3,3
27381,IKENER,2,2
27382,ZULXOT,3,3
27383,HATNOH,2,2
27384,XAWPAP,2,2
27385,FIMCAH,2,2
27386,EGASEO,1,1
27387,FIQTEH,3,3
27388,WOSPOJ,2,2
27389,KERPIJ,3,3
27390,RIVJAJ,2,2
27391,NEKZOU,3,3
27392,YASNUB,3,3
27393,HAGCEY,2,2
27394,DOXMIP,1,1
27395,XIRKUH,2,2
27396,BOMFAK,1,1
27397,IXOQIY,1,1
27398,UFINOQ,1,1
27399,XISJOY,2,2
27400,OWUJIA,2,2
27401,GUPRUH,1,1
27402,USIQUL,1,1
27403,EXONUB,1,1
27404,OZIHUC,1,1
27405,DIBRUD,2,2
27406,QIXDEG,2,2
27407,XEKSAH,3,3
27408,ICIYEY,3,3
27409,ZIGPOW,3,3
27410,ROKKUX,2,2
27411,EWAQIC,1,1
27412,CETKES,2,2
27413,ZANCUM,3,3
27414,PUTKAT,1,1
27415,FEVQAC,1,1
27416,NEQYIS,3,3
27417,WEPGAB,2,2
27418,WOPRIE,1,1
27419,QUGXAU,1,1
27420,WEJMOQ,2,2
27421,DEXFIX,3,3
27422,MEKCIO,2,2
27423,CAQBUS,1,1
27424,QAFCEG,3,3
27425,ZIQKAO,1,1
27426,PEZNIS,2,2
27427,BOHLUI,3,3
27428,RONHIO,2,2
27429,OLEWEJ,2,2
27430,KIBMAL,2,2
27431,BENQOC,2,2
27432,RAHSIE,3,3
27433,CIGCIH,3,3
27434,WEJXUG,3,3
27435,WATXIA,2,2
27436,RODJOL,2,2
27437,UHEGOD,2,2
27438,AMACEZ,1,1
27439,ZAYBUA,1,1
27440,GAJRAL,3,3
27441,CADGOG,3,3
27442,TIWBOR,3,3
27443,COHGEO,3,3
27444,CUMZUF,2,2
27445,ELOTII,3,3
27446,BAWMAO,3,3
27447,ZOKFAK,1,1
27448,WUVSUD,3,3
27449,DEDFOJ,2,2
27450,OGOBIV,2,2
27451,DESRUP,2,2
27452,VEDSED,1,1
27453,ILAYIG,1,1
27454,BUPKON,1,1
27455,RIPGOM,2,2
27456,RORQAT,3,3
27457,DEHNAH,2,2
27458,UFOTAL,2,2
27459,XILQAM,2,2
27460,LIMKAU,1,1
27461,COBKOW,3,3
27462,LAXCIX,2,2
27463,PILYIT,3,3
27464,YOZCOF,1,1
27465,MERGUL,2,2
27466,SOPWAW,2,2
27467,XIHCAW,1,1
27468,MEKFUE,3,3
27469,RUCXUL,1,1
27470,KISCUK,2,2
27471,NUPXEB,3,3
27472,SOTLIX,1,1
27473,HUSSUL,3,3
27474,KAYBOB,1,1
27475,TEJZEP,2,2
27476,HUZVIJ,2,2
27477,RISRIX,3,3
27478,UBOWEN,2,2
27479,TEBRUP,2,2
27480,HITVEO,2,2
27481,JOZQAQ,3,3
27482,QAFSAS,3,3
27483,TEXVUP,2,2
27484,ODINIZ,2,2
27485,QASCAQ,1,1
27486,QOCZAJ,3,3
27487,XEWCAF,3,3
27488,HAJQEO,3,3
27489,UQOSAX,1,1
27490,WOFWOE,2,2
27491,NAPYOS,2,2
27492,ZEFHAX,1,1
27493,MAXCIX,3,3
27494,KOLZIU,1,1
27495,JATYEI,2,2
27496,VIFNIJ,3,3
27497,XAMMON,2,2
27498,OHIKOG,3,3
27499,REMFIY,1,1
27500,FAZTEG,2,2
27501,ZABNEZ,1,1
27502,ZIQBIM,3,3
27503,GEBLOO,2,2
27504,ARIVEE,3,3
27505,OLUXIC,3,3
27506,MOZZOT,1,1
27507,SIPPOW,3,3
27508,OJOLEF,3,3
27509,KACSUC,2,2
27510,BADGOG,1,1
27511,RUHLIS,1,1
27512,SIMDIB,2,2
27513,RIZRIC,3,3
27514,BOWKII,2,2
27515,TECZEK,1,1
27516,DOQTEJ,3,3
27517,GOCQUL,3,3
27518,ANISUO,1,1
27519,KAJQOC,2,2
27520,ACUXAX,2,2
27521,LAGHAG,1,1
27522,XOZZAO,2,2
27523,IJAPIT,1,1
27524,IVITAK,2,2
27525,RUDTAM,3,3
27526,UPIKOU,3,3
27527,NEXKUX,3,3
27528,HOLTOU,2,2
27529,BIZGIA,2,2
27530,VIYBEL,2,2
27531,WOCDUN,1,1
27532,AJAFIB,3,3
27533,NORPOC,1,1
27534,HUFQII,2,2
27535,ROPWAW,1,1
27536,RUDCAW,3,3
27537,XIWXOT,3,3
27538,GILNOF,1,1
27539,FEDHIJ,1,1
27540,JADVIW,3,3
27541,KALLEP,3,3
27542,VISYON,2,2
27543,TIYLAS,1,1
27544,HILHUG,2,2
27545,EMOVIN,3,3
27546,NUTXOR,3,3
27547,XIGWUG,3,3
27548,AWACUY,3,3
27549,BIZBAN,1,1
27550,MEVKIK,3,3
27551,HUCBEO,3,3
27552,IKIDEN,2,2
27553,ECOLEQ,3,3
27554,EYICUK,2,2
27555,VIXSOL,3,3
27556,QOHWEQ,2,2
27557,EKURUZ,3,3
27558,XAHYEN,3,3
27559,FIRJEV,3,3
27560,GIZPIQ,2,2
27561,CAYMUO,1,1
27562,PESLEI,1,1
27563,FUJHIB,2,2
27564,ROLPUF,3,3
27565,XUFHIQ,3,3
27566,IQUDEE,3,3
27567,FUPRAM,1,1
27568,YUFZUV,2,2
27569,VAFDIP,2,2
27570,ANAWEU,1,1
27571,HUHDEW,1,1
27572,WOGFEE,3,3
27573,FIQSUT,3,3
27574,DOFWIG,2,2
27575,QAGBIL,2,2
27576,SIBLOF,3,3
27577,OKUXOK,1,1
27578,KIMLOJ,2,2
27579,QAYDOJ,3,3
27580,PEBNEQ,2,2
27581,RUJCUW,3,3
27582,ADUHAL,3,3
27583,BEVJUL,1,1
27584,LIZQAN,3,3
27585,LIFFEN,3,3
27586,HITJAV,1,1
27587,RECXUV,1,1
27588,KAYPEH,2,2
27589,FADNEG,3,3
27590,DIYBAQ,2,2
27591,BUHROM,1,1
27592,ROKGUU,3,3
27593,SIMXOD,2,2
27594,KUCWUB,3,3
27595,WOBGAV,3,3
27596,WAHMAW,1,1
27597,ILOBIU,3,3
27598,HUJBET,3,3
27599,QAPTIM,3,3
27600,HECYEU,2,2
27601,VAYXAU,2,2
27602,KECGEI,1,1
27603,KUYHAP,3,3
27604,MUYSII,3,3
27605,BODDON,3,3
27606,FOVFEE,1,1
27607,XEBVIK,2,2
27608,JAKWEY,3,3
27609,MAYKON,1,1
27610,EVAHIS,1,1
27611,DOWPUB,1,1
27612,NILDIV,2,2
27613,XODPEL,3,3
27614,IZIDIE,3,3
27615,HENRIB,3,3
27616,FEJSIX,2,2
27617,AHOPIX,3,3
27618,AFEZIY,1,1
27619,FAYMAW,2,2
27620,PELNEC,2,2
27621,TIXTAY,1,1
27622,PAYTIV,3,3
27623,BELLOW,3,3
27624,MALBAE,2,2
27625,CICMOT,1,1
27626,SIQXIA,2,2
27627,VONXON,1,1
27628,JAYPEH,3,3
27629,FIWPUW,2,2
27630,YOCNOU,3,3
27631,HEFQIS,3,3
27632,VOJMIR,2,2
27633,DUGVUX,2,2
27634,ZETDEJ,2,2
27635,BIBYOD,3,3
27636,IHOVOR,1,1
27637,LARSEF,1,1
27638,TABXOJ,2,2
27639,ZUBZAX,3,3
27640,SASVEN,2,2
27641,TURSUX,1,1
27642,ROBGUN,1,1
27643,PEDZEH,1,1
27644,FOSYIY,1,1
27645,BARPCZ,3,3
27646,IPAKOZ,2,2
27647,JEMPEA,1,1
27648,DAFXIT,1,1
27649,ETUDUT,3,3
27650,LUZXEL,3,3
27651,OPEKOL,3,3
27652,VOMSAT,3,3
27653,OCUGAU,1,1
27654,KAMSAT,3,3
27655,OTUPEB,1,1
27656,KULHEF,1,1
27657,CECXOB,1,1
27658,XUHMUI,3,3
27659,CUSBOJ,1,1
27660,TIGXOW,1,1
27661,GEGXEX,2,2
27662,HITTIN,3,3
27663,IKISEC,3,3
27664,YIKCIF,2,2
27665,WUPKUP,1,1
27666,UFEDOZ,3,3
27667,JAQTAW,1,1
27668,KUBFIX,3,3
27669,GURZOJ,1,1
27670,ORAJEY,2,2
27671,PUMXIH,1,1
27672,MIJNID,2,2
27673,KEVPAE,3,3
27674,AMIBIJ,2,2
27675,XIXPIG,1,1
27676,QUZPAF,1,1
27677,FETKEY,1,1
27678,EJUKAX,3,3
27679,DEBGAW,1,1
27680,KETMUT,2,2
27681,SABDAB,2,2
27682,GECVUI,3,3
27683,DOMQIH,2,2
27684,BUZBOQ,1,1
27685,DOHNET,3,3
27686,MOJBUJ,2,2
27687,VALDUH,3,3
27688,TERHUU,1,1
27689,CAPVAQ,3,3
27690,XUGREZ,1,1
27691,SIRSES,1,1
27692,MANJOB,1,1
27693,MIFVAZ,2,2
27694,GEJZAZ,1,1
27695,GEVMEZ,3,3
27696,ACITEO,3,3
27697,OVAPOR,3,3
27698,NEZCOM,3,3
27699,ASABIH,3,3
27700,LOMWOB,1,1
27701,XUYXUK,3,3
27702,LICPAP,3,3
27703,LEKJUH,2,2
27704,UYABUU,1,1
27705,KOKVIQ,3,3
27706,NEKFIS,3,3
27707,DAQPAM,2,2
27708,ZAFGEW,1,1
27709,YATBUQ,1,1
27710,DALJIK,3,3
27711,WOKWEY,2,2
27712,AQAXIZ,2,2
27713,POCVAG,3,3
27714,BUQDOI,3,3
27715,KUVPUM,2,2
27716,DIWYUF,3,3
27717,JEFXIB,2,2
27718,RAZFAA,2,2
27719,UHUZIG,3,3
27720,LINYUC,1,1
27721,ADIHEA,3,3
27722,ZOMWIJ,3,3
27723,IWOPIW,1,1
27724,IJOREG,3,3
27725,ACUTAU,2,2
27726,XEFVUA,3,3
27727,IXUPAV,1,1
27728,GUCXOR,2,2
27729,BUCSID,2,2
27730,TIZKOD,2,2
27731,MODYAJ,1,1
27732,NIYTIC,1,1
27733,ZOCWIX,3,3
27734,JABGAV,2,2
27735,ATUMIN,1,1
27736,YIPZAC,1,1
27737,OJEREC,3,3
27738,ZOMYEF,1,1
27739,ZOTXEO,2,2
27740,HUFDER,2,2
27741,DEDDAT,3,3
27742,TULRUO,2,2
27743,HAGHAZ,2,2
27744,IFAYOD,3,3
27745,COTROQ,2,2
27746,WEHGOH,2,2
27747,SASJUR,2,2
27748,VEZBUB,1,1
27749,PIQQIP,3,3
27750,RIFPAX,1,1
27751,KIZTAO,1,1
27752,EDALUQ,1,1
27753,TIXMOG,1,1
27754,GEVCIV,3,3
27755,HIZCIF,3,3
27756,JOQRIQ,2,2
27757,VUCZOJ,3,3
27758,HELQUK,2,2
27759,PEWNAG,3,3
27760,JESZUG,1,1
27761,ONIYOC,1,1
27762,YOBXUI,1,1
27763,EFUWIL,3,3
27764,JOCKAO,3,3
27765,FEGSUI,2,2
27766,NUZXOW,2,2
27767,DUJQOO,2,2
27768,KEWDAU,2,2
27769,WEJHEA,3,3
27770,ESUXUM,1,1
27771,MAGSAP,3,3
27772,WOMTEZ,2,2
27773,LISHOK,2,2
27774,XOPDAJ,2,2
27775,QUZKUT,2,2
27776,PIHNAV,3,3
27777,YATPIV,2,2
27778,JIRPEG,2,2
27779,UVEXIF,1,1
27780,RUNJOC,1,1
27781,QUTGOE,1,1
27782,XUSSUA,3,3
27783,YADZUA,3,3
27784,ADAKID,1,1
27785,XEQRES,3,3
27786,HUQLAH,2,2
27787,IVUFAG,3,3
27788,UZEFUB,2,2
27789,YEKQAJ,2,2
27790,KITJEF,1,1
27791,NOYVUU,3,3
27792,ABOBIE,3,3
27793,ONOJEH,3,3
27794,FONZAJ,2,2
27795,EZIBUK,3,3
27796,ZAFNAV,2,2
27797,FOWBOJ,3,3
27798,LIHCUB,1,1
27799,XERWEZ,3,3
27800,KAVTOU,1,1
27801,DIDSUE,2,2
27802,DIPBOV,1,1
27803,NEBHIP,1,1
27804,BIYRUZ,3,3
27805,HEDWES,3,3
27806,BUCDEJ,2,2
27807,ZUDLUF,3,3
27808,EDABUI,3,3
27809,JIWVIY,1,1
27810,FANYUQ,3,3
27811,NINBEV,1,1
27812,KUTXUV,1,1
27813,XIWXUZ,3,3
27814,CEGQUA,1,1
27815,ZITFIR,2,2
27816,RELYAI,2,2
27817,WOSLEX,3,3
27818,REPNEI,2,2
27819,OYOCIP,2,2
27820,FIWBES,3,3
27821,RERFIF,3,3
27822,FEQCEK,1,1
27823,TOQZIK,3,3
27824,EQOCEV,1,1
27825,UNONIV,3,3
27826,HUCROP,1,1
27827,RISYAX,1,1
27828,BIBPIM,3,3
27829,VULGIV,1,1
27830,DEXJEV,3,3
27831,KOWXOL,3,3
27832,VOLNER,3,3
27833,ROGMOP,2,2
27834,DUGSEF,3,3
27835,UHAGIW,1,1
27836,YAMXOA,3,3
27837,QIFWAF,3,3
27838,KIGWIK,1,1
27839,ZUQGAV,3,3
27840,ELETOH,1,1
27841,LIHQIE,3,3
27842,RIDVOP,3,3
27843,TUKNIY,3,3
27844,TIYWOO,2,2
27845,LODGEQ,3,3
27846,WOMSOH,1,1
27847,MELFOB,1,1
27848,CABVIM,3,3
27849,VODDOI,2,2
27850,QAYDAV,3,3
27851,MOQPAJ,3,3
27852,CAZMEX,3,3
27853,RIKLAA,1,1
27854,YOSVOR,3,3
27855,YUSSUA,2,2
27856,EZACOA,1,1
27857,LAQQOJ,2,2
27858,TOMZON,3,3
27859,KEPQUV,1,1
27860,UQUKIB,3,3
27861,FETNUP,2,2
27862,VALJUP,3,3
27863,YOFHAC,3,3
27864,ARONIE,2,2
27865,TAWXEW,3,3
27866,LIQNAC,3,3
27867,DUDQAV,1,1
27868,MURBEH,3,3
27869,QAHQAT,3,3
27870,WAVBAX,3,3
27871,VIQCEH,1,1
27872,XATYOH,2,2
27873,RUZNOQ,1,1
27874,DORXUG,1,1
27875,PIYREU,2,2
27876,COHBAC,2,2
27877,NEQRAD,2,2
27878,VUPWIO,2,2
27879,XEFSEH,2,2
27880,FOLKAS,3,3
27881,KINWIP,3,3
27882,GIYLIM,3,3
27883,CERSID,2,2
27884,DUHWAG,1,1
27885,YAMQEK,2,2
27886,QEFBAG,3,3
27887,KEGBIJ,1,1
27888,PAXPAF,2,2
27889,KIHQUN,3,3
27890,IPTBNI,3,3
27891,GAWXUX,2,2
27892,IZAGEW,3,3
27893,PEVTAO,1,1
27894,EBUJIU,1,1
27895,CAZQUS,2,2
27896,KALGOX,1,1
27897,RATVIS,3,3
27898,NICWAY,3,3
27899,EDOGIQ,1,1
27900,VUCZAV,2,2
27901,YEDKOL,1,1
27902,VIQMIS,3,3
27903,SUTPED,3,3
27904,BUNQAE,3,3
27905,JILCUC,2,2
27906,QEQZOB,3,3
27907,CEZBUE,3,3
27908,LUNKIP,2,2
27909,WISBAE,2,2
27910,FIJQEW,2,2
27911,DAHXER,3,3
27912,MUYTAD,3,3
27913,GAWZOT,1,1
27914,COJJOD,3,3
27915,VULNAT,3,3
27916,GIFGAE,3,3
27917,QICJUI,1,1
27918,NELQEC,3,3
27919,CETYAE,1,1
27920,SOTNIZ,3,3
27921,EZOSIX,3,3
27922,YEPMUE,2,2
27923,KURNOC,2,2
27924,ZAGVUY,2,2
27925,GIPKOG,1,1
27926,UHOBUO,2,2
27927,KUHSAJ,2,2
27928,WUPGOD,3,3
27929,ESIJAS,1,1
27930,KERWUB,1,1
27931,LIRLED,2,2
27932,YOCGIK,1,1
27933,WECHIY,3,3
27934,HAKNOW,1,1
27935,MIDPOE,3,3
27936,HUBSUV,1,1
27937,CEMQIY,1,1
27938,REKGIX,1,1
27939,DANBIG,3,3
27940,IHEHUY,1,1
27941,JECNAH,1,1
27942,SOXVAD,3,3
27943,QEPGEX,3,3
27944,VIDTAD,1,1
27945,SOBRAD,3,3
27946,DUHGES,1,1
27947,TEHYAH,2,2
27948,XAFKUO,1,1
27949,ODUREM,2,2
27950,NACHOP,1,1
27951,VAXYUO,2,2
27952,PRZBAG,3,3
27953,KUJREP,1,1
27954,PUWWUZ,1,1
27955,UHEKAU,3,3
27956,HEYDEW,2,2
27957,XAGDAM,3,3
27958,FEGVEW,1,1
27959,LITQOW,2,2
27960,RATQOU,3,3
27961,YOCPIQ,3,3
27962,WURFIA,2,2
27963,KILTUY,1,1
27964,CIXJAU,2,2
27965,JOMLIG,3,3
27966,HECYIA,2,2
27967,FAWZOT,3,3
27968,ALPHNI,3,3
27969,TEGVUX,2,2
27970,OJAPOF,2,2
27971,PUNTOH,3,3
27972,JEGLEQ,1,1
27973,YAMMUW,3,3
27974,KACMEJ,1,1
27975,RIRCOL,2,2
27976,OBULED,2,2
27977,HOLVOW,3,3
27978,VOYPIK,1,1
27979,DOXQAJ,3,3
27980,EDAYAL,3,3
27981,WEPRAM,1,1
27982,TOJJIL,3,3
27983,NOKJAA,3,3
27984,SABTIB,3,3
27985,CASTIB,3,3
27986,OCUGOI,3,3
27987,SUCFEE,1,1
27988,KAKYEA,3,3
27989,GOJQON,3,3
27990,HUTTIZ,3,3
27991,ELESIY,3,3
27992,RAQYAL,3,3
27993,TIGXAK,3,3
27994,PIHLUQ,3,3
27995,CORHOG,1,1
27996,TEMHAX,3,3
27997,JOGPEC,3,3
27998,COQMON,3,3
27999,WIWWEF,1,1
28000,RUFWEU,2,2
28001,TENTOX,2,2
28002,NIMWAK,3,3
28003,JALWID,1,1
28004,HOWXEW,3,3
28005,AHOLUG,2,2
28006,KEYSOA,1,1
28007,BOHREW,3,3
28008,WIWKUL,1,1
28009,IBAJAX,2,2
28010,MIBTIA,1,1
28011,PIWLOA,1,1
28012,EYAYUY,3,3
28013,TARWOA,3,3
28014,TOJJIM,3,3
28015,PEXSER,3,3
28016,QAYJOS,2,2
28017,QITWEX,3,3
28018,FIWLII,3,3
28019,SODXIS,3,3
28020,ATUZEV,3,3
28021,WULNAU,3,3
28022,IYECIB,1,1
28023,JAZROR,2,2
28024,SOQHIQ,2,2
28025,GEMZON,2,2
28026,LOLSEL,1,1
28027,MIDNET,2,2
28028,LANQUM,1,1
28029,QIFGES,1,1
28030,PORMAK,1,1
28031,HODLAN,3,3
28032,ZUJGES,1,1
28033,SALDNI,3,3
28034,XOCGIJ,1,1
28035,XIKHUU,3,3
28036,VIBYOU,2,2
28037,GIGSAT,1,1
28038,MIRLEE,3,3
28039,TUXDEX,1,1
28040,XOSCUE,3,3
28041,KOLXIV,3,3
28042,NIPMIL,3,3
28043,WENDAV,1,1
28044,KILHES,1,1
28045,GELLUE,3,3
28046,KOHTAC,1,1
28047,CEXDUG,3,3
28048,PAFXIE,3,3
28049,WISYUV,3,3
28050,EZIYAO,3,3
28051,SOWRED,2,2
28052,QAVNIM,3,3
28053,BUTYUL,1,1
28054,RODXIS,3,3
28055,TAWHAB,2,2
28056,DUFWAC,1,1
28057,JOPFEC,3,3
28058,PITWEX,3,3
28059,GERHIX,1,1
28060,TUTLIE,1,1
28061,CETYAD,3,3
28062,GEZLOO,2,2
28063,MUGKIJ,3,3
28064,IPIVIN,3,3
28065,GOJSUT,3,3
28066,FIJFEL,3,3
28067,HOWVIZ,3,3
28068,PIDHOZ,3,3
28069,MUZHOE,3,3
28070,IBECUP,2,2
28071,FESBAG,3,3
28072,CIRVOO,3,3
28073,IDOSEZ,2,2
28074,SUHGAE,3,3
28075,JULMUY,1,1
28076,VUCTOD,3,3
28077,KAJMEP,3,3
28078,UGEQAZ,2,2
28079,TAHZEK,1,1
28080,OLOPEL,3,3
28081,QEGVAA,2,2
28082,QUPBOS,1,1
28083,RATQOT,2,2
28084,UGEXIO,3,3
28085,FEXSAE,1,1
28086,COXMOT,2,2
28087,EPUKIK,3,3
28088,QAPZIT,1,1
28089,UHEKAT,1,1
28090,VEZLUL,1,1
28091,HAKYOL,1,1
28092,PUNVUR,3,3
28093,FAPSEV,2,2
28094,GUHYEN,1,1
28095,DAGPUZ,2,2
28096,NACFAB,3,3
28097,KEVYER,3,3
28098,QUZYEQ,3,3
28099,IGUHAV,3,3
28100,RIDCUG,1,1
28101,OPIDIB,1,1
28102,FEMZON,3,3
28103,LIXYAT,2,2
28104,EKADEZ,1,1
28105,ZOLZIN,1,1
28106,HOVGUW,3,3
28107,BAVWUT,3,3
28108,QEWLUA,3,3
28109,TAMRIM,1,1
28110,JOHMOJ,1,1
28111,HICRAN,3,3
28112,JAVVUX,3,3
28113,GACYIV,1,1
28114,CEBKEA,3,3
28115,ORUGAK,3,3
28116,WOFRIW,1,1
28117,VAGPEB,2,2
28118,LEPXAI,3,3
28119,PUTGOD,1,1
28120,FUBRIG,1,1
28121,ROJFAY,2,2
28122,OKAPUL,1,1
28123,EKEQAN,2,2
28124,MESMEC,1,1
28125,FEHLIO,2,2
28126,RALDOZ,1,1
28127,COCDAZ,2,2
28128,MECKAH,1,1
28129,WUVJAB,1,1
28130,VIVTEZ,2,2
28131,BAMGUS,2,2
28132,LIHQID,2,2
28133,FOPWUC,2,2
28134,OFUFIE,3,3
28135,FAMYID,3,3
28136,GAMKUC,3,3
28137,YIMKUA,3,3
28138,VOJMEP,3,3
28139,HEFQEQ,2,2
28140,PAXPAG,2,2
28141,QOZBUE,1,1
28142,EHEYEX,2,2
28143,FERXOS,3,3
28144,SANBOY,3,3
28145,WUXMEI,1,1
28146,HORWOA,1,1
28147,COLYIM,3,3
28148,VOGFIG,3,3
28149,XECRAZ,3,3
28150,WODFUS,3,3
28151,VIDSEK,1,1
28152,ODAJUB,2,2
28153,JIGWIJ,1,1
28154,SEZBOP,2,2
28155,TUQCAM,1,1
28156,BUTNUA,2,2
28157,IROHON,3,3
28158,KUPFAE,3,3
28159,GOSGOK,3,3
28160,AROGAQ,2,2
28161,OSEJOM,3,3
28162,QONFUW,3,3
28163,NARDAM,1,1
28164,ROFPEK,1,1
28165,ESITIJ,1,1
28166,TOPKUG,3,3
28167,IDEHOO,2,2
28168,CAQRIW,3,3
28169,GUXVIG,3,3
28170,OWIQAN,3,3
28171,NASKUO,3,3
28172,AFEJAX,3,3
28173,SIGDOB,3,3
28174,LIYJEJ,2,2
28175,ACAWIK,1,1
28176,DIQCUF,1,1
28177,REHKAR,2,2
28178,QEWGEG,3,3
28179,VEFGAP,1,1
28180,MIBQUK,3,3
28181,SABQUI,2,2
28182,JIBVOF,3,3
28183,QINZOE,2,2
28184,ONOJEI,2,2
28185,AVOZOC,3,3
28186,GETNUQ,3,3
28187,ICEZAR,1,1
28188,LECROA,2,2
28189,YOKDIL,3,3
28190,EKEVEW,2,2
28191,CAKVIW,3,3
28192,REXZEC,3,3
28193,NICNOF,3,3
28194,NEFDAD,1,1
28195,IGAKEJ,2,2
28196,NUKDIJ,1,1
28197,BOHKIW,1,1
28198,QOTBUW,1,1
28199,CAPHEK,1,1
28200,ZUSVAN,1,1
28201,LUGREK,3,3
28202,PONDOL,1,1
28203,OYAZEU,2,2
28204,FUQQOZ,2,2
28205,ANAWIW,1,1
28206,WODTIT,3,3
28207,MOQKUY,2,2
28208,HEKHUA,1,1
28209,TAFJAM,2,2
28210,REPYER,3,3
28211,FOJFOB,2,2
28212,MENYAI,2,2
28213,KETQIJ,2,2
28214,WOLPOC,1,1
28215,WIZYUZ,1,1
28216,FEHBEC,3,3
28217,GAJGAB,1,1
28218,XARZOJ,1,1
28219,EQIPAW,3,3
28220,UWIWUT,3,3
28221,EPAVEX,3,3
28222,EXUSAS,2,2
28223,HADZOC,3,3
28224,YOKZAC,2,2
28225,XIZFAR,1,1
28226,OZALIL,3,3
28227,ROBBEQ,2,2
28228,VEWRAR,3,3
28229,GITNOQ,1,1
28230,SUCVAP,2,2
28231,DULPUV,2,2
28232,OHEHEP,3,3
28233,OFOBEQ,2,2
28234,JURBUV,2,2
28235,SASJUS,2,2
28236,TEWREU,3,3
28237,BENHUY,2,2
28238,MILMIF,1,1
28239,AJILUB,3,3
28240,MOWTIE,1,1
28241,HUYVAZ,3,3
28242,VEXHAH,1,1
28243,LUTHAK,3,3
28244,LURLEQ,1,1
28245,SAFMUK,3,3
28246,KIKHIY,3,3
28247,HESHAR,1,1
28248,WIQMEQ,2,2
28249,QORCAD,2,2
28250,ZACJUM,1,1
28251,TASZOD,1,1
28252,WUCXUP,3,3
28253,IDAMAD,3,3
28254,FEXDOC,3,3
28255,MAJFEI,2,2
28256,BIVCEP,3,3
28257,VUDMOX,1,1
28258,JOHMAV,3,3
28259,EBOYEZ,1,1
28260,PODZUG,2,2
28261,AYAGEM,2,2
28262,TUPYAE,2,2
28263,XAGTIL,2,2
28264,ZIXGAO,2,2
28265,QIRMEN,1,1
28266,MASLUQ,3,3
28267,MUFHEC,1,1
28268,IXEHOL,1,1
28269,UXICUB,3,3
28270,DENZUU,2,2
28271,KUPDUU,2,2
28272,CERDEK,2,2
28273,JODBIR,1,1
28274,ISUYAX,3,3
28275,DUFNAV,3,3
28276,MIDNIW,3,3
28277,YILQUI,1,1
28278,BIQTEC,1,1
28279,QOCVAF,3,3
28280,XAWGUY,3,3
28281,NIWFUW,2,2
28282,WANNAB,3,3
28283,VACBIL,2,2
28284,EQEFIQ,3,3
28285,VAYQIV,3,3
28286,BAPMUB,3,3
28287,IHOCUE,2,2
28288,OMEGOF,1,1
28289,SUKWUQ,2,2
28290,GIRMAY,3,3
28291,QARLAW,1,1
28292,HIKDUB,3,3
28293,MUTHAK,3,3
28294,MUMGOQ,2,2
28295,BESYOQ,3,3
28296,OJOWEP,2,2
28297,WUDMOX,2,2
28298,MOHVIO,3,3
28299,POGSAF,3,3
28300,FEVTIM,3,3
28301,WENDOJ,1,1
28302,XIXPIF,2,2
28303,EJOVOP,2,2
28304,NUBMOO,2,2
28305,ADERUZ,2,2
28306,IHIRIA,2,2
28307,EQODOE,2,2
28308,IKISEB,3,3
28309,EKEVIC,1,1
28310,UDIXOX,2,2
28311,COGVOK,2,2
28312,OFIVEH,3,3
28313,NECRIY,3,3
28314,LEMRAX,2,2
28315,ZEZDEN,3,3
28316,MIFHIT,2,2
28317,UJUPOH,1,1
28318,GEQZEH,2,2
28319,KARVEF,1,1
28320,RECDEK,3,3
28321,QIWWUO,1,1
28322,KEGLIS,3,3
28323,BEMHIM,3,3
28324,NUDLUW,1,1
28325,ECOPUL,1,1
28326,OJIMIE,1,1
28327,LUTDUC,1,1
28328,IYEZIW,2,2
28329,TOXSOO,3,3
28330,UCITIJ,3,3
28331,ZIMPET,3,3
28332,LIYTAQ,3,3
28333,MABLOR,1,1
28334,RAWXUI,3,3
28335,RAZHOS,2,2
28336,SILNUY,2,2
28337,VEGCIW,3,3
28338,VUSBAP,1,1
28339,DOXQOW,1,1
28340,DAKTAL,1,1
28341,DIWYUG,3,3
28342,RADNIU,1,1
28343,QITNEM,3,3
28344,XAMFID,2,2
28345,SOCFOI,3,3
28346,CITBAJ,3,3
28347,ZUXYEW,1,1
28348,MAFNIT,2,2
28349,FINCIO,2,2
28350,LOGLEA,2,2
28351,IDUGOE,3,3
28352,RIMFEB,3,3
28353,ASIHAM,2,2
28354,FISYAI,3,3
28355,SIDQEC,3,3
28356,JUYVII,2,2
28357,DEGZUN,3,3
28358,EBUZAC,1,1
28359,JEWDAT,2,2
28360,MANJOC,1,1
28361,COFKEQ,3,3
28362,DUYBOO,3,3
28363,AJUWEJ,3,3
28364,WAPXAO,3,3
28365,KIFTEC,1,1
28366,SEJZOW,3,3
28367,RAYXUL,3,3
28368,HERGUG,2,2
28369,XAVVIC,3,3
28370,PAHQOI,1,1
28371,MOJYAN,3,3
28372,QONTES,2,2
28373,GUNDAV,3,3
28374,LILHUL,2,2
28375,ARELAL,3,3
28376,AGOCAB,3,3
28377,VALHAV,1,1
28378,HESQOL,2,2
28379,ZUFQOJ,1,1
28380,FOVFED,1,1
28381,LUNBOO,1,1
28382,YUMYIR,1,1
28383,ZEZTAZ,3,3
28384,PACPIW,1,1
28385,BEBYUE,3,3
28386,OPUHUD,3,3
28387,IDATOZ,3,3
28388,OTIWEW,1,1
28389,VIKPIP,3,3
28390,RUYPUW,3,3
28391,SEWPAM,1,1
28392,NOBSAY,2,2
28393,EPULAF,1,1
28394,TULYEH,1,1
28395,CIDZOF,3,3
28396,MAJZUU,3,3
28397,DUVHEJ,3,3
28398,PAPMEZ,3,3
28399,IJEWEC,1,1
28400,NIVGOQ,3,3
28401,JATLID,1,1
28402,POZPEA,2,2
28403,WUCSEV,1,1
28404,SOQTUN,2,2
28405,VINSUG,2,2
28406,YUBJOV,3,3
28407,WUQHUL,2,2
28408,OHOCIY,3,3
28409,XAJHEV,3,3
28410,IREDIU,3,3
28411,EHONUN,1,1
28412,ROBPUU,2,2
28413,PATCUK,3,3
28414,SAFFEM,2,2
28415,WIXCIQ,2,2
28416,GADNEF,2,2
28417,ULOJOV,3,3
28418,ONAJIX,2,2
28419,WAQRIP,2,2
28420,QEBWIF,3,3
28421,FAWDIQ,1,1
28422,MOYJAO,1,1
28423,XEXWUW,1,1
28424,FOCHOV,3,3
28425,NANDIT,1,1
28426,HOBQEV,2,2
28427,EVURAO,2,2
28428,NIBMAP,3,3
28429,NOPSEQ,3,3
28430,FIRJEW,3,3
28431,SIZGEN,2,2
28432,PEYWOJ,1,1
28433,YOMNOF,2,2
28434,USUXOX,2,2
28435,JECGEH,1,1
28436,WAWCUT,3,3
28437,UTELEN,1,1
28438,YUDYII,1,1
28439,DEQSEY,3,3
28440,LAYRAF,2,2
28441,ALOJAM,1,1
28442,ELUNUU,1,1
28443,FIGMEO,1,1
28444,OGUXUJ,2,2
28445,CAQRET,2,2
28446,HEYDIB,2,2
28447,XEHCOD,3,3
28448,OXEXUL,3,3
28449,UZEZIK,1,1
28450,FAPSIB,2,2
28451,ROKGUT,3,3
28452,LEPVAF,3,3
28453,VOHLOV,2,2
28454,EQOTIN,3,3
28455,ZOSHAS,2,2
28456,EWOSEQ,3,3
28457,DIYBAP,3,3
28458,GUKKII,3,3
28459,WABXEG,1,1
28460,TUCSOZ,3,3
28461,QEMDOB,3,3
28462,PUSNID,1,1
28463,TELBER,3,3
28464,VACGUF,1,1
28465,ETORIR,1,1
28466,TESGAA,2,2
28467,RUDVOE,1,1
28468,KEHFAI,1,1
28469,NALPUP,1,1
28470,PEDJAJ,2,2
28471,GEKBUT,1,1
28472,HAKBUU,1,1
28473,LULDOL,2,2
28474,KAFLOS,1,1
28475,KUDKEA,3,3
28476,NACSUH,2,2
28477,PERFOH,3,3
28478,TEFNOJ,3,3
28479,IXOCAZ,2,2
28480,AWOQIM,2,2
28481,WATMEL,1,1
28482,RAKMIZ,2,2
28483,DIXZUH,1,1
28484,QARRIO,1,1
28485,MIBQOE,3,3
28486,AQIWIG,3,3
28487,QINZUK,2,2
28488,UGAQEA,2,2
28489,UKAMOJ,1,1
28490,PIJSAC,2,2
28491,IZIMUC,1,1
28492,AQEFIL,3,3
28493,SUJCAD,3,3
28494,KIMGIW,3,3
28495,SOGVAM,3,3
28496,NIRGEA,2,2
28497,SIYYEG,3,3
28498,HUBTIH,2,2
28499,DAJKEH,3,3
28500,CIMQIA,2,2
28501,TIRSOC,1,1
28502,ALBTCI,2,2
28503,LIDROF,2,2
28504,TUXFEZ,2,2
28505,LEFQIX,2,2
28506,MOCLOF,2,2
28507,LEKMEU,3,3
28508,QUBRUA,2,2
28509,PIJJOJ,1,1
28510,WICHIA,3,3
28511,NANXOR,1,1
28512,ICEHED,1,1
28513,BOBLIP,2,2
28514,HIZJUW,3,3
28515,JISCUJ,2,2
28516,SUMTAW,3,3
28517,PUCFUQ,2,2
28518,BOFYOL,2,2
28519,FOMZEN,2,2
28520,KACXES,2,2
28521,RIKYAO,3,3
28522,NOTMEQ,2,2
28523,NITJIN,1,1
28524,QAMYUB,3,3
28525,ADALUM,1,1
28526,NUCKEB,2,2
28527,DUVTAS,1,1
28528,AHIXOF,1,1
28529,ROFLON,2,2
28530,TURMID,1,1
28531,YOZDIA,1,1
28532,YEDYIS,2,2
28533,PUFKEJ,1,1
28534,PUTPUP,3,3
28535,AKUNEZ,1,1
28536,ULIGUT,3,3
28537,BUPKOO,3,3
28538,NIHSAB,2,2
28539,DAMRIW,1,1
28540,SAQBOF,1,1
28541,MIKFOD,3,3
28542,XOFTIX,3,3
28543,YUKSUV,1,1
28544,JASWIM,3,3
28545,ICUBUG,2,2
28546,DOMXUY,1,1
28547,EDEYEV,1,1
28548,GAJRAM,3,3
28549,QAGWEA,3,3
28550,XOVPUW,1,1
28551,RURMUO,2,2
28552,ZEPMEQ,1,1
28553,SADKAM,3,3
28554,QASJIE,3,3
28555,MAKPIX,2,2
28556,ERAYEE,1,1
28557,YEWXUU,1,1
28558,RATSOV,2,2
28559,EXIMUW,1,1
28560,JORLIN,3,3
28561,LALBUV,2,2
28562,OLOREN,2,2
28563,ELEHEL,1,1
28564,XONWII,3,3
28565,MEBTIX,1,1
28566,SIKYAO,2,2
28567,RABVIA,2,2
28568,DASDIM,1,1
28569,ZOBJUY,3,3
28570,QEQXOA,3,3
28571,PAJREZ,3,3
28572,PUMMER,2,2
28573,NONNAH,1,1
28574,WOLBIJ,2,2
28575,WELWAM,3,3
28576,KADVIV,2,2
28577,MOWFAG,3,3
28578,IPITIL,2,2
28579,TISGOS,3,3
28580,FOWWOD,2,2
28581,UKOMOX,2,2
28582,OCUGUQ,1,1
28583,QICHUJ,1,1
28584,FEKYUT,1,1
28585,NIGYIO,3,3
28586,ICOMEV,2,2
28587,KARTIG,3,3
28588,INEFIT,1,1
28589,TULBEH,1,1
28590,EHIDIJ,1,1
28591,ABAWIN,1,1
28592,ILUZOE,1,1
28593,BIJHEI,1,1
28594,HENLUI,3,3
28595,LONNIL,3,3
28596,TUKRAU,3,3
28597,FAJKOS,1,1
28598,YUVBOI,3,3
28599,XIPVAX,1,1
28600,TIFBUG,1,1
28601,EJOTAY,3,3
28602,UZOJEB,1,1
28603,WENHOP,3,3
28604,VUCTUJ,3,3
28605,NIWFAE,1,1
28606,KUQKUE,2,2
28607,REDTUS,3,3
28608,ALESEQ,2,2
28609,KEKQIB,2,2
28610,TEYBUV,1,1
28611,PEWYUN,2,2
28612,ZOSZIQ,1,1
28613,YAKYOA,2,2
28614,EMOFOD,1,1
28615,JAJDUT,2,2
28616,RAMLEX,2,2
28617,RUVDAP,3,3
28618,HEFSES,1,1
28619,YIFSEP,1,1
28620,IWAYUC,3,3
28621,VOBGUR,2,2
28622,RAQRIM,1,1
28623,JIWMEL,1,1
28624,BENQOB,3,3
28625,BEWPOK,2,2
28626,DUYYOO,1,1
28627,YOSMAX,1,1
28628,PEDFAG,3,3
28629,CAQBUR,3,3
28630,IZIFEE,3,3
28631,JUMPEM,3,3
28632,NUKCUU,1,1
28633,GOGHEQ,3,3
28634,AHOREX,1,1
28635,NOWHEO,3,3
28636,ILIHUG,3,3
28637,KOHHIY,3,3
28638,GUSKEK,2,2
28639,NEQYIR,3,3
28640,MAXDOH,2,2
28641,RIWYEB,3,3
28642,DIWBUG,3,3
28643,YEJNIL,2,2
28644,KELFIQ,1,1
28645,VUTPIL,3,3
28646,JAHGIJ,2,2
28647,PUWWOU,3,3
28648,DONHOF,2,2
28649,KEPSUU,3,3
28650,KUPMIR,2,2
28651,XOKFIN,2,2
28652,ASANIS,3,3
28653,POJJED,2,2
28654,JIWZEV,2,2
28655,DITROO,2,2
28656,FORSUB,1,1
28657,XILFAA,3,3
28658,NEFXII,3,3
28659,GUVQUJ,3,3
28660,ESIQON,2,2
28661,SILWOB,3,3
28662,GIXSAK,3,3
28663,ACAROO,1,1
28664,NECLUD,2,2
28665,ZURLUT,3,3
28666,SICZAI,1,1
28667,PEQMUW,1,1
28668,DEYRII,2,2
28669,OSIPEN,3,3
28670,XARXOH,1,1
28671,XUSZES,2,2
28672,DAPHAF,3,3
28673,LUTJOB,2,2
28674,HOTXAS,1,1
28675,WODVIV,3,3
28676,MUNGEH,2,2
28677,KULMOW,1,1
28678,DORHIC,2,2
28679,REWPUH,2,2
28680,WOCQOY,1,1
28681,LAYNEH,2,2
28682,FICJIN,3,3
28683,CAPJEI,2,2
28684,EPUWAQ,1,1
28685,IRIYIS,3,3
28686,IXIBOG,3,3
28687,YOZMAC,3,3
28688,ZEZFIX,1,1
28689,EKETEU,2,2
28690,XALNOR,1,1
28691,CAFHEX,2,2
28692,JIBTOD,2,2
28693,QEFLUL,2,2
28694,XELHUR,3,3
28695,APIBIM,2,2
28696,DUSRAN,1,1
28697,SIGHAS,3,3
28698,CUDXOP,3,3
28699,IPAGOV,3,3
28700,XEWMOC,1,1
28701,WODHAY,3,3
28702,GIPPAZ,1,1
28703,AXITOQ,2,2
28704,NALNIZ,3,3
28705,JAXFIX,3,3
28706,RALXEH,3,3
28707,VAJKUP,3,3
28708,DOKWAE,2,2
28709,GOTLEJ,1,1
28710,HEXBAP,2,2
28711,SAZDAB,3,3
28712,HUKDAS,2,2
28713,SAYVAQ,2,2
28714,HAZYAJ,1,1
28715,LUVKES,2,2
28716,VALCIV,3,3
28717,UKUGOW,3,3
28718,ZOLHAL,2,2
28719,FIVDOH,1,1
28720,AHOBOP,1,1
28721,MADZOI,3,3
28722,FACBIV,2,2
28723,YAXTID,2,2
28724,TEPGED,2,2
28725,WEJJEB,3,3
28726,MOWHAH,1,1
28727,JASGAM,2,2
28728,OQAGEU,3,3
28729,DUMCIY,3,3
28730,NUDKIH,2,2
28731,TOKBOL,3,3
28732,KIJLUL,2,2
28733,HISSUY,3,3
28734,XOVBES,1,1
28735,WEGVIO,1,1
28736,SOPYAY,3,3
28737,YAJTOS,3,3
28738,VEGDUH,3,3
28739,LUQWUQ,3,3
28740,USOKUL,1,1
28741,UNIDUS,3,3
28742,GEVVIO,2,2
28743,CUQVIV,2,2
28744,XESHAH,2,2
28745,SOCFUP,1,1
28746,TITGAF,3,3
28747,JECLOW,1,1
28748,FOJDAK,3,3
28749,MIKQAB,2,2
28750,OVAGUP,2,2
28751,XEHCUJ,3,3
28752,KUNGUW,3,3
28753,PUBKUT,3,3
28754,OXEVAQ,3,3
28755,YOKVAY,2,2
28756,BATQAR,3,3
28757,GANGIM,3,3
28758,PINTUD,2,2
28759,CEMJIO,2,2
28760,AGUKOD,2,2
28761,SIQMIO,2,2
28762,CEYWEK,2,2
28763,PUCDAV,1,1
28764,NEBCOM,1,1
28765,FUVMIU,1,1
28766,JIWZIB,2,2
28767,WIBBOB,3,3
28768,WEXMES,2,2
28769,OWITIA,1,1
28770,VUDVAS,2,2
28771,CMACBP,3,3
28772,LEVPEI,1,1
28773,HEDROB,1,1
28774,RIZKIW,1,1
28775,AVESOK,3,3
28776,KAGXUM,1,1
28777,PULKUF,1,1
28778,GAHCOH,1,1
28779,QAFZED,1,1
28780,ODUPIM,2,2
28781,SAVREP,3,3
28782,CINDAH,2,2
28783,PUMDAD,3,3
28784,KEVLII,1,1
28785,ALIPUI,2,2
28786,ZOJROF,1,1
28787,NOMBEW,2,2
28788,HIKZEK,1,1
28789,IYEXIU,2,2
28790,XAXTID,1,1
28791,UNEYAP,3,3
28792,YEDYEP,1,1
28793,GIWNEH,1,1
28794,YIGPIN,3,3
28795,XUYFEC,3,3
28796,QIDCIQ,3,3
28797,GUXCEK,1,1
28798,PATCOE,3,3
28799,SARWEP,1,1
28800,GIDTOC,2,2
28801,ZEJNOT,2,2
28802,QENDIX,2,2
28803,AGIBAT,1,1
28804,NULMUD,3,3
28805,XANQOS,3,3
28806,VUNSAA,2,2
28807,YIXWUY,2,2
28808,TONTIZ,2,2
28809,LEDWEX,3,3
28810,CUQDUQ,1,1
28811,AGOQET,2,2
28812,GIDMAJ,3,3
28813,LERBES,2,2
28814,JIHXIH,1,1
28815,UNOPUJ,3,3
28816,TIGMON,3,3
28817,QEFYAF,1,1
28818,YAQSOY,1,1
28819,EKIKEQ,3,3
28820,CUHPON,1,1
28821,NEFHAI,3,3
28822,IKOYUE,3,3
28823,LOZDIQ,1,1
28824,JILXUB,1,1
28825,WUCQET,1,1
28826,BUWROD,1,1
28827,MOPVIY,1,1
28828,FAGYAN,2,2
28829,LIYFEG,3,3
28830,DAMLOS,2,2
28831,CESKIX,2,2
28832,XUZMIQ,2,2
28833,JETSEK,1,1
28834,KOKQUX,3,3
28835,DAFZIW,2,2
28836,GIJMAO,3,3
28837,WIQSUO,1,1
28838,DOFGUC,2,2
28839,PBUXNI,3,3
28840,BITNOL,1,1
28841,RECXON,3,3
28842,XEDRUV,3,3
28843,MEVLUU,3,3
28844,GEWLED,1,1
28845,IDUGUK,3,3
28846,CIGMIQ,3,3
28847,SIVDAD,1,1
28848,VAWVUL,3,3
28849,TIGDES,2,2
28850,QAYSUH,1,1
28851,AQEZUS,3,3
28852,VOSPAW,3,3
28853,KEZDEC,1,1
28854,XEZXEG,3,3
28855,CEVTED,2,2
28856,YUFCAG,1,1
28857,ZOHZAA,3,3
28858,PANNEX,3,3
28859,ZOTMEA,3,3
28860,VIJTUE,3,3
28861,MIKFAO,2,2
28862,TUFGIN,1,1
28863,DADNUS,2,2
28864,SUHBIJ,1,1
28865,TUFPIT,3,3
28866,YEBQUU,2,2
28867,XODREO,2,2
28868,HIXBUL,3,3
28869,BUSWOD,2,2
28870,WAFVOO,2,2
28871,LUYTUW,3,3
28872,MOMRIP,3,3
28873,WACNEU,2,2
28874,BAYXUV,2,2
28875,VISBUV,3,3
28876,NOMLIL,1,1
28877,KIMLUR,1,1
28878,TAPDAQ,2,2
28879,SOMDON,1,1
28880,ALIROE,3,3
28881,VAFFIS,2,2
28882,AXUSAN,1,1
28883,IQUFEF,3,3
28884,SULBUW,1,1
28885,IFOBAK,1,1
28886,DEPLOA,3,3
28887,BEWPAW,2,2
28888,VAGKEU,3,3
28889,RASCEW,3,3
28890,CEKWAT,3,3
28891,HAHRUD,1,1
28892,ILIQUR,2,2
28893,VIXVII,2,2
28894,ZIFHUR,2,2
28895,MUZZEO,3,3
28896,BIDXOD,2,2
28897,MOMKEF,3,3
28898,MITMIP,1,1
28899,BEXJOF,2,2
28900,SECHIR,2,2
28901,VIYLEU,1,1
28902,FORQAE,3,3
28903,KIVKUX,3,3
28904,UTORIH,1,1
28905,OXEZUN,3,3
28906,GESYAG,2,2
28907,XEKTIS,2,2
28908,XUYQEN,3,3
28909,MOWSUM,1,1
28910,TIDQAY,1,1
28911,UCIFOC,3,3
28912,YOBXOF,2,2
28913,KAQQEZ,1,1
28914,QABHEI,3,3
28915,LOQGUT,3,3
28916,RESWAO,3,3
28917,WOVQED,3,3
28918,ZADSAC,1,1
28919,YOQBEM,3,3
28920,YUWZUM,2,2
28921,VEGFOD,3,3
28922,MARMUN,3,3
28923,EPOFUL,3,3
28924,QAXLEI,2,2
28925,PIKRUY,2,2
28926,TURDOZ,3,3
28927,BAPXUM,3,3
28928,WALDOG,1,1
28929,AGESAH,3,3
28930,RAWQEM,3,3
28931,ZECFOF,3,3
28932,ZOJXUT,2,2
28933,TOFQEN,3,3
28934,EGIXIB,2,2
28935,FUGYAK,1,1
28936,XUQCIW,2,2
28937,OCELAM,1,1
28938,AYUYAW,3,3
28939,XEYBEJ,3,3
28940,UJELOK,3,3
28941,MIVTIW,3,3
28942,GURNEP,1,1
28943,SIMPUB,1,1
28944,SIWCUX,1,1
28945,ALIMOA,1,1
28946,NIDSAU,3,3
28947,NIPLUU,2,2
28948,FIGNOY,3,3
28949,NAVRAD,3,3
28950,EDODOR,2,2
28951,MAVLAX,3,3
28952,RUSDAK,3,3
28953,LOFNUQ,1,1
28954,GELSAS,3,3
28955,GEXLUS,3,3
28956,OKAQIB,2,2
28957,BOLAZN,3,3
28958,CUMWEP,1,1
28959,SIHMAZ,1,1
28960,ODABAY,2,2
28961,TOQNOE,1,1
28962,DETCUD,2,2
28963,WAVJUB,3,3
28964,UQUJUM,2,2
28965,EMUFUN,1,1
28966,QUBXAO,3,3
28967,YUFBIL,1,1
28968,MEMQIF,3,3
28969,PUVBIR,3,3
28970,HIMQEA,3,3
28971,HOTWIW,3,3
28972,NUYWOT,1,1
28973,NAGGAF,2,2
28974,IPIRIJ,3,3
28975,TCOCCR,2,2
28976,DEGBIB,2,2
28977,AVUCAY,1,1
28978,DIYXEO,3,3
28979,EYECAO,3,3
28980,WUHCUY,3,3
28981,GAXSAZ,2,2
28982,HEBNOR,1,1
28983,UVAGOP,2,2
28984,SAYGOQ,2,2
28985,IQUGOR,3,3
28986,QAVJII,3,3
28987,EZISOX,2,2
28988,FAVCEK,3,3
28989,IYEWOZ,2,2
28990,MUMTAS,1,1
28991,WATLUA,2,2
28992,VEPMUZ,3,3
28993,PANVAE,2,2
28994,HONJEA,3,3
28995,RADMAK,3,3
28996,QOTJAL,3,3
28997,QOMKAE,1,1
28998,YIXHUJ,1,1
28999,QEWZIB,3,3
29000,NUXMAW,3,3
29001,JAFDUT,1,1
29002,BUKMIE,3,3
29003,SIRRUH,3,3
29004,GOHQUS,1,1
29005,NOVJAM,1,1
29006,HUHRUA,1,1
29007,XAPHIF,3,3
29008,ZASVUN,3,3
29009,AHOHUB,3,3
29010,JUMJUW,3,3
29011,CUSQAI,1,1
29012,DENROE,3,3
29013,LIVDOK,2,2
29014,JAYJAV,2,2
29015,MATSOR,2,2
29016,WEYFEP,1,1
29017,HUHYEP,2,2
29018,JAGBIC,3,3
29019,ACUGOV,1,1
29020,XOMFUA,2,2
29021,DAKGON,2,2
29022,ZETPOG,3,3
29023,REWMAK,2,2
29024,HOBGUA,2,2
29025,YOGCUS,3,3
29026,SAPPOP,1,1
29027,SOWJUK,1,1
29028,PUZVUD,3,3
29029,CORKID,2,2
29030,RACCOQ,3,3
29031,FISJOK,1,1
29032,JALMAN,3,3
29033,FEXLUS,2,2
29034,QARXIS,2,2
29035,BIVGIW,1,1
29036,VOLDIL,3,3
29037,FUPVOC,1,1
29038,EGORAT,3,3
29039,WIFFEA,1,1
29040,CUTFAZ,2,2
29041,SIYTUP,3,3
29042,FEYCAQ,3,3
29043,RIZTID,2,2
29044,LILNAX,2,2
29045,XAHXUB,3,3
29046,ZAWHAK,1,1
29047,QOYFIU,3,3
29048,NOBPIG,3,3
29049,ENEHUD,1,1
29050,EFEREO,3,3
29051,XIRHIR,2,2
29052,UTUGEW,3,3
29053,NIKPAZ,2,2
29054,BAYGUE,1,1
29055,MEMXAD,3,3
29056,VEVYUT,2,2
29057,ALERAN,1,1
29058,NOGDUJ,1,1
29059,IHOLID,1,1
29060,JUSGAH,3,3
29061,QAGFEJ,3,3
29062,ZIVJEX,1,1
29063,NONVIV,1,1
29064,HENXIH,2,2
29065,OLOHUT,1,1
29066,YEHNII,1,1
29067,KUWYUZ,1,1
29068,NOMDIE,3,3
29069,VAYKOV,3,3
29070,OCOYEK,2,2
29071,EMUZER,1,1
29072,KUXZUB,1,1
29073,YUSBOE,3,3
29074,EVOLEG,2,2
29075,FECPCC,2,2
29076,XUSWUD,2,2
29077,KELRUP,1,1
29078,SEWCOO,3,3
29079,AGANEB,2,2
29080,UMEWIT,1,1
29081,SUDKOT,3,3
29082,MAJGUD,1,1
29083,HONDIZ,3,3
29084,WUQBUG,1,1
29085,PAXXUK,2,2
29086,PALGAK,2,2
29087,ZOVDAR,3,3
29088,EYEMOK,2,2
29089,QIHCER,2,2
29090,DENPUI,1,1
29091,EVUCUV,3,3
29092,OWEJOR,3,3
29093,MESWOW,3,3
29094,MOJMIJ,3,3
29095,ZOJDEH,1,1
29096,BAMQIP,3,3
29097,QOBSUX,3,3
29098,IZOTEZ,1,1
29099,IVOHOQ,2,2
29100,JEMZEK,1,1
29101,ABIWUD,3,3
29102,REBZEG,2,2
29103,LABFON,1,1
29104,ZECVIM,1,1
29105,QIBXOP,3,3
29106,JINTOS,3,3
29107,NAHSAS,1,1
29108,YEJMUW,3,3
29109,ULUJAN,2,2
29110,NAQRAZ,2,2
29111,VONKAM,3,3
29112,JOVQAP,3,3
29113,GUZMEV,1,1
29114,KISRUA,2,2
29115,VOPMET,3,3
29116,WIJKUV,2,2
29117,ZINTUP,1,1
29118,PEBXUP,3,3
29119,IYENAD,1,1
29120,ACEDUH,2,2
29121,ZIXVUA,3,3
29122,REWDII,2,2
29123,EKAPAJ,2,2
29124,POSFUZ,2,2
29125,WOJNAM,2,2
29126,ZUZKOX,1,1
29127,CUKHUO,1,1
29128,MOLPAF,1,1
29129,KOVXIE,2,2
29130,JOVJUB,2,2
29131,DUQRAK,1,1
29132,UQIFEH,2,2
29133,XIDXUD,1,1
29134,JETBIT,1,1
29135,IZACER,3,3
29136,WULTII,3,3
29137,DUDBAI,1,1
29138,SOLHIK,3,3
29139,KIRFUQ,1,1
29140,BEPXAW,1,1
29141,SAQFUL,2,2
29142,FOGPOG,1,1
29143,JIWKEJ,1,1
29144,OLOJOO,3,3
29145,BAWPUM,2,2
29146,PEKMOJ,3,3
29147,DUKHID,1,1
29148,ANEDUT,2,2
29149,LOXTAT,3,3
29150,SOZCAO,3,3
29151,COKJIZ,1,1
29152,CERPOG,3,3
29153,JAVPOP,1,1
29154,ZEKLEJ,3,3
29155,QAMHUI,3,3
29156,CAXVIH,1,1
29157,EWISOS,3,3
29158,LOBPAT,2,2
29159,JEBPOY,2,2
29160,WORKEW,1,1
29161,ZEJVIV,3,3
29162,TABLEP,1,1
29163,PEHHOC,2,2
29164,TAHWOR,2,2
29165,HUWROG,2,2
29166,PCPCOS,2,2
29167,OWIRES,3,3
29168,JECQUH,1,1
29169,HEYNII,2,2
29170,FIBXIX,3,3
29171,BUYSIA,1,1
29172,XULLUL,2,2
29173,NATCOA,2,2
29174,AHEXAM,3,3
29175,CEGYOG,1,1
29176,GELZEE,3,3
29177,LEKNUM,2,2
29178,RAWKUW,2,2
29179,QEKJEX,2,2
29180,TAGZOR,3,3
29181,WOKDEF,1,1
29182,CEMBEE,3,3
29183,AXEDEN,2,2
29184,EZAGAO,2,2
29185,CIMGAG,3,3
29186,WENPIR,2,2
29187,UREQAM,1,1
29188,UKIHAA,1,1
29189,QOSJOY,1,1
29190,RAZLOW,2,2
29191,ISEKAT,2,2
29192,KAJYOK,1,1
29193,BOVNEG,3,3
29194,MEMMUN,3,3
29195,MEYRAN,1,1
29196,VUFVAV,2,2
29197,PEWZEA,1,1
29198,ITUFEK,3,3
29199,NANGOA,3,3
29200,MONCUO,2,2
29201,GAYPOL,3,3
29202,QOBFAR,3,3
29203,GANSUL,2,2
29204,MINFAT,3,3
29205,HINCIQ,3,3
29206,SEGKIC,1,1
29207,QABYEB,1,1
29208,XUJCAG,3,3
29209,JAKTAR,2,2
29210,NIRXER,1,1
29211,UCUYEA,1,1
29212,AGELOP,3,3
29213,VUVLUV,1,1
29214,EXACIR,1,1
29215,FESDUD,2,2
29216,QAQTOS,3,3
29217,WIDGOG,2,2
29218,QIZTOK,3,3
29219,GETQOL,2,2
29220,BUWVUN,1,1
29221,BIRLIX,2,2
29222,JAXNIF,2,2
29223,OFIKIZ,1,1
29224,ZUTKAA,3,3
29225,XILGIJ,3,3
29226,PIFQUS,3,3
29227,QOCRAB,2,2
29228,SEWZOM,3,3
29229,FAPRUL,2,2
29230,CIMWED,3,3
29231,KESLIE,3,3
29232,KOJVOX,2,2
29233,FAXZEL,3,3
29234,WORLOE,3,3
29235,DEFVEQ,3,3
29236,XEGMEE,2,2
29237,JEDSAQ,1,1
29238,WOHQAL,3,3
29239,DUSTOC,3,3
29240,TISVAS,1,1
29241,DOBXEY,1,1
29242,PIJWUB,3,3
29243,DOPTUY,3,3
29244,FEPCOV,2,2
29245,ZIQDEI,3,3
29246,ILAVOI,2,2
29247,TESSEQ,3,3
29248,GEZHAW,1,1
29249,FAJVUL,1,1
29250,IJEDEJ,1,1
29251,SUKFOT,2,2
29252,QEZQIV,1,1
29253,KIJJUJ,3,3
29254,UFUFIK,2,2
29255,QOYVAB,3,3
29256,ECIWUK,2,2
29257,JENQEZ,2,2
29258,QAMSOP,3,3
29259,EQEROI,2,2
29260,RASKIJ,1,1
29261,CUQPIP,1,1
29262,HIDQIY,1,1
29263,SOTCOV,3,3
29264,VIQYAV,2,2
29265,COFVIC,3,3
29266,XOXMOM,2,2
29267,POFJIG,2,2
29268,PIZTOK,3,3
29269,WEHTOW,1,1
29270,ILEDOS,3,3
29271,FANDUV,2,2
29272,VIDGOG,3,3
29273,NENCOZ,3,3
29274,CUDWIH,3,3
29275,QEVPOA,1,1
29276,QABGOR,2,2
29277,KAZHIE,2,2
29278,AHETUE,1,1
29279,QOQLOZ,3,3
29280,GUTJOV,2,2
29281,LUVFUD,3,3
29282,DEKMOZ,1,1
29283,FUVKIS,1,1
29284,VATBUN,3,3
29285,KEQXUA,2,2
29286,QUDYUK,2,2
29287,SAYYIB,3,3
29288,RAMZOV,3,3
29289,COBTOE,3,3
29290,AYADAG,3,3
29291,KIBKOW,2,2
29292,PEKMAV,3,3
29293,HEDCOI,2,2
29294,XUXJOR,3,3
29295,GUNLUZ,1,1
29296,MILPEC,3,3
29297,PUTZOU,1,1
29298,AXESEC,3,3
29299,RETFAZ,3,3
29300,FURKUY,3,3
29301,WEPVOC,3,3
29302,HINJAS,1,1
29303,XUWGAY,3,3
29304,COSHEZ,2,2
29305,XUNFAP,1,1
29306,ERIBAI,3,3
29307,HEHROB,3,3
29308,VAKKEB,1,1
29309,XOCJOP,3,3
29310,UCURUG,2,2
29311,PESTUG,1,1
29312,WAGDOY,1,1
29313,PADQUG,1,1
29314,QUMREV,2,2
29315,PABWIY,2,2
29316,AJIDAY,3,3
29317,CASNOC,3,3
29318,SEHVAC,3,3
29319,XENMEI,2,2
29320,RAHLIW,2,2
29321,MEZWAP,3,3
29322,ENULEH,1,1
29323,OLOSOZ,2,2
29324,SIGLUR,1,1
29325,EDUPEZ,3,3
29326,UPAWOA,1,1
29327,DEKDEG,1,1
29328,PERRIP,3,3
29329,HACRUZ,1,1
29330,LATHUK,2,2
29331,PIHQUV,3,3
29332,NIJTIJ,3,3
29333,QABNEO,1,1
29334,HISNAZ,1,1
29335,PPRDXC,2,2
29336,EKAPOV,2,2
29337,TIHFAT,3,3
29338,TOTVIK,1,1
29339,BUVWOH,1,1
29340,BAWBEI,3,3
29341,IGIKOZ,2,2
29342,WAWPUJ,1,1
29343,YOTKOK,1,1
29344,LIDMOB,3,3
29345,SIYQEY,2,2
29346,FIZFUS,2,2
29347,FAJZAS,3,3
29348,LUPRUJ,3,3
29349,VIYVUX,2,2
29350,FOCBAA,1,1
29351,BEJKOQ,3,3
29352,FILDUB,2,2
29353,RAMDEQ,3,3
29354,QAMZEM,3,3
29355,CANDAY,3,3
29356,MOZROK,3,3
29357,MOFKEX,2,2
29358,DOPVOU,3,3
29359,LECZUQ,2,2
29360,WAQVIT,3,3
29361,XESGIL,2,2
29362,ORIJAC,3,3
29363,GADJEB,2,2
29364,SOLHEH,3,3
29365,HEYRUA,1,1
29366,KILLIC,3,3
29367,ZIJZIB,1,1
29368,MIVJOS,3,3
29369,QEWMEL,2,2
29370,ALOBUA,2,2
29371,MEJVAB,2,2
29372,NAZDIB,1,1
29373,IHUVOW,2,2
29374,RELZIV,1,1
29375,JALSEU,1,1
29376,MUNSUJ,2,2
29377,YAPVOB,1,1
29378,YUNFAP,3,3
29379,WIBCIU,3,3
29380,XIQSOH,2,2
29381,WAYGUB,1,1
29382,PADTIZ,3,3
29383,REFFER,1,1
29384,ITOLIP,1,1
29385,WIFQIO,2,2
29386,USEJOT,1,1
29387,BIPZOP,2,2
29388,SAMDEQ,3,3
29389,XEKWUH,3,3
29390,DOGGIR,1,1
29391,BAWKOC,1,1
29392,GOGYIN,3,3
29393,VAQVIT,3,3
29394,EXUWOK,2,2
29395,BUNRIM,2,2
29396,FIKQOJ,1,1
29397,FIWHEY,2,2
29398,NAYFOM,1,1
29399,IYUXOP,3,3
29400,OHUSOA,3,3
29401,VOFQAI,1,1
29402,KEJSAT,2,2
29403,WICRUX,2,2
29404,NONXIY,3,3
29405,XEQSUH,2,2
29406,JEZKOO,1,1
29407,ZUFBOT,3,3
29408,NOMJIJ,2,2
29409,CUVWOH,3,3
29410,LIRFEY,2,2
29411,WEGWOX,2,2
29412,ZODZAV,3,3
29413,WAPROX,3,3
29414,XIPNER,3,3
29415,BOHHAI,1,1
29416,VEVGEJ,3,3
29417,YAVGEK,1,1
29418,ZUWLOV,1,1
29419,RAPROR,2,2
29420,QOWVUU,3,3
29421,VADZOP,2,2
29422,YIDFEZ,2,2
29423,CIKHAI,3,3
29424,PUHHAE,1,1
29425,GEYXOZ,3,3
29426,HOSROZ,1,1
29427,BAJMAC,3,3
29428,ZIJVIX,1,1
29429,MUGMIL,2,2
29430,HECMUA,3,3
29431,LIQSUA,3,3
29432,IPIPIH,1,1
29433,OREYOA,3,3
29434,DAZRUU,2,2
29435,MUYRAC,1,1
29436,DAMFOO,2,2
29437,YOJXEA,2,2
29438,LUGHUQ,3,3
29439,EQUJUW,2,2
29440,WIQYUS,3,3
29441,YUSPIL,1,1
29442,IVEQEF,2,2
29443,VIQKIT,1,1
29444,CUQBAR,2,2
29445,NAKMOF,1,1
29446,QODWIS,2,2
29447,WAQCEX,3,3
29448,POSFOT,2,2
29449,VISTEA,1,1
29450,VIVBAH,1,1
29451,WEDPAX,3,3
29452,GOHVIL,3,3
29453,KATJEV,3,3
29454,NEXTAO,2,2
29455,FOTQIO,1,1
29456,COTTAJ,2,2
29457,BUTMIM,2,2
29458,BAQMEP,1,1
29459,PAFLUD,2,2
29460,SUVNOP,1,1
29461,ETIPAZ,2,2
29462,EYADAM,1,1
29463,AXOQUZ,1,1
29464,IMULIM,3,3
29465,BUSSAK,3,3
29466,GAMHIO,3,3
29467,NIQVAO,1,1
29468,CAGHAX,1,1
29469,ZARKEM,1,1
29470,RUNKIU,2,2
29471,BERBIN,1,1
29472,WOZZAP,1,1
29473,ZASFIK,1,1
29474,JOKWAL,1,1
29475,RARJEA,1,1
29476,SILDOK,1,1
29477,UYAQAO,3,3
29478,DUCNOF,3,3
29479,DOWZOF,2,2
29480,NIRHUT,2,2
29481,QEDREW,1,1
29482,UROHEQ,3,3
29483,LETRIM,2,2
29484,XEMDEZ,1,1
29485,ETACEH,3,3
29486,YADYIL,2,2
29487,UNOFEJ,3,3
29488,ROJWAR,2,2
29489,XOYLAY,2,2
29490,POYMAU,1,1
29491,KAFDOM,3,3
29492,AKOWIH,3,3
29493,SUYXUI,1,1
29494,ZAZVOL,2,2
29495,YUYBID,3,3
29496,KOYGAG,2,2
29497,YOZYES,2,2
29498,ABAZAH,2,2
29499,XERVAS,1,1
29500,PUVRUW,1,1
29501,NASHIC,1,1
29502,RUWSEJ,3,3
29503,NOGDOD,1,1
29504,CEYSIL,2,2
29505,RINWUI,3,3
29506,KANPOF,2,2
29507,MIVSUH,3,3
29508,BOTCAP,1,1
29509,COXBEX,3,3
29510,TEJGIC,1,1
29511,NEKGAN,3,3
29512,TESFIJ,3,3
29513,GAJQEP,1,1
29514,GEFJIL,3,3
29515,DOHMUM,1,1
29516,WIWQEA,2,2
29517,WIRGAH,3,3
29518,HILGES,1,1
29519,BIMGUB,2,2
29520,INOYAM,3,3
29521,HEJFEK,3,3
29522,TIRNAN,1,1
29523,MUVJUI,3,3
29524,CABYAH,2,2
29525,VEDPAX,3,3
29526,ZOCZUM,2,2
29527,MICTUP,3,3
29528,YOMFOX,3,3
29529,ANOVOR,1,1
29530,ADIKUX,1,1
29531,MOYLOB,2,2
29532,IBEPOW,3,3
29533,FIBJOQ,2,2
29534,AWOPAF,2,2
29535,WAVSAR,1,1
29536,RUTHOD,3,3
29537,TIQGUX,3,3
29538,FEHXUN,3,3
29539,RADTUL,2,2
29540,SECGUD,1,1
29541,KOFKOI,2,2
29542,GUXPIA,3,3
29543,KUQMOZ,3,3
29544,VOGNEM,2,2
29545,IVOJOS,1,1
29546,TAVVUK,2,2
29547,ZAFFOB,2,2
29548,DENRUK,3,3
29549,ZELWIW,3,3
29550,NIPREK,2,2
29551,SEFDIS,3,3
29552,IGOCIR,2,2
29553,VOGYEW,3,3
29554,AXOMEF,2,2
29555,SILCIZ,3,3
29556,KALXAA,1,1
29557,HIYNIP,2,2
29558,OMIKUR,2,2
29559,VONPOF,3,3
29560,ONABIQ,2,2
29561,KIDJAJ,2,2
29562,PEMLOK,2,2
29563,BOHDAD,3,3
29564,REYXAV,1,1
29565,PUCYAP,2,2
29566,SACQIX,3,3
29567,VOGRUF,2,2
29568,NAPCEQ,1,1
29569,LUNSAO,2,2
29570,PIGLID,3,3
29571,FOVYEW,2,2
29572,NONTIT,1,1
29573,HENZIJ,2,2
29574,CYPTBU,3,3
29575,QOKSOZ,2,2
29576,HIVSAG,1,1
29577,OGEQUQ,1,1
29578,RAXFON,3,3
29579,MAZQOU,3,3
29580,DUPMIL,3,3
29581,GEGNOW,2,2
29582,CETCRE,2,2
29583,GODGIP,3,3
29584,KIFKEP,3,3
29585,RAWKAE,2,2
29586,UMEKAY,2,2
29587,POKMEJ,2,2
29588,KOBYOS,2,2
29589,FUFCUF,3,3
29590,NAHXID,2,2
29591,RIFVOT,1,1
29592,BAXDOV,2,2
29593,OXEPUE,1,1
29594,WAQDAV,3,3
29595,YOKPUM,2,2
29596,XOKBIJ,3,3
29597,GILDAG,2,2
29598,QAPREI,1,1
29599,RUQYOT,3,3
29600,MAFFIJ,2,2
29601,LUXJUL,2,2
29602,ROLDEE,2,2
29603,KUFKIG,2,2
29604,CUVNUD,3,3
29605,RAMTUW,1,1
29606,PIVKUA,1,1
29607,XEZKIZ,2,2
29608,OGULEH,3,3
29609,KIMDOB,3,3
29610,KUBGAR,3,3
29611,XEBGEU,1,1
29612,ROWMIC,1,1
29613,HAYQEF,2,2
29614,DIWQUY,3,3
29615,BAPYEW,2,2
29616,FUNRIP,3,3
29617,BEWTOO,3,3
29618,HIBWAU,1,1
29619,VOTJEV,1,1
29620,EBAZUG,1,1
29621,VAFLIX,3,3
29622,PARHUA,1,1
29623,PUBSIO,2,2
29624,UCUBEA,3,3
29625,NUYWUZ,2,2
29626,ASOXUB,2,2
29627,OGAXAY,3,3
29628,ZITRUR,3,3
29629,REFTOO,3,3
29630,PEFTEC,1,1
29631,YILLOV,3,3
29632,UCEDAJ,2,2
29633,NACPEP,1,1
29634,MOSWEW,3,3
29635,XAWTAU,1,1
29636,PUMPIW,1,1
29637,FIMGAM,3,3
29638,WETHOT,2,2
29639,SIFXAG,2,2
29640,REPXAM,3,3
29641,ZAJBUH,2,2
29642,NAXNIL,2,2
29643,WAYGAG,3,3
29644,DAHPIN,3,3
29645,RENGIB,1,1
29646,VOYFOG,2,2
29647,MAMWIH,3,3
29648,DEHZEY,3,3
29649,BIHSIX,3,3
29650,KIBWIF,1,1
29651,BEWDIS,3,3
29652,YAQYOE,1,1
29653,QIGLID,1,1
29654,VARMUW,2,2
29655,XUFPOE,1,1
29656,ROBCAN,1,1
29657,BIJLEM,1,1
29658,BUWTUL,1,1
29659,UPUDUG,3,3
29660,HODDAG,2,2
29661,YAKDOG,2,2
29662,MAGNUE,3,3
29663,ILOCOC,3,3
29664,MUNSOD,2,2
29665,XOZNIJ,3,3
29666,BARVAU,1,1
29667,HIJCOU,2,2
29668,GAXDUE,3,3
29669,RUYZAN,1,1
29670,LEXJOO,3,3
29671,LIGSAW,1,1
29672,PANZAH,1,1
29673,SATWAN,2,2
29674,MIMXOV,2,2
29675,SOJBUO,2,2
29676,ADOCII,1,1
29677,EYIRUA,2,2
29678,PUJWAS,2,2
29679,CUSDOM,1,1
29680,LEZYUM,3,3
29681,ASOVUZ,2,2
29682,UJUVON,1,1
29683,TICLOJ,1,1
29684,NAWJAY,3,3
29685,DAGMOR,1,1
29686,OJIKIC,3,3
29687,RAQXIQ,1,1
29688,HUNHON,1,1
29689,ZUFBUZ,3,3
29690,SULFUD,1,1
29691,MIRXUG,1,1
29692,OGOQEJ,1,1
29693,UFAPOG,3,3
29694,TUWSUB,3,3
29695,UPUXEL,1,1
29696,CITDAL,2,2
29697,ALITUM,3,3
29698,WIQRIA,3,3
29699,AJALIH,2,2
29700,NAVRUA,2,2
29701,UXADON,1,1
29702,VEGRIK,1,1
29703,SUGKEM,3,3
29704,TAMCER,3,3
29705,JIQZOC,1,1
29706,XEWNEU,1,1
29707,FAYPUU,1,1
29708,ACOVAR,2,2
29709,EFUTUV,3,3
29710,SUFFIK,3,3
29711,PIKJEA,1,1
29712,LIMVAE,3,3
29713,FEBHAV,3,3
29714,UGOGUS,3,3
29715,SAGSAU,2,2
29716,XILBON,1,1
29717,OHUFON,2,2
29718,XAFCUG,1,1
29719,YELNAF,3,3
29720,EBUPUM,3,3
29721,CIBJUU,3,3
29722,JOCSIG,1,1
29723,CPCCOC,2,2
29724,GUNLOT,1,1
29725,PIZXAZ,3,3
29726,POFHIE,1,1
29727,PUYDAR,1,1
29728,BOQKAU,1,1
29729,TUTMAY,1,1
29730,JAGWEX,1,1
29731,ESILOH,2,2
29732,TAWNOX,3,3
29733,HASMEV,3,3
29734,JOLWOY,2,2
29735,YIJFIK,1,1
29736,HAYXAG,1,1
29737,PALKAQ,3,3
29738,MOSWIC,2,2
29739,GUPMOT,2,2
29740,MUYKAV,1,1
29741,LASXIP,2,2
29742,XICQIJ,2,2
29743,HADBIA,3,3
29744,MUCXAL,1,1
29745,ZEQMOZ,3,3
29746,ADIPOV,3,3
29747,KEMHOA,1,1
29748,CIRPAU,2,2
29749,JODDIT,1,1
29750,SADHIS,1,1
29751,TOZTIL,3,3
29752,YEDMAW,2,2
29753,HIPRUT,3,3
29754,SUYDIA,3,3
29755,TUVLEC,3,3
29756,VOSDEP,3,3
29757,JOJSIK,1,1
29758,CICBEY,3,3
29759,DUZFIQ,1,1
29760,AJUMUP,2,2
29761,KIJJOD,2,2
29762,XAWTOI,1,1
29763,FIZDUQ,2,2
29764,TADZIH,1,1
29765,TERREN,3,3
29766,XOGCAA,1,1
29767,GIBZEY,3,3
29768,BOVPUY,3,3
29769,YIRSIE,3,3
29770,SIQLUA,2,2
29771,LEBNOX,3,3
29772,TUZSIS,2,2
29773,YIVFOY,2,2
29774,CIYFEY,1,1
29775,HACPUX,2,2
29776,MIBLOC,1,1
29777,QICYAD,3,3
29778,TUKVOM,2,2
29779,DUCPIB,3,3
29780,GAGCIE,1,1
29781,JENJIY,2,2
29782,TULQIB,2,2
29783,FUVGEJ,2,2
29784,FOPHUP,3,3
29785,QUNBEG,2,2
29786,MUSNAS,1,1
29787,UNEJAY,2,2
29788,YEDJEY,3,3
29789,KAYVEO,2,2
29790,VIFMAB,3,3
29791,PUMNOD,1,1
29792,IFEDED,3,3
29793,BIXREI,3,3
29794,VIBVIM,2,2
29795,DAKKOT,1,1
29796,BEVLUK,3,3
29797,DUBVUU,1,1
29798,KICHUD,1,1
29799,FIJGOX,2,2
29800,HEKBOS,1,1
29801,KEMVEF,1,1
29802,REYZUQ,1,1
29803,UCECIP,2,2
29804,FOTFEA,1,1
29805,CEKSAP,1,1
29806,TEWMIR,2,2
29807,BIHCAX,1,1
29808,UJOBIE,1,1
29809,ZIDQAG,3,3
29810,YIBKEA,2,2
29811,QASYEO,2,2
29812,KUMJAE,2,2
29813,KASTAD,1,1
29814,KASZOW,3,3
29815,ZOGJAG,1,1
29816,SOWSOP,3,3
29817,TEGKOF,1,1
29818,LEQDAP,1,1
29819,MUCQIN,1,1
29820,TIPXIZ,3,3
29821,HAZCIV,2,2
29822,CEMYIF,2,2
29823,DOCGOV,1,1
29824,JAWQAD,1,1
29825,ZOVVIP,2,2
29826,IBIQET,1,1
29827,IBUHOG,1,1
29828,UDUYOJ,2,2
29829,ABAXUX,3,3
29830,FUDPAX,1,1
29831,QEGWIJ,2,2
29832,SEJKOK,2,2
29833,BAXDAJ,1,1
29834,COFCIL,3,3
29835,LULWUK,2,2
29836,HEXFOH,2,2
29837,ZIBKOM,3,3
29838,GUKHUR,3,3
29839,JISLIK,1,1
29840,CAPWEX,3,3
29841,MOXXAY,2,2
29842,VOTTAZ,2,2
29843,KOFKAU,2,2
29844,YAPZAS,3,3
29845,JETWEO,1,1
29846,RELXIT,1,1
29847,PAQFIZ,3,3
29848,KEQQEE,1,1
29849,WOWVEJ,2,2
29850,LOGCOZ,2,2
29851,FUNNUX,3,3
29852,INIJIY,3,3
29853,YOJVEY,2,2
29854,PAJXEF,2,2
29855,BUWXAS,3,3
29856,WAVFUX,1,1
29857,FABKEC,1,1
29858,IRAWOO,3,3
29859,TUZJEE,2,2
29860,HUQJOS,3,3
29861,BAKLUY,1,1
29862,SOMGIL,1,1
29863,AJIVEX,1,1
29864,RECLIV,2,2
29865,EKOGUJ,1,1
29866,NAKVUR,2,2
29867,WUYHIK,1,1
29868,LAXLUU,3,3
29869,TAZRAP,2,2
29870,BANVEU,1,1
29871,DEDREJ,1,1
29872,MIRSEL,1,1
29873,YUTLUW,3,3
29874,NICDUY,1,1
29875,WODYUM,2,2
29876,KIMMIF,2,2
29877,JUCSOS,1,1
29878,NOMMUX,3,3
29879,LIHPAU,3,3
29880,WAKGIA,1,1
29881,SERYIY,3,3
29882,KARPEZ,2,2
29883,XOVHIA,1,1
29884,KIBYID,1,1
29885,VEQWOF,3,3
29886,DEKFEH,2,2
29887,TOFCOI,3,3
29888,LIMQEF,1,1
29889,RAMQED,2,2
29890,MAVGEV,1,1
29891,HEZYAO,2,2
29892,WAYGOV,2,2
29893,BODKEN,3,3
29894,NETLEH,1,1
29895,BUXWUN,3,3
29896,PULDEI,1,1
29897,NAXWIT,3,3
29898,SEYVAT,2,2
29899,XUDMUE,2,2
29900,XANLAD,1,1
29901,YOSYIQ,2,2
29902,QETDIF,3,3
29903,JEBRAJ,2,2
29904,EBEZET,3,3
29905,ZATZUP,3,3
29906,GOBCAD,3,3
29907,UCUPUH,1,1
29908,NAXPOR,2,2
29909,GULJOM,2,2
29910,MEQMIH,3,3
29911,ECURUP,3,3
29912,QIGKAS,1,1
29913,CODRIX,3,3
29914,WOGWEU,1,1
29915,KAJBAZ,3,3
29916,ELEKOW,3,3
29917,NUPLOB,1,1
29918,AMAGIF,2,2
29919,VEKCIZ,3,3
29920,GOCLUF,3,3
29921,BINPEU,2,2
29922,FIYJED,3,3
29923,MUDCUM,1,1
29924,ICIDED,3,3
29925,HIBYAW,1,1
29926,FANJAF,2,2
29927,AJENOT,2,2
29928,IKUKIK,3,3
29929,SEZZIH,3,3
29930,EKABIE,1,1
29931,ZACNOJ,3,3
29932,ECOZAX,3,3
29933,KUYWOS,3,3
29934,OLUWUN,2,2
29935,KOTLAI,3,3
29936,HAYQIH,2,2
29937,XUVHOO,1,1
29938,LIJHIY,2,2
29939,QEWDUR,3,3
29940,HUVDAD,1,1
29941,DUXPOC,2,2
29942,KEFNOC,1,1
29943,HECHEE,2,2
29944,CSINIB,3,3
29945,JOWYEC,2,2
29946,PIVPOB,1,1
29947,PIXRUK,3,3
29948,XIDFIC,2,2
29949,QOKSAK,2,2
29950,HEDTUG,2,2
29951,CAXTED,3,3
29952,IHEWUQ,1,1
29953,MILBAO,1,1
29954,OWEHAA,3,3
29955,CINGEO,2,2
29956,EQIQIF,3,3
29957,PIWZEB,3,3
29958,QUWJOI,3,3
29959,EKAPUB,3,3
29960,XESRIY,3,3
29961,PUDNOR,2,2
29962,XENFOL,3,3
29963,TOSQUP,1,1
29964,BUXBOO,1,1
29965,BOLVOO,3,3
29966,IJOSAC,3,3
29967,DIDLUZ,2,2
29968,DUXWIE,2,2
29969,YECSIK,3,3
29970,IQAZUV,2,2
29971,TUTDIV,2,2
29972,GIWDIZ,1,1
29973,DOFTUP,3,3
29974,HIGFOT,3,3
29975,GIRPUW,1,1
29976,NIVXAS,1,1
29977,UFIQUW,3,3
29978,MIPBEU,3,3
29979,TISMOB,1,1
29980,XECZAI,3,3
29981,SAWRAJ,1,1
29982,YESBOR,1,1
29983,COKXAB,3,3
29984,INIDEO,3,3
29985,ODABUQ,3,3
29986,ITAGAO,1,1
29987,AVOGUQ,1,1
29988,XIGQUZ,2,2
29989,GECPUC,1,1
29990,YIDQIN,3,3
29991,PURNUO,1,1
29992,UMEBEU,3,3
29993,NECCIH,3,3
29994,DUDYAD,2,2
29995,MOWWUS,2,2
29996,ADAMEZ,2,2
29997,RUJYEA,1,1
29998,XADNEX,3,3
29999,HIQFUI,2,2
30000,IGEXOI,2,2
30001,CAPNIT,3,3
30002,IHORUT,1,1
30003,AYEZOV,2,2
30004,WEFQIL,1,1
30005,YEJZAR,2,2
30006,EJOGOA,3,3
30007,ICAGEB,2,2
30008,ZEGZUG,2,2
30009,BEHZUK,2,2
30010,XIKWUK,2,2
30011,FELVIF,1,1
30012,HAVWUZ,2,2
30013,TUDLAF,2,2
30014,COSJEB,3,3
30015,XUKREA,2,2
30016,MORSOB,3,3
30017,BIDRAI,2,2
30018,DEFJON,3,3
30019,ZUXHEF,1,1
30020,LARRAB,1,1
30021,RETJOQ,2,2
30022,SAJVAC,3,3
30023,MIGHUH,1,1
30024,EYEHEV,3,3
30025,WEHTUC,1,1
30026,WUVBAQ,1,1
30027,YABQUP,3,3
30028,NUWKIZ,2,2
30029,YOZWEQ,1,1
30030,NICXEE,2,2
30031,OWOTOM,1,1
30032,WAQJAC,2,2
30033,BEKTES,2,2
30034,MATQAA,2,2
30035,DETJIY,1,1
30036,AJIFAA,2,2
30037,FEZJAX,1,1
30038,XARPUB,3,3
30039,SUZSUB,2,2
30040,XIDHEX,1,1
30041,MEJSEC,3,3
30042,FELHAI,2,2
30043,ADUNAQ,3,3
30044,KIRVEM,3,3
30045,JAWFAD,2,2
30046,HIJJER,3,3
30047,XOXXOX,3,3
30048,KAGPAL,1,1
30049,CAQSAQ,3,3
30050,WEGBOZ,2,2
30051,FIGLAJ,1,1
30052,ZUJHAN,1,1
30053,DOHFIR,3,3
30054,FOZQES,3,3
30055,SOMWOJ,3,3
30056,ODAGIL,1,1
30057,VIHZAP,3,3
30058,PUYJOL,1,1
30059,SONROC,2,2
30060,SOQYEC,3,3
30061,DIHVEW,1,1
30062,UGOPUD,3,3
30063,ILIYAD,1,1
30064,BELDAY,3,3
30065,XOMQAS,2,2
30066,PIDPIB,2,2
30067,BAWPAR,3,3
30068,PUBXUG,3,3
30069,XAHXAJ,1,1
30070,IHIZEF,2,2
30071,ODISIG,3,3
30072,OCUMUW,3,3
30073,NADYAU,2,2
30074,ILATOF,1,1
30075,FEJROC,2,2
30076,LEFBEH,1,1
30077,GELHAI,3,3
30078,TULHEN,2,2
30079,TARVEO,1,1
30080,IDEYAU,3,3
30081,IHEKEM,3,3
30082,VEWDIN,3,3
30083,EREVEC,3,3
30084,QOWXUW,3,3
30085,AFUSEZ,3,3
30086,OSIFUT,2,2
30087,ALLPMN,2,2
30088,LIGHUH,3,3
30089,ICITAP,3,3
30090,DEBMUU,3,3
30091,MEFKOB,1,1
30092,ASUPAG,3,3
30093,MASSUX,3,3
30094,ZEHBOF,3,3
30095,JUMJOT,1,1
30096,VOFCIF,3,3
30097,BAGDUJ,2,2
30098,WABWAZ,3,3
30099,KUVJIX,1,1
30100,LISYAP,3,3
30101,ZIXVOU,3,3
30102,KOZREW,2,2
30103,GIVPEI,2,2
30104,FULSOX,1,1
30105,TOPZUV,2,2
30106,MEKBUZ,2,2
30107,ZIFGII,1,1
30108,SANFUI,2,2
30109,PAFPEU,3,3
30110,DIJNAO,3,3
30111,JOVJOV,2,2
30112,VUZDOK,3,3
30113,YEQDAZ,2,2
30114,KERZEN,3,3
30115,UCIYUD,2,2
30116,HIRXOY,1,1
30117,TIJBOD,2,2
30118,ECIPEM,2,2
30119,OVURAA,3,3
30120,XECDER,3,3
30121,QELVAE,3,3
30122,MUBREJ,1,1
30123,YIPRAQ,2,2
30124,BEYTOP,3,3
30125,YAWCAB,3,3
30126,MAQPIF,3,3
30127,REYVOH,2,2
30128,FOYZEB,1,1
30129,UGUMUF,1,1
30130,FUHXAK,1,1
30131,EJANIM,2,2
30132,RULTEZ,3,3
30133,MURZOR,1,1
30134,TANFIB,1,1
30135,KIYWOG,3,3
30136,NOFPON,2,2
30137,KICSOG,3,3
30138,SACFIO,1,1
30139,KARNAV,2,2
30140,SEZMEQ,2,2
30141,BIFTOA,1,1
30142,FUGBOZ,3,3
30143,HOZGUZ,3,3
30144,WUZDOK,1,1
30145,FONLEC,1,1
30146,YUDXAX,2,2
30147,XATXID,1,1
30148,WOHZEB,2,2
30149,BEDYES,1,1
30150,EPEKOC,1,1
30151,JUQZOM,3,3
30152,FIPCAI,2,2
30153,YOHBUS,1,1
30154,BANDUQ,3,3
30155,OLOQAI,3,3
30156,NASHIY,2,2
30157,LABMEK,1,1
30158,WULFOZ,3,3
30159,CAMDIE,2,2
30160,APICUY,3,3
30161,MAZSUC,3,3
30162,ROYCEP,2,2
30163,SETZEY,2,2
30164,GOMYAI,3,3
30165,UQUZIR,2,2
30166,EGITEV,3,3
30167,CEBZEP,1,1
30168,CEGBOJ,1,1
30169,GUBQUQ,3,3
30170,NAGBEG,1,1
30171,VOPSUP,2,2
30172,WEDKUP,1,1
30173,VUNPIE,3,3
30174,TUMNUM,3,3
30175,WINGEH,3,3
30176,DURBAW,1,1
30177,YEJTAJ,2,2
30178,HEQXIM,3,3
30179,DARTIC,3,3
30180,LALSOI,3,3
30181,GEDBEY,3,3
30182,WAZBAC,3,3
30183,IWOQAP,1,1
30184,NUCDUM,2,2
30185,DADVIR,1,1
30186,SOKCAX,3,3
30187,HOGVOR,3,3
30188,ZEXDIR,2,2
30189,JILGOE,1,1
30190,WIXREC,2,2
30191,LOMXIV,2,2
30192,ENAZOJ,3,3
30193,BAHKAZ,2,2
30194,HEXJUQ,3,3
30195,SUKDAG,1,1
30196,GAJHIK,1,1
30197,EYAZIO,2,2
30198,NAGKOZ,1,1
30199,WUVKEG,1,1
30200,BAKBUL,3,3
30201,FAMQET,1,1
30202,HOBWII,1,1
30203,APUDUM,1,1
30204,ZUJXIN,2,2
30205,AGALEZ,2,2
30206,QUMWOK,1,1
30207,QOTSUQ,1,1
30208,WEZQAU,3,3
30209,XAFFET,1,1
30210,CISQUU,1,1
30211,GIPTAD,2,2
30212,WUPXAG,1,1
30213,ASIGEP,2,2
30214,XALSAE,2,2
30215,GATWAD,1,1
30216,OBOGOD,3,3
30217,BOCLOU,2,2
30218,UDETUV,3,3
30219,YOPKEV,3,3
30220,OCUTUB,1,1
30221,VUQLAW,3,3
30222,TEKCOB,3,3
30223,MIVVIX,2,2
30224,TUBVAP,2,2
30225,ACUGUB,1,1
30226,YAXWAW,1,1
30227,DIBZAS,1,1
30228,IPADIN,2,2
30229,BEBQUV,2,2
30230,QUGGUX,1,1
30231,OJOXAM,2,2
30232,QASNIL,1,1
30233,JAFCIF,3,3
30234,HOBGOU,2,2
30235,YEGXIS,2,2
30236,NARKID,2,2
30237,KAMKER,3,3
30238,GIKCEM,1,1
30239,KULGAZ,3,3
30240,LELPIC,3,3
30241,XUDQIZ,1,1
30242,NEDTEX,2,2
30243,WEDGAO,2,2
30244,ZIQCUX,1,1
30245,BEBFUL,2,2
30246,DOPSEH,1,1
30247,SELXEM,3,3
30248,PEJBAK,3,3
30249,HASHUE,3,3
30250,TEKZAK,3,3
30251,XAHXOV,3,3
30252,IWECAO,2,2
30253,YISNOF,2,2
30254,QUQRUS,1,1
30255,BUTZIZ,2,2
30256,VUPVOT,3,3
30257,YEMZOG,1,1
30258,BUWFEE,3,3
30259,APORIJ,1,1
30260,PUMYAX,3,3
30261,EBECEV,3,3
30262,YAFFET,2,2
30263,MATHAT,2,2
30264,AFIMEL,1,1
30265,XIWKOF,2,2
30266,YUMHEW,1,1
30267,NOYBIO,3,3
30268,TULXOQ,1,1
30269,VITZII,1,1
30270,YIJZUN,2,2
30271,AFIZEV,2,2
30272,TEQRUC,3,3
30273,MOBBEO,1,1
30274,BALWOD,2,2
30275,GANCEG,1,1
30276,NOWLEQ,3,3
30277,OJOTUE,3,3
30278,XAGNUO,3,3
30279,NIQFEA,2,2
30280,LURTAV,3,3
30281,AJEPIP,2,2
30282,YEJMOT,1,1
30283,EFUQEE,3,3
30284,LIGJAO,1,1
30285,AKIMEP,1,1
30286,KODTAY,3,3
30287,JOJJID,3,3
30288,QIZVAX,3,3
30289,BAGFOF,2,2
30290,ICUCIS,3,3
30291,OLUKIQ,3,3
30292,HEZYOD,3,3
30293,RUSVEG,1,1
30294,LUCHIA,3,3
30295,EHINEO,3,3
30296,IGEXAU,2,2
30297,COCKIS,1,1
30298,TURNOK,2,2
30299,HANYOM,1,1
30300,RUZQAE,3,3
30301,ZACGIT,3,3
30302,XUJVON,3,3
30303,GOHDUF,3,3
30304,FETTEF,1,1
30305,KAFCIF,3,3
30306,WECKUN,3,3
30307,SIBCIR,2,2
30308,HABFAU,3,3
30309,XAJNII,3,3
30310,KUVTUR,3,3
30311,SOYQOM,3,3
30312,GEFXAT,3,3
30313,KIMFAQ,1,1
30314,HEFPUF,3,3
30315,OMAFOX,1,1
30316,IWUGIR,2,2
30317,HUTYOL,2,2
30318,ECUGUH,2,2
30319,RAPWEO,1,1
30320,SEKSAG,1,1
30321,SINYOE,1,1
30322,PEFSUR,1,1
30323,MOSPUF,1,1
30324,UWUFEZ,1,1
30325,GOTCAW,1,1
30326,EGUVOR,2,2
30327,YEDHEV,2,2
30328,TAHWAC,2,2
30329,WAWLEL,2,2
30330,WODGED,3,3
30331,FIBVIZ,1,1
30332,FUJRAE,1,1
30333,POSCEI,1,1
30334,AHIGOO,3,3
30335,PEDYAY,3,3
30336,NOHKOK,2,2
30337,KEKGAI,2,2
30338,UXAHAE,3,3
30339,WIVYAE,1,1
30340,TIPCEC,2,2
30341,TUYDOI,1,1
30342,HELWOO,1,1
30343,JUVXAZ,2,2
30344,BEBXIQ,2,2
30345,IPAMUI,2,2
30346,CIJPAN,3,3
30347,VIDYEM,3,3
30348,GACTOV,3,3
30349,IWOJAG,3,3
30350,CANSAN,2,2
30351,RICKOD,2,2
30352,VICRUU,1,1
30353,DERREY,3,3
30354,XOVJIC,3,3
30355,LOLNEG,3,3
30356,YOVXUD,2,2
30357,QAKPOI,2,2
30358,EDIPAM,1,1
30359,KOKLAA,3,3
30360,SICBEN,2,2
30361,YIPYEE,2,2
30362,RUMPUL,1,1
30363,DIBHIF,3,3
30364,SAHLIZ,3,3
30365,VUKMIX,2,2
30366,ELOLOG,2,2
30367,AZIFOG,3,3
30368,FAVCIR,2,2
30369,FITFUL,1,1
30370,LUXTIK,1,1
30371,LILGET,1,1
30372,FERPUN,1,1
30373,BEHZOE,2,2
30374,OSALEA,2,2
30375,XUDTAU,1,1
30376,VIRBIJ,2,2
30377,NIDCIO,3,3
30378,GOKXOT,3,3
30379,QUWQAB,2,2
30380,RIVNUG,1,1
30381,VILDOL,3,3
30382,QAMTIL,1,1
30383,GIGBUW,2,2
30384,WAQXEU,3,3
30385,SUGNAL,2,2
30386,YOWLUT,2,2
30387,CAKKIK,3,3
30388,FUSTEU,3,3
30389,JUVTUR,3,3
30390,LEJFEL,1,1
30391,HIVVIR,2,2
30392,OGUPAK,1,1
30393,MOZGUG,1,1
30394,GAMTOD,2,2
30395,JONQUY,2,2
30396,BARSET,1,1
30397,CAXVEF,3,3
30398,YOVJIC,1,1
30399,AKOBEI,2,2
30400,UCEXEI,3,3
30401,JEGHIM,2,2
30402,QASBIV,2,2
30403,XIVSOL,2,2
30404,XEGFUN,3,3
30405,SEMNIK,3,3
30406,XIRFIP,3,3
30407,CUJYEL,3,3
30408,REDYIJ,2,2
30409,NABCUQ,3,3
30410,BOLDIQ,3,3
30411,YUTKIH,2,2
30412,RARFEV,1,1
30413,FIYQIP,3,3
30414,FUHTAF,3,3
30415,WOWHUN,3,3
30416,XEDCUG,3,3
30417,ETETOO,3,3
30418,CONRON,1,1
30419,REKMIH,1,1
30420,EKANEK,3,3
30421,UVIDAG,2,2
30422,YISLAO,3,3
30423,YEXDUD,1,1
30424,ELOKIA,3,3
30425,QAXCOH,3,3
30426,KASZUC,3,3
30427,YORHOE,2,2
30428,JEFKIP,3,3
30429,REJYIO,2,2
30430,CUVBUS,3,3
30431,PIXROE,3,3
30432,XANGID,3,3
30433,WUNYUB,3,3
30434,WUZHOQ,1,1
30435,XOPPEA,1,1
30436,MATSAC,3,3
30437,RUTMEY,3,3
30438,SERKOP,2,2
30439,PIMBOG,1,1
30440,REBJOB,1,1
30441,AXIBER,1,1
30442,MASMIE,2,2
30443,RIYHIU,1,1
30444,MODSOQ,3,3
30445,OCOYIR,3,3
30446,JAHXIC,3,3
30447,VEZSOK,1,1
30448,GICROA,2,2
30449,FORNOP,2,2
30450,SURNEZ,2,2
30451,ONOGAA,1,1
30452,LICCAB,2,2
30453,CEVLOH,3,3
30454,AMIQIX,3,3
30455,SUQWUX,3,3
30456,OWEQUF,1,1
30457,NUJMIQ,3,3
30458,RURWIL,2,2
30459,KEWLUU,2,2
30460,VUBJOR,3,3
30461,MECHIL,2,2
30462,RODKEC,2,2
30463,EQELET,1,1
30464,SUYHEB,3,3
30465,OXIFEH,3,3
30466,ZAFHUN,1,1
30467,QAVSIQ,2,2
30468,SASKIG,2,2
30469,WIHVOA,1,1
30470,DURWOD,3,3
30471,HEVDOB,2,2
30472,FAQQUK,2,2
30473,LUKYAR,2,2
30474,QIXGUD,1,1
30475,UJEKEC,1,1
30476,GEXNAY,1,1
30477,AXEMOI,1,1
30478,LODSOQ,1,1
30479,JOZNAN,2,2
30480,ICEGAY,3,3
30481,YORXIN,3,3
30482,UBAFIO,3,3
30483,BOLMAS,2,2
30484,VILSOA,1,1
30485,POPVAT,2,2
30486,QAPWOT,2,2
30487,DERKIX,2,2
30488,HIJCUA,2,2
30489,SEKCES,3,3
30490,DAGFEW,3,3
30491,WEMGUQ,3,3
30492,ROZTOS,1,1
30493,ZOFLEL,2,2
30494,YADPUQ,3,3
30495,HIHGOY,1,1
30496,MAGYOK,3,3
30497,ESEXIJ,1,1
30498,DIYVEM,3,3
30499,ISUJAK,1,1
30500,FONPAZ,3,3
30501,YOPPEA,3,3
30502,FIRGOC,2,2
30503,RABNOY,1,1
30504,CUZHAJ,1,1
30505,JIXHIK,2,2
30506,QIGRUT,1,1
30507,IGOHOC,3,3
30508,VELSUA,3,3
30509,HAVPIE,3,3
30510,ZICTEO,1,1
30511,FEGKEJ,2,2
30512,JINJIZ,2,2
30513,YIZKEZ,3,3
30514,VEZQUP,1,1
30515,RASKIG,1,1
30516,TUWSOV,3,3
30517,YUSLOP,2,2
30518,CIFQEQ,1,1
30519,VIQWOH,3,3
30520,BAVJUH,1,1
30521,KEBNIP,3,3
30522,AWOLEE,3,3
30523,PAJQUO,3,3
30524,ZANGAW,2,2
30525,WAMQIM,3,3
30526,LIMZOY,2,2
30527,ABOXOI,1,1
30528,LAPXOP,2,2
30529,QOVKIX,3,3
30530,ZOMJET,3,3
30531,JAMYOO,2,2
30532,INUVET,2,2
30533,LEJMUJ,3,3
30534,GUHSEH,2,2
30535,OVOZOP,3,3
30536,ECAMUU,1,1
30537,NIMTEM,1,1
30538,KEDFUV,3,3
30539,BIFXAP,3,3
30540,VOYMEB,1,1
30541,AREQAP,3,3
30542,OBUQIM,3,3
30543,YIPGAI,1,1
30544,ITIDUL,3,3
30545,QEKJIA,1,1
30546,PEJWAD,3,3
30547,JEKWII,3,3
30548,MOYGEP,1,1
30549,PIVKOU,1,1
30550,UYULUW,1,1
30551,VUSDUI,3,3
30552,JUFNON,2,2
30553,XOYBUI,2,2
30554,YOGVOH,3,3
30555,DORNIH,2,2
30556,RUWHID,1,1
30557,BOKTAX,3,3
30558,LOSBEB,3,3
30559,BABBOY,1,1
30560,TERWOD,1,1
30561,TIKJEF,2,2
30562,QOHZAO,3,3
30563,QAXCAT,2,2
30564,ACURUM,2,2
30565,NEWBAU,3,3
30566,GAWYIM,1,1
30567,DUJKIC,2,2
30568,JIKPUO,1,1
30569,ZEHYAM,1,1
30570,SARQIO,2,2
30571,BILQUJ,3,3
30572,GASKIW,3,3
30573,NISBEW,2,2
30574,ODOYUC,3,3
30575,NOXSOL,1,1
30576,MAHZAX,3,3
30577,IGIGUC,2,2
30578,SUXREJ,3,3
30579,BOSFEX,3,3
30580,BOJGEQ,1,1
30581,MEFGOX,1,1
30582,YEJMUZ,1,1
30583,FEFXOH,1,1
30584,VUCPOZ,2,2
30585,RENKEA,3,3
30586,AGUDIQ,2,2
30587,FUZSOK,3,3
30588,UPOYOQ,1,1
30589,JESPUW,1,1
30590,FOCWUQ,1,1
30591,ZUBGAE,1,1
30592,OREBAP,3,3
30593,GAMZOK,2,2
30594,MADROZ,1,1
30595,VAPRAI,2,2
30596,SATLAC,3,3
30597,VEGYOZ,1,1
30598,DIPDUE,3,3
30599,DIXLEE,2,2
30600,FAWYIM,3,3
30601,VAKNUQ,2,2
30602,MOMHUS,1,1
30603,AGEBOE,3,3
30604,WAHNIE,2,2
30605,FIFJIO,3,3
30606,QIWJUD,3,3
30607,RERGUS,3,3
30608,POHCOF,2,2
30609,CIKFUY,3,3
30610,HAQPEX,3,3
30611,PAXTAN,1,1
30612,EFELOR,2,2
30613,QIGYIQ,1,1
30614,PAWYOE,3,3
30615,EZELAZ,1,1
30616,SUPVAB,2,2
30617,XAWXOI,1,1
30618,MOVMOB,2,2
30619,WADHIT,2,2
30620,MAHVUP,3,3
30621,BOCPEP,3,3
30622,KAKVUO,2,2
30623,WIHHIE,2,2
30624,SUNYOQ,3,3
30625,GUKVIU,1,1
30626,BAJHEB,3,3
30627,IQASIF,1,1
30628,ZIQCOV,1,1
30629,ERIBOX,1,1
30630,ZEKLEG,3,3
30631,POBSUU,1,1
30632,OXORIE,3,3
30633,PERLON,1,1
30634,ZELPUE,3,3
30635,GOMBOB,1,1
30636,CUWMOZ,1,1
30637,CATGIN,2,2
30638,BESTIF,2,2
30639,PULCUU,3,3
30640,OLOSAK,2,2
30641,DEDBUL,2,2
30642,IZIWET,1,1
30643,UNIWAR,3,3
30644,ZUZLIS,1,1
30645,YEJHIG,1,1
30646,YUDZAZ,2,2
30647,DEQRUN,2,2
30648,BASGIP,1,1
30649,SEYJEM,3,3
30650,QUYXEQ,1,1
30651,JIFNAQ,1,1
30652,KUFPEI,3,3
30653,HUNFUU,1,1
30654,NERTEK,1,1
30655,QAMSAA,3,3
30656,SEDRUO,1,1
30657,MIGHAM,2,2
30658,SOTCAG,3,3
30659,TAJQOK,2,2
30660,VIQWAT,3,3
30661,DITTOS,3,3
30662,ZOBGEC,3,3
30663,YEDHIB,2,2
30664,TALLEX,1,1
30665,XUYPOW,3,3
30666,BEVLAT,1,1
30667,LEQQON,1,1
30668,REVNAL,1,1
30669,DIBVOB,3,3
30670,XOXTOU,3,3
30671,QOHMAB,1,1
30672,KEJCIN,2,2
30673,QIQBEA,2,2
30674,JILGUK,1,1
30675,GAYKUO,2,2
30676,FEJGAG,1,1
30677,DAKNEI,3,3
30678,XORDUF,3,3
30679,MIQTIS,2,2
30680,YOKWIH,2,2
30681,IWADAM,3,3
30682,SODYUG,3,3
30683,WUSHAV,3,3
30684,DEVPOK,3,3
30685,XONQIB,3,3
30686,KIJSUR,1,1
30687,BIMGOV,1,1
30688,LIVZEV,3,3
30689,ZEPWUQ,1,1
30690,JABDID,1,1
30691,JOHNIE,1,1
30692,ZAJLAX,1,1
30693,PUPDUA,3,3
30694,EFOYIK,1,1
30695,NILGAS,1,1
30696,MEDCUW,2,2
30697,DAPGIO,1,1
30698,XEBLOG,3,3
30699,TURNUR,2,2
30700,BECBIY,1,1
30701,ZUWLUB,1,1
30702,PIXLIV,1,1
30703,IHIXIG,2,2
30704,UCEHOA,2,2
30705,DOYQEQ,1,1
30706,GIZZIA,2,2
30707,ITAROK,3,3
30708,FIMKOF,1,1
30709,CINRIC,2,2
30710,ZAMKEH,1,1
30711,NEXFEC,2,2
30712,DEZTUA,2,2
30713,DIWXEP,3,3
30714,EHILEM,1,1
30715,WEGPEG,1,1
30716,ICERUD,1,1
30717,LEWKAD,1,1
30718,OHERAU,3,3
30719,TIJBUJ,2,2
30720,SEVNAL,2,2
30721,AGELAA,3,3
30722,JONSAI,2,2
30723,OFIKET,2,2
30724,XORHAN,2,2
30725,ZIMFUY,3,3
30726,LUYNIC,3,3
30727,OBAKAG,3,3
30728,QECGEK,2,2
30729,VEKFAU,3,3
30730,YAKFAT,3,3
30731,IMEXIJ,3,3
30732,VEPZUM,2,2
30733,ECIKIN,2,2
30734,BIDGOM,3,3
30735,HORCIC,1,1
30736,CEKFON,3,3
30737,TENWIV,2,2
30738,WOHXEW,2,2
30739,EFIMIR,3,3
30740,TEYXEA,1,1
30741,VADFEO,3,3
30742,DOMRAZ,3,3
30743,TEQPUA,2,2
30744,QUKXAY,1,1
30745,COCYOM,1,1
30746,YIJXUL,1,1
30747,NATCAP,2,2
30748,ZARPIT,2,2
30749,LUWKUL,2,2
30750,TULZOS,1,1
30751,XOQSIH,3,3
30752,USIWUQ,3,3
30753,HOZGOT,3,3
30754,ROBHIC,2,2
30755,OYEKAH,1,1
30756,ENIBAG,3,3
30757,YAXNUG,2,2
30758,ZAJKEA,3,3
30759,QOFTOY,1,1
30760,GIRYIP,2,2
30761,GOZVUO,2,2
30762,SOMNUF,3,3
30763,YODFUW,1,1
30764,WEJKOL,3,3
30765,LEKWUU,2,2
30766,IZODAC,3,3
30767,IMAPUI,2,2
30768,GANYAX,2,2
30769,WIDTUZ,3,3
30770,VANKEC,2,2
30771,VAMYEP,3,3
30772,VOGSEQ,2,2
30773,ZIWFAO,3,3
30774,GAMKAK,1,1
30775,HIGBOP,2,2
30776,KUVWII,1,1
30777,NERWUD,2,2
30778,DIJDAD,3,3
30779,RIBWAA,1,1
30780,YECWIO,3,3
30781,JINRAD,1,1
30782,MUJLEJ,2,2
30783,OBOCAK,2,2
30784,PUQZOT,1,1
30785,BUKKEZ,2,2
30786,AGULIX,1,1
30787,GIRCUI,2,2
30788,IMUXAS,1,1
30789,CEPYIF,3,3
30790,PAQBIS,1,1
30791,WELPIM,2,2
30792,YALBUK,1,1
30793,FEJFIL,3,3
30794,CEPPAS,1,1
30795,JEZTAM,3,3
30796,MUZCIT,1,1
30797,TUDXEV,2,2
30798,AREYAY,1,1
30799,VIZPIG,3,3
30800,KEJBAE,3,3
30801,TEMCEW,3,3
30802,VIHGOJ,2,2
30803,SUTWUC,1,1
30804,SIVJOZ,2,2
30805,POJJIJ,2,2
30806,OJUVAQ,3,3
30807,LETVEP,1,1
30808,LIWXOH,2,2
30809,RIFKOH,3,3
30810,BOFBUX,1,1
30811,IPEBAG,3,3
30812,VENHAA,3,3
30813,TAJYOU,3,3
30814,ZATKOU,3,3
30815,JIJWAD,3,3
30816,OCUBEU,2,2
30817,ZIPFAF,2,2
30818,RIWNIV,3,3
30819,TIRCEF,3,3
30820,BEZLOH,2,2
30821,NILFIX,3,3
30822,TEVJIQ,3,3
30823,PULPAN,3,3
30824,KIKJIA,3,3
30825,MUZTIN,1,1
30826,CORCIW,3,3
30827,ALAXES,2,2
30828,QEWBOM,3,3
30829,SIBNOH,3,3
30830,WIXDUC,3,3
30831,PEPWUE,2,2
30832,CIBLOP,1,1
30833,QIYPIX,2,2
30834,BINCEK,1,1
30835,UTERUJ,1,1
30836,KEDBAW,2,2
30837,XUVYUJ,3,3
30838,YEBDOY,2,2
30839,GENCIL,2,2
30840,INIKUM,3,3
30841,AXUDAY,3,3
30842,BAYCAI,2,2
30843,COGDIO,2,2
30844,EYUSOG,1,1
30845,SIBYOR,2,2
30846,YEKMEH,3,3
30847,KIWDAW,3,3
30848,KELHIS,2,2
30849,LULQOY,3,3
30850,RENDAQ,2,2
30851,ISIKAY,3,3
30852,LAQSAX,3,3
30853,YENRIT,2,2
30854,ABISAH,2,2
30855,YUWMUZ,3,3
30856,WATSUH,1,1
30857,FAWQID,2,2
30858,HAYGUK,1,1
30859,WAPJEC,2,2
30860,FAPVOK,3,3
30861,WAJNEC,2,2
30862,WOQMUK,3,3
30863,YUBJUB,3,3
30864,RUHBIG,3,3
30865,LAMXUS,2,2
30866,HAKKEK,3,3
30867,NUKFEF,1,1
30868,ACEYNI,3,3
30869,ZEYTEE,3,3
30870,DOVZEW,1,1
30871,QAHJAO,1,1
30872,UDOPEI,3,3
30873,XUWHIG,2,2
30874,ZOHJEO,3,3
30875,LOYXEC,3,3
30876,XUSSAH,2,2
30877,NOLHOM,3,3
30878,PEWWUL,2,2
30879,IFEGAC,3,3
30880,EVUKUE,1,1
30881,SEDFEM,3,3
30882,KIWCEY,2,2
30883,KIHHOY,1,1
30884,KIHFAJ,1,1
30885,SOVJET,1,1
30886,OWUJEY,1,1
30887,PAZZAS,3,3
30888,CAVYOO,1,1
30889,HARSIC,3,3
30890,MAQJOF,2,2
30891,USEKIN,1,1
30892,MIDLIX,3,3
30893,PIMZEQ,3,3
30894,ZOFJEJ,3,3
30895,OJOLII,3,3
30896,XADDIP,2,2
30897,QEXHEH,1,1
30898,MEHZUU,3,3
30899,FEJVOG,3,3
30900,NONWAP,2,2
30901,ISULAM,1,1
30902,JUPCIG,2,2
30903,ABEYUF,1,1
30904,YAQFUU,3,3
30905,HIPJEV,3,3
30906,HOPMII,1,1
30907,FECTUG,1,1
30908,XOBVAO,2,2
30909,UPURII,3,3
30910,UMIGAY,2,2
30911,TORDIN,2,2
30912,KILCAJ,3,3
30913,ALEMAG,3,3
30914,PIDTIF,2,2
30915,XEFVOT,2,2
30916,VEXDOT,3,3
30917,CISGEU,1,1
30918,KICNOA,1,1
30919,EDAYUE,2,2
30920,GOJTEE,3,3
30921,XAPRUE,3,3
30922,YIKDUU,2,2
30923,YEDWIQ,3,3
30924,QOCJIF,1,1
30925,SADRAU,1,1
30926,WIFWIS,3,3
30927,DEQVAX,3,3
30928,FOFLOD,3,3
30929,QAMLAR,3,3
30930,JOKDOC,1,1
30931,SAKHOD,1,1
30932,WAYJEO,1,1
30933,MEMPAW,3,3
30934,IBUBAJ,2,2
30935,KIRREI,2,2
30936,JALRAP,3,3
30937,DAHSAJ,1,1
30938,POZLOI,1,1
30939,MISDAV,2,2
30940,AZUGOU,1,1
30941,VUNMIC,3,3
30942,FEHWIB,2,2
30943,CINDAE,2,2
30944,ITUWEZ,3,3
30945,NANVOP,2,2
30946,LIXNUF,1,1
30947,MIRKUT,3,3
30948,AROBIS,1,1
30949,ENOYEN,3,3
30950,CIVJUN,1,1
30951,MAPYIP,1,1
30952,ZAXXUR,3,3
30953,UTUVIR,1,1
30954,CIBBAT,2,2
30955,CEJXUL,2,2
30956,KUSFIN,3,3
30957,RABJUD,1,1
30958,QALVOQ,3,3
30959,UBARUN,1,1
30960,VAZSUM,3,3
30961,UDITAD,2,2
30962,QOSKIT,1,1
30963,GEDHEE,2,2
30964,KUHSUC,2,2
30965,YULFAO,3,3
30966,DIQTAC,1,1
30967,RITYUO,2,2
30968,BONMAV,2,2
30969,ICOMIX,3,3
30970,GEQXEG,3,3
30971,TURJAS,3,3
30972,TEXCAA,3,3
30973,ASAPOZ,3,3
30974,KAJXIF,2,2
30975,WIDVOV,2,2
30976,CAWTAV,2,2
30977,SIVCEG,1,1
30978,CATHOV,3,3
30979,WEXDOT,2,2
30980,FUWGAG,3,3
30981,UJOVOG,2,2
30982,VEFPUU,2,2
30983,WOFYOF,1,1
30984,ALADUO,2,2
30985,XEVNAO,1,1
30986,CPDRUB,2,2
30987,NELDIT,3,3
30988,KUBSIL,1,1
30989,SUTRII,2,2
30990,HEVLAW,2,2
30991,QIQDID,2,2
30992,SODSOU,3,3
30993,ZUNRUX,2,2
30994,IKOBAM,3,3
30995,SAMKOG,2,2
30996,UZINAU,1,1
30997,DEFPIN,3,3
30998,KIVNEK,2,2
30999,ZOSMIF,2,2
31000,GUFPUU,3,3
31001,GEFNIR,3,3
31002,WOJHAF,1,1
31003,DIXJEC,2,2
31004,NITZOH,1,1
31005,IWUQAT,3,3
31006,GANLUE,3,3
31007,JOQPEK,1,1
31008,OQITOA,1,1
31009,BORCET,3,3
31010,EMULAZ,3,3
31011,KATGOB,2,2
31012,PADRER,2,2
31013,ZEBSIL,3,3
31014,WUNZEM,3,3
31015,BIKRIX,3,3
31016,SERSIR,1,1
31017,RUQMIA,1,1
31018,OSAJID,3,3
31019,TIYRIG,1,1
31020,QUVTOR,2,2
31021,HUTVIC,3,3
31022,DAFMEC,2,2
31023,SAKXEL,1,1
31024,TUDFAZ,2,2
31025,SOXSED,3,3
31026,DORMUS,2,2
31027,ZEDBUH,3,3
31028,DALXAR,3,3
31029,IFEYEX,1,1
31030,ZEJGIG,2,2
31031,COVXOD,1,1
31032,BAKCIB,3,3
31033,FEVHOF,2,2
31034,LETVIS,2,2
31035,BOJQAT,2,2
31036,KAPLAQ,3,3
31037,ECAPAA,2,2
31038,JOPMOQ,1,1
31039,OXUGIY,2,2
31040,WEFRAE,1,1
31041,OCOFIV,3,3
31042,WEFKOL,1,1
31043,DOMZOX,2,2
31044,BIMHEM,2,2
31045,JIQPOR,3,3
31046,VEJDEW,2,2
31047,FUJZAL,2,2
31048,TAFSUP,1,1
31049,TOXFAQ,1,1
31050,DUDZIM,2,2
31051,WILBAV,1,1
31052,JAXCUH,3,3
31053,DIDTIV,3,3
31054,KIWDOK,3,3
31055,BIPPUO,1,1
31056,BEFBIB,1,1
31057,REVFON,2,2
31058,AGOVOK,2,2
31059,KELHEP,2,2
31060,XUSMED,3,3
31061,JANMAQ,1,1
31062,LILSUV,1,1
31063,ZUDNUH,2,2
31064,EMUKEC,3,3
31065,KARDOA,1,1
31066,PONQOY,3,3
31067,TUJXIG,3,3
31068,ACIVIU,3,3
31069,EDIHEG,2,2
31070,DELBIF,2,2
31071,NASBEQ,2,2
31072,CAMYEW,3,3
31073,ZETCUZ,3,3
31074,QEGJIV,3,3
31075,UGAVAB,3,3
31076,LAQFUE,2,2
31077,QIZBEH,2,2
31078,TINTOZ,3,3
31079,KILCOA,3,3
31080,YEVNOD,3,3
31081,EJUWEM,3,3
31082,LATRIH,1,1
31083,OZOWEG,3,3
31084,HOYFUW,3,3
31085,LOFTEF,2,2
31086,TEVMAK,3,3
31087,GAMKOW,3,3
31088,EVACOT,2,2
31089,FUNSUD,1,1
31090,AZINON,1,1
31091,GICSEU,1,1
31092,FUWRUM,2,2
31093,DIWPIM,1,1
31094,TATVOZ,3,3
31095,REGSOL,2,2
31096,MALGIQ,2,2
31097,KAXCUH,1,1
31098,GIJTAW,3,3
31099,SUXTEL,2,2
31100,KAVXAH,2,2
31101,WAMPAF,1,1
31102,YASLOU,2,2
31103,TICXEK,3,3
31104,COCVEV,3,3
31105,GABQAF,1,1
31106,NOLSUC,2,2
31107,EWATUR,3,3
31108,DAPVID,1,1
31109,BUTNOU,2,2
31110,LAMMAN,2,2
31111,XIDKON,2,2
31112,PIDJOB,2,2
31113,EPEFEM,3,3
31114,ZUFZIL,2,2
31115,PEBRAS,2,2
31116,VUBWUM,2,2
31117,FISREG,2,2
31118,HOHHAP,3,3
31119,QEPBAO,3,3
31120,JEHQUL,3,3
31121,KEHCIK,2,2
31122,ZEVYEE,1,1
31123,VAPMOQ,2,2
31124,ZOPHIX,3,3
31125,MIPFIE,1,1
31126,FEHGAB,3,3
31127,ERERID,2,2
31128,RIFLEZ,2,2
31129,LIFVUS,2,2
31130,NAGMUE,3,3
31131,LOWXIE,1,1
31132,MAVZEP,3,3
31133,COGTAX,1,1
31134,LEZDUQ,3,3
31135,CUJXOX,1,1
31136,ZOJLIX,1,1
31137,UVOVOS,2,2
31138,TEMDOE,1,1
31139,EPULUY,2,2
31140,QIHKIB,3,3
31141,UWAZAU,3,3
31142,FOJZEJ,3,3
31143,XAPNIM,2,2
31144,DAHTIP,3,3
31145,HAXFAQ,3,3
31146,XUYTUJ,1,1
31147,IVOGEG,3,3
31148,POGVIS,2,2
31149,PIXZOL,1,1
31150,IHUWEN,2,2
31151,YUXKEK,1,1
31152,ITADIQ,2,2
31153,RITKEK,2,2
31154,JIBJEN,1,1
31155,DALFIJ,1,1
31156,ZEGLEG,1,1
31157,MYNBCO,2,2
31158,CODXID,3,3
31159,TEXSIA,3,3
31160,JOMNII,1,1
31161,JEYDUN,3,3
31162,XIHDEB,1,1
31163,YOYXES,1,1
31164,MENWUY,2,2
31165,FUJMAA,3,3
31166,KAPBOU,3,3
31167,YOCKEI,3,3
31168,ATIVOP,2,2
31169,TOGTEO,3,3
31170,MATBOC,1,1
31171,FEZWAI,1,1
31172,IYAMAX,3,3
31173,QUQTOL,3,3
31174,RICSIF,2,2
31175,WUFNEQ,3,3
31176,KUDGEV,1,1
31177,SONZUS,1,1
31178,EVIBUI,3,3
31179,RECCUZ,3,3
31180,HIXLUY,3,3
31181,LIBFOR,1,1
31182,UKUYII,3,3
31183,MAZLAB,1,1
31184,YONYEH,3,3
31185,UNABEQ,3,3
31186,SUDJIN,1,1
31187,PUZROT,3,3
31188,QUWPII,1,1
31189,MAKGIO,3,3
31190,GEQFAK,3,3
31191,YAQTEQ,2,2
31192,RODDAS,2,2
31193,TEBNEW,3,3
31194,BEVJAR,1,1
31195,SAFVUQ,1,1
31196,OXEXAS,3,3
31197,NIQKOO,3,3
31198,MEMPOK,3,3
31199,QAFZIJ,3,3
31200,IYUGOY,2,2
31201,XOXROS,2,2
31202,NAYYOD,2,2
31203,EBEYOB,1,1
31204,CINMES,2,2
31205,SUKWAY,3,3
31206,GUSLAH,2,2
31207,WESRES,3,3
31208,HINREC,3,3
31209,FILWAC,1,1
31210,VEVTEY,2,2
31211,ABIQUX,1,1
31212,ORUBEJ,3,3
31213,GAVNUQ,1,1
31214,KARCIP,2,2
31215,JUXPAV,2,2
31216,AQIYEF,3,3
31217,NEHJUF,2,2
31218,RIVFUY,2,2
31219,YUWXAP,3,3
31220,YOFZEY,2,2
31221,UGEDAO,1,1
31222,LUQYUS,2,2
31223,KASYEL,3,3
31224,FEJXOH,2,2
31225,NUWSUV,2,2
31226,MAGQOB,3,3
31227,CAYMAQ,2,2
31228,TIWRIB,3,3
31229,IFOLUL,2,2
31230,FUJMUS,2,2
31231,BIFKOR,2,2
31232,ZIPDAD,2,2
31233,VUCJIM,2,2
31234,YOSMUP,1,1
31235,IKEKOY,2,2
31236,UKAHEW,1,1
31237,XETCIL,2,2
31238,NUTFEN,1,1
31239,LIWZOJ,2,2
31240,HALGIL,2,2
31241,POJHIH,3,3
31242,VIVCIN,3,3
31243,RAWMOR,2,2
31244,EDONOC,3,3
31245,OTUNOI,2,2
31246,LAKNUH,2,2
31247,ESELOE,1,1
31248,ZUXWIA,3,3
31249,AKOFEM,3,3
31250,FAYTOR,3,3
31251,NEWQOW,3,3
31252,UHOPEP,1,1
31253,WAFCOZ,1,1
31254,IMUTOB,3,3
31255,YIWCOX,2,2
31256,YIKZEK,2,2
31257,FUNHUS,3,3
31258,FOTPAI,1,1
31259,GUMHIG,3,3
31260,LEJBEH,3,3
31261,IXOSET,1,1
31262,PUXQEG,3,3
31263,BOLPOI,1,1
31264,WUJTAY,2,2
31265,XOPJOB,2,2
31266,JUGNEE,1,1
31267,MAQQAZ,3,3
31268,LILCEP,1,1
31269,WIQFUZ,2,2
31270,SIRMOX,3,3
31271,TABVAU,2,2
31272,BUWGOQ,3,3
31273,QUVZUD,3,3
31274,YEHMAZ,3,3
31275,NAXHED,1,1
31276,QORDEG,3,3
31277,BITYUB,3,3
31278,VASSOX,1,1
31279,ZILZON,1,1
31280,DEXCAL,2,2
31281,VUJJIV,3,3
31282,WOSRAX,2,2
31283,HIWFIF,2,2
31284,TOVZEM,1,1
31285,NIZCUV,3,3
31286,WIJVUJ,3,3
31287,NAJQOE,3,3
31288,NONYUM,3,3
31289,WALQOR,3,3
31290,KUPFOT,1,1
31291,KIKZUD,1,1
31292,MXOHFE,2,2
31293,IVALAV,1,1
31294,ZAXFEL,2,2
31295,YOMYOQ,3,3
31296,SUPKAS,1,1
31297,XENBUQ,2,2
31298,UYOGIA,3,3
31299,QAZFII,2,2
31300,NIZTUL,2,2
31301,LIBTEX,3,3
31302,PIFYAE,3,3
31303,WENJAC,2,2
31304,DOFGOW,2,2
31305,CIMZOP,2,2
31306,WASQUC,3,3
31307,ZEYJUL,2,2
31308,RIXVEZ,3,3
31309,MOCGIW,1,1
31310,SAKHUJ,2,2
31311,VOLYIG,1,1
31312,WAWHEH,2,2
31313,DIQHIY,1,1
31314,QUNDEL,1,1
31315,ITIBAO,3,3
31316,CECHIE,2,2
31317,WOFKIO,2,2
31318,AFAMUR,1,1
31319,PEFWUV,3,3
31320,GIRSIL,2,2
31321,RALDAK,3,3
31322,UFIRIL,3,3
31323,FASVIF,3,3
31324,ATUCEY,3,3
31325,TOGXEU,1,1
31326,XIWCOX,3,3
31327,XEFVUZ,2,2
31328,GAMNEP,2,2
31329,RAZFAZ,1,1
31330,RIQHOQ,1,1
31331,PALJET,3,3
31332,SUWROS,3,3
31333,XUVYOD,3,3
31334,JAKWEB,1,1
31335,EGETIU,2,2
31336,KAJHUC,1,1
31337,NEYSUI,3,3
31338,WAYHEM,1,1
31339,USIQAR,1,1
31340,BODJAF,2,2
31341,PEPNAB,2,2
31342,LEWQEL,2,2
31343,WUSKIH,1,1
31344,VEJFIA,2,2
31345,ZANCAS,1,1
31346,ENEBUU,1,1
31347,WALXEO,1,1
31348,JEVGAS,3,3
31349,XIPJEL,3,3
31350,EDOYON,1,1
31351,GOJVEG,2,2
31352,KIZCAY,3,3
31353,MEYZUO,2,2
31354,XIZQON,1,1
31355,PUSWEH,3,3
31356,ENIDUD,1,1
31357,ODOXEN,3,3
31358,ZOJYEC,3,3
31359,YOLCAE,3,3
31360,QAFHAH,3,3
31361,RUXFOF,2,2
31362,ITECEP,2,2
31363,SAYMOW,3,3
31364,GELNAO,3,3
31365,UXORIK,3,3
31366,MINNUU,2,2
31367,RODVIQ,3,3
31368,QASVOY,3,3
31369,PETKAB,3,3
31370,QUNTAX,1,1
31371,JOLFOH,3,3
31372,QAPSOP,3,3
31373,PAZXAQ,2,2
31374,CPHCOP,3,3
31375,ATIDEM,1,1
31376,TOGHAA,2,2
31377,YUWMOT,3,3
31378,ILAKAI,2,2
31379,GOJJUL,1,1
31380,DEDMIM,1,1
31381,MIRLIK,3,3
31382,FESBOV,3,3
31383,DOCQIV,3,3
31384,HAYGOE,3,3
31385,QERHAA,1,1
31386,ZOMGOZ,3,3
31387,DIGMOY,2,2
31388,QILROS,2,2
31389,FOJVEG,2,2
31390,TACLOA,2,2
31391,OVOYEF,2,2
31392,SIKYUG,3,3
31393,QIRTIU,2,2
31394,QADNAK,2,2
31395,FOZPAL,2,2
31396,OWUFIW,1,1
31397,WUVZIX,2,2
31398,WIDTOT,3,3
31399,XOQGAL,2,2
31400,VOVZOV,3,3
31401,NIVRUJ,1,1
31402,OCOTAC,2,2
31403,FEQDOU,2,2
31404,OFEGEN,3,3
31405,GABFUN,2,2
31406,YIBFUL,2,2
31407,DOQSUZ,2,2
31408,TIQZOJ,3,3
31409,PAQYEP,1,1
31410,FAYJEU,3,3
31411,XIYJEW,3,3
31412,ZOCRUI,1,1
31413,PUPKIW,2,2
31414,DEBYIT,3,3
31415,JALGAH,2,2
31416,JOFCOZ,3,3
31417,QAYJAB,3,3
31418,SOCHAW,3,3
31419,OTAJOL,1,1
31420,REQTEM,3,3
31421,TEZWEC,3,3
31422,CAGLUT,2,2
31423,MOGKAU,3,3
31424,DESRAY,1,1
31425,HAVZEM,1,1
31426,REXSAO,3,3
31427,MICWEE,1,1
31428,LADXOF,3,3
31429,JECLUC,1,1
31430,UDONUW,3,3
31431,ZASWEY,3,3
31432,FEGVIX,3,3
31433,OHEFIQ,3,3
31434,ZORGUK,2,2
31435,WUJDEM,3,3
31436,LAXVEO,1,1
31437,ELAXIZ,1,1
31438,DAJLUY,3,3
31439,BICJII,1,1
31440,PEXJEJ,2,2
31441,SOGDIB,1,1
31442,XADTUU,3,3
31443,NIWCIG,3,3
31444,QAWQUB,2,2
31445,LECBED,3,3
31446,RILKII,3,3
31447,BIDCAU,2,2
31448,FORSOV,2,2
31449,EWIWOZ,1,1
31450,JIDBOR,1,1
31451,PEPLUR,2,2
31452,WAZZIJ,3,3
31453,FOGCOT,1,1
31454,QIXFEI,2,2
31455,QELKUQ,3,3
31456,XERPAO,2,2
31457,PIKBER,2,2
31458,MOXWED,2,2
31459,MOBSED,3,3
31460,CAJROV,2,2
31461,DUCFAI,1,1
31462,DEPNAR,1,1
31463,LUFQEL,1,1
31464,CANGIJ,3,3
31465,VATSAM,3,3
31466,RUDXOG,1,1
31467,REPWIS,3,3
31468,IKUCIB,3,3
31469,QODCUH,1,1
31470,UHOGII,3,3
31471,MIJPOL,2,2
31472,RERHEF,1,1
31473,KEBVUK,2,2
31474,DAVGOY,3,3
31475,NAHLUH,1,1
31476,WEHWEL,3,3
31477,OQEPOR,2,2
31478,MICRUL,2,2
31479,YUYTOD,2,2
31480,BUJSEG,2,2
31481,IGUXEO,3,3
31482,WOLYED,2,2
31483,DACYAH,3,3
31484,ZINGUC,1,1
31485,UZEDOU,3,3
31486,VIKGED,3,3
31487,WAXYUT,1,1
31488,TORMUI,1,1
31489,GUZGIS,2,2
31490,LEWXAM,2,2
31491,OSEDAS,2,2
31492,MOMLUW,3,3
31493,QOPBIG,1,1
31494,KEHVID,3,3
31495,LAVQOO,3,3
31496,NEWVER,1,1
31497,IPAGUB,3,3
31498,KIVLEI,3,3
31499,QOHNEH,3,3
31500,KEZCUR,1,1
31501,COJSAV,2,2
31502,EHOWUV,3,3
31503,TIMTIW,1,1
31504,KAYWOA,1,1
31505,PALTAX,1,1
31506,ALAJON,3,3
31507,LANSOL,2,2
31508,NAWREI,1,1
31509,IPEPIE,3,3
31510,JELSID,2,2
31511,COCTET,2,2
31512,KAVZAJ,3,3
31513,DILLES,2,2
31514,SUXVEN,3,3
31515,FOXVOD,3,3
31516,TUJJOY,3,3
31517,WETLUD,3,3
31518,EHEWIY,3,3
31519,BUQCEW,3,3
31520,ZUXGAA,2,2
31521,ZAFWOS,1,1
31522,KINYEP,1,1
31523,GUJXAN,1,1
31524,NIHXIO,3,3
31525,EHUSUV,2,2
31526,OFAROF,2,2
31527,CUBGEL,2,2
31528,FELPET,3,3
31529,SAHFIQ,2,2
31530,BULPED,3,3
31531,XEHXUG,1,1
31532,BACGUL,1,1
31533,IFUQUY,2,2
31534,VIXTEE,2,2
31535,OHUYOG,1,1
31536,FIKBAE,3,3
31537,HOJRII,1,1
31538,KIGWIG,3,3
31539,EZOTOE,3,3
31540,BOMTEF,2,2
31541,ADEYIR,1,1
31542,NEBVAS,3,3
31543,UGAZOS,1,1
31544,OQOLAI,1,1
31545,MUWDEN,3,3
31546,IQUDIJ,1,1
31547,XUZHAD,2,2
31548,CUSREN,1,1
31549,HIDLIR,3,3
31550,VEHWEL,3,3
31551,ZEDRIM,1,1
31552,DOMZUA,1,1
31553,BASTIY,1,1
31554,GOCFOT,2,2
31555,VEFYIR,2,2
31556,FATJUG,3,3
31557,REVDOL,1,1
31558,IGAWUL,1,1
31559,NEWQAK,1,1
31560,MAGCIK,1,1
31561,VODJAA,2,2
31562,GUXDUZ,1,1
31563,VOGXAR,1,1
31564,SEDZAC,3,3
31565,YESZIG,3,3
31566,DIWWUE,3,3
31567,LIGRIF,3,3
31568,SEQJAA,3,3
31569,KUMBAV,1,1
31570,ALEMUB,2,2
31571,FUVXEC,1,1
31572,DEJJAE,2,2
31573,NIQKUV,2,2
31574,CODZIF,2,2
31575,XOQWIL,3,3
31576,RIXXEB,2,2
31577,YUMYEK,3,3
31578,QIGCAM,3,3
31579,QAJGEO,1,1
31580,ULATIM,2,2
31581,MCINIF,2,2
31582,LUSVEC,2,2
31583,NEPVEL,3,3
31584,HIZHUX,1,1
31585,PANLIC,3,3
31586,FISYOX,3,3
31587,DAHVIR,3,3
31588,OZUXOX,2,2
31589,XIHZUK,2,2
31590,CORQAB,2,2
31591,QASMUW,1,1
31592,GOKGUI,2,2
31593,VECHIU,3,3
31594,HAMTAQ,2,2
31595,XIJGAZ,3,3
31596,PUZNEF,1,1
31597,FUNJAC,1,1
31598,KOBVEE,2,2
31599,OFUXAP,2,2
31600,FIVJUS,2,2
31601,OFAPUJ,1,1
31602,LIMNEB,3,3
31603,EVACUZ,3,3
31604,REKBUI,1,1
31605,RAPVUB,3,3
31606,CINVIG,3,3
31607,YIVWAC,3,3
31608,CUKLUQ,3,3
31609,DEGHEG,1,1
31610,MEMLEY,2,2
31611,GELLUH,3,3
31612,RIPLEI,3,3
31613,DEDZET,2,2
31614,CUZKIT,1,1
31615,WERJIM,3,3
31616,WUFKAJ,3,3
31617,XORWUX,3,3
31618,IZIMOW,1,1
31619,JOCRAV,2,2
31620,IBETUG,3,3
31621,XUMYEK,3,3
31622,RACNER,3,3
31623,BUXDAB,3,3
31624,NEHHUD,3,3
31625,VIQZIE,3,3
31626,PITWEU,3,3
31627,VAGNOH,3,3
31628,BIMTOH,2,2
31629,RASHAY,1,1
31630,EDEGUR,3,3
31631,POTGIP,3,3
31632,XESZIG,2,2
31633,IXUNEV,1,1
31634,SEMMAB,1,1
31635,XANHUR,3,3
31636,CPFMNI,3,3
31637,NURRIC,2,2
31638,LOMPEK,3,3
31639,WOGXAR,3,3
31640,QIGDET,1,1
31641,FIVHOH,2,2
31642,CIKWOK,3,3
31643,QITPAL,3,3
31644,UGINOO,3,3
31645,RINSOY,3,3
31646,ZOLMIY,3,3
31647,DAGPUW,2,2
31648,PANBEO,3,3
31649,DESGUD,2,2
31650,ICEDIG,2,2
31651,YECKOI,3,3
31652,PCLPIR,2,2
31653,KIDRIY,2,2
31654,JELZAF,1,1
31655,DIWLAW,3,3
31656,SOWBAJ,1,1
31657,YEDLIF,2,2
31658,CIMVUS,3,3
31659,SOYNUP,2,2
31660,CAVRID,1,1
31661,VIQSAP,2,2
31662,LUBJOK,1,1
31663,FOKGUI,1,1
31664,QUWRIK,1,1
31665,HANVEA,3,3
31666,DEQMAO,3,3
31667,TESRUF,3,3
31668,OQOBOM,3,3
31669,VIVZIL,2,2
31670,CISKEX,3,3
31671,SATXES,2,2
31672,HUNBUQ,1,1
31673,XEFZOY,3,3
31674,WEHPAB,3,3
31675,LIBDOP,3,3
31676,ROHNOS,2,2
31677,MOSVAR,2,2
31678,JUJKIK,3,3
31679,ONIWOA,1,1
31680,ONUNER,3,3
31681,ISOJOR,1,1
31682,BUZNUH,3,3
31683,WIVTEA,1,1
31684,WESPEP,3,3
31685,XASPEQ,1,1
31686,MUCGAS,3,3
31687,VEVVEZ,1,1
31688,REDZAB,1,1
31689,GIPRAC,1,1
31690,KUHJON,3,3
31691,DITWIP,3,3
31692,PIKKON,1,1
31693,MARZAJ,3,3
31694,BIMZAZ,2,2
31695,VENMIO,1,1
31696,RUMVAY,1,1
31697,PIFLUN,3,3
31698,FITLUQ,3,3
31699,QUYWUE,2,2
31700,ROCQAC,2,2
31701,MEFZAC,1,1
31702,XAGZIO,3,3
31703,XOTQIG,1,1
31704,IBETUF,2,2
31705,RUXHOH,3,3
31706,SIPPUC,3,3
31707,LETQUZ,2,2
31708,VECQEB,2,2
31709,IHAZUN,3,3
31710,TALTUV,1,1
31711,JEDNAL,1,1
31712,XUPJEY,2,2
31713,HAZKID,3,3
31714,ROHNOR,1,1
31715,NILJIC,1,1
31716,GUWKAK,3,3
31717,QUQTUT,3,3
31718,QEHKIZ,1,1
31719,LAPKAS,1,1
31720,ERUQIU,1,1
31721,GOBPUI,1,1
31722,FLVPDA,3,3
31723,FOFYAA,1,1
31724,ZEGWIR,2,2
31725,UFAZUY,2,2
31726,BOQZOY,3,3
31727,VIRXOK,3,3
31728,PADYOL,3,3
31729,YARDEA,2,2
31730,SOWBAK,2,2
31731,YUJPOI,2,2
31732,UBUZUP,3,3
31733,UCUZOL,1,1
31734,VIVMIW,1,1
31735,ECUXOT,1,1
31736,OXETOC,3,3
31737,XIFQEI,1,1
31738,RACPOC,1,1
31739,OTEFID,3,3
31740,IMUSEQ,1,1
31741,ZAYBOU,1,1
31742,NEPVEM,3,3
31743,AZOXOC,2,2
31744,RUTGES,2,2
31745,HILJUH,1,1
31746,DETBIQ,2,2
31747,RIPPUC,3,3
31748,NIQKUW,3,3
31749,YORWUY,3,3
31750,EXOLUZ,3,3
31751,CEPGUZ,3,3
31752,MIZXEB,2,2
31753,ZOCWEV,1,1
31754,BEJFIG,3,3
31755,HIXBAR,2,2
31756,MAYPUZ,3,3
31757,MODWAH,1,1
31758,YIBCES,2,2
31759,HAFRAH,2,2
31760,OXIPUI,3,3
31761,POWGUE,3,3
31762,SONXUP,3,3
31763,WAGYOS,1,1
31764,USUQIJ,3,3
31765,NOQYAV,3,3
31766,RAZHAC,2,2
31767,QACWAV,3,3
31768,XUCRUI,1,1
31769,LUFZUK,1,1
31770,OKUQIX,1,1
31771,WIRVAX,2,2
31772,XARDEA,2,2
31773,KUBHIZ,3,3
31774,DOZGEG,2,2
31775,GAVYOS,2,2
31776,YEGLUS,1,1
31777,VUMMAS,1,1
31778,BINDUA,3,3
31779,FEQDAH,1,1
31780,VUTLAZ,2,2
31781,TAVKAD,1,1
31782,SUXXIT,3,3
31783,HETJUP,1,1
31784,OJONEI,2,2
31785,LIFTUP,1,1
31786,DAYDOW,3,3
31787,ACUSIB,2,2
31788,GUJCUJ,2,2
31789,NEYXIZ,1,1
31790,RATXER,3,3
31791,FUNJAB,3,3
31792,AVACAC,3,3
31793,BEMQIT,1,1
31794,VERCAY,3,3
31795,JEVNED,2,2
31796,PUQTUT,1,1
31797,YAQQAK,3,3
31798,MOJGEY,1,1
31799,NAFYOM,1,1
31800,BUQZIW,1,1
31801,FENVEA,3,3
31802,SIYLES,2,2
31803,RIRDIG,2,2
31804,QIQHIH,3,3
31805,QEJDAL,2,2
31806,EGEJOP,3,3
31807,LIHTUU,2,2
31808,IWAYOV,3,3
31809,ZIMWOJ,3,3
31810,AHUJOF,1,1
31811,ROLRAL,2,2
31812,OGOPOR,2,2
31813,GOGCOU,1,1
31814,PIGMOH,2,2
31815,OKEYAH,1,1
31816,ZODYID,3,3
31817,EKOCAJ,3,3
31818,TAQLEC,2,2
31819,XIFMUU,3,3
31820,BAZMEU,2,2
31821,IDEQAJ,2,2
31822,JEKTOJ,3,3
31823,GEJSEV,3,3
31824,VESNOW,1,1
31825,VASHUW,1,1
31826,MAQHAN,3,3
31827,PIRJOP,1,1
31828,MAHGOT,3,3
31829,REWNEM,2,2
31830,OGOGOH,2,2
31831,UBIHOE,2,2
31832,RAZXEW,1,1
31833,DIGJEJ,3,3
31834,PODHEX,3,3
31835,EXONOV,1,1
31836,ZORKOI,1,1
31837,SICVOT,1,1
31838,WIKGEE,3,3
31839,WAXKIR,3,3
31840,VEFYIS,1,1
31841,GOCFOU,2,2
31842,GIRDET,3,3
31843,TASCOJ,1,1
31844,IDATAJ,3,3
31845,DUGDEQ,2,2
31846,WODCIB,3,3
31847,UYOLUR,1,1
31848,HAVMIB,3,3
31849,UXUHON,1,1
31850,MUWDEO,1,1
31851,UFOXOG,1,1
31852,FIKBAD,2,2
31853,DUMHOI,1,1
31854,YEXNUN,3,3
31855,GADKUT,3,3
31856,QELPAB,3,3
31857,FABSAE,2,2
31858,HAYWEL,3,3
31859,LEBVIA,2,2
31860,TAGGOX,2,2
31861,SUTNON,1,1
31862,HACDEV,2,2
31863,OKUVOI,1,1
31864,GAQYOM,3,3
31865,NEQLIF,3,3
31866,VUBGII,2,2
31867,ZIXNEB,2,2
31868,SEKYAM,1,1
31869,ROCVEM,2,2
31870,WIMXUM,1,1
31871,RUQHOD,1,1
31872,RUMQEW,2,2
31873,ICADUL,3,3
31874,IDACCO,2,2
31875,KAMCIN,3,3
31876,LIVNAG,3,3
31877,QOKWUK,3,3
31878,BEMVOE,2,2
31879,PIKBES,3,3
31880,YIDPAD,3,3
31881,YALBAO,3,3
31882,EDIDIH,2,2
31883,OLOWAN,2,2
31884,ZUKMOH,2,2
31885,MEZSOD,1,1
31886,NOFCUH,1,1
31887,VANWAL,3,3
31888,CEVVII,1,1
31889,WIBLUO,2,2
31890,PIBKOB,3,3
31891,UWAQIT,3,3
31892,RECVUT,2,2
31893,DICQOZ,1,1
31894,ZAYLAQ,1,1
31895,AJADIZ,1,1
31896,UKOQEQ,1,1
31897,GECSEM,2,2
31898,GASVED,1,1
31899,KIDWUR,2,2
31900,AGUNEX,1,1
31901,QADNOA,2,2
31902,MIYVUM,3,3
31903,YOWJAV,2,2
31904,NIMYOB,1,1
31905,LIMYEN,2,2
31906,JOTJOR,2,2
31907,HEZQAG,3,3
31908,TAVROZ,3,3
31909,WEFNII,1,1
31910,NEDLOX,2,2
31911,ALAHUT,1,1
31912,BOKWED,3,3
31913,TOKLUA,3,3
31914,DECQUZ,2,2
31915,LODLUM,2,2
31916,ZOVLUR,3,3
31917,SEQCIB,3,3
31918,FOCFOU,2,2
31919,WALFAU,1,1
31920,WEFYIS,3,3
31921,MUMPAL,3,3
31922,ROJXIZ,3,3
31923,IGUXEN,3,3
31924,LABWUG,2,2
31925,ANIZEF,1,1
31926,ENAKOW,1,1
31927,ZUZXOJ,3,3
31928,NOQPIT,3,3
31929,REPPOT,3,3
31930,CAXLAO,3,3
31931,LOXYII,2,2
31932,BARGAE,3,3
31933,NIQYES,2,2
31934,BOXMAD,3,3
31935,UDIVAG,3,3
31936,OVIJAG,3,3
31937,CESPEW,2,2
31938,FIWROV,3,3
31939,XODWAO,2,2
31940,FEFGUT,2,2
31941,ZISQEX,1,1
31942,AFAFEU,2,2
31943,BEZGEV,3,3
31944,RAXPEL,2,2
31945,POFKUR,2,2
31946,JEJNOB,3,3
31947,FOFPEW,1,1
31948,ORODIJ,3,3
31949,TURFOC,3,3
31950,VAYHEL,3,3
31951,RAKJOG,1,1
31952,AHAWOV,3,3
31953,SEVJOU,3,3
31954,TEXVAX,1,1
31955,TCAPMN,2,2
31956,LEYZUN,3,3
31957,MOMBUN,3,3
31958,UDEPAV,2,2
31959,BAGNON,2,2
31960,HUVREW,2,2
31961,YOBTAL,1,1
31962,TEMHOI,1,1
31963,VEZGIR,2,2
31964,APODAM,1,1
31965,LICYIH,2,2
31966,HUHXUF,2,2
31967,WOSKOG,3,3
31968,JIYQAK,2,2
31969,FISWOV,3,3
31970,IQANIA,1,1
31971,ZIHQAK,1,1
31972,PIFPIF,3,3
31973,MIDKUF,3,3
31974,UQAXES,1,1
31975,TUCSOA,2,2
31976,OCUYIW,3,3
31977,QURSAZ,3,3
31978,VITRIA,1,1
31979,TIWLUI,3,3
31980,CUCVUT,2,2
31981,VOMTEW,2,2
31982,IGENIR,3,3
31983,TERHUX,1,1
31984,KOCROK,1,1
31985,KAJJOY,1,1
31986,ZAPREQ,2,2
31987,LADXOG,3,3
31988,QULLIU,3,3
31989,ZEGWEQ,3,3
31990,WEFPOM,2,2
31991,QUWREI,1,1
31992,POMZUP,3,3
31993,NEKQID,1,1
31994,HICPUE,3,3
31995,AHIZAT,1,1
31996,ZEMLOS,3,3
31997,TIHREH,3,3
31998,NOSHOS,2,2
31999,TINVAR,1,1
32000,DALSEP,1,1
32001,ADABOW,3,3
32002,QIZNES,2,2
32003,OCIWAA,3,3
32004,VIRXAW,3,3
32005,SEWYIC,2,2
32006,KUKQIT,1,1
32007,JOKHAS,1,1
32008,IVAKEY,1,1
32009,CILYOL,1,1
32010,WOJCED,2,2
32011,JAJZIE,1,1
32012,YOKTAW,2,2
32013,IQIHUM,3,3
32014,IDIPIV,2,2
32015,KELDEK,2,2
32016,MADXOG,2,2
32017,QUDVER,3,3
32018,MABREN,1,1
32019,XOCGEE,3,3
32020,QEGVOQ,2,2
32021,OMITUZ,2,2
32022,IWIDIC,2,2
32023,PDTPNI,3,3
32024,EGOHEP,3,3
32025,SETLOV,3,3
32026,QAPSOQ,3,3
32027,VEWBII,1,1
32028,KIZJIM,1,1
32029,TCEPRH,2,2
32030,LUFXAL,1,1
32031,POJXOB,3,3
32032,SUSBUD,1,1
32033,IFIMOB,1,1
32034,UXORIJ,3,3
32035,YOFVEU,2,2
32036,NAGCOR,1,1
32037,RUXHAT,3,3
32038,BIBWAM,2,2
32039,DUSGOQ,1,1
32040,WOFNUD,2,2
32041,VURHIC,1,1
32042,PURSAZ,1,1
32043,CEKRET,1,1
32044,EZASED,2,2
32045,TADREY,3,3
32046,JAKPAM,3,3
32047,VUQCEQ,3,3
32048,DUNJEE,1,1
32049,GOQZUJ,1,1
32050,DOFGOV,3,3
32051,LAQXIN,1,1
32052,GIZGIF,2,2
32053,WEWKAK,3,3
32054,HELSOJ,2,2
32055,HUYQEX,2,2
32056,CAZHUK,1,1
32057,BEDZUJ,1,1
32058,TUKPOG,3,3
32059,BOMDOX,3,3
32060,TALXOU,3,3
32061,CECVAK,3,3
32062,LODBUB,3,3
32063,WICSIM,3,3
32064,PAXPOW,2,2
32065,ALAQUA,3,3
32066,RUXDUK,3,3
32067,IWOYAX,1,1
32068,AZEQUR,2,2
32069,XUTXIW,1,1
32070,LAXJUR,3,3
32071,YAYBIM,3,3
32072,TIQTAO,3,3
32073,AVIPIE,3,3
32074,SEYGAI,1,1
32075,PIKPUW,2,2
32076,ROMQOZ,2,2
32077,RIFKUP,3,3
32078,WUYGAY,2,2
32079,YACXAB,1,1
32080,CABXIO,2,2
32081,QERXET,2,2
32082,IKUMIL,2,2
32083,OKUVAU,1,1
32084,FIGQUH,1,1
32085,KEKTAV,3,3
32086,EXUFUB,1,1
32087,YAVFOS,3,3
32088,WIYPOK,2,2
32089,TIZRAW,3,3
32090,AJODEK,1,1
32091,MANDAK,1,1
32092,MAMVAX,3,3
32093,BOTBIW,2,2
32094,ENNTRC,2,2
32095,ZIZHIB,3,3
32096,MECRAQ,3,3
32097,TAWVEU,3,3
32098,BIBGEY,3,3
32099,LUKTIU,3,3
32100,FEVSOP,2,2
32101,DIDXIZ,3,3
32102,YOPJOC,1,1
32103,QELGOD,2,2
32104,POXQAW,2,2
32105,NAGSIY,3,3
32106,KILXOW,1,1
32107,QABCOM,3,3
32108,YILZEC,1,1
32109,YIDRUC,1,1
32110,VEYPUK,3,3
32111,MOXWIF,2,2
32112,WONZUX,3,3
32113,EKOSIJ,1,1
32114,GIKKER,1,1
32115,QOJZUN,2,2
32116,JINYIR,2,2
32117,VOVDEP,2,2
32118,IFIJIS,3,3
32119,FIXXES,3,3
32120,DUVTUM,1,1
32121,GUXHOX,3,3
32122,DUXXAW,1,1
32123,ZAKBEV,3,3
32124,BEZNOK,2,2
32125,DUTGOO,3,3
32126,VICDIW,3,3
32127,SUJHEK,3,3
32128,BAYZUX,3,3
32129,TUXZAO,2,2
32130,QOSGEL,2,2
32131,MESJOJ,3,3
32132,VIZBOX,3,3
32133,XOSVAC,2,2
32134,BEKLOS,3,3
32135,IYINUZ,3,3
32136,AQULON,3,3
32137,YAPKAC,2,2
32138,YUZJUB,1,1
32139,XECGUK,3,3
32140,JIMLOG,2,2
32141,ZUMNAW,1,1
32142,HURGAC,3,3
32143,GOLLID,3,3
32144,XUCNIV,1,1
32145,EBIJAA,2,2
32146,IKOLUQ,2,2
32147,XOJNOC,3,3
32148,XACXAB,3,3
32149,TINHIJ,3,3
32150,TURSUU,3,3
32151,CEZLUP,3,3
32152,EVOZUK,3,3
32153,OGOGAT,2,2
32154,DALHEG,2,2
32155,CIRSIG,3,3
32156,ICASOX,2,2
32157,BEMVUK,2,2
32158,FUDZAH,3,3
32159,MEHHEP,3,3
32160,ISEXUC,1,1
32161,OXEXAR,1,1
32162,IKOKEZ,1,1
32163,OFIDOY,3,3
32164,ZEWFUE,1,1
32165,GETPEC,3,3
32166,CEKBUR,3,3
32167,LUXLOH,2,2
32168,ZOSHUM,2,2
32169,HULDOJ,3,3
32170,IHILUG,3,3
32171,SADROH,3,3
32172,CIFYEY,3,3
32173,KUJGEE,1,1
32174,ZIHFUT,3,3
32175,GAFZOC,2,2
32176,KIMBUF,2,2
32177,SIXQUP,1,1
32178,RODSAH,1,1
32179,FEGCEB,3,3
32180,MIHMAR,1,1
32181,VEXJOZ,3,3
32182,IYOMAK,3,3
32183,MODYUB,2,2
32184,HISVEK,2,2
32185,QUZLEE,2,2
32186,KATRUU,3,3
32187,QAFDAD,3,3
32188,DAHMEG,1,1
32189,LEMRUQ,1,1
32190,JOCPAU,2,2
32191,WUSWOX,2,2
32192,XAGXIM,2,2
32193,EQAFAE,3,3
32194,MARXAH,2,2
32195,APODUH,1,1
32196,VUFNEP,2,2
32197,JEQKAV,1,1
32198,WOGTOB,2,2
32199,AVETEB,3,3
32200,FILWAB,2,2
32201,MOTCAB,2,2
32202,RARRUB,1,1
32203,FIVJOK,2,2
32204,XOQPUR,1,1
32205,EBEYOC,3,3
32206,FOZPUH,3,3
32207,AWACAF,1,1
32208,HAZYOZ,2,2
32209,SUVCER,3,3
32210,DEBKAW,3,3
32211,GEXFAQ,2,2
32212,YABGEQ,3,3
32213,WIQQAS,1,1
32214,VEYYIL,1,1
32215,YOSSIL,1,1
32216,RIQTIV,1,1
32217,MAHGUZ,3,3
32218,UGOHII,2,2
32219,FUHLEZ,2,2
32220,JILCOW,2,2
32221,OMEKOG,2,2
32222,ISAHOB,3,3
32223,IRUYOM,1,1
32224,DIHBOM,2,2
32225,MUYZUC,1,1
32226,UVEMEP,3,3
32227,AHONUH,1,1
32228,MEZVIW,3,3
32229,LIMLEA,1,1
32230,MESDUK,1,1
32231,YIXYUZ,2,2
32232,COQVAH,3,3
32233,JUSQEV,2,2
32234,EDEGOJ,2,2
32235,FULBUK,3,3
32236,HUKQUB,3,3
32237,CUBKIT,3,3
32238,OQAGIZ,1,1
32239,LUFXUI,1,1
32240,MAXTIO,2,2
32241,NITCAW,2,2
32242,MALBUZ,2,2
32243,QATXUG,3,3
32244,KERWOV,2,2
32245,RIFGUJ,3,3
32246,MELDOZ,1,1
32247,ZAZKAM,3,3
32248,XAMJIE,2,2
32249,RETNAH,3,3
32250,GECFEB,3,3
32251,CEZRIM,1,1
32252,RUHKOX,1,1
32253,LEMWIL,2,2
32254,BUGDAK,3,3
32255,BUDVAX,1,1
32256,OBEFOS,3,3
32257,IGAWOC,2,2
32258,ANIDUX,1,1
32259,KAGVUN,1,1
32260,GIBLUB,2,2
32261,CIXFOI,1,1
32262,LUZSAB,3,3
32263,QUVDIX,1,1
32264,OXPHCO,2,2
32265,JATRUU,2,2
32266,NIXLIS,2,2
32267,BURCAS,3,3
32268,SAPXAI,2,2
32269,OBINAQ,3,3
32270,IQABIL,1,1
32271,JUHQAE,3,3
32272,GAKQAK,2,2
32273,RATQUA,3,3
32274,UYOBAO,1,1
32275,UBUZOI,2,2
32276,ZEWJAM,2,2
32277,VAHQEC,2,2
32278,BULREG,1,1
32279,VEVHUD,1,1
32280,KIQWIU,1,1
32281,ECOPAR,1,1
32282,YEXLUL,2,2
32283,VUKBOV,1,1
32284,EWOFIF,1,1
32285,VICHIZ,3,3
32286,RADLEO,3,3
32287,TORJIW,1,1
32288,WECJIA,3,3
32289,QEZPAQ,1,1
32290,XEVPEU,1,1
32291,RAPQIK,3,3
32292,WASHON,1,1
32293,AGEZER,3,3
32294,IPAWIF,3,3
32295,XOWHAT,3,3
32296,CUVFAD,1,1
32297,NURYAB,3,3
32298,TUYNUZ,1,1
32299,BADYEM,3,3
32300,VUYBIA,3,3
32301,BETWUU,3,3
32302,CAPVUN,2,2
32303,NUCRIO,3,3
32304,EXOLOT,3,3
32305,LUMRAN,3,3
32306,BOJJUG,2,2
32307,MUZDAO,2,2
32308,GUJCOD,2,2
32309,SEBLAN,3,3
32310,KOGNUP,1,1
32311,VECDEM,2,2
32312,MOPXIZ,2,2
32313,PASSEH,3,3
32314,HIDGAD,2,2
32315,BERVOM,2,2
32316,LUXKIY,2,2
32317,KIDYAX,2,2
32318,AQODOC,1,1
32319,CAKCIC,1,1
32320,FAHZOF,2,2
32321,GIVCEV,1,1
32322,CIPPUN,2,2
32323,MUHJIK,3,3
32324,JIQNEC,2,2
32325,DABVOR,1,1
32326,DAGNEH,1,1
32327,YEGBAN,3,3
32328,JOPDEZ,3,3
32329,FADRAD,3,3
32330,BEGQOU,2,2
32331,GUDVUW,1,1
32332,EGEFAA,3,3
32333,XIZZIS,2,2
32334,LIHVUW,2,2
32335,QORHEK,3,3
32336,HISQAE,2,2
32337,XUSSOU,3,3
32338,FIQTEE,3,3
32339,WANYUF,3,3
32340,TIBLEZ,1,1
32341,UZEFOV,2,2
32342,ALUBAL,3,3
32343,GEWRAD,3,3
32344,SONQET,3,3
32345,CAPDII,3,3
32346,KUPSAQ,1,1
32347,WICHIZ,1,1
32348,ZUVRAJ,3,3
32349,ZARQOB,3,3
32350,UQUNOK,3,3
32351,UCUQES,1,1
32352,IHEXIF,1,1
32353,CAZDUF,2,2
32354,RIGVIP,3,3
32355,GANLUD,1,1
32356,LIHCOV,1,1
32357,NUWFOA,1,1
32358,YOYDUN,3,3
32359,PUPYAC,2,2
32360,ZOSMIG,3,3
32361,FERMOG,3,3
32362,GUFPUT,2,2
32363,EQULOS,1,1
32364,OQEKAX,3,3
32365,ROWWAD,2,2
32366,WEHBEU,1,1
32367,CIYGUO,3,3
32368,YILXIB,3,3
32369,TUYBAR,3,3
32370,OCAHEI,2,2
32371,YATNUF,3,3
32372,PASZOB,3,3
32373,SUKPEV,3,3
32374,XEGBAN,3,3
32375,UWASIV,3,3
32376,BIXXEN,1,1
32377,NOHCOC,2,2
32378,KIWDOJ,2,2
32379,DIDTIW,2,2
32380,XONRUO,2,2
32381,TOXFAP,3,3
32382,ZOCBEY,2,2
32383,HALREV,1,1
32384,FANWAV,3,3
32385,TOVJUJ,1,1
32386,IJIMAP,3,3
32387,LESHAT,3,3
32388,NOJPUA,3,3
32389,IYOVUN,3,3
32390,OROXOL,1,1
32391,OSACAP,1,1
32392,ICAFUN,3,3
32393,PEQXOZ,3,3
32394,DUCDAJ,1,1
32395,IDETEQ,2,2
32396,TAKTOQ,3,3
32397,TEXDIM,1,1
32398,ZUTSEP,1,1
32399,SAYHEF,3,3
32400,ZOYFEY,3,3
32401,OLANUL,3,3
32402,XAJCAN,3,3
32403,FIPPAV,3,3
32404,VUDCUU,2,2
32405,IRATEB,3,3
32406,CERVOM,2,2
32407,TADYAZ,3,3
32408,BOKPUO,1,1
32409,MISSAM,1,1
32410,RETNOT,1,1
32411,REHWEG,3,3
32412,ZUJWUY,2,2
32413,XUGGEO,1,1
32414,CAPMOW,3,3
32415,FEWGUN,1,1
32416,CEJXUM,2,2
32417,FEDQIR,3,3
32418,ZEFXIU,2,2
32419,CEDZOD,3,3
32420,QAHCIL,2,2
32421,MUTCIP,2,2
32422,TIGJID,3,3
32423,QELGUJ,2,2
32424,RUKNAM,2,2
32425,JACQAI,3,3
32426,BEYKUL,1,1
32427,XIPQIY,2,2
32428,KIGBEJ,1,1
32429,SEMFEW,2,2
32430,CICZUM,1,1
32431,MEJWEF,2,2
32432,MEHHIS,3,3
32433,KABLIL,3,3
32434,WEDVUW,3,3
32435,KIWJOR,2,2
32436,JAXMUQ,3,3
32437,CUBRIA,3,3
32438,ZIKHIO,1,1
32439,SODSOT,3,3
32440,RONVOF,1,1
32441,SICSED,3,3
32442,NELDIU,3,3
32443,YIPHEO,1,1
32444,XEDWIP,3,3
32445,VUNJOD,1,1
32446,MEDPAM,3,3
32447,KEGYIG,3,3
32448,WULKIA,1,1
32449,SIVCEF,3,3
32450,LEYXUL,3,3
32451,OQITAK,3,3
32452,NUHCEY,1,1
32453,KUNBIF,3,3
32454,MUTSOL,3,3
32455,NAPNAX,1,1
32456,KEZZOH,1,1
32457,WEGXEO,2,2
32458,KICGEJ,2,2
32459,UFIYAM,3,3
32460,DENMOZ,1,1
32461,GERJEU,3,3
32462,ZISSEZ,2,2
32463,DOHPUP,1,1
32464,ESEPEA,1,1
32465,VESWUL,3,3
32466,LURGOU,3,3
32467,RINHOO,2,2
32468,BIUZNC,3,3
32469,DIYPEJ,1,1
32470,QAFJAK,2,2
32471,WIPKAL,1,1
32472,NADSOC,2,2
32473,XIZTIK,3,3
32474,QOBLUP,2,2
32475,ANUMUT,3,3
32476,XIQBOO,3,3
32477,MTCPMO,2,2
32478,EJAMAE,3,3
32479,AJAZUG,3,3
32480,PIQTOY,3,3
32481,CIYLIJ,1,1
32482,WIFPOT,2,2
32483,EBOLEN,2,2
32484,DELKOY,1,1
32485,JERYOY,1,1
32486,XOKMUG,1,1
32487,IZIXAR,3,3
32488,DOXMEI,3,3
32489,FIVDOD,1,1
32490,VEBGIS,2,2
32491,EWUKOX,3,3
32492,JUSFIO,3,3
32493,EWOVAQ,1,1
32494,MIBJUG,1,1
32495,JOPVUI,2,2
32496,NEJGIV,3,3
32497,JUGPUZ,1,1
32498,PUXXUB,1,1
32499,DEJJUA,3,3
32500,LUTSOL,1,1
32501,ZOMLES,3,3
32502,DAMKIN,3,3
32503,WUBLOU,2,2
32504,MIKHOG,2,2
32505,XIMGUW,3,3
32506,POBNOK,3,3
32507,QISROZ,2,2
32508,XADTOM,1,1
32509,YAPWIY,3,3
32510,OKAPAR,3,3
32511,QAMLAS,2,2
32512,DULRUX,3,3
32513,QUNHIT,1,1
32514,INAMIW,1,1
32515,EPUPIP,2,2
32516,VIRMAO,1,1
32517,FAPHEM,3,3
32518,XEFVOU,3,3
32519,SODMED,1,1
32520,RUYNEE,3,3
32521,KIJGEQ,2,2
32522,QENZAL,1,1
32523,BAJWEP,3,3
32524,ROJDOK,2,2
32525,ACORAM,2,2
32526,RIXTEY,3,3
32527,AGAXOW,2,2
32528,HEDROY,3,3
32529,GUFBEP,3,3
32530,MOPDUR,2,2
32531,EYOWOF,3,3
32532,BOJQOI,3,3
32533,ROLYEX,3,3
32534,ETOGIF,3,3
32535,NOWQEV,2,2
32536,TONSOG,3,3
32537,XAWPOA,2,2
32538,ITUKUG,1,1
32539,DIDDAW,3,3
32540,PAYSUD,2,2
32541,USUTAE,3,3
32542,ZOHJEN,3,3
32543,UCUHEF,3,3
32544,KIFQAT,2,2
32545,QODDEU,3,3
32546,WALJAX,3,3
32547,FOCJOX,2,2
32548,POHKON,3,3
32549,TALZOW,2,2
32550,GETNAX,3,3
32551,BOYWUI,3,3
32552,CUMQIN,1,1
32553,QEFWON,3,3
32554,HAYGUJ,1,1
32555,YAQSOB,3,3
32556,JAXFEW,3,3
32557,DACLOM,1,1
32558,AGEJOM,3,3
32559,BEDXUH,1,1
32560,KEZCAV,3,3
32561,IVANAU,2,2
32562,DIDSAM,1,1
32563,DIPLUM,3,3
32564,HUYSEZ,2,2
32565,RIVSAR,2,2
32566,VEDCOA,1,1
32567,LOBQID,3,3
32568,KESDET,3,3
32569,RUZLAB,1,1
32570,QAQPUU,3,3
32571,AFEHOJ,3,3
32572,COJQOI,3,3
32573,CZBACR,2,2
32574,GUNXIW,1,1
32575,PAXGUT,2,2
32576,ZIPXIH,3,3
32577,COCXEX,3,3
32578,JAZWEN,3,3
32579,DILWEE,1,1
32580,KOYJEN,3,3
32581,KAVXOU,2,2
32582,KOQBUN,1,1
32583,FOXZOH,1,1
32584,TUJFOU,2,2
32585,NERWUE,3,3
32586,NUKHIK,2,2
32587,POWNIB,3,3
32588,ACONPB,2,2
32589,SOHWUI,3,3
32590,HANQUK,3,3
32591,XUVKIL,1,1
32592,GEMCUY,3,3
32593,QETYEU,3,3
32594,OFEKIV,2,2
32595,JALBEE,2,2
32596,NOZHUF,1,1
32597,LUZFUH,2,2
32598,XUQKIE,3,3
32599,DUPPIQ,1,1
32600,LAJTAS,1,1
32601,IKIXOQ,3,3
32602,GAWQIE,1,1
32603,FOPWAJ,3,3
32604,EFOXAA,3,3
32605,GOYNOX,2,2
32606,VINZEX,2,2
32607,VEHLEZ,1,1
32608,DEKRAN,3,3
32609,VUXVER,3,3
32610,SEJXOY,1,1
32611,CUVQOB,3,3
32612,IFIHIQ,2,2
32613,MORBUQ,3,3
32614,XILHAB,3,3
32615,GINQOJ,1,1
32616,ROCCIV,2,2
32617,POQTEW,3,3
32618,TOZWOU,2,2
32619,CUKRIM,1,1
32620,HUDNIE,3,3
32621,YILXEA,1,1
32622,HACQIM,2,2
32623,STAETC,1,1
32624,CENXIG,1,1
32625,CEPPAR,3,3
32626,KUCWOV,3,3
32627,WUXQAK,1,1
32628,REBYUS,2,2
32629,PAKVON,2,2
32630,GODMIW,1,1
32631,UROVUT,3,3
32632,ZIHRIU,3,3
32633,UWAROA,3,3
32634,TIWMES,2,2
32635,JAHHAB,3,3
32636,MODMIC,3,3
32637,PURBUC,1,1
32638,RIMGUT,1,1
32639,VEKFAT,3,3
32640,YAKFAU,3,3
32641,REYJEL,3,3
32642,CIBTIS,3,3
32643,XOQTOO,3,3
32644,MECQIX,1,1
32645,BELXEV,3,3
32646,DAWBUZ,2,2
32647,ZEFWOZ,2,2
32648,IMOXUD,1,1
32649,MIXJAF,2,2
32650,EFAYIX,1,1
32651,CIRGUF,1,1
32652,YOBGON,2,2
32653,LESPIJ,3,3
32654,IBAGIE,3,3
32655,HIJXON,3,3
32656,NISLIM,3,3
32657,ATASOF,3,3
32658,YOWPIJ,3,3
32659,RACMAN,1,1
32660,TORBEJ,2,2
32661,OXITUM,2,2
32662,LISKEG,3,3
32663,ZEBKAS,3,3
32664,EYOQAK,3,3
32665,EMEPUJ,3,3
32666,YASTEU,2,2
32667,KEYPIN,3,3
32668,BOPSAD,3,3
32669,QAJCEJ,2,2
32670,HEDZOG,2,2
32671,VAXQAN,1,1
32672,UGOGAZ,3,3
32673,NOLPIN,2,2
32674,KUGDEX,2,2
32675,QANZUA,2,2
32676,OKOVOZ,1,1
32677,REKTIK,2,2
32678,TIMWOC,2,2
32679,IMUYIY,3,3
32680,IFASOB,1,1
32681,TOPDEI,3,3
32682,XAPMUW,2,2
32683,EZUZAD,1,1
32684,OCIJAP,1,1
32685,KUVXOP,2,2
32686,PUWDUI,2,2
32687,LUBNON,3,3
32688,FAHLIK,3,3
32689,LIWPOW,3,3
32690,RAWPOU,2,2
32691,LEYBIB,3,3
32692,FAFBEU,3,3
32693,GALGEG,3,3
32694,SIZCIR,1,1
32695,AMUHOI,1,1
32696,YAFCAN,1,1
32697,ZIJTIV,3,3
32698,CEYCUE,1,1
32699,SIYQIA,3,3
32700,RIMROU,1,1
32701,KETROS,3,3
32702,UYOTEJ,2,2
32703,WELHON,3,3
32704,COPSAD,3,3
32705,JOZWAZ,1,1
32706,LUNXIC,3,3
32707,IRENIE,3,3
32708,SIPTUG,1,1
32709,QUPVIG,3,3
32710,RESDUO,3,3
32711,CNSCCO,2,2
32712,TEFZEJ,2,2
32713,EGIHOR,3,3
32714,VUYMAE,3,3
32715,QAPYOZ,1,1
32716,PEWJOR,3,3
32717,KIJSUS,3,3
32718,JOBNUK,2,2
32719,USECIF,2,2
32720,NURVIF,2,2
32721,DELCOP,3,3
32722,XEMXOD,1,1
32723,XASTEU,1,1
32724,YOQDIS,2,2
32725,SARFIC,3,3
32726,OBOKAT,3,3
32727,MEDTUL,1,1
32728,JILGUJ,3,3
32729,YOLPOF,3,3
32730,HIGHUC,3,3
32731,JEZLEF,3,3
32732,LICDIN,3,3
32733,VIGREJ,3,3
32734,KOKBAO,3,3
32735,VEPMUA,3,3
32736,LOQXUK,2,2
32737,DOPXOV,3,3
32738,JADNAD,2,2
32739,FEXGEY,1,1
32740,XEKKIL,1,1
32741,SIJKAB,1,1
32742,NONSUG,1,1
32743,EFELOS,3,3
32744,VOLCOQ,1,1
32745,GACCAQ,2,2
32746,XIPGAH,3,3
32747,LOJDAS,3,3
32748,TUTFEV,3,3
32749,ISUHUZ,3,3
32750,GEHQEQ,2,2
32751,BAPPUH,1,1
32752,YUSKEC,2,2
32753,XEXJUJ,1,1
32754,CEYVOS,1,1
32755,FAPPAP,2,2
32756,UJOPAK,1,1
32757,ZAQKAD,3,3
32758,GEWMOK,1,1
32759,SAXSOZ,3,3
32760,IROBAU,3,3
32761,AROMOJ,3,3
32762,LONHIF,3,3
32763,GANJUB,3,3
32764,OMAXIJ,3,3
32765,TAZGOU,1,1
32766,LUTREX,1,1
32767,REJPOP,1,1
32768,BAHGOJ,3,3
32769,DISVUW,2,2
32770,WAZWAZ,1,1
32771,DUHJOG,3,3
32772,KISPOV,1,1
32773,FIRWEJ,3,3
32774,WETSAS,2,2
32775,EQISEF,1,1
32776,UZIFOA,2,2
32777,GOFTIG,1,1
32778,KOJQEF,3,3
32779,WIBHUK,3,3
32780,LICZAA,2,2
32781,ETUKIO,3,3
32782,AHOCEH,2,2
32783,ZIQTOM,1,1
32784,BOBJIM,1,1
32785,BUBCEI,3,3
32786,CAMFIF,3,3
32787,UNEHOK,2,2
32788,PIKFEW,3,3
32789,GOWQOY,3,3
32790,SEHVOS,2,2
32791,LOSLIO,3,3
32792,XUXJAB,1,1
32793,DONWAE,3,3
32794,DUZCAE,3,3
32795,QUMKEO,2,2
32796,GASNUK,1,1
32797,TINPUF,1,1
32798,COCNOA,3,3
32799,JIWKEF,3,3
32800,ESUWIA,3,3
32801,GACJID,1,1
32802,GIPFES,3,3
32803,SIJBIW,3,3
32804,IFAFUT,2,2
32805,HOHGIU,1,1
32806,NONXEV,2,2
32807,WIXLUK,2,2
32808,FAXJOH,1,1
32809,SEZVID,3,3
32810,HAYSEH,3,3
32811,PUYDUL,1,1
32812,ZACLAU,1,1
32813,CAZPIG,1,1
32814,QELTAF,2,2
32815,WACFEP,1,1
32816,HAXPEB,1,1
32817,HUZYAC,1,1
32818,OHIDEQ,2,2
32819,WUFFIM,3,3
32820,UMUXEF,2,2
32821,DEZQIJ,1,1
32822,BCPZRB,1,1
32823,SUCKOQ,3,3
32824,YATSAR,1,1
32825,QEYJOW,3,3
32826,ADOJUB,3,3
32827,MEFWIE,1,1
32828,CUVYOK,1,1
32829,CAFRUY,3,3
32830,ZEZPON,1,1
32831,JISGOL,1,1
32832,REQGIF,2,2
32833,VAVQAK,3,3
32834,VASGEB,1,1
32835,DIFCIH,3,3
32836,JEWBUL,3,3
32837,LASDOZ,3,3
32838,OLAZIM,1,1
32839,DAMJAE,2,2
32840,QERLOO,2,2
32841,VIYCAI,3,3
32842,BOCNOA,1,1
32843,BUKCER,2,2
32844,BEQLAK,3,3
32845,KEBGOO,2,2
32846,QUYDUL,2,2
32847,YUMTOS,1,1
32848,YASJOR,3,3
32849,ABIWUH,1,1
32850,OLUGEI,3,3
32851,PUJWUM,2,2
32852,TUVWEO,2,2
32853,PAFREV,3,3
32854,MIVJAC,2,2
32855,OHUZID,1,1
32856,BUKTEH,3,3
32857,RAZKEI,2,2
32858,SARQIN,1,1
32859,AGEWUE,2,2
32860,WUBTIW,1,1
32861,QAYGEF,2,2
32862,RAQQUZ,1,1
32863,CUBCEI,2,2
32864,LIYYEX,1,1
32865,IMIPEA,2,2
32866,GUTZIF,3,3
32867,CIWSEH,1,1
32868,ISOWOC,2,2
32869,IHAPUE,2,2
32870,ESEXIK,1,1
32871,KOGQUT,3,3
32872,DOYQIS,1,1
32873,LOZBIL,3,3
32874,LITKIM,1,1
32875,REXPES,3,3
32876,KEFKIQ,3,3
32877,KOXVIC,2,2
32878,MARPAA,1,1
32879,LIVCEB,3,3
32880,XAFJEX,1,1
32881,ZIGQEN,1,1
32882,KAQYIK,3,3
32883,COHDUZ,1,1
32884,NICSOL,1,1
32885,ATODAR,1,1
32886,SILXIV,3,3
32887,KEHREU,1,1
32888,POTCDR,2,2
32889,BIBDAS,3,3
32890,NENSIJ,1,1
32891,WEBSUR,3,3
32892,QUBVAL,3,3
32893,COPDOB,3,3
32894,JECZIA,1,1
32895,OYONOG,3,3
32896,LUGDUP,1,1
32897,PORKUD,2,2
32898,KUJSUG,1,1
32899,EQIZAG,3,3
32900,VALBOZ,3,3
32901,DAJDAT,2,2
32902,EGOGUE,3,3
32903,AHUPIF,1,1
32904,JEWLUT,3,3
32905,TUJPIX,3,3
32906,NUHLOU,1,1
32907,CEZCER,3,3
32908,ZEDXIP,1,1
32909,PIQBIC,3,3
32910,KAKZOM,2,2
32911,DEFJUV,3,3
32912,HAHXAQ,2,2
32913,CIFQEP,2,2
32914,RASKIF,3,3
32915,BMPINN,3,3
32916,ZICTEN,3,3
32917,JOWLEM,2,2
32918,LEYLIM,3,3
32919,NECSUL,2,2
32920,FUGWAH,2,2
32921,OXEGAA,3,3
32922,PAQZAL,3,3
32923,VEBQOI,2,2
32924,PUQLIX,2,2
32925,CIJNIW,1,1
32926,AJEBAS,3,3
32927,NABVOF,1,1
32928,DEFHOM,1,1
32929,YOJDAC,3,3
32930,REHQEA,1,1
32931,POQKIP,3,3
32932,XAHVUA,3,3
32933,MANYOQ,3,3
32934,COFXEC,2,2
32935,BIWDER,2,2
32936,HILWUY,1,1
32937,ZABMUO,1,1
32938,KUMFOO,2,2
32939,EBUGOB,1,1
32940,QIGPON,2,2
32941,LONXAQ,2,2
32942,SULSUP,3,3
32943,CUKZEP,3,3
32944,KEDJOT,3,3
32945,PIMBOF,3,3
32946,KEGVAT,3,3
32947,FIFCOP,2,2
32948,WAGJAQ,3,3
32949,YUDZOP,1,1
32950,SASBAS,3,3
32951,RAYGAA,1,1
32952,FEJNEP,3,3
32953,ZUMFUL,1,1
32954,GEDYEX,1,1
32955,HAVBUC,3,3
32956,MUVQUR,3,3
32957,TETCAW,1,1
32958,FINNAR,1,1
32959,SOFFUP,2,2
32960,TAXZUO,2,2
32961,XEVHAH,2,2
32962,HOGTAZ,2,2
32963,TUWMEG,1,1
32964,YAKFOI,3,3
32965,BUTDUQ,3,3
32966,LIVMIN,3,3
32967,XALSUA,3,3
32968,VUXNOS,2,2
32969,HECTOA,3,3
32970,MOYNAP,2,2
32971,KOCFIS,1,1
32972,XOQCAI,3,3
32973,ESUPAL,2,2
32974,SEHHIW,2,2
32975,FEZVIT,1,1
32976,YEJVOB,1,1
32977,ATULUZ,1,1
32978,ZETNIX,3,3
32979,BARCAA,3,3
32980,JALSEY,1,1
32981,PEBTOH,3,3
32982,VICPOO,2,2
32983,OTIXUN,1,1
32984,XOBNIP,1,1
32985,ZUXTOB,1,1
32986,DECNOP,3,3
32987,AQANUC,3,3
32988,FEFVOF,1,1
32989,QAJDOX,3,3
32990,VOMYON,3,3
32991,LONHEE,2,2
32992,XEMXAO,1,1
32993,PATPUY,3,3
32994,LABHOM,3,3
32995,GAFBIA,2,2
32996,MIYPAN,3,3
32997,YOWLUU,1,1
32998,CIXPEG,2,2
32999,JINMOJ,1,1
33000,JOKRIO,1,1
33001,YEYBIR,1,1
33002,GILXEE,2,2
33003,XUDTAT,1,1
33004,VUFQET,2,2
33005,ETESIH,3,3
33006,ULUSAW,3,3
33007,HAHQIS,3,3
33008,RECNIX,1,1
33009,EAIVCO,2,2
33010,TABRAP,3,3
33011,TITHIN,2,2
33012,TOHVOB,3,3
33013,VIZHAO,3,3
33014,YAFMAV,3,3
33015,UPABUL,1,1
33016,IWEFIA,2,2
33017,FOSJIJ,3,3
33018,TILDEA,3,3
33019,DUJLAX,3,3
33020,YURMUW,1,1
33021,JOGJAQ,2,2
33022,XULYOV,1,1
33023,MAZJON,1,1
33024,WOCWAO,3,3
33025,XELKEF,1,1
33026,SIPQEN,3,3
33027,CUVYAW,1,1
33028,TIBCAJ,2,2
33029,KEHNUI,3,3
33030,PEVNEJ,2,2
33031,ROBHEV,1,1
33032,JEJTEA,2,2
33033,OCIDAH,3,3
33034,OPEHIC,3,3
33035,VIMYEW,3,3
33036,BADQED,2,2
33037,FIRPOO,3,3
33038,NODXUZ,1,1
33039,EFUZAG,3,3
33040,VIYDIS,2,2
33041,DUNGOK,3,3
33042,MUCDIZ,1,1
33043,BOXYET,3,3
33044,PANHER,2,2
33045,FOKVAF,1,1
33046,LEBKIP,3,3
33047,QEMNAY,2,2
33048,TIPCEB,3,3
33049,XUTLOO,2,2
33050,ZEQFEI,2,2
33051,XECQIH,3,3
33052,VIJPOT,2,2
33053,GACSIQ,1,1
33054,YOFLOV,2,2
33055,GIXWUF,3,3
33056,LESNON,1,1
33057,HUPLIQ,1,1
33058,FASRIC,3,3
33059,NOBGER,3,3
33060,UMIMUA,2,2
33061,GOHCEL,3,3
33062,KAWMIE,2,2
33063,SISMIQ,2,2
33064,REBDAG,2,2
33065,COXRUE,3,3
33066,SAWNIQ,2,2
33067,COLCOV,2,2
33068,LUKGIK,1,1
33069,KIMFAP,2,2
33070,TUMBUA,2,2
33071,TOYVUA,3,3
33072,FAXJAT,1,1
33073,ZACLOI,1,1
33074,APUJOM,3,3
33075,POYHIV,3,3
33076,TEKQEI,2,2
33077,NAQGUK,3,3
33078,POGNOP,1,1
33079,USURAC,2,2
33080,ZIKYID,2,2
33081,KOMHEZ,3,3
33082,NORHIL,2,2
33083,UCIWOS,2,2
33084,XONFEM,1,1
33085,GOPFAV,3,3
33086,LIHRAV,2,2
33087,WOXNIJ,1,1
33088,FOZMOW,3,3
33089,YOVXUE,3,3
33090,LOLNEF,3,3
33091,OYOLUK,2,2
33092,HIHRUN,3,3
33093,LUZRII,3,3
33094,XEMTUG,3,3
33095,MAFOTR,2,2
33096,BAHGAV,3,3
33097,DAJCEZ,2,2
33098,MOSLEL,2,2
33099,VUMPAU,1,1
33100,ZIXXUB,2,2
33101,KIKYEJ,3,3
33102,HAFCAT,1,1
33103,YUPGUN,3,3
33104,WEMYIZ,3,3
33105,XUJFIS,2,2
33106,DOQGEY,2,2
33107,QUFDUS,3,3
33108,MOBBEN,3,3
33109,KEGZAY,1,1
33110,CURWET,3,3
33111,AHETAL,1,1
33112,UJUHIQ,2,2
33113,HASSAV,2,2
33114,PUBCOH,1,1
33115,HUQMEM,2,2
33116,CAVMEU,2,2
33117,MATFOF,1,1
33118,QUFSUI,1,1
33119,SEKQOO,3,3
33120,SIRLEM,2,2
33121,RALLAT,3,3
33122,NIDJUI,1,1
33123,LOBKOD,1,1
33124,TAXJEI,2,2
33125,SIFQII,3,3
33126,UZITIH,3,3
33127,RUGBAW,1,1
33128,EDAVIR,3,3
33129,UBUNIQ,2,2
33130,YADPAU,3,3
33131,CEJYEW,2,2
33132,BUVBAW,3,3
33133,SEMPUW,3,3
33134,FOKDIS,3,3
33135,MELGIX,1,1
33136,XOVFIX,3,3
33137,NEBWEZ,3,3
33138,UFUDEF,1,1
33139,XOMXED,2,2
33140,SEBSUO,1,1
33141,VOXPUW,1,1
33142,QAFLUH,2,2
33143,RAQQOT,1,1
33144,OHEGAL,3,3
33145,ERATOG,3,3
33146,OSELOP,3,3
33147,EFEWAO,2,2
33148,FECLIJ,2,2
33149,XEVDAE,1,1
33150,CIFCOM,3,3
33151,PUWTIL,1,1
33152,QADFAC,3,3
33153,UMUJAP,3,3
33154,AKOGOX,3,3
33155,PUJNAJ,3,3
33156,QEJBAJ,1,1
33157,URUGUL,3,3
33158,YADGAO,1,1
33159,OCUTUC,3,3
33160,CUZZII,2,2
33161,OBOGOE,2,2
33162,SIZVIJ,1,1
33163,JEDQOC,1,1
33164,LIFGOW,2,2
33165,YITYOT,1,1
33166,NASMUR,2,2
33167,XASVEW,1,1
33168,IWAFAN,3,3
33169,ZOQXIM,2,2
33170,HINVEF,2,2
33171,EROTOU,1,1
33172,TUSZOZ,1,1
33173,ORUFEO,2,2
33174,CIYFIA,3,3
33175,JIPPIL,1,1
33176,APUDUL,3,3
33177,FICGAD,1,1
33178,NIMJUR,1,1
33179,MEQQUV,3,3
33180,DAWLAP,2,2
33181,HACKOM,1,1
33182,QEHDAI,3,3
33183,DEZZAJ,3,3
33184,WABNOE,3,3
33185,SEYHEN,1,1
33186,RUQLUN,1,1
33187,QOFTUA,1,1
33188,GASNOE,1,1
33189,RUCWET,2,2
33190,ODOPEF,3,3
33191,TUFZID,2,2
33192,KAJWUQ,3,3
33193,NIKKOJ,3,3
33194,RODWAL,3,3
33195,XOCSUG,3,3
33196,DEVBIT,1,1
33197,PASKUP,2,2
33198,PHCBCR,2,2
33199,UXUYOE,1,1
33200,AROFEU,2,2
33201,QIXNIU,1,1
33202,JEHGIN,3,3
33203,CUVBAW,3,3
33204,LITYAO,2,2
33205,KOCXUY,3,3
33206,YOMXED,1,1
33207,ZOQQAX,2,2
33208,MAMRUN,2,2
33209,LIXHAD,2,2
33210,GUQGIL,1,1
33211,CERROI,2,2
33212,PUTXAG,1,1
33213,ISIXOZ,3,3
33214,TUMNUL,3,3
33215,CAYNEZ,1,1
33216,TOJLIP,1,1
33217,TACTIB,2,2
33218,GATGEQ,2,2
33219,GUDWIN,2,2
33220,PARHUM,3,3
33221,GIPDEQ,3,3
33222,NOCFIY,1,1
33223,ECATAD,2,2
33224,ERADIL,2,2
33225,MECCOQ,1,1
33226,MEWRUB,2,2
33227,ICONAP,1,1
33228,POHFIC,1,1
33229,EQIMUO,2,2
33230,ZIBLED,3,3
33231,VUKSUS,1,1
33232,FUDRUS,3,3
33233,TUSSEG,2,2
33234,WUXWUH,1,1
33235,FANSAR,2,2
33236,LIKRIG,3,3
33237,GIVYOB,3,3
33238,NABCAU,3,3
33239,PIBMOD,1,1
33240,IJEVOL,1,1
33241,FOFDUB,1,1
33242,RAGCIN,2,2
33243,XOGZAX,3,3
33244,UZIJAP,3,3
33245,WIHTAI,2,2
33246,JOBNOE,2,2
33247,LEGXEA,1,1
33248,RIVWOJ,1,1
33249,YOWBOC,1,1
33250,ZUWYUL,1,1
33251,WOJBOP,2,2
33252,XEMXUJ,2,2
33253,VOLVOI,3,3
33254,COJYUY,3,3
33255,SESMEK,2,2
33256,KEZGON,2,2
33257,WOBFIG,1,1
33258,FEGWAR,3,3
33259,FAVVEH,1,1
33260,FUMPOS,2,2
33261,SADHEK,3,3
33262,ORUHIT,3,3
33263,XIPRAP,2,2
33264,OBORUS,2,2
33265,HAHSER,3,3
33266,OBAPOZ,3,3
33267,GOPDOH,3,3
33268,BESFOY,1,1
33269,KEYBOG,3,3
33270,HEMMUH,2,2
33271,BEPZAY,3,3
33272,QOPSIZ,2,2
33273,PAMFAO,1,1
33274,WAYPAQ,3,3
33275,SECROI,2,2
33276,EPANOB,1,1
33277,FIQPEA,2,2
33278,QOMGOO,2,2
33279,QOWZAF,2,2
33280,TETVOD,3,3
33281,QORLEO,3,3
33282,ZISYEF,2,2
33283,YIZLUP,3,3
33284,GUDRUS,2,2
33285,ASOTAF,3,3
33286,BUKVEJ,2,2
33287,IGETUK,3,3
33288,GUYJEQ,2,2
33289,KIDDOU,1,1
33290,YEBPEC,3,3
33291,ANECIG,2,2
33292,GUQBUQ,3,3
33293,XEKGEB,3,3
33294,COBHIO,1,1
33295,KABCUM,3,3
33296,NERJUT,1,1
33297,FUBQUP,3,3
33298,KUFNUV,3,3
33299,DOLZIQ,3,3
33300,FIYCAS,2,2
33301,EPISEC,2,2
33302,HISNUS,3,3
33303,YUGMES,2,2
33304,XIGSAK,3,3
33305,OFEVIG,2,2
33306,AKICIJ,1,1
33307,WAXDAA,3,3
33308,MASSUY,1,1
33309,VAWWEZ,1,1
33310,CEJGOP,3,3
33311,NOWBIK,2,2
33312,FOJWOR,1,1
33313,FUSSUH,2,2
33314,ZUFYOO,1,1
33315,LUKREP,3,3
33316,YISWAY,2,2
33317,KELLEU,1,1
33318,VABLUI,3,3
33319,PEKZUE,1,1
33320,PORLEO,1,1
33321,HIZLOS,3,3
33322,SIXBUY,2,2
33323,RUPZOR,2,2
33324,ADAJOI,1,1
33325,UCAZUT,2,2
33326,FUHXAJ,3,3
33327,VETQAQ,1,1
33328,YATQAP,1,1
33329,HEBKIM,1,1
33330,MAQPIG,3,3
33331,TUTCAM,3,3
33332,BEHQIO,3,3
33333,WECNIE,3,3
33334,POZSUU,1,1
33335,LATVIM,2,2
33336,OHIFES,2,2
33337,METLAY,1,1
33338,GANZIG,3,3
33339,DUSHII,3,3
33340,EMEPOD,3,3
33341,YEHLIG,3,3
33342,UHIKAX,2,2
33343,VEFFIW,1,1
33344,XUPBEP,3,3
33345,QALPUO,2,2
33346,HESNAX,2,2
33347,JUDQUW,2,2
33348,HIQCIU,3,3
33349,MEKGER,3,3
33350,XEFROQ,2,2
33351,IGUWAI,2,2
33352,EMEPAO,3,3
33353,RANSAB,1,1
33354,FOZFEH,3,3
33355,RIHMUS,3,3
33356,CEZVEJ,3,3
33357,HOBPAR,3,3
33358,TOTQUO,2,2
33359,CYHXCF,2,2
33360,XUDHIN,3,3
33361,MUNZEB,2,2
33362,WEJRUA,2,2
33363,VIJPUZ,2,2
33364,REPFEZ,3,3
33365,NEPPIH,3,3
33366,ZUBBIK,1,1
33367,CIKXIE,3,3
33368,XUSGEY,3,3
33369,VEKFUQ,1,1
33370,CIQBAJ,1,1
33371,KUJQUE,1,1
33372,DIYCET,2,2
33373,DAZKUL,3,3
33374,KADKIK,3,3
33375,MUFYES,3,3
33376,JOCCOW,3,3
33377,UDOMIM,3,3
33378,HUMDEA,2,2
33379,LURVUP,3,3
33380,JORFII,2,2
33381,PYZTCI,2,2
33382,ICITAQ,1,1
33383,KIXDED,2,2
33384,RUKMEP,2,2
33385,RAPKOK,2,2
33386,VEMWIU,3,3
33387,TEZXON,2,2
33388,HOBYIG,1,1
33389,NAQGOE,3,3
33390,KUKGON,3,3
33391,GELHAH,2,2
33392,CUVRIW,3,3
33393,RIPJIM,3,3
33394,TEBXUV,2,2
33395,YAZXEC,3,3
33396,BASLOZ,2,2
33397,UQUQUV,1,1
33398,RIPDEA,3,3
33399,BOXKAB,1,1
33400,VESSUH,2,2
33401,GEBFOI,2,2
33402,NITGOO,2,2
33403,LAJWEY,2,2
33404,BUVBOK,3,3
33405,BEKHUY,1,1
33406,ZOVDUL,3,3
33407,ZOLWUV,3,3
33408,YIMCUS,3,3
33409,PIJWOW,3,3
33410,HEZNAC,2,2
33411,PEVKAF,3,3
33412,MOWWUR,2,2
33413,EDUREC,3,3
33414,UMEBET,2,2
33415,XELYAP,3,3
33416,KAMBAE,3,3
33417,HUPPAK,2,2
33418,BAGHOH,2,2
33419,UFONEI,3,3
33420,SURPUR,3,3
33421,LACGAA,3,3
33422,XIXVIL,3,3
33423,UGUQIX,2,2
33424,APOBAK,1,1
33425,KILWEL,1,1
33426,ZONSON,1,1
33427,ZONTIH,3,3
33428,ZUJDUG,1,1
33429,QEKHEV,2,2
33430,VIVKER,2,2
33431,HAJROC,3,3
33432,LUZYAI,3,3
33433,DIJPEU,3,3
33434,RISJUY,2,2
33435,AMEKAE,2,2
33436,MIKYUB,3,3
33437,TANFEW,3,3
33438,UQEPUD,3,3
33439,KUMDOM,2,2
33440,FODNOB,3,3
33441,HOZRAQ,2,2
33442,OHABOP,3,3
33443,MUDTUA,2,2
33444,RALLOH,3,3
33445,ROFHAZ,1,1
33446,SAJVAB,3,3
33447,REHSEC,1,1
33448,ONUVAX,1,1
33449,EYEHEW,3,3
33450,ROTQID,2,2
33451,TOCGUN,3,3
33452,QOSHOW,2,2
33453,IWIPUB,1,1
33454,XUKKIA,1,1
33455,KIRXIW,1,1
33456,AFEKIH,2,2
33457,AMOGIU,3,3
33458,WABPIA,3,3
33459,COCWUM,3,3
33460,LEDMOW,2,2
33461,JUPWOI,3,3
33462,ZIJHOP,2,2
33463,HEDTUF,3,3
33464,YIDTUE,1,1
33465,AYEDEP,2,2
33466,WILDUT,1,1
33467,AHIGUW,1,1
33468,CANVET,1,1
33469,OZASIS,2,2
33470,AHAXEM,3,3
33471,TEGKOJ,1,1
33472,LIRDEW,2,2
33473,AMIVUQ,1,1
33474,LEDZOM,3,3
33475,VAPNEF,2,2
33476,XARKAF,2,2
33477,QEBTUQ,1,1
33478,WUBQAO,1,1
33479,OGOVAH,3,3
33480,RERGAW,3,3
33481,XEVQUO,1,1
33482,AWORUZ,3,3
33483,BOYFOL,2,2
33484,ONIFAV,1,1
33485,CIMBEG,1,1
33486,ULUQAU,2,2
33487,MAHVAT,2,2
33488,WIRRUN,1,1
33489,GOKTAD,2,2
33490,KAVRAB,1,1
33491,ABASEE,2,2
33492,REZZII,3,3
33493,HATQUO,2,2
33494,OFEXIH,2,2
33495,VIMPUD,3,3
33496,FUFFET,3,3
33497,CEHQEL,3,3
33498,QIWDOS,3,3
33499,KAFZIE,1,1
33500,KEPREC,2,2
33501,UMUDAH,2,2
33502,COHDOT,3,3
33503,HEKRIC,1,1
33504,FIJWIH,3,3
33505,ATOJUO,2,2
33506,WAMVUD,1,1
33507,UCOHEB,1,1
33508,FATGIR,3,3
33509,ALOBOT,1,1
33510,ZOVSUA,2,2
33511,SOHFOL,3,3
33512,KATTAA,2,2
33513,SEQKIK,3,3
33514,SISFAF,1,1
33515,BIPFEN,3,3
33516,NAGGUX,3,3
33517,HAJBIH,1,1
33518,EDIRAN,2,2
33519,ACINUX,1,1
33520,MEQSAF,3,3
33521,DEDREK,3,3
33522,YAJRUW,1,1
33523,SAKREF,1,1
33524,NOSGEH,1,1
33525,QOQPES,2,2
33526,ODOWOT,2,2
33527,ULONUG,1,1
33528,OYOREB,2,2
33529,YESRIX,3,3
33530,YEJSIQ,2,2
33531,YIVVII,1,1
33532,WEWSIB,3,3
33533,RAYRAN,2,2
33534,NUYREH,1,1
33535,AQEKOZ,1,1
33536,QEBXAY,3,3
33537,BACCAL,2,2
33538,XUVJUU,1,1
33539,ZEDCES,3,3
33540,LIJFET,1,1
33541,PEHJAQ,2,2
33542,YAKCIZ,2,2
33543,XEKYAN,1,1
33544,NIKPUS,2,2
33545,AYAQAS,1,1
33546,MUNTIY,2,2
33547,NASFIW,3,3
33548,XECSIJ,2,2
33549,NAXPOS,2,2
33550,RERWET,3,3
33551,EBEZEU,1,1
33552,TUYHAY,1,1
33553,EJOWIK,2,2
33554,CAYPAT,3,3
33555,YIMVOG,2,2
33556,AYOXIV,2,2
33557,GOSMUW,1,1
33558,LICQEW,3,3
33559,IQETED,2,2
33560,WAVFUV,3,3
33561,TOTZEK,1,1
33562,WUMLIZ,3,3
33563,LUBRIJ,3,3
33564,QUNKOC,1,1
33565,UGEYAJ,1,1
33566,PANVUY,3,3
33567,CIXREG,3,3
33568,UBASIC,1,1
33569,HAHSIS,2,2
33570,TECWAA,3,3
33571,MIGMIA,2,2
33572,GIQBUG,1,1
33573,FIRBIS,2,2
33574,LOBLET,3,3
33575,PAXTUH,1,1
33576,YORMIB,1,1
33577,EHOHUF,3,3
33578,MAJKUG,3,3
33579,VUPQEE,3,3
33580,GOSZUM,1,1
33581,PUPCEI,1,1
33582,OVIKEM,1,1
33583,BOJWUT,3,3
33584,VAQCIB,3,3
33585,BEDNII,2,2
33586,WEQWOE,1,1
33587,HAZCIX,3,3
33588,PECKER,1,1
33589,REZDAD,1,1
33590,REYVAW,1,1
33591,BOHDOV,1,1
33592,GOBXUU,1,1
33593,AHIGUU,3,3
33594,LIWKOU,2,2
33595,CSINIA,3,3
33596,RARSEM,1,1
33597,OZUYEO,2,2
33598,OZINAO,1,1
33599,ZORCOB,1,1
33600,KIRXIU,3,3
33601,YUGDAG,2,2
33602,OHIQIH,2,2
33603,PADSUK,2,2
33604,HAZZEN,2,2
33605,COHCIP,1,1
33606,GULJON,2,2
33607,OPUBAD,3,3
33608,DOGKER,3,3
33609,WILFOM,1,1
33610,IXEGEY,2,2
33611,HEHGOT,3,3
33612,ACUKOB,1,1
33613,FUJPAD,3,3
33614,DAPYUQ,3,3
33615,TIFCES,1,1
33616,SIWCAD,3,3
33617,NIXFIM,2,2
33618,BETQAT,2,2
33619,GEWFIB,1,1
33620,TEYTEX,2,2
33621,NAQNEZ,3,3
33622,ZIDQAI,1,1
33623,CONRUT,2,2
33624,GUZQAV,3,3
33625,GISXEO,2,2
33626,KIMDAP,1,1
33627,DUSHEH,1,1
33628,WIKVIX,1,1
33629,ODOWOV,3,3
33630,WETHAF,1,1
33631,HIJZAE,2,2
33632,COMKEV,2,2
33633,UCEDOX,2,2
33634,KITLIL,3,3
33635,AYIKOI,3,3
33636,MITYOF,2,2
33637,KABXOA,2,2
33638,IQAXON,1,1
33639,POXGEP,3,3
33640,HITRIP,1,1
33641,MINDAO,2,2
33642,SANDAM,3,3
33643,XONDEM,3,3
33644,DUBJEP,2,2
33645,WUHCAE,1,1
33646,UQABUK,3,3
33647,ZULROP,2,2
33648,CENNUF,1,1
33649,KUJJAB,3,3
33650,ZOGMEP,3,3
33651,TUFFUY,1,1
33652,AFUJIX,2,2
33653,KOGHAQ,2,2
33654,NILPUX,1,1
33655,JOMMAC,3,3
33656,IVAJAS,1,1
33657,HEFNEL,3,3
33658,ZIZGAS,3,3
33659,WAQCIB,3,3
33660,LEWPAG,3,3
33661,NEFWUQ,2,2
33662,TAYYOI,2,2
33663,PIBDIO,1,1
33664,GIBMEM,2,2
33665,QOQGEK,3,3
33666,MAQLUM,3,3
33667,NOPBEC,3,3
33668,GUKDAT,1,1
33669,FUFHIZ,2,2
33670,IYONIW,1,1
33671,AVOROS,3,3
33672,CACTAC,2,2
33673,GATNAR,1,1
33674,SIJKUR,3,3
33675,LEMXUX,2,2
33676,IHEKEN,2,2
33677,SILMIL,2,2
33678,PAWWUG,3,3
33679,PIKZAL,3,3
33680,EQALAL,2,2
33681,COFSOI,3,3
33682,NOVJUF,3,3
33683,LIPKOK,1,1
33684,RUKMER,2,2
33685,IMEZEH,3,3
33686,SOSXAZ,2,2
33687,ZOYROW,3,3
33688,UNUKAR,3,3
33689,ZEFNUT,2,2
33690,MUYROQ,1,1
33691,WORNOI,3,3
33692,YUXFAZ,3,3
33693,SOFHAX,3,3
33694,BADXUB,3,3
33695,EWIVEM,2,2
33696,LUDTUC,1,1
33697,TEQPAG,1,1
33698,ABOZOH,3,3
33699,XITBUX,1,1
33700,SATGEC,3,3
33701,VIDROQ,3,3
33702,JAXKOL,3,3
33703,HALVID,1,1
33704,WUTDAQ,2,2
33705,FOHJUJ,3,3
33706,POWCAF,2,2
33707,HOXMOY,2,2
33708,TUTMAW,3,3
33709,TUTCOD,1,1
33710,WUHDEK,3,3
33711,TALWEL,3,3
33712,UCATUN,2,2
33713,YEFLEC,2,2
33714,KUMFUT,3,3
33715,IYUTAX,3,3
33716,LILNUS,2,2
33717,NABZAU,2,2
33718,VEZQOJ,1,1
33719,BOFDOS,3,3
33720,HISRIN,2,2
33721,UQOGIS,3,3
33722,JERCEO,1,1
33723,MIRXUI,3,3
33724,QIGRON,2,2
33725,JADKII,3,3
33726,REGPEY,2,2
33727,OWAVUG,1,1
33728,VORYOS,1,1
33729,GUWXUR,3,3
33730,AQUTEM,3,3
33731,BICLIL,2,2
33732,WAGFOB,3,3
33733,WEMWIW,2,2
33734,KIWNOT,2,2
33735,SANZIU,1,1
33736,RAZWAR,3,3
33737,OFILUK,1,1
33738,ROVYEI,3,3
33739,BUVRIU,3,3
33740,ADIYER,3,3
33741,ROJNAI,2,2
33742,WIVRIF,2,2
33743,UWEKIR,2,2
33744,RUGRIU,1,1
33745,ATAHOS,3,3
33746,MUBBOA,1,1
33747,ZAYMIX,3,3
33748,YEPPOB,2,2
33749,EJUCOB,1,1
33750,UZIDAJ,3,3
33751,HAKXEA,1,1
33752,TDTCCO,2,2
33753,FOYDAZ,3,3
33754,LENQAY,1,1
33755,CUJROP,3,3
33756,FIBJAC,3,3
33757,GAMCUS,2,2
33758,LITGEA,2,2
33759,IGEXOJ,3,3
33760,MEDMOB,1,1
33761,WERLEK,2,2
33762,ZEPWAW,1,1
33763,NITGOM,2,2
33764,YADPOK,1,1
33765,IPUGAE,1,1
33766,BECNEC,2,2
33767,MOSWEY,2,2
33768,HUXCIO,2,2
33769,GIZXIW,2,2
33770,TUGPAN,3,3
33771,WACCAI,1,1
33772,MOQHIL,1,1
33773,AYIKAU,3,3
33774,UHADUC,3,3
33775,PAMFAM,2,2
33776,CIFTOB,3,3
33777,CIHVUK,2,2
33778,FOCWOK,2,2
33779,GEKVEX,3,3
33780,JEMVIK,1,1
33781,TIJWUF,3,3
33782,UTOQAX,3,3
33783,DACFOD,2,2
33784,WAHLID,2,2
33785,GAMZUQ,2,2
33786,DAWWUW,3,3
33787,JOKGEV,1,1
33788,OWASEN,1,1
33789,JIYWOD,3,3
33790,HITKIE,3,3
33791,YESBAZ,1,1
33792,HIJMOC,2,2
33793,HEXJUR,3,3
33794,VETJUA,2,2
33795,UMUCIP,3,3
33796,VIFMOP,3,3
33797,FAXQAA,1,1
33798,TIBTUW,2,2
33799,GUJNEH,1,1
33800,AXBOCU,2,2
33801,LABMEH,2,2
33802,OFUWIW,1,1
33803,KOFBEM,2,2
33804,GEGLUB,2,2
33805,LONCAS,2,2
33806,VIJRAH,2,2
33807,APICUZ,2,2
33808,ICUDOA,3,3
33809,EJIHUB,1,1
33810,GASLUK,3,3
33811,KESRUV,3,3
33812,NOXXEG,1,1
33813,NARREF,1,1
33814,CEGBOI,3,3
33815,WANVEQ,1,1
33816,FIBMIN,3,3
33817,XIMXOH,1,1
33818,HIWGAY,2,2
33819,NONZEV,1,1
33820,YERQES,2,2
33821,NAXGAW,3,3
33822,BIJPUH,3,3
33823,CARTUK,3,3
33824,JUFNUT,2,2
33825,UBAXUQ,2,2
33826,DEXBIS,3,3
33827,JICTIB,3,3
33828,WUMPUR,2,2
33829,HUBWOS,1,1
33830,SASWOB,3,3
33831,VICBEP,3,3
33832,ISIXOX,2,2
33833,RESMEI,2,2
33834,HADKOQ,1,1
33835,IPIWOW,1,1
33836,EXUBAA,3,3
33837,AWELOD,2,2
33838,TIHZET,1,1
33839,JOBPEW,3,3
33840,XANREK,1,1
33841,EYEHIA,3,3
33842,XOLPUJ,2,2
33843,EJANIN,3,3
33844,VIHTAK,1,1
33845,FUHXAH,3,3
33846,SOWSAB,2,2
33847,VIWQEX,2,2
33848,MEGXEC,3,3
33849,LAQBUB,3,3
33850,XUWGUR,3,3
33851,OLILIF,3,3
33852,NASFEV,2,2
33853,XEVCEI,2,2
33854,TAPYAN,3,3
33855,RIFXAI,3,3
33856,WAXMIV,1,1
33857,JEYBOE,3,3
33858,JUMMIQ,1,1
33859,ZOMFEM,3,3
33860,BAMTOZ,1,1
33861,DIGLEN,3,3
33862,UDUYAX,1,1
33863,CACDIT,3,3
33864,ECUPAT,1,1
33865,SIGLAY,3,3
33866,OCEPIY,2,2
33867,XAVNOX,2,2
33868,XAJWEK,3,3
33869,FETMID,2,2
33870,UKUMOE,1,1
33871,XIGSAI,1,1
33872,BUTJOR,3,3
33873,BOYQAH,3,3
33874,CIQLAP,3,3
33875,YAFVAC,3,3
33876,MULBAX,3,3
33877,TECNAT,2,2
33878,KULYIA,3,3
33879,CAJJEC,1,1
33880,XECXUZ,2,2
33881,POLMEM,1,1
33882,CIJPUH,3,3
33883,FUJYER,1,1
33884,DIJNAL,2,2
33885,ETOHUR,2,2
33886,YIFYIV,1,1
33887,PIVNIR,2,2
33888,GUYJES,1,1
33889,COKMUK,3,3
33890,NUVXAD,3,3
33891,HIGHOX,1,1
33892,MAHVOJ,3,3
33893,WIFMOP,2,2
33894,ALOYUX,3,3
33895,NEPNON,3,3
33896,PAPREG,2,2
33897,DAWBOV,2,2
33898,VATREQ,1,1
33899,TILQIO,2,2
33900,YOCSUE,2,2
33901,MEVCIZ,3,3
33902,YUDQIY,2,2
33903,WOWVIP,2,2
33904,MUBLON,1,1
33905,IYUJET,3,3
33906,SICYEM,1,1
33907,GUQWOE,3,3
33908,QASKUR,3,3
33909,HIXZIY,2,2
33910,NATHID,1,1
33911,AYEMAS,3,3
33912,JOZNUH,1,1
33913,CIBVIS,3,3
33914,DOPZOA,2,2
33915,LIRCOG,2,2
33916,TIDBOB,1,1
33917,WELHUU,1,1
33918,AJIVIB,1,1
33919,DIWZEQ,3,3
33920,XOVFIZ,3,3
33921,DUHQAY,3,3
33922,RIQGIJ,3,3
33923,KESYEP,2,2
33924,ZEPWOK,1,1
33925,KALTUP,3,3
33926,HURTUM,1,1
33927,IKULAE,1,1
33928,QOSHAI,3,3
33929,MUYBEN,3,3
33930,XUCTUM,3,3
33931,YEKPEM,2,2
33932,LOVZUU,1,1
33933,TAJQUQ,2,2
33934,YUXXEV,3,3
33935,DEQGUB,2,2
33936,UJABEM,2,2
33937,WABGEM,1,1
33938,XOPKEU,3,3
33939,QOFVOX,2,2
33940,DAXHES,3,3
33941,KEDQOA,2,2
33942,NIBLIU,1,1
33943,IXOKAJ,3,3
33944,NAMYOQ,2,2
33945,MOCXIP,1,1
33946,MEZBOM,1,1
33947,ZASHEI,2,2
33948,HUNFOO,1,1
33949,LUZYOW,3,3
33950,SOLZOL,2,2
33951,PDMPDA,2,2
33952,ROBJIB,1,1
33953,MOBBEL,2,2
33954,HILLUL,3,3
33955,ZOBKIN,3,3
33956,UWUJEC,3,3
33957,PEHDAK,3,3
33958,FITXIR,2,2
33959,TACCIM,3,3
33960,DUPCEY,3,3
33961,LERCUG,2,2
33962,LEQQUT,1,1
33963,CISTIK,2,2
33964,ZOMHIV,3,3
33965,KETNEC,1,1
33966,KILPOK,2,2
33967,TIWHAJ,3,3
33968,PAVHIE,1,1
33969,DUKSEI,1,1
33970,LEDCOM,1,1
33971,USIWOK,3,3
33972,PAHNOC,2,2
33973,WOGWIB,2,2
33974,HURFIJ,3,3
33975,ILUWER,1,1
33976,YEZLOE,3,3
33977,YEDJIC,3,3
33978,REMPUU,2,2
33979,NIGCAJ,1,1
33980,VEYXUW,1,1
33981,DEWXEJ,3,3
33982,AFICIC,3,3
33983,FICNIS,1,1
33984,DEHJAC,1,1
33985,TAPNAC,3,3
33986,MUFKUU,2,2
33987,PILTAJ,1,1
33988,LECSIX,3,3
33989,IGUWOW,3,3
33990,RUQLUL,2,2
33991,WEHVAG,2,2
33992,UJALIA,3,3
33993,DAJVIT,2,2
33994,UJAKOG,3,3
33995,DIFQOC,1,1
33996,EXOXIY,2,2
33997,LUFPAG,1,1
33998,JEKKAP,1,1
33999,LOQXOG,3,3
34000,XIWBEO,1,1
34001,BOVKON,3,3
34002,EQEYIL,1,1
34003,JETNEC,1,1
34004,YEXCEL,3,3
34005,TAJTIL,1,1
34006,CICBIC,3,3
34007,LIGFUD,3,3
34008,YILYUN,2,2
34009,YIXFAN,2,2
34010,MOBKOF,1,1
34011,EQUJUY,1,1
34012,JUDCEQ,3,3
34013,SONLIS,3,3
34014,CAXQUN,3,3
34015,WUSJAW,2,2
34016,IQUROD,3,3
34017,RARVUD,2,2
34018,KETGOI,1,1
34019,BEJRUD,1,1
34020,HACRAF,3,3
34021,SIZVIH,2,2
34022,LAWTOW,1,1
34023,YEHWIR,1,1
34024,ECUROJ,3,3
34025,MUCDIX,1,1
34026,TUBTOZ,3,3
34027,MEMXOV,1,1
34028,VOXNIH,3,3
34029,XERVUO,3,3
34030,ZATZOJ,3,3
34031,FAVSOM,1,1
34032,YETBUV,2,2
34033,HUQXIC,2,2
34034,BILTEW,3,3
34035,CAHGAT,1,1
34036,SOYSUU,2,2
34037,ZACNUP,3,3
34038,OCOWEJ,1,1
34039,VAGCIQ,2,2
34040,RIFMOM,1,1
34041,COHXED,1,1
34042,QAXCOK,2,2
34043,RUKSUL,1,1
34044,EBAZAL,2,2
34045,FOJLOG,1,1
34046,GATBOT,3,3
34047,ESAMOB,2,2
34048,HIQFOD,2,2
34049,BOGBIJ,3,3
34050,MUMVUM,3,3
34051,CIQYOT,3,3
34052,ATEFEL,3,3
34053,ZELLIN,3,3
34054,GIYHEE,3,3
34055,VIRBII,1,1
34056,IZEXAP,1,1
34057,MAFXUN,2,2
34058,MODZEO,1,1
34059,ETAFOV,3,3
34060,ATIWEG,2,2
34061,FUSTEV,1,1
34062,QIBXAB,3,3
34063,WOSMUM,2,2
34064,PUDLOS,1,1
34065,BEVKIZ,2,2
34066,KAVPAB,1,1
34067,SECKUG,1,1
34068,POYQEB,3,3
34069,ONOWEV,3,3
34070,CONBIQ,3,3
34071,TIPDAY,3,3
34072,RACSEW,2,2
34073,IVOFOP,3,3
34074,GOGPAU,3,3
34075,MAQNUO,2,2
34076,CUHCUG,1,1
34077,KEPPEC,3,3
34078,GUTCEE,1,1
34079,TIWCEI,1,1
34080,IGOVEG,3,3
34081,VUJYIK,1,1
34082,WOVWEL,3,3
34083,ZEZWEI,2,2
34084,AFELUU,3,3
34085,FUPHII,2,2
34086,VIKZEV,3,3
34087,KAKDEH,3,3
34088,OXOBAF,3,3
34089,QICLAR,3,3
34090,HOGMOF,2,2
34091,JILRAB,1,1
34092,NUTKOC,2,2
34093,PESHEB,3,3
34094,WELDUO,3,3
34095,NECVID,2,2
34096,DOJKAR,2,2
34097,ASAVOH,2,2
34098,NETYES,3,3
34099,QEJYAH,1,1
34100,SANFAO,1,1
34101,BUXBUU,1,1
34102,ZOMZAC,2,2
34103,IFIKUH,1,1
34104,YIRFIS,1,1
34105,TETZOK,2,2
34106,YIPYEF,1,1
34107,GAVSOM,3,3
34108,MOLPOT,1,1
34109,AMIXAY,1,1
34110,ETEVUW,1,1
34111,KAZQEJ,3,3
34112,DIFTES,3,3
34113,TUWQUY,2,2
34114,RECKUG,3,3
34115,GOXKOV,2,2
34116,XIFBIA,3,3
34117,PEKMAX,1,1
34118,ISAPIB,1,1
34119,NAHMEQ,3,3
34120,EGAPUX,3,3
34121,BONBIQ,2,2
34122,TEYVEZ,2,2
34123,VUZVEU,1,1
34124,CUHHEV,1,1
34125,DORYER,1,1
34126,ZURFOH,2,2
34127,GOSJIH,3,3
34128,TAHYOS,3,3
34129,ANOJIZ,1,1
34130,MUYYEN,1,1
34131,WONRAV,3,3
34132,CEHZOF,2,2
34133,MEVFAU,1,1
34134,HARPUL,2,2
34135,FOHJOD,1,1
34136,SUNNAT,1,1
34137,OJEVEH,1,1
34138,KOQXEV,3,3
34139,KONSOV,3,3
34140,BODWOH,3,3
34141,VEPFIF,1,1
34142,MURVOK,2,2
34143,VIVPID,1,1
34144,CEZTEJ,2,2
34145,DIWQAE,3,3
34146,UFAPUP,1,1
34147,VIQYAX,2,2
34148,MEGTEY,3,3
34149,FOHHUH,3,3
34150,JIVQEL,3,3
34151,RUSDOY,3,3
34152,XOMDAH,1,1
34153,IKUPEK,3,3
34154,FEPSID,2,2
34155,HOTGAY,1,1
34156,SUKVIF,3,3
34157,WIMGOR,2,2
34158,DAJDAV,3,3
34159,NIVCOL,2,2
34160,AVOGOK,1,1
34161,DOZTIX,1,1
34162,PORKUF,2,2
34163,AMIHEM,1,1
34164,CATLUH,2,2
34165,GAHLEJ,2,2
34166,MUQTID,2,2
34167,POMLIQ,1,1
34168,SIKQAH,2,2
34169,CUNKEB,2,2
34170,BIMGAI,3,3
34171,QAVJED,3,3
34172,KIBBED,3,3
34173,PECBUV,2,2
34174,NARWOV,1,1
34175,LISBAS,3,3
34176,BUXNAJ,2,2
34177,HUTPER,2,2
34178,JOMTUD,3,3
34179,OJILUR,1,1
34180,NOMMOU,2,2
34181,IHORON,1,1
34182,OLEVOQ,2,2
34183,SUMLES,2,2
34184,ISUJAH,3,3
34185,YOMDAH,2,2
34186,PETCUM,3,3
34187,FUMKOQ,1,1
34188,HAYVUC,1,1
34189,EZISAJ,2,2
34190,HIBRIT,3,3
34191,MOYNAR,1,1
34192,IWIYES,3,3
34193,MUNFOR,1,1
34194,ROGYES,2,2
34195,DAMHUW,2,2
34196,DOJROL,3,3
34197,GESVIM,2,2
34198,QEHSUT,3,3
34199,ZAFHUM,1,1
34200,KAZMUV,2,2
34201,KEDMIP,1,1
34202,YIDSIO,3,3
34203,QAGVOL,3,3
34204,DURYAT,1,1
34205,FEFTUH,3,3
34206,KIJQAV,2,2
34207,QOSZIK,1,1
34208,ROPVID,2,2
34209,HOHYOS,1,1
34210,VEDBIT,1,1
34211,MEHNIW,3,3
34212,TONBON,1,1
34213,KULPUF,1,1
34214,MEXJUX,2,2
34215,GIYXAQ,3,3
34216,MIJMOI,2,2
34217,EFAGOI,2,2
34218,JODCUE,1,1
34219,LUTWUS,2,2
34220,LENZIN,3,3
34221,HUTNOB,3,3
34222,NOYNIA,2,2
34223,CEGNOS,1,1
34224,XEKLAC,2,2
34225,JEHREW,3,3
34226,FOBFEK,3,3
34227,UPAGID,2,2
34228,VUFXOK,3,3
34229,PINGOM,1,1
34230,DALYIZ,3,3
34231,FORNOS,1,1
34232,UFOPUB,3,3
34233,YIHROX,3,3
34234,MURTUP,1,1
34235,COPZEP,3,3
34236,NEHGIQ,2,2
34237,DARQAO,1,1
34238,WOSQIE,2,2
34239,COPTEH,2,2
34240,IPOQIP,3,3
34241,VOSCUB,1,1
34242,DUBMUL,1,1
34243,XAPXOC,2,2
34244,EDOQUJ,2,2
34245,VANDAP,3,3
34246,QEPMIH,2,2
34247,VOVWIO,3,3
34248,EBUGAK,1,1
34249,ZUQMON,2,2
34250,CUTHOP,2,2
34251,ICUFOC,3,3
34252,FIFCAY,2,2
34253,KEDDON,2,2
34254,CUKTEJ,2,2
34255,XOVTOS,2,2
34256,TUXKUT,2,2
34257,CESFUB,2,2
34258,ZUQTAG,2,2
34259,ZUZLIP,2,2
34260,XOCJAB,3,3
34261,FONNEB,3,3
34262,WONROJ,3,3
34263,SUNNOH,1,1
34264,YILWAS,2,2
34265,NARLUO,2,2
34266,VUWMAB,3,3
34267,COHFAH,2,2
34268,GAVDAK,2,2
34269,HESREC,1,1
34270,ETUBAX,3,3
34271,HUFPOQ,1,1
34272,LUMSES,3,3
34273,WOPSOJ,1,1
34274,ZECXEO,1,1
34275,GOPQOR,2,2
34276,WIXPEB,1,1
34277,OGAMAO,1,1
34278,XISBAC,2,2
34279,NILKUO,2,2
34280,PUHFUV,3,3
34281,SINPIO,2,2
34282,OCOPOO,3,3
34283,FIBFAY,3,3
34284,MADGUX,1,1
34285,ZOWGAV,2,2
34286,KEKWIJ,3,3
34287,LEFNEQ,2,2
34288,GAQTEA,2,2
34289,BILQUI,2,2
34290,NAPJUL,1,1
34291,NUNTUM,1,1
34292,YISKIV,3,3
34293,REKDOB,2,2
34294,DOCLIS,2,2
34295,DOMBEM,1,1
34296,FOFTIE,2,2
34297,SEKZER,1,1
34298,QEYMIS,2,2
34299,GUYHEQ,1,1
34300,YATZIE,3,3
34301,LAFDIF,1,1
34302,DAFRIP,1,1
34303,OMAVED,2,2
34304,OLUGEK,1,1
34305,CAJHEA,1,1
34306,ZEJSUE,3,3
34307,KAKDIK,2,2
34308,FONGOH,1,1
34309,REMYEQ,3,3
34310,BUWTAP,1,1
34311,ICEGOQ,1,1
34312,QACCED,2,2
34313,FIPFEQ,3,3
34314,RELSOQ,2,2
34315,LATCIW,1,1
34316,DSACNI,3,3
34317,RUCBEY,2,2
34318,EGUZUE,3,3
34319,ZEGDIY,2,2
34320,WUZDUQ,1,1
34321,CUMPCO,2,2
34322,BOHQAR,1,1
34323,IKEXAX,3,3
34324,MORJUZ,2,2
34325,VUBZEY,3,3
34326,ILIBAG,2,2
34327,KUQHIP,3,3
34328,GUBQOK,3,3
34329,WEDKOJ,1,1
34330,NALXON,3,3
34331,VOPSOJ,3,3
34332,WAPRAJ,3,3
34333,DORNIK,1,1
34334,QAXCAW,2,2
34335,NANKUL,3,3
34336,WABKIT,3,3
34337,TICBUE,1,1
34338,NAYHOL,1,1
34339,EBATAC,2,2
34340,HAJKUZ,2,2
34341,DAWGIR,2,2
34342,OZOQEB,3,3
34343,JEYYAN,1,1
34344,ANIYAY,1,1
34345,EMEROD,3,3
34346,TEGRUS,3,3
34347,KOHNIF,1,1
34348,XUQZEO,3,3
34349,JALTOI,2,2
34350,AQOKEZ,1,1
34351,ICAWUG,3,3
34352,KATFIV,3,3
34353,BIHXAV,1,1
34354,UXILIZ,1,1
34355,SUXLON,2,2
34356,ZAPXEX,1,1
34357,LIRFIC,2,2
34358,DACTIM,2,2
34359,YUHROL,1,1
34360,HIGCEG,3,3
34361,GOHMEV,1,1
34362,NATZOZ,2,2
34363,FEYMOL,2,2
34364,QAVCAR,3,3
34365,ZAKFID,3,3
34366,DERWUS,1,1
34367,SUQREE,1,1
34368,SOMNUE,3,3
34369,YOLNET,2,2
34370,CIMGOU,2,2
34371,XIXDAL,1,1
34372,ZIHBOK,3,3
34373,MAVWUD,3,3
34374,ROSTAW,2,2
34375,ICEYEV,3,3
34376,NOQSOC,3,3
34377,SAQMED,2,2
34378,LIYWIA,1,1
34379,GOXBIH,1,1
34380,TAMSUZ,1,1
34381,NEKRAX,3,3
34382,OZIREV,2,2
34383,LAVLAV,2,2
34384,OKOFID,3,3
34385,TENGOI,2,2
34386,SOYXIP,3,3
34387,SASRIQ,3,3
34388,YEDZUF,2,2
34389,OTAGIB,2,2
34390,EWAGOA,3,3
34391,VEQBAV,2,2
34392,XOVDIX,3,3
34393,BEMBIH,2,2
34394,OYAYAQ,3,3
34395,NOZLAR,2,2
34396,TAHGIW,1,1
34397,HAJNIP,2,2
34398,NUCQUA,1,1
34399,GAFBEW,2,2
34400,KUNJIM,2,2
34401,YUQCIY,2,2
34402,TIDYAI,3,3
34403,AROCAL,3,3
34404,YAHZOW,2,2
34405,VEKFAV,1,1
34406,FALGEE,2,2
34407,EFUSED,3,3
34408,PMSIMO,2,2
34409,QUMWUQ,1,1
34410,NAZDEX,1,1
34411,AMIHIN,2,2
34412,YAPZUO,1,1
34413,GEDWEU,3,3
34414,AHINIR,1,1
34415,SAWPOW,2,2
34416,CAFWIQ,3,3
34417,LAZFUO,3,3
34418,DIFJAH,1,1
34419,OBOKAV,1,1
34420,AVUTAM,3,3
34421,QICYUX,3,3
34422,WIPZON,2,2
34423,WEPFEE,2,2
34424,JAJYAY,1,1
34425,ZETYEC,1,1
34426,XOQVUV,2,2
34427,WUSHAU,3,3
34428,SIKQOT,1,1
34429,LUXZIP,3,3
34430,XUJVUT,3,3
34431,QOCKAY,1,1
34432,MECHEL,1,1
34433,HEKGEM,2,2
34434,CAZWOT,1,1
34435,HIQFAO,1,1
34436,ZERDOP,2,2
34437,BOZXOG,1,1
34438,SIYQIC,2,2
34439,CUNYUF,3,3
34440,FEWCAM,2,2
34441,KEVJEB,2,2
34442,KUMJUY,2,2
34443,QAFKIU,2,2
34444,BAHYEO,2,2
34445,AYUWOJ,1,1
34446,BATNAO,2,2
34447,FUGWOV,3,3
34448,VISJUF,3,3
34449,KOZLUJ,1,1
34450,VOLJEN,3,3
34451,ULEPUW,3,3
34452,IZADAR,1,1
34453,NUQTOK,3,3
34454,KAQGOZ,3,3
34455,PYSALP,3,3
34456,MIGHAN,3,3
34457,LAKDUW,1,1
34458,OTOWOL,3,3
34459,MIDCOT,3,3
34460,MIYWIA,2,2
34461,SAYWIC,1,1
34462,KIYBOK,3,3
34463,UDOHAW,2,2
34464,APICOT,2,2
34465,EGIBUU,2,2
34466,AYIXOW,1,1
34467,LUZTIM,1,1
34468,WAQGIF,3,3
34469,YECNEZ,1,1
34470,SUHGUY,3,3
34471,FOCSAS,3,3
34472,SOKPOY,2,2
34473,CEZLOK,1,1
34474,NAMCIQ,1,1
34475,VEKWOA,2,2
34476,SAXBAX,1,1
34477,RUKPIW,2,2
34478,OBOXUZ,1,1
34479,MOWDUY,3,3
34480,IBEZOE,2,2
34481,YICKAX,3,3
34482,GAZJAS,3,3
34483,WATDUQ,3,3
34484,JIZXOF,3,3
34485,WAZHAK,1,1
34486,SUVZER,1,1
34487,KITHIH,2,2
34488,GICSIU,2,2
34489,EQADUW,1,1
34490,SEZWAZ,1,1
34491,KIDLUG,2,2
34492,OJEYOS,3,3
34493,RUNDUZ,2,2
34494,TOQXEE,2,2
34495,QERZET,3,3
34496,YOSMOJ,1,1
34497,RODQUZ,3,3
34498,ADUSOH,1,1
34499,JAVXOW,3,3
34500,MOZSIE,3,3
34501,IQUFEH,2,2
34502,NUWXIP,1,1
34503,CUTNAJ,1,1
34504,FUTKIO,2,2
34505,KIVKUV,3,3
34506,VOHNOZ,1,1
34507,OCOHIZ,3,3
34508,LIKXIN,3,3
34509,JERPEF,1,1
34510,BUPPUX,3,3
34511,BEXJOH,1,1
34512,CPETIA,1,1
34513,QAZCON,1,1
34514,FEXSUY,1,1
34515,OGIHOD,1,1
34516,AMIGOV,1,1
34517,NELMAU,2,2
34518,PUTKOG,3,3
34519,VEBNAS,1,1
34520,OLOWUI,3,3
34521,HOHVEH,2,2
34522,FACKAZ,1,1
34523,OZIJAK,2,2
34524,OFANIT,3,3
34525,JEYHON,2,2
34526,VOCVER,2,2
34527,SIWKUH,3,3
34528,UMAZIS,2,2
34529,TUZRUD,2,2
34530,TOZWOW,3,3
34531,IKEPAQ,3,3
34532,YUTZIW,3,3
34533,SILYOC,2,2
34534,TOGCIB,3,3
34535,QIXDIK,2,2
34536,OFIJOC,3,3
34537,YAJSIL,2,2
34538,PESGON,1,1
34539,RUPGOA,1,1
34540,ILOYEN,1,1
34541,GACLEC,3,3
34542,REMMUS,3,3
34543,VIHPOS,2,2
34544,XEJGOK,2,2
34545,TIYYUV,1,1
34546,ELOMID,2,2
34547,DAPHOT,3,3
34548,CUNQUX,3,3
34549,NOJKOM,3,3
34550,UZUGAZ,2,2
34551,HAJCUS,2,2
34552,XITQUQ,1,1
34553,IZIFIH,3,3
34554,WARGUR,1,1
34555,RAZCEB,2,2
34556,IMIXEJ,3,3
34557,FIRFIW,1,1
34558,WOZYIW,1,1
34559,CEXJOH,1,1
34560,UDAPEX,3,3
34561,YOZMOQ,3,3
34562,RIVHUB,2,2
34563,SOLYEZ,3,3
34564,LUFMAA,2,2
34565,VIBWUZ,3,3
34566,QEDFOU,3,3
34567,VEWWID,2,2
34568,TUNDIQ,3,3
34569,HEBQOX,2,2
34570,HEPFIU,2,2
34571,ZUGYEF,2,2
34572,AZIYAK,3,3
34573,UFIBUJ,3,3
34574,YISTIE,2,2
34575,RIKGEZ,1,1
34576,QACKEM,3,3
34577,ZEHHON,1,1
34578,XUKHOA,2,2
34579,HIRKAX,3,3
34580,OJALIX,1,1
34581,HUZVEF,2,2
34582,QOPYID,1,1
34583,ERIMIC,3,3
34584,MINNOO,2,2
34585,EFULEW,3,3
34586,JODYEH,2,2
34587,IYUWEE,3,3
34588,WAVYAW,3,3
34589,TOCHEY,3,3
34590,ZAKGAX,1,1
34591,SOTLET,1,1
34592,NAWGIF,1,1
34593,FADPUV,3,3
34594,POKYOH,1,1
34595,VEFGUL,2,2
34596,FUPYIB,1,1
34597,NOWMUH,2,2
34598,CPDRUA,2,2
34599,PEYBOK,1,1
34600,MUBFOE,1,1
34601,VUNJOF,3,3
34602,BIMMUG,2,2
34603,UZODET,2,2
34604,ITACAH,2,2
34605,COVFIC,3,3
34606,NICWUS,3,3
34607,ETUJAF,1,1
34608,WUGSAT,1,1
34609,CUVDUV,1,1
34610,ZIHSAK,3,3
34611,SOFKEE,3,3
34612,TUCQOA,1,1
34613,XUJLIZ,3,3
34614,UPOXEF,1,1
34615,AJILOU,2,2
34616,RIYYIJ,3,3
34617,MUJKAG,1,1
34618,BIQQAV,1,1
34619,CIGCED,3,3
34620,IGANOT,3,3
34621,XIZQUT,1,1
34622,REXQAN,2,2
34623,KOZFOX,1,1
34624,XAFROL,2,2
34625,CAGNUU,3,3
34626,XOLXOM,1,1
34627,EQURIU,1,1
34628,QOWYIM,1,1
34629,ALIPUG,2,2
34630,QAFMEP,3,3
34631,NINWIU,1,1
34632,QOSBAB,3,3
34633,QAVGUS,2,2
34634,ODOZEO,3,3
34635,XAMJED,3,3
34636,XUPFEV,3,3
34637,WAKFUL,1,1
34638,BUJXAG,1,1
34639,GAMBIJ,1,1
34640,KENNID,1,1
34641,JOMYES,2,2
34642,GAKDUT,2,2
34643,LIWVAO,1,1
34644,UFAVUV,3,3
34645,VEZWUU,1,1
34646,YODBAU,3,3
34647,KAHNOZ,2,2
34648,UJULET,1,1
34649,QIFBOZ,2,2
34650,QAWQOX,3,3
34651,YEWVUT,3,3
34652,FEDHEF,1,1
34653,SAHZOT,3,3
34654,IHODIT,3,3
34655,VAVYAW,1,1
34656,CUCVOO,1,1
34657,HIJNEU,2,2
34658,EWIREI,2,2
34659,EJIPIY,3,3
34660,TUKPUK,2,2
34661,UKUGOY,1,1
34662,MOHZEO,3,3
34663,IXEDAS,1,1
34664,DAKFEC,2,2
34665,AZEFOD,1,1
34666,VEJCOF,2,2
34667,RUPWIJ,1,1
34668,UZADEF,3,3
34669,GONQEF,3,3
34670,XAYPOF,3,3
34671,MAKNOE,3,3
34672,KAQHIU,2,2
34673,KEBXOI,1,1
34674,MAMDEL,3,3
34675,MEHZUV,2,2
34676,OJOLIJ,3,3
34677,WOGMOU,1,1
34678,CUGSOO,2,2
34679,FAZTIK,2,2
34680,KEKQEX,2,2
34681,FOQSEL,3,3
34682,AGEQUA,1,1
34683,YIYZUE,2,2
34684,MOZXUW,2,2
34685,PAHZIL,1,1
34686,FESWAF,1,1
34687,TOQQAS,3,3
34688,LAQMEW,2,2
34689,GIQHUL,2,2
34690,YEBTEE,2,2
34691,KUWTEC,3,3
34692,FAQBAD,2,2
34693,FUPYEV,2,2
34694,ACIFOJ,3,3
34695,UGEJOH,3,3
34696,VUDFIJ,3,3
34697,YASLOV,3,3
34698,SOVDEO,3,3
34699,LAVQUU,3,3
34700,WULKEW,1,1
34701,IKUSUD,3,3
34702,AMAHUS,2,2
34703,JUPZIF,3,3
34704,DANPOA,2,2
34705,FUDSIH,3,3
34706,FTHBPD,3,3
34707,XURGOG,3,3
34708,ZONPEZ,3,3
34709,KUCWAH,2,2
34710,XEZVEF,3,3
34711,ZIGRUC,3,3
34712,DAPQOA,1,1
34713,HIVWAM,1,1
34714,SEMFIA,2,2
34715,PUMFUZ,3,3
34716,JEXGUP,1,1
34717,ELIRUO,2,2
34718,NAPPEA,3,3
34719,SILNAE,2,2
34720,ZETCUY,3,3
34721,UMEVOZ,2,2
34722,SAYFIH,2,2
34723,PACKIN,2,2
34724,LAYNEF,2,2
34725,OPEWIR,3,3
34726,UTEPAN,1,1
34727,QERZIW,2,2
34728,XANVEO,2,2
34729,DAPHAH,1,1
34730,LOZCAE,1,1
34731,GAMLIR,3,3
34732,YIMLIP,3,3
34733,ZITSIE,1,1
34734,ECOPAP,1,1
34735,KOTFAA,3,3
34736,SOGQEM,2,2
34737,HBTHFY,1,1
34738,BOXHII,1,1
34739,ITEFOC,2,2
34740,OMIJIE,2,2
34741,OFOWIS,2,2
34742,XUXLAF,2,2
34743,YIDKOM,3,3
34744,EHEPUE,1,1
34745,NEGLIW,2,2
34746,AGAXAI,2,2
34747,DOCXUR,3,3
34748,FEGZIA,2,2
34749,VEJDET,1,1
34750,JIWZEX,2,2
34751,LIHDIR,2,2
34752,MINPIK,2,2
34753,TEPYAQ,2,2
34754,NALKUI,3,3
34755,LAFPUG,3,3
34756,VAPTAL,1,1
34757,QOCVUZ,3,3
34758,RETPIR,2,2
34759,WUZGIJ,3,3
34760,XAKPEE,3,3
34761,YEJGAW,2,2
34762,MOPVET,2,2
34763,ZENBID,1,1
34764,BPMGCO,2,2
34765,PEDXIF,2,2
34766,BEPGOV,3,3
34767,CEDDIB,3,3
34768,ESAPUJ,3,3
34769,CUSYOE,3,3
34770,FOFKEU,1,1
34771,QALHIV,2,2
34772,OLEKUN,3,3
34773,XELDAT,1,1
34774,QEQMUY,1,1
34775,HATNOG,2,2
34776,HAHWET,2,2
34777,TALZAI,1,1
34778,CECTOW,2,2
34779,LONYIX,2,2
34780,WACGAM,1,1
34781,WAZHOW,1,1
34782,PUNFIN,1,1
34783,TIKKAZ,2,2
34784,SECVOO,3,3
34785,FIQTEG,2,2
34786,SALHAR,3,3
34787,SIJVUC,2,2
34788,EROPOS,2,2
34789,MAGHAH,1,1
34790,UDOGID,1,1
34791,RAFCOS,2,2
34792,NIHMIC,3,3
34793,JAPBOV,1,1
34794,ZEWMEV,3,3
34795,GUSLAK,1,1
34796,BIDHEB,3,3
34797,PATXUE,3,3
34798,JERWOT,3,3
34799,ATOLAY,3,3
34800,ODOHUK,2,2
34801,XACTAZ,3,3
34802,KUHQAG,3,3
34803,UGEDAL,1,1
34804,NIMNUT,3,3
34805,YISJOA,3,3
34806,HIXLUZ,1,1
34807,KEVLED,1,1
34808,ODUGEZ,1,1
34809,NEZZUN,2,2
34810,FUGQOP,1,1
34811,XADCAI,2,2
34812,WIVJUJ,3,3
34813,PEJFAL,2,2
34814,YIYQEC,2,2
34815,AKEFOL,3,3
34816,YUDGUZ,2,2
34817,XEPZOI,2,2
34818,HARTAZ,1,1
34819,HULDOH,2,2
34820,YEZHOA,1,1
34821,QUJSOE,3,3
34822,YOKXAX,1,1
34823,YADDEP,3,3
34824,HUNWUJ,2,2
34825,ICEFIF,2,2
34826,IMOLIG,2,2
34827,EGACAT,3,3
34828,WEPGAZ,1,1
34829,USOWIJ,3,3
34830,TEGTUU,2,2
34831,HIZJUY,3,3
34832,LOFMID,2,2
34833,HUBDOZ,3,3
34834,VEZBAH,1,1
34835,YULVIL,3,3
34836,NIXLIQ,3,3
34837,YARHIM,1,1
34838,ORUKOC,3,3
34839,BOSGAS,2,2
34840,PAFDAF,1,1
34841,OGABIK,1,1
34842,EWEJAT,3,3
34843,METSUZ,3,3
34844,IWOKIO,3,3
34845,QIBWEE,2,2
34846,OWAKUV,1,1
34847,PITRAM,1,1
34848,CAPMAI,3,3
34849,MOXBEH,3,3
34850,SIRHEK,1,1
34851,LAZRIN,2,2
34852,NUPQOG,3,3
34853,HOBVUS,2,2
34854,LAWNEC,1,1
34855,YUGYAA,2,2
34856,YACTAZ,1,1
34857,KOKMII,2,2
34858,ASOWEN,1,1
34859,QOSLAM,1,1
34860,FAZTEH,3,3
34861,NEMPED,2,2
34862,OTETOX,2,2
34863,LUWQEB,3,3
34864,PUJSOE,3,3
34865,BEZKEY,2,2
34866,WEQTES,2,2
34867,NISJII,2,2
34868,DAXGUF,3,3
34869,NUDKEE,3,3
34870,SIQQUI,1,1
34871,SUYWER,1,1
34872,SIGSUX,1,1
34873,XOKVOK,3,3
34874,FEJZUP,2,2
34875,RATZER,3,3
34876,ESOROT,1,1
34877,GIVZIU,3,3
34878,NIFORN,3,3
34879,YAQSAK,1,1
34880,FUMZAQ,2,2
34881,ALIBEC,2,2
34882,RUQZIO,2,2
34883,QONHAD,3,3
34884,XUDGUZ,3,3
34885,SEMCUK,3,3
34886,JIMBUD,3,3
34887,BUBNUK,1,1
34888,SOBWEP,1,1
34889,GIDMOX,3,3
34890,HEHJIN,2,2
34891,VIYNEY,3,3
34892,FOTWES,3,3
34893,LARCAJ,3,3
34894,KAYPEG,2,2
34895,FIJXAY,1,1
34896,ABARAX,1,1
34897,PAKVUU,1,1
34898,VAFSIE,2,2
34899,ENUHEB,3,3
34900,WOBGAY,2,2
34901,LUFHEZ,3,3
34902,XAFGOC,3,3
34903,QOCQEF,3,3
34904,ZARMIQ,2,2
34905,PEQTOU,3,3
34906,QURJOF,1,1
34907,ISATIF,3,3
34908,GORTEP,1,1
34909,TOGXEV,3,3
34910,FANBOP,1,1
34911,YUHXOP,3,3
34912,EFIPIW,1,1
34913,EVAFEP,1,1
34914,WUFBEH,1,1
34915,GICQIW,1,1
34916,EKEVIZ,3,3
34917,KIMKIC,2,2
34918,SUVXEP,1,1
34919,DIPYUW,2,2
34920,QIVVOG,3,3
34921,DEDTEO,3,3
34922,UYUCIB,3,3
34923,GAZHAQ,2,2
34924,NONYUN,3,3
34925,LEYMUA,2,2
34926,NASPOO,2,2
34927,DACYOW,3,3
34928,WIJVUI,2,2
34929,PITWIB,1,1
34930,TOFROV,3,3
34931,LOJNAZ,3,3
34932,JIVKOO,1,1
34933,UQULAW,1,1
34934,LAMMUH,2,2
34935,XIWSIG,1,1
34936,YICPOS,2,2
34937,ZAVHIQ,3,3
34938,WARWIW,1,1
34939,HIQWUA,3,3
34940,REXMIT,3,3
34941,JUZMAV,1,1
34942,ATANOB,1,1
34943,TOJZAT,2,2
34944,QEPYAL,2,2
34945,UYOGIB,1,1
34946,ZOZDUN,2,2
34947,RUZNAB,2,2
34948,ROCDUK,2,2
34949,XUWSEP,1,1
34950,NIKSIJ,2,2
34951,PAKSIH,1,1
34952,LIZVEX,3,3
34953,TUXDIB,2,2
34954,PIYRIY,2,2
34955,SOYKEZ,3,3
34956,CPPMXT,1,1
34957,REJXUB,3,3
34958,TUDQUF,2,2
34959,IFICAD,2,2
34960,NEFDOV,1,1
34961,CAHJIE,1,1
34962,MOXGOX,1,1
34963,YEGNAA,3,3
34964,RUWKAY,1,1
34965,KELXUU,2,2
34966,KEGBEF,1,1
34967,ZELHIJ,1,1
34968,WUZREQ,3,3
34969,YUXWAQ,3,3
34970,LIFXOQ,2,2
34971,UHIJIF,3,3
34972,NOYXUU,2,2
34973,BAYZUZ,3,3
34974,DANLIP,3,3
34975,FOJHOC,1,1
34976,NETZAN,1,1
34977,AMOVIK,1,1
34978,GAJGOP,3,3
34979,KELSED,1,1
34980,RERHIF,1,1
34981,GAGWUJ,3,3
34982,BIFKOQ,3,3
34983,MAYRAH,1,1
34984,SOKLEK,2,2
34985,LOPZEY,1,1
34986,TUKNEU,3,3
34987,QIFYAF,2,2
34988,HANXEZ,1,1
34989,VUCJIN,3,3
34990,FIPPUQ,2,2
34991,FMVPPT,2,2
34992,VACROI,1,1
34993,UBUCUP,3,3
34994,MPHETA,1,1
34995,FIPGUK,1,1
34996,JITJIJ,1,1
34997,DUVCUU,2,2
34998,PIXTUN,3,3
34999,VOJSAR,3,3
35000,WUMCAI,3,3
35001,DIRTEE,1,1
35002,OTUNOJ,1,1
35003,QITWIB,3,3
35004,SIZYOP,2,2
35005,CENZIG,1,1
35006,DUJVIQ,1,1
35007,WAFCOY,2,2
35008,TAFSAV,1,1
35009,TARLUV,3,3
35010,XIYTOS,1,1
35011,CEPRAR,3,3
35012,SANREH,2,2
35013,YIKDOO,3,3
35014,IMUJEF,1,1
35015,RATJUT,3,3
35016,BIYNIJ,2,2
35017,CEMQEU,1,1
35018,QEWNAH,2,2
35019,VEYKAL,1,1
35020,RUCQIS,1,1
35021,CUMCOE,3,3
35022,MOGKAV,1,1
35023,BADLIC,2,2
35024,QAVGOJ,1,1
35025,BOPNAW,1,1
35026,REDDEL,1,1
35027,POVHOY,1,1
35028,DEGMUZ,3,3
35029,MBPAPD,1,1
35030,OTIYIB,3,3
35031,FUWLIS,2,2
35032,RURCOW,2,2
35033,PIFPID,1,1
35034,EPAVIB,3,3
35035,SAPTAF,3,3
35036,QIVFIL,1,1
35037,IZUDOX,1,1
35038,FIPKAT,3,3
35039,JAVCAK,2,2
35040,VIBWOT,2,2
35041,NIMYAK,3,3
35042,FUVJUD,1,1
35043,CUBPIA,1,1
35044,NINKAX,1,1
35045,LUVGIS,3,3
35046,XEGGIC,3,3
35047,CIQHUF,2,2
35048,GIRMAW,3,3
35049,UFIBOD,3,3
35050,NEBHEK,3,3
35051,QITRUH,3,3
35052,HEMRUN,2,2
35053,GESRII,2,2
35054,TIDSAB,3,3
35055,KUMRIU,1,1
35056,GUDXOT,1,1
35057,DAYDAI,3,3
35058,EZOSET,2,2
35059,EZIWAN,3,3
35060,TICMID,3,3
35061,UJUPOF,2,2
35062,QUNXUS,3,3
35063,JOXLAJ,3,3
35064,GAJNEM,3,3
35065,KUYXEK,1,1
35066,KUHQUB,1,1
35067,PUFLUX,2,2
35068,ZOLSOI,2,2
35069,CEWKOE,1,1
35070,EGEDOJ,2,2
35071,XEMKAD,2,2
35072,QEPBUI,1,1
35073,ZUTVOB,2,2
35074,ROGDIA,3,3
35075,XILTIZ,1,1
35076,RUNDOT,3,3
35077,PETKAA,2,2
35078,SOWRII,2,2
35079,XEJBIX,3,3
35080,SEQTEN,3,3
35081,AGASEJ,3,3
35082,XAYKAM,3,3
35083,ZEPJUC,2,2
35084,TEXZUR,3,3
35085,NUZXOX,3,3
35086,ADIXAM,3,3
35087,GEDSIR,3,3
35088,JOYXAZ,1,1
35089,EGOCUC,1,1
35090,QUZWEP,3,3
35091,NUSZUX,3,3
35092,XAQFOO,1,1
35093,MIKJOG,3,3
35094,HIHSIB,3,3
35095,AYISEH,3,3
35096,QUNJIT,1,1
35097,HIGPIZ,2,2
35098,DEKGAC,3,3
35099,HUXNUL,3,3
35100,IHIWUR,2,2
35101,PIRTIV,2,2
35102,XIPJEO,2,2
35103,YUVPEM,3,3
35104,EVIBAO,3,3
35105,XUYCAV,1,1
35106,IGIFEM,1,1
35107,NOPTAQ,3,3
35108,KIPVEK,3,3
35109,NAYLAC,3,3
35110,VOYPEG,3,3
35111,XEHXUD,2,2
35112,GOGDIQ,3,3
35113,WOBRUD,3,3
35114,ZORRAB,2,2
35115,DUNTAK,1,1
35116,VAVBAW,2,2
35117,AGOCOP,3,3
35118,QEQJIF,1,1
35119,EKADEC,1,1
35120,AGUPOJ,3,3
35121,XIDYIS,2,2
35122,BUZREV,1,1
35123,IQUDII,3,3
35124,NAJVEC,1,1
35125,WOGFII,3,3
35126,WEDVAG,1,1
35127,UZEZEF,3,3
35128,KIWDUQ,3,3
35129,QAHVEB,2,2
35130,POTNAQ,3,3
35131,UJIWAN,2,2
35132,LACHED,2,2
35133,ATEPUL,3,3
35134,KILXAI,1,1
35135,YEXYUV,3,3
35136,FADNIK,3,3
35137,KAJFUX,3,3
35138,HEMYIK,2,2
35139,KUZTAC,2,2
35140,FOVHEE,3,3
35141,ESORUZ,1,1
35142,GATQAV,1,1
35143,EVAVOO,2,2
35144,NESCAR,3,3
35145,NIVGAC,2,2
35146,KOSSAP,1,1
35147,MEVKEG,3,3
35148,EPULOT,1,1
35149,WICDEV,1,1
35150,IRILIE,2,2
35151,HOKCUG,3,3
35152,HOHQUT,3,3
35153,BAKSUD,3,3
35154,FARRAU,3,3
35155,PEMDAP,1,1
35156,UXEKUE,3,3
35157,HEJNIX,1,1
35158,OWEWAQ,1,1
35159,CEMVOG,2,2
35160,CESPIA,1,1
35161,GOGCOW,1,1
35162,HIGLUE,1,1
35163,FABZIR,1,1
35164,LARSIJ,1,1
35165,HISSAE,3,3
35166,QUMDUX,2,2
35167,FIZLUV,2,2
35168,JEYZES,3,3
35169,RAHVON,3,3
35170,LEYCUN,1,1
35171,QODHEZ,2,2
35172,TELPUX,3,3
35173,ZIWFUI,3,3
35174,LAZYAN,1,1
35175,QUHPIU,3,3
35176,LODLUO,3,3
35177,PADGEI,1,1
35178,RALTIH,3,3
35179,JEGGUX,2,2
35180,ASUZUJ,3,3
35181,BAYFIR,1,1
35182,LEWXAN,2,2
35183,IHEZIF,2,2
35184,WAHJIB,3,3
35185,TOXMIE,3,3
35186,YOTXAG,3,3
35187,LEFSIC,1,1
35188,DOFGAH,2,2
35189,IBIPOY,3,3
35190,TIHBOB,2,2
35191,TOMTAR,3,3
35192,WONVON,1,1
35193,REMZAL,3,3
35194,HACSEN,1,1
35195,GARRAU,3,3
35196,HECYIY,2,2
35197,BESPIA,3,3
35198,POXSUR,3,3
35199,ZEFCIW,3,3
35200,JUCKIE,1,1
35201,FEGXIC,1,1
35202,SOXMUN,3,3
35203,VUHGUD,1,1
35204,JUDLOJ,3,3
35205,AGAZAK,2,2
35206,KAMCIL,2,2
35207,GETKIB,2,2
35208,FAJYIC,1,1
35209,THDOFE,2,2
35210,LEVKEG,1,1
35211,EHERUG,3,3
35212,EKODEQ,1,1
35213,ELETOG,3,3
35214,QEBPAR,3,3
35215,JIRWOZ,2,2
35216,UHOGIJ,3,3
35217,NOKJAY,2,2
35218,CIJDII,3,3
35219,YIWSED,2,2
35220,GAKJOU,2,2
35221,BIJVUN,2,2
35222,AFEZEU,1,1
35223,DEXDIU,2,2
35224,FEJSET,2,2
35225,GEYWEO,3,3
35226,DOFYIG,3,3
35227,SEZRIB,2,2
35228,JEBCOI,3,3
35229,AMIRAR,3,3
35230,LEPTUX,3,3
35231,OFEYAA,2,2
35232,UDUQOZ,3,3
35233,SUSPEB,2,2
35234,GEPKUH,2,2
35235,YADFER,1,1
35236,LINBOB,1,1
35237,MOYTEZ,3,3
35238,KEHSUM,2,2
35239,FRMTFE,2,2
35240,LISVIW,1,1
35241,RUMHIT,1,1
35242,DOHNIX,3,3
35243,SOWBAI,3,3
35244,FOQCUJ,3,3
35245,BINVID,1,1
35246,GICZUR,1,1
35247,WECHIV,2,2
35248,CPFSFE,2,2
35249,CIZLAY,2,2
35250,SOCJUS,3,3
35251,POMXAU,1,1
35252,FEBWAK,3,3
35253,VUDMAJ,3,3
35254,SAKSOP,3,3
35255,POGMED,2,2
35256,FUGSOR,3,3
35257,IGUQOQ,3,3
35258,NOWSIB,1,1
35259,PULROD,2,2
35260,CAJPUY,1,1
35261,SUQXIM,3,3
35262,XAKKIF,3,3
35263,FUZNAR,1,1
35264,GIYBEY,1,1
35265,XIBTEK,1,1
35266,DAPCIH,3,3
35267,HUYFIT,1,1
35268,RAFXAX,1,1
35269,ERAGUB,3,3
35270,NUTCUD,1,1
35271,EGEDAV,2,2
35272,QAFHOW,2,2
35273,HEKCEI,2,2
35274,REXZEZ,3,3
35275,FULLAC,1,1
35276,KULHIJ,3,3
35277,BINHAK,3,3
35278,VIQZIF,2,2
35279,ZEGGOL,1,1
35280,WIFRAH,3,3
35281,LELFOZ,3,3
35282,LOKZOA,3,3
35283,COBYIF,1,1
35284,HICLIO,3,3
35285,HIHTAX,1,1
35286,DEDCIA,2,2
35287,AMIBEF,2,2
35288,EFOJIV,3,3
35289,LOGKOJ,2,2
35290,PAJPEV,3,3
35291,ECIHOO,3,3
35292,CUXMIT,3,3
35293,EBIHUS,2,2
35294,WUDMAJ,3,3
35295,JARQOM,1,1
35296,WUKNAR,3,3
35297,LUGBAQ,1,1
35298,HARQEA,1,1
35299,MEBXEX,2,2
35300,LOPJOQ,3,3
35301,YAQQAI,2,2
35302,DAFXEO,1,1
35303,VUBYAS,2,2
35304,WEXFAI,1,1
35305,MUYXUC,1,1
35306,ELEDIL,1,1
35307,DUXQET,2,2
35308,TIGVOW,2,2
35309,TEVCUU,1,1
35310,MASNAX,2,2
35311,KAMSOG,3,3
35312,GIFKUB,2,2
35313,HOGGOZ,3,3
35314,MISVIW,3,3
35315,CORHOH,2,2
35316,FOQQIM,3,3
35317,BICTOY,2,2
35318,TUGXOL,1,1
35319,XAVVEY,3,3
35320,UNIDAX,3,3
35321,NORKAG,3,3
35322,QAWHUT,3,3
35323,CUGVEH,3,3
35324,ZOMYIJ,2,2
35325,POCXAG,2,2
35326,YOLJEP,3,3
35327,AQAVIZ,2,2
35328,GECDEB,1,1
35329,SOTKUH,1,1
35330,SURDER,1,1
35331,LAWLEA,2,2
35332,GABCES,3,3
35333,NAHGEM,1,1
35334,OHOHUR,1,1
35335,IJIVON,3,3
35336,DIVVOW,1,1
35337,JEWDOF,1,1
35338,MEMPUQ,3,3
35339,XOPZEI,3,3
35340,ZUJLUL,1,1
35341,FISWAH,3,3
35342,NAVZUF,3,3
35343,VAHSEC,3,3
35344,IJUDUM,1,1
35345,LUFZUH,1,1
35346,ADOKIO,3,3
35347,BULWAH,3,3
35348,RONCAA,2,2
35349,NIPZIY,2,2
35350,ACUSIA,2,2
35351,ACOWIA,3,3
35352,JEWCIA,2,2
35353,QIGJIZ,2,2
35354,PEHKIY,2,2
35355,TOZREF,1,1
35356,FUTWOH,2,2
35357,VINFAB,3,3
35358,PURFUD,1,1
35359,CIQFUH,1,1
35360,YOXGOI,3,3
35361,JARQOL,3,3
35362,UWAVOF,3,3
35363,DUMVEM,2,2
35364,FEWWEK,3,3
35365,DIJSUN,2,2
35366,LOFFAR,1,1
35367,SOPNUI,2,2
35368,ROGXUH,3,3
35369,XUYVUJ,3,3
35370,WAGNOJ,3,3
35371,ZUXWEW,3,3
35372,TEWRIY,3,3
35373,XUPSIL,3,3
35374,LUSVEA,3,3
35375,HULDUP,3,3
35376,GAXGER,3,3
35377,HUPQIT,2,2
35378,HONRUA,3,3
35379,HOWSUH,2,2
35380,YOKVUS,1,1
35381,DAYTIH,3,3
35382,QIGCAO,1,1
35383,NEYQAL,3,3
35384,URONEX,1,1
35385,VIJMOQ,3,3
35386,UKAHIA,1,1
35387,RALJAQ,2,2
35388,MODYOX,1,1
35389,PABJIP,1,1
35390,NIVWEV,2,2
35391,PALDEN,3,3
35392,SOTKUI,3,3
35393,ZIHFON,3,3
35394,KIKHEU,3,3
35395,WEVVEY,3,3
35396,SIXQOJ,1,1
35397,IMENUK,2,2
35398,DOMMUN,3,3
35399,WIWGAK,3,3
35400,YOKCOR,3,3
35401,ZAVTUO,3,3
35402,WIPNIW,1,1
35403,OCEFOU,3,3
35404,UBIXIM,3,3
35405,CUBLUH,3,3
35406,XUYCOK,2,2
35407,EDUDOY,1,1
35408,XOQNEX,2,2
35409,SUYRAH,2,2
35410,AZAVAA,3,3
35411,CUQMIN,1,1
35412,TAJBOW,2,2
35413,LITQOY,1,1
35414,BIJMAJ,1,1
35415,SUBYUJ,1,1
35416,BIZKEA,2,2
35417,MOLDEY,3,3
35418,QABMOV,1,1
35419,PECTEW,3,3
35420,PINXUF,1,1
35421,JEDWOF,3,3
35422,NOSVIC,2,2
35423,PUHWOE,3,3
35424,CIKWOI,2,2
35425,UREKEJ,3,3
35426,LAYPUY,3,3
35427,ISUYOK,1,1
35428,UYOGEW,3,3
35429,GUVXEA,1,1
35430,XOYZES,2,2
35431,FESBAH,3,3
35432,REGFOA,2,2
35433,VILYOH,3,3
35434,YUKZEJ,1,1
35435,UROPOH,1,1
35436,GELWAX,2,2
35437,WUSBOC,3,3
35438,MINWUB,2,2
35439,UZAHEJ,2,2
35440,JUXRAV,1,1
35441,QOCVOU,1,1
35442,ZILVUO,2,2
35443,NOBJAT,1,1
35444,KAKWIC,3,3
35445,VIQZIG,2,2
35446,PIKRAD,3,3
35447,KOQYUM,1,1
35448,JOQKIJ,2,2
35449,HOQGUQ,3,3
35450,QAFFAE,3,3
35451,MOMYOC,3,3
35452,RISPIT,3,3
35453,BDMFRU,2,2
35454,ESUVUL,3,3
35455,KATPUT,2,2
35456,EHENEM,1,1
35457,UWOTUX,2,2
35458,DOYBEZ,3,3
35459,BIYPOO,1,1
35460,TCPYPT,3,3
35461,FOQFIA,3,3
35462,TAYQOA,3,3
35463,SIPKAE,1,1
35464,KIFDOS,2,2
35465,MAMQIA,1,1
35466,AMAFAX,3,3
35467,UFIBAN,2,2
35468,MEDROG,1,1
35469,DIFBUR,3,3
35470,ONAJET,2,2
35471,HOXLEL,3,3
35472,ALOSAW,3,3
35473,LAZYAO,3,3
35474,SERQIR,1,1
35475,KUPQAP,1,1
35476,COMCFE,2,2
35477,MOZXOO,3,3
35478,LEYCUO,3,3
35479,EHOBOU,1,1
35480,HUWFIP,2,2
35481,VOLGOV,1,1
35482,IZAGEY,1,1
35483,SEVDON,3,3
35484,PAQWEJ,2,2
35485,RUGMIP,1,1
35486,OHUPEO,1,1
35487,GOCXEF,1,1
35488,WUCSIZ,1,1
35489,XUSQOT,3,3
35490,SEFLEV,3,3
35491,NEVLIL,3,3
35492,GUQFOO,2,2
35493,MACHEE,2,2
35494,NOLCID,2,2
35495,QIRJOS,3,3
35496,WENZIA,1,1
35497,IRAVEC,2,2
35498,APUGIC,2,2
35499,TAJWUA,1,1
35500,KELSIF,2,2
35501,FIVVEM,3,3
35502,FEXHUO,1,1
35503,MECKAG,2,2
35504,NOYSIF,1,1
35505,CEDXAN,2,2
35506,FATQAW,1,1
35507,OCEDUY,3,3
35508,ZUWCEB,2,2
35509,RIYBIK,3,3
35510,AMAXIW,2,2
35511,GOTPOW,3,3
35512,ROCVEN,1,1
35513,DUFPEB,1,1
35514,FUNCIC,3,3
35515,DADNAY,2,2
35516,OCODIV,2,2
35517,VEJFEW,2,2
35518,TAFQUP,2,2
35519,YIYJIA,3,3
35520,TANYEP,2,2
35521,OFUQIP,2,2
35522,FOVFIH,1,1
35523,YIFMUV,2,2
35524,ZOGYUS,3,3
35525,UJASEG,1,1
35526,KEMGIV,3,3
35527,ECOKOZ,3,3
35528,GUKKEE,3,3
35529,UMOXEA,2,2
35530,NESJIF,3,3
35531,MARSIK,3,3
35532,PABSEQ,3,3
35533,GUGZEN,3,3
35534,BISLAT,2,2
35535,WEDVAF,1,1
35536,OGANES,1,1
35537,COGFEL,2,2
35538,OQUHAK,2,2
35539,UZEZEG,1,1
35540,XOTXAF,3,3
35541,RAKMEV,3,3
35542,LIYVUN,3,3
35543,QEZRAP,3,3
35544,XANTEL,1,1
35545,DUMHOJ,3,3
35546,IYACUG,3,3
35547,DAJYAQ,2,2
35548,ZIJYAS,3,3
35549,FIRCAN,3,3
35550,NOLMEH,3,3
35551,MILTIK,1,1
35552,ZIWCIU,3,3
35553,YAVJUD,3,3
35554,WAQYUM,1,1
35555,UNONIX,1,1
35556,BAYTUT,3,3
35557,EBAYIS,3,3
35558,UYIZOS,1,1
35559,EKEVEX,1,1
35560,KUJNUB,1,1
35561,ORAJIC,2,2
35562,YIXWAD,3,3
35563,HOBQIZ,2,2
35564,XOMPIZ,2,2
35565,QIVZUR,3,3
35566,IPOGUR,3,3
35567,HOKCUF,2,2
35568,UGEQAB,1,1
35569,UQUNUQ,3,3
35570,YEKHOM,3,3
35571,VAFXUV,2,2
35572,ISUYAW,3,3
35573,QICSUR,2,2
35574,APINIX,2,2
35575,PIDFOZ,3,3
35576,CAYVAD,1,1
35577,QUGDEB,1,1
35578,ZIWSAB,1,1
35579,TOLPIT,2,2
35580,QIDXEJ,3,3
35581,DUXFIL,2,2
35582,JUXROJ,1,1
35583,MULJAG,3,3
35584,MIDNIX,2,2
35585,LIGNUL,3,3
35586,NULCAA,2,2
35587,LEHJIR,2,2
35588,SOGVUG,3,3
35589,VUDJIQ,1,1
35590,MOTXAV,1,1
35591,WELBOF,3,3
35592,CIWWEO,1,1
35593,OCUKUS,1,1
35594,PIZWIF,2,2
35595,RURVUW,1,1
35596,GOFGEN,2,2
35597,YILMEM,3,3
35598,ITIYUH,3,3
35599,RIGHUN,2,2
35600,PAKMAQ,3,3
35601,YEHDIZ,3,3
35602,ZIYCES,3,3
35603,PEDFUZ,1,1
35604,JOHMAY,1,1
35605,HIWCUN,3,3
35606,NIBJEQ,2,2
35607,KAHLOY,1,1
35608,TEZNIW,2,2
35609,BORFOF,3,3
35610,HAQDOV,3,3
35611,SUZYAN,3,3
35612,DAXYIM,3,3
35613,UQUKEX,3,3
35614,TAJBAK,1,1
35615,FUNCEW,1,1
35616,RATQAG,3,3
35617,ZEZTAB,3,3
35618,VAMGUL,3,3
35619,FEGXEV,3,3
35620,CILYOO,2,2
35621,VEGZEN,2,2
35622,HIQRIJ,1,1
35623,SARKOM,2,2
35624,QABMAJ,2,2
35625,WEQFOO,3,3
35626,XAHGOG,1,1
35627,DATFEJ,2,2
35628,IHIBOR,1,1
35629,POZNOI,3,3
35630,SASFAT,2,2
35631,WENCIC,1,1
35632,JEBZOJ,1,1
35633,FAPSIZ,1,1
35634,WICCOE,1,1
35635,AGAZOA,1,1
35636,FEWRUU,3,3
35637,FAWZAF,3,3
35638,PUXXOX,1,1
35639,ABAKOG,3,3
35640,OZISUM,3,3
35641,JIRYOC,1,1
35642,TEZWEA,1,1
35643,MOGKAW,2,2
35644,QOFPAC,2,2
35645,DUKBIW,3,3
35646,POCVAI,1,1
35647,GICXAT,1,1
35648,QAZXAS,2,2
35649,PIDXEJ,1,1
35650,SIXQAV,1,1
35651,KUQPUJ,2,2
35652,CEPBEG,3,3
35653,ZEPQAP,3,3
35654,CORFOF,3,3
35655,YACQIC,2,2
35656,FEFGUW,1,1
35657,GEWPON,3,3
35658,HOPJUT,3,3
35659,NEXLEJ,2,2
35660,PIPBOH,2,2
35661,TIGXOY,3,3
35662,LAGMIQ,2,2
35663,EYORIV,2,2
35664,TCEPPT,3,3
35665,BILYOO,1,1
35666,FANRIZ,1,1
35667,XALWUF,3,3
35668,QARLAX,2,2
35669,NONNUB,3,3
35670,BUZLAL,3,3
35671,FUTWAT,2,2
35672,PABTOC,1,1
35673,IBAZIW,2,2
35674,YOXGAU,3,3
35675,XILMEM,3,3
35676,DEMDAA,2,2
35677,YORRED,2,2
35678,HOWVEV,3,3
35679,NINKAY,2,2
35680,FIJQIZ,3,3
35681,KOWHEJ,3,3
35682,SOXQIG,1,1
35683,BEJMUA,2,2
35684,IVUFOU,3,3
35685,YOLMOC,3,3
35686,FABZEP,3,3
35687,MAQQAX,3,3
35688,FINQUP,3,3
35689,CASTEX,3,3
35690,GUCQEA,2,2
35691,SECXUX,1,1
35692,YUMGAR,1,1
35693,DIJFAD,2,2
35694,BAZTEC,3,3
35695,EJOTUS,2,2
35696,RUZBUK,3,3
35697,CURVOC,3,3
35698,QEFWUT,3,3
35699,FAPVUP,2,2
35700,TERMIQ,1,1
35701,XUQYOX,2,2
35702,QOSPEU,1,1
35703,SIGDAQ,2,2
35704,KAXSEL,1,1
35705,XALRIL,1,1
35706,WEWLEQ,1,1
35707,COCQUH,3,3
35708,PIMDUM,1,1
35709,CIFBEZ,3,3
35710,LAZGEC,1,1
35711,NUVNIC,3,3
35712,BOKGOX,1,1
35713,YUSQAH,1,1
35714,DIRTED,3,3
35715,XUTJUS,1,1
35716,QEGQIC,3,3
35717,ILIHAM,3,3
35718,NIYTIZ,3,3
35719,IBEQEL,3,3
35720,SEJZOX,2,2
35721,YEWCUZ,1,1
35722,NAPKEW,1,1
35723,VODHUS,2,2
35724,LEHMOC,3,3
35725,REYPAP,2,2
35726,EZAXUA,2,2
35727,ZIPDAF,3,3
35728,REBLUH,3,3
35729,HOWHOQ,3,3
35730,ALAZES,1,1
35731,MUBTIM,2,2
35732,PADBUV,1,1
35733,VICJEX,3,3
35734,NOLMIK,2,2
35735,XEPTUI,3,3
35736,AXEWEH,3,3
35737,AMOXEF,2,2
35738,CAFMOP,1,1
35739,FIGQUK,2,2
35740,NAGJEL,1,1
35741,BELNUB,2,2
35742,HEKJAI,3,3
35743,XOCWAR,1,1
35744,TAFHUE,1,1
35745,DIXZUG,3,3
35746,ZUWMEM,1,1
35747,WAFVUY,1,1
35748,BUGFOA,3,3
35749,BENSAS,1,1
35750,MOBJES,3,3
35751,ZELZUL,1,1
35752,EYUQOG,2,2
35753,KUWHAL,2,2
35754,AZEMEZ,1,1
35755,CESLUH,3,3
35756,LUMRUH,3,3
35757,CAMLIN,1,1
35758,COLPOK,1,1
35759,KUGNEG,2,2
35760,SUTYAK,1,1
35761,BEFNIM,2,2
35762,MOSHEK,1,1
35763,OQEGAV,1,1
35764,ETAWUR,2,2
35765,KUFDOG,3,3
35766,YOKSEZ,1,1
35767,XIFVOX,2,2
35768,QAZFIK,1,1
35769,RAWDEZ,3,3
35770,SEBLUH,1,1
35771,FAPZAX,1,1
35772,POKBAU,3,3
35773,WAPHEC,3,3
35774,IDAJEE,1,1
35775,EMOJOF,3,3
35776,WASMEJ,2,2
35777,CECVAH,1,1
35778,KEZVAM,2,2
35779,MOWFUZ,1,1
35780,JOHJEW,3,3
35781,VULLUJ,1,1
35782,NUKDEF,1,1
35783,QAKTOO,1,1
35784,YUTJUS,1,1
35785,SAQGEY,2,2
35786,TOGSUF,3,3
35787,LABYUK,3,3
35788,FIKKEQ,2,2
35789,CABQAY,3,3
35790,QEWGIK,3,3
35791,LEXLOQ,2,2
35792,XUVGEA,3,3
35793,XOMWUR,2,2
35794,SEJTUY,2,2
35795,TIHPIJ,3,3
35796,MIVKEH,1,1
35797,FAXBAI,3,3
35798,EPAMIT,2,2
35799,SURFEQ,2,2
35800,QUKGOT,3,3
35801,NOJGUO,3,3
35802,WEYWEC,2,2
35803,KOCGAL,1,1
35804,YOQPUQ,2,2
35805,SARRUA,2,2
35806,GIBLUA,2,2
35807,USAYEU,3,3
35808,PINVAL,2,2
35809,ULIROZ,1,1
35810,SERMAH,1,1
35811,XOJKEP,3,3
35812,TEMCIA,3,3
35813,DALFIH,2,2
35814,JIXYEV,1,1
35815,PAGKUE,2,2
35816,IMIHOC,3,3
35817,OGIHAN,1,1
35818,XIYQEB,3,3
35819,XIFZOB,3,3
35820,FAZCES,1,1
35821,FELKIU,1,1
35822,GERSEC,1,1
35823,AZASEZ,3,3
35824,UJOXOJ,1,1
35825,HOSCUP,3,3
35826,GOMCIW,3,3
35827,IJIDIQ,3,3
35828,ILICEN,1,1
35829,ADIXUI,3,3
35830,EDIXAQ,2,2
35831,LEMPOI,3,3
35832,QIYWAW,3,3
35833,NAFLOV,3,3
35834,TIQXAV,3,3
35835,FEQHOZ,1,1
35836,EQIBEN,3,3
35837,FEQFAI,2,2
35838,TEPGIH,1,1
35839,FUBNAR,2,2
35840,CEVJAP,3,3
35841,CUBKIW,1,1
35842,FUZLAQ,1,1
35843,HILZIN,3,3
35844,CIKBOQ,3,3
35845,BEDMAA,3,3
35846,KEWHAV,3,3
35847,UBISAZ,3,3
35848,EROGOH,3,3
35849,RIXDOR,3,3
35850,ONESOQ,2,2
35851,SATQUB,3,3
35852,DOVZIA,1,1
35853,TUTNIH,2,2
35854,PADKIQ,3,3
35855,HARJIT,2,2
35856,VIQXIE,2,2
35857,OROFEH,3,3
35858,GOQMAA,2,2
35859,RUNFAK,1,1
35860,NARHOD,1,1
35861,MEBTIW,2,2
35862,LIGBUA,3,3
35863,ULULAP,3,3
35864,KARCIR,3,3
35865,JOCGAL,1,1
35866,COVFEA,3,3
35867,YORPIE,2,2
35868,JOYTAV,1,1
35869,ROJCEZ,2,2
35870,HIKDAH,2,2
35871,AZIYOA,1,1
35872,AGOQIX,2,2
35873,ZUXRAL,3,3
35874,GONTUY,2,2
35875,PIFRED,3,3
35876,YEVWAX,1,1
35877,IGOWOR,3,3
35878,HAJZUP,3,3
35879,YADDEQ,1,1
35880,QAFZIH,1,1
35881,OMUDAE,1,1
35882,VUGDOS,3,3
35883,ASIHUG,2,2
35884,FELNUH,3,3
35885,COBRAP,2,2
35886,GERTAZ,2,2
35887,XISCEJ,3,3
35888,NIGGAO,2,2
35889,AFIGIF,1,1
35890,DIWYAM,3,3
35891,ESOLEE,3,3
35892,OPABOX,2,2
35893,AXOBUK,3,3
35894,WOXCUJ,2,2
35895,KIHVIH,2,2
35896,NEZZUO,2,2
35897,LUTJOZ,2,2
35898,ROHLOS,3,3
35899,XAQSAJ,1,1
35900,VETNUD,1,1
35901,TASCUP,1,1
35902,YILXIA,2,2
35903,IPUSIW,3,3
35904,RAFJEO,2,2
35905,FIJTAU,3,3
35906,ANOBIR,1,1
35907,JAXCUJ,3,3
35908,LOYJUE,2,2
35909,EDIFII,2,2
35910,MIKDUG,2,2
35911,FIQHUM,1,1
35912,RALQOM,2,2
35913,BEMZAW,3,3
35914,IXATUX,1,1
35915,QOQQUJ,2,2
35916,GADKON,3,3
35917,MOBQED,1,1
35918,NECYOJ,1,1
35919,BOJQAV,3,3
35920,OLUQAO,3,3
35921,OMOLUZ,2,2
35922,LUZDAL,1,1
35923,YIKHOT,1,1
35924,HERGAM,3,3
35925,HINLOF,2,2
35926,ZEHXEP,1,1
35927,NABPAH,2,2
35928,TUNXUX,2,2
35929,PUYBUI,2,2
35930,XUSTIP,3,3
35931,QIFYUB,3,3
35932,WUCQIX,1,1
35933,FINQAU,1,1
35934,KITFIF,2,2
35935,WACGAL,3,3
35936,KIWTIU,3,3
35937,TOBKIF,3,3
35938,DAYFOA,3,3
35939,GUSWUO,3,3
35940,KEDRIU,2,2
35941,REQSUD,3,3
35942,VORCIR,1,1
35943,OCUKAA,1,1
35944,APTANI,3,3
35945,PUHWUK,1,1
35946,CEZLAV,1,1
35947,BABZEM,1,1
35948,MAMSIC,2,2
35949,WAHHIA,1,1
35950,CESKET,2,2
35951,WACPAV,1,1
35952,BAMYEU,2,2
35953,VIGCEU,3,3
35954,ZUZCAB,1,1
35955,HEVBAM,2,2
35956,MOPVEU,1,1
35957,TUZYIW,3,3
35958,TIFBUH,1,1
35959,JOBJOB,3,3
35960,COTWEO,3,3
35961,BEGFOL,3,3
35962,DIFBOK,3,3
35963,HOGPUO,2,2
35964,QEWREP,2,2
35965,JIVRUB,3,3
35966,HEXLOL,3,3
35967,QEPYUH,3,3
35968,IPAGOY,1,1
35969,QIXMOC,3,3
35970,GAFJIK,1,1
35971,LEQGIA,1,1
35972,NARQAZ,1,1
35973,XACMOE,3,3
35974,FUZBOU,1,1
35975,AVUKOT,2,2
35976,AXAGIS,1,1
35977,KIQPOP,3,3
35978,WUXFON,1,1
35979,OLABAG,3,3
35980,QIPYOH,1,1
35981,DIBGOK,1,1
35982,IHEJUB,1,1
35983,GOGFIR,3,3
35984,NANMUK,3,3
35985,TEHBOZ,3,3
35986,RIFKAV,3,3
35987,BERFIR,1,1
35988,NIDLOB,2,2
35989,TUQQEC,2,2
35990,SUTNUT,1,1
35991,BOMVEF,1,1
35992,UFOZOF,2,2
35993,KIYSOA,3,3
35994,YIRKUF,3,3
35995,QAQBER,3,3
35996,TIXXAZ,2,2
35997,VAZHOV,3,3
35998,DOLWAC,3,3
35999,INEXAC,3,3
36000,QAHTEA,3,3
36001,JUFQAC,2,2
36002,YIBXIS,1,1
36003,KAQXAC,3,3
36004,NESHID,3,3
36005,CAPVUM,3,3
36006,JUDLUR,3,3
36007,KILZAJ,2,2
36008,YEPSEU,3,3
36009,UMOZEC,3,3
36010,MONYIY,2,2
36011,ZALRUZ,3,3
36012,FIWNEG,2,2
36013,WEFGUM,3,3
36014,CUCVON,2,2
36015,CONMAT,2,2
36016,WEQDOM,3,3
36017,DEDHOK,3,3
36018,WAHCUD,3,3
36019,HIQPIH,2,2
36020,KAPYUY,1,1
36021,DAMKIM,2,2
36022,DESKUK,2,2
36023,WEJVUF,2,2
36024,VEJDIA,2,2
36025,ZECYOZ,1,1
36026,JUHSUA,3,3
36027,ICIYIC,3,3
36028,WADRUO,2,2
36029,HIGRIY,2,2
36030,EWAQEY,1,1
36031,VEZWUT,2,2
36032,XESHAG,2,2
36033,FIGQOE,2,2
36034,DACREI,1,1
36035,MUQLAL,1,1
36036,XUCRAO,1,1
36037,BUJXAF,3,3
36038,WAKFUM,3,3
36039,PICSOK,2,2
36040,ICAJON,3,3
36041,APIRAU,3,3
36042,WORZIP,1,1
36043,GEWPUW,3,3
36044,CAGKII,1,1
36045,HOSVAM,2,2
36046,VEQFUV,1,1
36047,ABEYUD,2,2
36048,HUBTED,2,2
36049,TUFWOJ,1,1
36050,OSODIL,2,2
36051,XUTTEM,2,2
36052,QISBIE,2,2
36053,EROGAT,1,1
36054,VULLOD,2,2
36055,KAXMUR,1,1
36056,TAWJOS,3,3
36057,SOGTUE,3,3
36058,FOXTAO,3,3
36059,RUQMEW,2,2
36060,COFWOL,2,2
36061,NUVRAY,3,3
36062,BINDAG,3,3
36063,KELZUA,1,1
36064,QASCOC,2,2
36065,SIKWAO,1,1
36066,ZANHIF,1,1
36067,DALMUZ,2,2
36068,PEJVIM,2,2
36069,URORAV,2,2
36070,YIYCUF,3,3
36071,TEXXUQ,3,3
36072,WUBKIP,1,1
36073,AROGUL,1,1
36074,WIPROF,3,3
36075,GAZQUW,1,1
36076,CIHGAD,1,1
36077,FENTIC,3,3
36078,BAGNUT,3,3
36079,KUKVUH,3,3
36080,TACNOA,2,2
36081,IPUZOI,1,1
36082,RESYOD,1,1
36083,HILMEW,3,3
36084,DUHBOZ,3,3
36085,UWOXUB,3,3
36086,XAMTOU,2,2
36087,XIDGUO,1,1
36088,JESTAC,3,3
36089,ROFRIR,1,1
36090,TUWKEB,3,3
36091,YAVTIY,2,2
36092,OHECOW,1,1
36093,CUJVOU,3,3
36094,ERAGAF,1,1
36095,JADFAY,1,1
36096,EHIDEF,3,3
36097,EYOPIT,1,1
36098,GUDZOW,2,2
36099,ZUQBIW,2,2
36100,SEVHOT,2,2
36101,TUQVOQ,3,3
36102,QOPYIE,3,3
36103,PEGZAC,1,1
36104,VUSNON,2,2
36105,IMUHEE,3,3
36106,YEWCOT,3,3
36107,ZOGBUS,1,1
36108,QIFWUZ,1,1
36109,WOHGEF,1,1
36110,WIZWOT,2,2
36111,CAGNUT,3,3
36112,DOTLAB,3,3
36113,BITPED,1,1
36114,WIYKAT,2,2
36115,LELTEF,1,1
36116,GEGQUE,3,3
36117,UTUVIP,1,1
36118,RIPKUW,3,3
36119,ZIDLOR,1,1
36120,GIZLAE,2,2
36121,YAYPOG,3,3
36122,BICHII,1,1
36123,TEDHUH,3,3
36124,GOXTAO,3,3
36125,IFABAV,3,3
36126,QIPYAT,1,1
36127,FOPWAI,2,2
36128,BECCAP,3,3
36129,BEZLOJ,3,3
36130,NAZROW,2,2
36131,EFOXAB,3,3
36132,XIBSUA,1,1
36133,WALMEB,1,1
36134,TUMHAL,3,3
36135,GACLEB,2,2
36136,FIPRUR,3,3
36137,ILIJAO,3,3
36138,XOCNUB,1,1
36139,OJIVEI,2,2
36140,TEJHUM,3,3
36141,SIJSEK,3,3
36142,HEYHEC,1,1
36143,JIWZIZ,2,2
36144,TEXSEW,3,3
36145,VAYZAY,2,2
36146,XUTHUQ,1,1
36147,MECPCO,2,2
36148,FUHKOK,3,3
36149,BEQMIT,3,3
36150,FALFOP,3,3
36151,UJAQIF,3,3
36152,AGOVAU,2,2
36153,COCSUJ,3,3
36154,KILTAE,1,1
36155,REHNIE,2,2
36156,GOCDAH,1,1
36157,DOTWUG,2,2
36158,WICCUK,1,1
36159,JAHGEF,2,2
36160,PAKVOM,3,3
36161,TOVHAN,2,2
36162,YABNAS,3,3
36163,ECUTOM,2,2
36164,QACKEL,1,1
36165,LIYFEH,3,3
36166,HIRKAY,1,1
36167,QOSREW,3,3
36168,OMOPIR,3,3
36169,CUDVOP,1,1
36170,IHOMAW,1,1
36171,DOCSIA,1,1
36172,LOPDUQ,1,1
36173,CEQTEB,1,1
36174,LATBAJ,1,1
36175,HELSUP,2,2
36176,VEWWIE,2,2
36177,PERZEU,3,3
36178,ETUFUX,1,1
36179,PUGXOG,3,3
36180,OLUXEY,2,2
36181,YUYZUP,2,2
36182,PUHBAV,1,1
36183,WOTWEH,2,2
36184,BOZPOX,3,3
36185,UVIKIV,2,2
36186,LAMTAY,1,1
36187,YEKSOZ,3,3
36188,BICXOB,2,2
36189,VUTNOP,3,3
36190,XAWPOB,3,3
36191,AQULUT,3,3
36192,PAYSUG,3,3
36193,HUQLUC,1,1
36194,GIJVUR,3,3
36195,MAVTEJ,3,3
36196,FIXSOX,3,3
36197,JOZSUO,1,1
36198,GAMGUA,1,1
36199,GAYVOR,3,3
36200,SAXBAY,1,1
36201,ZULVOU,1,1
36202,YAKWOA,1,1
36203,MESJUP,3,3
36204,XELJAZ,3,3
36205,CEZLOJ,3,3
36206,EWOZUM,3,3
36207,YURYIU,3,3
36208,SESGEC,3,3
36209,COSRUX,2,2
36210,ARUVOZ,1,1
36211,WIJCUP,2,2
36212,WISBUY,3,3
36213,ZOTDOD,3,3
36214,IKOLOK,2,2
36215,ZOWVOW,3,3
36216,ERIZIO,2,2
36217,HISHAS,1,1
36218,OJENOH,3,3
36219,FEMHEK,2,2
36220,UKIPIP,3,3
36221,NOPFEF,1,1
36222,CORTIO,3,3
36223,FIMSIF,3,3
36224,BAXLUI,2,2
36225,KIPMII,2,2
36226,XEBZEK,3,3
36227,YEPSIV,2,2
36228,NUKZUO,2,2
36229,MOHSOS,2,2
36230,YIRPOH,2,2
36231,FEVQOQ,1,1
36232,XINYAX,2,2
36233,SELKIE,2,2
36234,RIDMOI,3,3
36235,VEBBUZ,3,3
36236,LOPVIV,1,1
36237,HIBSOB,3,3
36238,BEZNUQ,3,3
36239,LOYSUP,3,3
36240,XUNNOJ,1,1
36241,PEPWUG,1,1
36242,KIZMUF,1,1
36243,PALHET,1,1
36244,XAWWID,3,3
36245,YAFCAM,3,3
36246,CEZQUU,1,1
36247,MEDCUU,3,3
36248,FESQAV,2,2
36249,IRENIF,1,1
36250,YAJRAF,2,2
36251,BIJWIA,3,3
36252,UGEBAK,1,1
36253,REYSIY,3,3
36254,HIJZUV,3,3
36255,FEFVAN,2,2
36256,YIDSEM,1,1
36257,BIRLET,2,2
36258,LUFKOM,3,3
36259,POJKAC,3,3
36260,SOPHOV,3,3
36261,DISZAK,1,1
36262,ZOYPAH,1,1
36263,EDAMEE,2,2
36264,AHODAE,3,3
36265,NOMZAR,3,3
36266,ECOHIO,1,1
36267,DOGNOC,2,2
36268,XOZLED,2,2
36269,HINTEG,3,3
36270,XALQAE,3,3
36271,RIRNEL,1,1
36272,WOKDIJ,1,1
36273,ABUKAM,2,2
36274,NIRQAK,1,1
36275,PIBMUI,1,1
36276,RANFOE,3,3
36277,QUPHAK,3,3
36278,XUCCOO,3,3
36279,KAVWIN,2,2
36280,MIDCOU,2,2
36281,MEXFOM,3,3
36282,OTOWOM,1,1
36283,WUWCOG,3,3
36284,PIHMIF,3,3
36285,UQUVEI,3,3
36286,VIQWAV,2,2
36287,AXIBIS,2,2
36288,ESOJEC,1,1
36289,NURHAJ,1,1
36290,JUNJIL,1,1
36291,ZAVPUK,2,2
36292,TUFXIE,1,1
36293,UGIZIU,1,1
36294,SEKQUU,3,3
36295,SIZDOW,1,1
36296,QUGPOY,2,2
36297,QOSJAJ,1,1
36298,RACMAM,2,2
36299,SOCLOM,3,3
36300,PASKOJ,2,2
36301,EPAKIR,2,2
36302,VUFXAV,2,2
36303,JENXAC,1,1
36304,NIKKUP,3,3
36305,ZOKLUK,1,1
36306,MIFROL,2,2
36307,TULZOQ,3,3
36308,CIGKEL,2,2
36309,YOCZEW,3,3
36310,NODZAI,1,1
36311,TEQPUC,1,1
36312,FENYUW,1,1
36313,IBAWOZ,2,2
36314,HATXIK,3,3
36315,WIYZOT,2,2
36316,DUWJUB,3,3
36317,AHEVAM,2,2
36318,ITOLEK,2,2
36319,AVIJOF,3,3
36320,IHIHOY,2,2
36321,HUVSUN,3,3
36322,TUCYOI,1,1
36323,FOHJAN,2,2
36324,BIDGOO,1,1
36325,XAJRAF,1,1
36326,OJOVUE,2,2
36327,LEQSUW,3,3
36328,JEFLAH,1,1
36329,AKAGUP,2,2
36330,JAHFOR,1,1
36331,XEGMII,2,2
36332,PORGOS,2,2
36333,CODWAU,3,3
36334,XABQAW,1,1
36335,AGELAC,3,3
36336,OJUNEN,3,3
36337,BEDGUO,2,2
36338,XAGPED,2,2
36339,XOQCOV,3,3
36340,SEJYEN,1,1
36341,WELJUV,3,3
36342,TUKMOB,2,2
36343,SASRIP,2,2
36344,OJEQOL,3,3
36345,VASYOF,2,2
36346,JIZPOY,2,2
36347,LUKNOV,2,2
36348,MENZEL,3,3
36349,OZIREW,1,1
36350,SIGNAZ,3,3
36351,QAHYUV,2,2
36352,LOPLUX,2,2
36353,TOTVEG,1,1
36354,QEWTEV,1,1
36355,BUHQEB,2,2
36356,KAKDIJ,2,2
36357,AQIHEO,2,2
36358,NEQZUF,1,1
36359,POLXET,2,2
36360,DEVGOD,2,2
36361,IJUBOE,1,1
36362,XIKYOH,3,3
36363,IPUGUV,3,3
36364,ANATOZ,1,1
36365,FOXROB,2,2
36366,REBMER,3,3
36367,RANVIN,3,3
36368,FAQDAC,2,2
36369,QOMGUU,2,2
36370,CUFZUA,2,2
36371,OCORUU,3,3
36372,SAVJAB,1,1
36373,YAZTEZ,2,2
36374,DOXREN,1,1
36375,JADBUO,1,1
36376,NAJYUW,1,1
36377,FANJUA,3,3
36378,BAYPUP,2,2
36379,LALXEC,3,3
36380,BUPMOQ,3,3
36381,EWUSIY,3,3
36382,BIHCUR,1,1
36383,QEYJOT,1,1
36384,NIJHUM,3,3
36385,YATSAQ,2,2
36386,HARKOC,3,3
36387,VINRER,2,2
36388,VAZWAY,1,1
36389,XIQMIT,1,1
36390,KECMEL,3,3
36391,VEHSEJ,2,2
36392,SECNEX,1,1
36393,CORREJ,3,3
36394,WIYXUX,3,3
36395,VIZXIL,2,2
36396,XEZPEA,2,2
36397,NENTAD,3,3
36398,FOSTOZ,2,2
36399,VUMWIL,3,3
36400,ZAZZAE,3,3
36401,BOCGEH,2,2
36402,BIYSIM,1,1
36403,LAMLES,1,1
36404,ENEDAC,3,3
36405,ZIKGOT,1,1
36406,ANODIT,1,1
36407,PULCUW,2,2
36408,BESTID,3,3
36409,VILTEQ,3,3
36410,NETKUV,2,2
36411,SAKBUC,2,2
36412,RIDKAS,2,2
36413,YIYNIE,3,3
36414,SIRYEA,2,2
36415,SENKEC,3,3
36416,IVEMOL,2,2
36417,MARNEY,3,3
36418,DIRGIY,1,1
36419,OFEFUA,1,1
36420,QAJTED,1,1
36421,SITDOR,3,3
36422,CUQPEK,1,1
36423,AGUVUT,1,1
36424,NACYUL,1,1
36425,WUJYEI,1,1
36426,FEPDEK,2,2
36427,WIJWER,3,3
36428,NOMJEF,2,2
36429,UCAZON,2,2
36430,COLCAI,1,1
36431,PUTZAF,2,2
36432,JAHVIY,2,2
36433,PIHHUL,1,1
36434,LARWIO,1,1
36435,WENWAP,2,2
36436,YUCMAK,1,1
36437,MOHKIF,1,1
36438,YIZLOJ,3,3
36439,ZEKGUT,2,2
36440,BACFIW,2,2
36441,GUSQUI,1,1
36442,GOSTOZ,2,2
36443,QAQCAM,3,3
36444,TUKCAF,1,1
36445,ZEBBIR,3,3
36446,SOTDEK,3,3
36447,POKFOM,2,2
36448,EWORUD,3,3
36449,PADTEV,3,3
36450,FANXIF,1,1
36451,YIYGAP,2,2
36452,LEWROX,3,3
36453,NERJON,1,1
36454,SAYRUH,3,3
36455,HUHRUY,3,3
36456,TAWWUL,3,3
36457,GUHZAK,3,3
36458,LIXMEK,1,1
36459,RAXMEI,1,1
36460,XUSLAY,1,1
36461,LAQRIF,3,3
36462,WUSJUS,1,1
36463,PEDPIY,3,3
36464,YEPROA,2,2
36465,OHIZAI,2,2
36466,RAPKUQ,2,2
36467,UGUSIY,2,2
36468,HACRUB,3,3
36469,IMEVIG,2,2
36470,CODWOI,3,3
36471,IWAFUH,3,3
36472,WIDGOH,3,3
36473,WELSUC,3,3
36474,PEXRUG,3,3
36475,ACUYIJ,1,1
36476,SOTJES,2,2
36477,GIWHEA,3,3
36478,KAMYOM,2,2
36479,QIFZEM,3,3
36480,HIBRIU,2,2
36481,BEHXUK,2,2
36482,NISBIA,2,2
36483,GABBUH,3,3
36484,GELFUA,3,3
36485,ATULUY,3,3
36486,IPIREF,3,3
36487,KORDIH,1,1
36488,QADTIB,3,3
36489,RERBEX,3,3
36490,UWALIQ,1,1
36491,HISPIM,1,1
36492,CUFQID,3,3
36493,YIDMAA,3,3
36494,AFUXOP,1,1
36495,FEZQOQ,1,1
36496,GENRIE,1,1
36497,XUXDAY,1,1
36498,HEGQOB,1,1
36499,BIKSAQ,2,2
36500,GELMEP,3,3
36501,KUZRUV,1,1
36502,SOLXAS,1,1
36503,DEDLUV,2,2
36504,COWFUS,1,1
36505,FEYZAK,2,2
36506,SIKVEP,3,3
36507,FAJDID,3,3
36508,FADJEZ,2,2
36509,INUXIZ,2,2
36510,RIKFAS,1,1
36511,ZUZBII,1,1
36512,GEBTIT,3,3
36513,DAJDAW,2,2
36514,DUTTOE,1,1
36515,CONKAR,2,2
36516,YOQCAJ,3,3
36517,UJELAX,2,2
36518,YOKPAP,2,2
36519,ZEQHIQ,1,1
36520,MICJIU,3,3
36521,CARCAB,3,3
36522,XONVAZ,3,3
36523,JUQTUN,1,1
36524,QENPUV,1,1
36525,LUBYAK,3,3
36526,HEBPIN,2,2
36527,YIBPIM,1,1
36528,BORBOB,3,3
36529,MEGTEX,2,2
36530,BIMYIG,1,1
36531,NIGVOO,3,3
36532,ADESIL,1,1
36533,YIQQUK,2,2
36534,RAZNUC,3,3
36535,HAVPIG,3,3
36536,KIMJUL,2,2
36537,QEDPIY,3,3
36538,QODKOM,3,3
36539,YAPFIF,2,2
36540,KOQXEW,1,1
36541,WOLZOP,3,3
36542,SIYVAX,3,3
36543,EGUCUF,3,3
36544,SIZDAK,1,1
36545,OFEJOB,2,2
36546,FOKFEQ,3,3
36547,TEQLIK,3,3
36548,DOCBIJ,3,3
36549,ROLXAS,3,3
36550,HEWPOP,2,2
36551,IWUBUZ,3,3
36552,KOMFIB,2,2
36553,BUVBUQ,3,3
36554,GOMREH,2,2
36555,SEWMOX,3,3
36556,INOYUG,3,3
36557,WIRGUB,3,3
36558,PUCKIJ,3,3
36559,LIGJUH,3,3
36560,SEWTAQ,3,3
36561,NOBYOV,1,1
36562,FUVLOZ,2,2
36563,NEZNEM,3,3
36564,LIRZUJ,3,3
36565,DAWWAD,1,1
36566,YERMAK,3,3
36567,NENSII,3,3
36568,EFEWUI,3,3
36569,MOMJAA,1,1
36570,GIFZAZ,2,2
36571,MILNOK,2,2
36572,ALOBUY,2,2
36573,UMANUS,3,3
36574,NORHIO,1,1
36575,WELDUN,2,2
36576,QAKPOK,3,3
36577,DOSJAZ,3,3
36578,YEKWUG,3,3
36579,XONFEN,2,2
36580,DOPXAI,2,2
36581,CEZSAE,2,2
36582,SOMKEM,2,2
36583,GUZMIZ,1,1
36584,VIKZEW,3,3
36585,XUXZIA,2,2
36586,RUHSIY,3,3
36587,EMOYOX,1,1
36588,REBZIK,2,2
36589,XOQZOT,3,3
36590,HIHRUM,2,2
36591,PEBVUP,3,3
36592,UCUYEY,3,3
36593,XOTBEN,3,3
36594,ZOTBOB,3,3
36595,PULFEI,1,1
36596,LEBLOU,3,3
36597,MOJMEF,2,2
36598,KUDXEP,1,1
36599,YOGMUD,1,1
36600,HAZXEM,1,1
36601,ZATXUP,3,3
36602,GARVOL,1,1
36603,TEZDEH,1,1
36604,LESNOM,3,3
36605,EREJOD,1,1
36606,SEKSAE,3,3
36607,SIWXON,3,3
36608,DONYAI,3,3
36609,DUCBOS,1,1
36610,RAPWEM,3,3
36611,CAJVAL,2,2
36612,YIDCOE,1,1
36613,QOZCEP,3,3
36614,PEWZEY,2,2
36615,DISDEP,2,2
36616,JEQSEH,1,1
36617,QEBTOK,1,1
36618,REXYOM,1,1
36619,HUTYON,1,1
36620,DAHLOP,2,2
36621,JUHNAB,1,1
36622,COXRUF,1,1
36623,IDOGOY,3,3
36624,DIFTER,2,2
36625,NISKAC,3,3
36626,GEHTUL,2,2
36627,HELGIQ,2,2
36628,VIPVUL,2,2
36629,BTPCUB,3,3
36630,RILVEN,2,2
36631,HIVFOL,1,1
36632,COKJEV,1,1
36633,JOGDOA,2,2
36634,IBIDEC,3,3
36635,REZHOT,3,3
36636,WALKED,1,1
36637,DIJKIU,1,1
36638,YUMJIC,1,1
36639,QUSMOI,3,3
36640,MAVBAO,3,3
36641,VAWPUE,1,1
36642,HEYNEE,2,2
36643,RIFZOV,2,2
36644,YAWXAW,3,3
36645,EKOWIM,3,3
36646,DABNID,3,3
36647,GOMNUT,3,3
36648,TIZZUX,1,1
36649,IVEVUB,3,3
36650,RUKDUW,2,2
36651,CAXVED,1,1
36652,JATXOS,1,1
36653,ROHSOW,2,2
36654,YIDVUD,3,3
36655,IFASAJ,2,2
36656,OZILAL,3,3
36657,MOMCIC,3,3
36658,GIDLEM,3,3
36659,NIHBOZ,1,1
36660,JIRHUQ,3,3
36661,EGEYAQ,2,2
36662,NOYKUJ,2,2
36663,VUHHIS,1,1
36664,NIVMAI,3,3
36665,KACNOR,2,2
36666,JELYIM,1,1
36667,ZIBGAS,3,3
36668,CUQNAG,1,1
36669,AXIRAD,1,1
36670,WAMXAM,3,3
36671,ACOSEQ,2,2
36672,FAKWOE,3,3
36673,KALZOP,3,3
36674,IJOQAC,1,1
36675,HIGDOT,2,2
36676,CEFJII,3,3
36677,PIQKAB,1,1
36678,NIDCIM,2,2
36679,GUFCAL,3,3
36680,QALYEH,3,3
36681,YODMIP,2,2
36682,NESPOQ,2,2
36683,XEXQOG,3,3
36684,BOGBIK,2,2
36685,KIHYOP,3,3
36686,GASNOF,3,3
36687,QOFTUB,3,3
36688,NAWHUQ,3,3
36689,VIZMIC,2,2
36690,RILZET,3,3
36691,LEHKAN,2,2
36692,MUQFAG,3,3
36693,ZAPTIW,3,3
36694,MICQIB,3,3
36695,CARXAU,3,3
36696,UREQUG,1,1
36697,VECKUL,1,1
36698,DITVOS,2,2
36699,CEHTUF,2,2
36700,UVENAN,1,1
36701,COBVAT,3,3
36702,RANJAT,3,3
36703,VEGREG,3,3
36704,GUTHAG,3,3
36705,LIGMET,2,2
36706,AJALED,2,2
36707,RIMGON,1,1
36708,POFVOY,3,3
36709,MUGZIY,2,2
36710,UDOCIA,1,1
36711,NONJAC,2,2
36712,NASMUQ,3,3
36713,ALEYIA,2,2
36714,SOXNIC,2,2
36715,XOQTUU,2,2
36716,YUYGUV,3,3
36717,CIXKED,1,1
36718,YOYBOE,3,3
36719,AJOKAO,1,1
36720,VOHMEM,2,2
36721,CUTTET,1,1
36722,SIFTUW,1,1
36723,YIBBAO,1,1
36724,TENGUQ,1,1
36725,WAKGEW,1,1
36726,BAFROT,1,1
36727,TEDPID,2,2
36728,NITKUX,3,3
36729,ILAZOK,2,2
36730,LEMVUV,1,1
36731,CODNUE,2,2
36732,ADOCEE,2,2
36733,UJAKOF,2,2
36734,DUWZIG,1,1
36735,SUHVAV,1,1
36736,ISUFAD,2,2
36737,DIHSUK,3,3
36738,PUNLEP,2,2
36739,NENFER,3,3
36740,FEHMOW,2,2
36741,EJUTAE,2,2
36742,KIDFUZ,2,2
36743,EMIHEQ,1,1
36744,ELOBUD,3,3
36745,ARAZUO,3,3
36746,WEGREG,1,1
36747,QARDAQ,3,3
36748,COSXUD,3,3
36749,WAVJOT,2,2
36750,KOBPEA,1,1
36751,BAQJAF,3,3
36752,CEBFUN,3,3
36753,KAGYEX,2,2
36754,CIJROE,3,3
36755,CEJNEN,2,2
36756,GEBXIY,1,1
36757,ERIWOU,1,1
36758,MORJOU,3,3
36759,FABBAM,3,3
36760,YOSPOM,2,2
36761,ACEMEC,3,3
36762,JAYFOH,1,1
36763,DETDIT,1,1
36764,VUFMAN,1,1
36765,CPIMRH,2,2
36766,MEMVUV,3,3
36767,ZOKNUI,1,1
36768,AROHIZ,1,1
36769,NAPMIE,1,1
36770,MEZBOL,2,2
36771,KOCCAH,2,2
36772,EYIWEP,3,3
36773,SIRLEN,2,2
36774,UPAKIH,3,3
36775,JACBOH,3,3
36776,MEDDIJ,3,3
36777,UJOLIR,1,1
36778,CUTDAW,3,3
36779,ZEVVUR,1,1
36780,NIDJUJ,1,1
36781,WIKXIA,3,3
36782,FIPZOU,1,1
36783,LIYROD,3,3
36784,DAKROY,2,2
36785,NENVAF,2,2
36786,ELEGUA,1,1
36787,FOWCID,2,2
36788,CORPEH,3,3
36789,MAFHEI,2,2
36790,SUYMOP,1,1
36791,QUNBIK,2,2
36792,NOBRIJ,1,1
36793,UJIQAI,1,1
36794,VUYFIF,3,3
36795,LARGUJ,1,1
36796,SIXBUZ,2,2
36797,ROJLUX,2,2
36798,RUGYUQ,1,1
36799,LAXGIE,1,1
36800,WUSTIN,2,2
36801,RATNAC,1,1
36802,GOLTOR,3,3
36803,REYXAY,1,1
36804,GIWMOQ,3,3
36805,WUHJER,1,1
36806,RUWJID,2,2
36807,TUNPAT,3,3
36808,GAPRAQ,2,2
36809,XANREJ,3,3
36810,VIGYOA,3,3
36811,IFAFON,2,2
36812,RISQOC,2,2
36813,METLAZ,2,2
36814,ECOTAU,2,2
36815,YOHPIV,3,3
36816,FOSFID,3,3
36817,DOXPEL,3,3
36818,KIRFOG,2,2
36819,SUKJOA,1,1
36820,OGEMEU,3,3
36821,ROCYOB,1,1
36822,LELWOP,3,3
36823,WEGKIF,2,2
36824,YUMVOR,2,2
36825,BAHGUP,3,3
36826,SIQNAI,3,3
36827,UMAYAL,1,1
36828,BOFTEZ,1,1
36829,UQAYOD,1,1
36830,FAGSAJ,3,3
36831,KUDSAD,3,3
36832,LIKWUY,3,3
36833,EHUBUH,1,1
36834,UTAQAK,1,1
36835,DIBSIS,2,2
36836,TIHJAV,2,2
36837,PIZFEN,1,1
36838,KEBGUU,2,2
36839,RAPGUK,2,2
36840,WAYGAH,1,1
36841,FOLTOR,3,3
36842,GACXOY,2,2
36843,SEBDUA,2,2
36844,TISVUN,2,2
36845,COJYUZ,1,1
36846,GENNOC,3,3
36847,FURLEJ,3,3
36848,HOPBUJ,1,1
36849,DUZHIQ,3,3
36850,BOKQEA,3,3
36851,FIGRES,2,2
36852,LIHPOK,2,2
36853,SUPTAB,1,1
36854,XEYPAS,2,2
36855,BANXEX,1,1
36856,PEGYIJ,1,1
36857,ATOSUY,2,2
36858,LAJYEB,3,3
36859,POZVIK,2,2
36860,HUXCIN,3,3
36861,PUWDOD,1,1
36862,ZEJCIA,2,2
36863,DITCUE,3,3
36864,HACBES,2,2
36865,CIWXAH,2,2
36866,MAXWOY,2,2
36867,SEPCUP,1,1
36868,CUVYUQ,1,1
36869,RIYDIM,1,1
36870,DIHVIA,1,1
36871,EPOGEY,1,1
36872,COFTEZ,3,3
36873,UWIJAO,1,1
36874,ICUJAS,3,3
36875,ZEBPOL,2,2
36876,GOQYEQ,3,3
36877,QEGWEF,2,2
36878,AYOSUE,2,2
36879,IQOHEB,3,3
36880,JIRFOG,2,2
36881,AXOSOY,1,1
36882,FANSAQ,3,3
36883,TAQTOV,3,3
36884,NUZYEM,2,2
36885,UBOCAP,3,3
36886,YERFEH,3,3
36887,MEHBIL,1,1
36888,VUDPUH,3,3
36889,DAVQIA,2,2
36890,IBIQIX,1,1
36891,YUDVOI,3,3
36892,CEMNEP,2,2
36893,NEBKUE,1,1
36894,DAHWAL,2,2
36895,HEWLEB,2,2
36896,VOXBEP,1,1
36897,KOQCIC,2,2
36898,PIVRUL,1,1
36899,WAGFOC,3,3
36900,POWXUU,2,2
36901,VIFMAZ,1,1
36902,CAZIPD,2,2
36903,COWDUQ,1,1
36904,VERBIF,3,3
36905,YUNCES,1,1
36906,UDOHUS,2,2
36907,ZASFEG,3,3
36908,NIRFUT,1,1
36909,YUNTEI,3,3
36910,TUBCUO,3,3
36911,YUHPAS,3,3
36912,NIQTUG,1,1
36913,YEBWOR,2,2
36914,CUZFUB,1,1
36915,NUVQED,1,1
36916,YEVFUA,3,3
36917,AFUZOR,2,2
36918,BOFDOR,3,3
36919,BUWHEH,3,3
36920,WIRWIG,2,2
36921,MIJVAC,2,2
36922,WELMEJ,1,1
36923,VUJKOC,3,3
36924,MAXYOA,2,2
36925,BOBVOH,1,1
36926,JEYREL,2,2
36927,FUXYOP,1,1
36928,PUPDAF,1,1
36929,PIBSIC,2,2
36930,ANOXOR,2,2
36931,AGOBEE,3,3
36932,DORGUM,3,3
36933,FOHXIL,2,2
36934,LISLUX,3,3
36935,INUDAW,3,3
36936,LIJMUQ,1,1
36937,OWESUF,3,3
36938,GITXEP,1,1
36939,HIRTUX,3,3
36940,VAKBUI,1,1
36941,VEHXAI,3,3
36942,NIBROG,3,3
36943,PURNUM,3,3
36944,UFONEJ,3,3
36945,LUGJAY,2,2
36946,LUGDOJ,1,1
36947,LEJJIW,1,1
36948,TIRWAT,3,3
36949,LEXSAI,1,1
36950,HEXDUK,2,2
36951,HOKGAP,3,3
36952,GAKRIV,3,3
36953,PIXWIC,2,2
36954,XEBWOR,2,2
36955,KACBAT,1,1
36956,LOGCOB,3,3
36957,VIZSOP,2,2
36958,FEDGUR,2,2
36959,RAYBEY,2,2
36960,WEPJEI,2,2
36961,GOBDEH,3,3
36962,YIHNEK,3,3
36963,IBEKUV,3,3
36964,DEDKII,2,2
36965,THPDCU,3,3
36966,COFDOR,2,2
36967,FEZMEC,2,2
36968,JEVHIB,3,3
36969,EGONEU,3,3
36970,SENNOS,1,1
36971,PIFDUD,3,3
36972,LAVLUR,3,3
36973,ZUWLAE,3,3
36974,JIRVEO,3,3
36975,KALVAV,2,2
36976,MUZYAJ,3,3
36977,IRAYAD,3,3
36978,WEHXAI,3,3
36979,AKOWED,3,3
36980,YIDCUK,1,1
36981,KOMCOF,3,3
36982,KUMFUU,2,2
36983,WOVKOH,3,3
36984,RAZLUA,2,2
36985,XOTPAX,3,3
36986,YUSNOP,2,2
36987,XIVFOA,3,3
36988,FOYCEB,2,2
36989,FUFMUQ,3,3
36990,NEDMEO,3,3
36991,EMOREG,1,1
36992,SOMWOH,3,3
36993,ASAJEL,2,2
36994,BEVNOH,3,3
36995,XASSUJ,1,1
36996,RODNAZ,3,3
36997,LAGYUP,3,3
36998,CESHOB,1,1
36999,LASHOC,2,2
37000,VIDROP,1,1
37001,TAKKUO,2,2
37002,FIVGIE,1,1
37003,SULSOJ,3,3
37004,AHEVUH,1,1
37005,KAZJIH,1,1
37006,NOLREL,1,1
37007,RUYDIY,1,1
37008,OBISAT,3,3
37009,MEJDEL,1,1
37010,TUWSUZ,1,1
37011,OJEZIP,1,1
37012,YEJSIR,3,3
37013,EWIHOK,1,1
37014,APEKUE,1,1
37015,XEYWII,3,3
37016,BEXWAD,2,2
37017,YIFRUE,1,1
37018,XIMVOF,3,3
37019,NIFWOP,2,2
37020,SOSHEO,3,3
37021,HUPNIP,1,1
37022,AGUZUY,1,1
37023,TIFTEH,3,3
37024,FASPIB,3,3
37025,HESBUD,2,2
37026,QOZVEH,3,3
37027,GUNYUM,1,1
37028,DUNGUQ,3,3
37029,EKUHEY,2,2
37030,TAWPEP,3,3
37031,OLOQOW,2,2
37032,ZAPCEY,1,1
37033,ETAZEE,2,2
37034,PAYKEH,3,3
37035,MORDOM,3,3
37036,NUHLUX,3,3
37037,MOHWOW,2,2
37038,MUHRUD,3,3
37039,ILIBUC,2,2
37040,UGOKAC,3,3
37041,IYUDEM,3,3
37042,REWHIK,2,2
37043,TOWFIU,1,1
37044,POBCEQ,2,2
37045,XETWUO,3,3
37046,RIVWAU,2,2
37047,LIRZOD,3,3
37048,ZINXUR,1,1
37049,SELHOG,2,2
37050,EJEKEL,1,1
37051,VICPUU,3,3
37052,KOGFOC,3,3
37053,ZUBGUB,1,1
37054,NAMGIT,2,2
37055,MIGCEL,3,3
37056,PUHJUZ,2,2
37057,ZEKKUY,3,3
37058,SILCEV,3,3
37059,GAFYEV,1,1
37060,IWUBOT,3,3
37061,WUBVEU,1,1
37062,FUGREG,1,1
37063,JINMUP,1,1
37064,TAGHIT,3,3
37065,ZESKOA,3,3
37066,COPQON,3,3
37067,VOXRAD,2,2
37068,KUSGUB,1,1
37069,XEDJEV,1,1
37070,HESGIY,1,1
37071,GIQBUF,3,3
37072,TOKHAC,2,2
37073,ZIPKIU,1,1
37074,MODXEL,2,2
37075,XOJQAO,1,1
37076,BOKQIB,2,2
37077,LORDOM,3,3
37078,ZOFYEA,2,2
37079,MIYRAO,2,2
37080,UWOPAY,2,2
37081,HEXFOG,2,2
37082,DOTXER,2,2
37083,AQONOK,2,2
37084,JAZSEI,2,2
37085,GENBUW,2,2
37086,LAYXUG,3,3
37087,MACYIZ,2,2
37088,AZOYET,3,3
37089,ZOLLAP,3,3
37090,ASOCOC,3,3
37091,AFELOM,2,2
37092,RACQET,1,1
37093,FIBQUG,1,1
37094,NASCUI,2,2
37095,RAHKUG,2,2
37096,KUWBUB,2,2
37097,FUDPAW,3,3
37098,WULJUL,1,1
37099,CEMNIS,2,2
37100,LESNUT,2,2
37101,VUHCAD,3,3
37102,COCWUN,3,3
37103,EFUXAF,3,3
37104,OSOPOC,2,2
37105,AVOBIY,3,3
37106,KIGHIV,1,1
37107,AQUZIW,3,3
37108,DENWEZ,3,3
37109,KIWLUY,2,2
37110,VAWRUG,1,1
37111,FOXNIS,1,1
37112,UXODOD,1,1
37113,IWIKAD,1,1
37114,KICDAC,2,2
37115,ZUNDIN,3,3
37116,NUQXOP,1,1
37117,FIPVUV,3,3
37118,FELSUN,3,3
37119,HECHEG,1,1
37120,JIGMUK,2,2
37121,PAJDUB,3,3
37122,VOTJIZ,1,1
37123,WIHJEF,2,2
37124,BIFMOV,3,3
37125,APZBFE,2,2
37126,QOLMIO,3,3
37127,TELJID,2,2
37128,KAGPAJ,2,2
37129,SOBTOT,3,3
37130,HAZTIP,1,1
37131,NOJXOA,1,1
37132,SUTSUV,3,3
37133,SETMIQ,3,3
37134,UQUMEZ,3,3
37135,WUTDAT,1,1
37136,RUPTOM,3,3
37137,QOGBAQ,3,3
37138,XABZEG,3,3
37139,QAMHAP,3,3
37140,UYODUK,1,1
37141,QANTOP,3,3
37142,HOFKIZ,1,1
37143,XORTEF,2,2
37144,OTUQAW,3,3
37145,EXEJEW,2,2
37146,KATSEH,1,1
37147,HAHZAT,2,2
37148,QUTHIW,3,3
37149,UVOBEN,3,3
37150,LATXIR,1,1
37151,ILEHAI,3,3
37152,TAXJIM,1,1
37153,WEVPIX,3,3
37154,UJEWOW,3,3
37155,WIVKEU,3,3
37156,AHOQOE,3,3
37157,NADYAS,1,1
37158,HEZBUL,2,2
37159,LUTGIS,3,3
37160,YAZXED,3,3
37161,VICKAT,3,3
37162,TEQNIM,1,1
37163,MECDED,3,3
37164,TUSTOR,3,3
37165,SAGZIK,2,2
37166,WIFTOW,3,3
37167,ZIVZUB,3,3
37168,WEKTIQ,3,3
37169,QIQNEJ,2,2
37170,ILEVIF,2,2
37171,JAGKUX,2,2
37172,GODNOE,3,3
37173,UQEBID,3,3
37174,XANBOF,2,2
37175,MOVXAW,1,1
37176,ONUHIP,2,2
37177,SICWEG,2,2
37178,ZUNVUZ,1,1
37179,LAVYOW,3,3
37180,PIJNAY,3,3
37181,MIGTEE,3,3
37182,DETCAJ,2,2
37183,KACNUX,2,2
37184,TEFXIL,1,1
37185,ROFVIR,1,1
37186,JIPPEH,1,1
37187,KIXJIO,1,1
37188,NEPBUH,1,1
37189,RUKTIA,2,2
37190,FEYFIB,3,3
37191,NOZNOI,1,1
37192,PATGOJ,3,3
37193,XIYLEW,3,3
37194,LAVNOM,3,3
37195,GAXSUT,3,3
37196,QAGCOQ,2,2
37197,NOBNUQ,3,3
37198,KAFMIO,2,2
37199,MIPKON,2,2
37200,YAYMAN,3,3
37201,ATECAE,3,3
37202,ETPHCR,1,1
37203,MIKYUE,1,1
37204,OHEWIK,1,1
37205,DEGKUY,3,3
37206,NIZNEP,2,2
37207,QULJIT,1,1
37208,JAMNUJ,3,3
37209,YAKTIP,2,2
37210,QASYES,1,1
37211,WEZXEE,3,3
37212,NARKEA,1,1
37213,DOKZEK,3,3
37214,KEDFAB,3,3
37215,WEBTIJ,3,3
37216,TOXBOX,1,1
37217,GIVYAN,1,1
37218,XAXGIQ,1,1
37219,LEMJIZ,3,3
37220,XOTKUN,1,1
37221,SUPDIQ,3,3
37222,NORTAQ,3,3
37223,RUSDUE,3,3
37224,KIQDEX,1,1
37225,XURDET,3,3
37226,FAXQOO,1,1
37227,HELRIZ,2,2
37228,ODOGIX,3,3
37229,LEXZIX,3,3
37230,GUQGEH,1,1
37231,NUXQEE,2,2
37232,JUSROG,2,2
37233,XIZYAJ,3,3
37234,LAJPAP,2,2
37235,XOWLOK,1,1
37236,IDEPIQ,3,3
37237,TIXRAU,3,3
37238,UJIFOK,3,3
37239,AQUMII,3,3
37240,BOHDOS,3,3
37241,SAJZUZ,2,2
37242,DIWDAO,2,2
37243,NEVVUF,1,1
37244,YEYPOK,3,3
37245,EMEGAE,3,3
37246,NIKROO,1,1
37247,BACXUY,1,1
37248,FAGTIT,2,2
37249,TERLOU,2,2
37250,SEQYUK,3,3
37251,VOKZUS,2,2
37252,FEWXAH,3,3
37253,KILYIP,2,2
37254,SOYMEY,3,3
37255,NIXCUU,1,1
37256,IWAFOB,3,3
37257,QEDBOT,3,3
37258,WAQMEK,1,1
37259,JEKRAW,1,1
37260,GEVLAX,2,2
37261,HIGQOH,1,1
37262,EFISUI,2,2
37263,HAHSIV,1,1
37264,RUWMAZ,3,3
37265,UMANON,2,2
37266,FITDUH,3,3
37267,GABBOB,3,3
37268,DUYZEE,2,2
37269,BACDER,2,2
37270,YASQOB,3,3
37271,HOYGEK,1,1
37272,LAJYIE,3,3
37273,BUZQUK,3,3
37274,KUDJAU,2,2
37275,NIVVOF,2,2
37276,XIGDOJ,2,2
37277,AXIKUP,3,3
37278,YOHPEQ,2,2
37279,DEDREL,2,2
37280,COLFIU,3,3
37281,WOVBEQ,3,3
37282,LIXVEX,1,1
37283,ODUJAZ,2,2
37284,ODUDOI,3,3
37285,CIFZOH,1,1
37286,SAGCEJ,3,3
37287,KUSKAN,1,1
37288,AMAYAO,3,3
37289,HAWXAI,1,1
37290,CAQCEC,3,3
37291,COBHEK,1,1
37292,OFAXUR,2,2
37293,QEBFIQ,1,1
37294,GUSJUZ,2,2
37295,CAKGEC,2,2
37296,ZEFBAN,2,2
37297,RARZOB,3,3
37298,KODZAG,3,3
37299,OZEXEX,2,2
37300,MEGHOY,3,3
37301,EZALID,1,1
37302,XAHHEX,1,1
37303,UMISEO,3,3
37304,KEPRED,2,2
37305,IDUFIY,3,3
37306,LIGJOB,3,3
37307,LABHUS,2,2
37308,EPEBIL,3,3
37309,ECINAG,3,3
37310,MCPERH,2,2
37311,LUKRIT,3,3
37312,SUWMAZ,2,2
37313,BOKCUA,2,2
37314,ZILLIR,2,2
37315,FOKTAC,2,2
37316,MOPWUK,3,3
37317,GUZHOZ,2,2
37318,VUFMOA,2,2
37319,COMWUX,2,2
37320,CAMJIL,3,3
37321,XUFYIG,2,2
37322,DUGBIS,3,3
37323,LORZEY,2,2
37324,NIQCUN,3,3
37325,IGOHUK,1,1
37326,GASBUA,2,2
37327,HEBKEI,1,1
37328,LEPGAQ,2,2
37329,BOMRIE,2,2
37330,BEHQEK,3,3
37331,LIJFES,2,2
37332,JIDSAT,3,3
37333,TADSAV,3,3
37334,JOXCIK,3,3
37335,GEKDUY,3,3
37336,JUVDIQ,1,1
37337,MEVSAH,3,3
37338,MOHNAZ,1,1
37339,GOXGAB,3,3
37340,HEKLAK,2,2
37341,ADUYAZ,2,2
37342,OQAJOG,3,3
37343,GANZEC,3,3
37344,KIJCIQ,1,1
37345,HARKUI,3,3
37346,VEFFES,1,1
37347,ERINAX,1,1
37348,FISFAQ,3,3
37349,FIGYUQ,2,2
37350,XOZPOR,1,1
37351,YEZYUA,3,3
37352,YENFAA,2,2
37353,GOLVUZ,3,3
37354,GESDAJ,3,3
37355,VISJOZ,3,3
37356,TIGWIR,3,3
37357,TAHBOV,3,3
37358,NOGSOU,2,2
37359,AKANEG,3,3
37360,BACZAI,1,1
37361,TEXWIC,2,2
37362,COLXOQ,2,2
37363,QAZGAD,1,1
37364,JAQKAN,3,3
37365,NETBEV,2,2
37366,XUHRUP,1,1
37367,UXOCER,3,3
37368,CAQZEA,3,3
37369,LIQFOK,1,1
37370,QOFFIA,3,3
37371,GIKJOA,2,2
37372,ZODFED,1,1
37373,LOPLOR,1,1
37374,GENWAY,3,3
37375,HOBYEC,1,1
37376,DENGOV,3,3
37377,QIMLUW,2,2
37378,SEVLAH,3,3
37379,DOVPEM,1,1
37380,FEDRAK,2,2
37381,ETUWAR,3,3
37382,PATGAV,3,3
37383,RIPJEI,3,3
37384,ZUZPAO,1,1
37385,LAXBUK,3,3
37386,UNIKIN,3,3
37387,UFEBAJ,3,3
37388,VECYIO,2,2
37389,QISHIJ,3,3
37390,COPQAA,2,2
37391,NOWROG,1,1
37392,SOCGEA,1,1
37393,TIHQUW,3,3
37394,ICICOP,3,3
37395,YEDZOZ,2,2
37396,EVICIV,3,3
37397,OJOFID,3,3
37398,SUPXUY,3,3
37399,ATOQOQ,2,2
37400,JIKNEW,3,3
37401,GIDKUB,3,3
37402,WUDGUA,1,1
37403,QUNKAM,1,1
37404,DUHJUN,3,3
37405,GERYIO,3,3
37406,FIYMOP,2,2
37407,MIVQOX,3,3
37408,RIMGOJ,2,2
37409,XIXVEH,3,3
37410,IHOGAO,1,1
37411,ILEXII,2,2
37412,TAHWUW,2,2
37413,DOYCAV,3,3
37414,FIRRAA,1,1
37415,LIXFOP,1,1
37416,OGEQUM,1,1
37417,VUQBOB,1,1
37418,AKONEU,3,3
37419,RALWUA,1,1
37420,NARKIB,1,1
37421,CUQKIL,1,1
37422,XEPGAA,1,1
37423,WUMKAR,3,3
37424,BURKUX,1,1
37425,DIWJAW,3,3
37426,YAYXUS,3,3
37427,SUCPAJ,3,3
37428,LUFNIM,1,1
37429,VIVKIV,2,2
37430,POSVIC,3,3
37431,WEJKUS,3,3
37432,WIVNUK,2,2
37433,MOQMUC,3,3
37434,IFIBIJ,3,3
37435,SOMNOY,3,3
37436,GITQAB,2,2
37437,ZIXFIX,1,1
37438,LULNUB,2,2
37439,CIZJAZ,3,3
37440,XAKDAP,2,2
37441,JOSYUL,2,2
37442,NOSNAN,1,1
37443,YUHRUP,2,2
37444,NEKWEF,3,3
37445,SAQFOI,3,3
37446,DOBSAQ,2,2
37447,OQASOR,1,1
37448,GAQHOV,1,1
37449,JEFGIL,3,3
37450,JAHCIE,2,2
37451,AYEDIT,2,2
37452,VOHJAG,3,3
37453,OWOZOS,1,1
37454,XENVEU,2,2
37455,ZUTWES,3,3
37456,YAJWEN,3,3
37457,YEDSEG,1,1
37458,XAKHUO,3,3
37459,FOCGIR,1,1
37460,JIDSOH,3,3
37461,WUWCUM,3,3
37462,ZIHNAH,3,3
37463,DEBQIL,3,3
37464,XAPZOD,2,2
37465,RANQUU,3,3
37466,TUDKIM,3,3
37467,WOPFOW,3,3
37468,QEPHOI,2,2
37469,NEQCAR,1,1
37470,ECIWAR,1,1
37471,MUXFAO,1,1
37472,BINBUW,3,3
37473,ZIDVIV,1,1
37474,LACPOW,3,3
37475,HAWXOU,3,3
37476,ZIGDIE,3,3
37477,DIHQOC,3,3
37478,CAJSIP,1,1
37479,BAYWIK,2,2
37480,IVASAC,1,1
37481,SESZEV,3,3
37482,GOJYAF,3,3
37483,GIHVAV,2,2
37484,MEDTOE,1,1
37485,EWOPUB,2,2
37486,TUTSEI,1,1
37487,BEMWIB,3,3
37488,XELWAO,3,3
37489,KAYSUZ,2,2
37490,PEZTAR,3,3
37491,ITUVUQ,2,2
37492,MUBBAO,1,1
37493,TEHXEJ,1,1
37494,VOFMEL,2,2
37495,SAHYEG,2,2
37496,VIXBAF,2,2
37497,KALCUX,2,2
37498,YUGMET,3,3
37499,IGECUV,1,1
37500,KIVDIE,2,2
37501,PAXMUX,2,2
37502,MEJZAD,3,3
37503,AZISAE,3,3
37504,ZENHEI,3,3
37505,YALCEW,3,3
37506,BULJUO,3,3
37507,MUSGEN,1,1
37508,ETEHIX,1,1
37509,JAHFUX,1,1
37510,TOZMIE,2,2
37511,VASYUL,2,2
37512,VOMLAM,2,2
37513,CIYQIK,1,1
37514,YILNUF,2,2
37515,PINBEX,1,1
37516,HEDFEE,3,3
37517,COYVET,3,3
37518,BOBZUO,3,3
37519,TATROX,1,1
37520,KUKGAB,1,1
37521,LOKKOO,2,2
37522,OJAHEM,3,3
37523,NORJEJ,3,3
37524,NOHYEP,3,3
37525,MEWWIX,2,2
37526,XAVWAT,3,3
37527,FEJRAN,1,1
37528,IVOSAQ,1,1
37529,DANMAI,3,3
37530,DEDRIO,3,3
37531,QIWSAR,3,3
37532,OCAROZ,3,3
37533,FIHVAV,3,3
37534,DEZSIO,1,1
37535,LEDTOE,3,3
37536,EMEPOC,2,2
37537,DIBCOK,1,1
37538,XOWLAW,1,1
37539,XENXIY,3,3
37540,LITNAE,2,2
37541,DISFIU,3,3
37542,TIXROI,3,3
37543,FUVPIX,2,2
37544,ONOGUU,3,3
37545,UJUQEW,3,3
37546,RETFUT,3,3
37547,JISROS,1,1
37548,SAJTUU,3,3
37549,WECNIB,1,1
37550,WOFMEL,2,2
37551,SAPPUU,1,1
37552,UFICEU,3,3
37553,MEBYAU,3,3
37554,HUXQUM,3,3
37555,MOQZUN,2,2
37556,NONCIE,2,2
37557,LAJGOV,3,3
37558,JETRUZ,1,1
37559,FOJYAF,2,2
37560,VIYHIY,1,1
37561,QOFCUK,2,2
37562,RIJLIH,2,2
37563,WUBMIR,3,3
37564,SELHUM,2,2
37565,GUSJOT,2,2
37566,QEHQOJ,2,2
37567,RIZHUG,3,3
37568,NARNAZ,1,1
37569,RUMKAO,1,1
37570,WEWCUW,2,2
37571,INABAC,2,2
37572,JAQKUK,3,3
37573,ODABON,3,3
37574,OWULEY,1,1
37575,PUDBAR,3,3
37576,XADBIP,2,2
37577,MIMXUD,2,2
37578,LAXBAN,1,1
37579,MECFEF,2,2
37580,WUMYIP,1,1
37581,WAJFIX,1,1
37582,SIKFAW,2,2
37583,NEXFIF,3,3
37584,IBAGEA,2,2
37585,NISLEI,2,2
37586,GETDUF,3,3
37587,IFEXOJ,3,3
37588,WONBEG,3,3
37589,ERURAL,3,3
37590,ROLVOD,3,3
37591,KUMDUS,2,2
37592,HONMOO,3,3
37593,HABMEG,1,1
37594,ZIPNOB,2,2
37595,DALWES,3,3
37596,TORBIN,1,1
37597,TEFHUI,3,3
37598,WEMLEF,3,3
37599,QOKHOQ,3,3
37600,EABIMN,3,3
37601,OVEXEV,1,1
37602,SOWQON,3,3
37603,FIDKAG,3,3
37604,QUSCAI,2,2
37605,YIYYEO,1,1
37606,WIXYAF,2,2
37607,QAMJAR,3,3
37608,QAMDOA,2,2
37609,CIDYIX,3,3
37610,KEZBEY,3,3
37611,CMEPDA,3,3
37612,NISPUB,2,2
37613,TUNKAP,2,2
37614,WUHQEV,3,3
37615,NOLPEJ,2,2
37616,KEJJOA,3,3
37617,APUTEM,2,2
37618,NIMZES,1,1
37619,LUNHAD,3,3
37620,YESGIP,3,3
37621,JOXVID,3,3
37622,PUMLOZ,3,3
37623,VUWJIJ,1,1
37624,YADBIP,1,1
37625,TIJPEH,3,3
37626,XONZUV,2,2
37627,NOQJOS,3,3
37628,EDINIS,1,1
37629,GESQON,2,2
37630,BILMIS,1,1
37631,ASGLCO,2,2
37632,WUVWAO,1,1
37633,VOMPET,3,3
37634,HAWDIS,1,1
37635,BOTFIC,2,2
37636,CASWAV,3,3
37637,OVURUU,3,3
37638,CIBDAT,3,3
37639,NEZPOY,1,1
37640,GELMET,1,1
37641,IWOTIY,2,2
37642,LUZLAV,1,1
37643,VATWOD,1,1
37644,BOFFOT,2,2
37645,PUTTAZ,3,3
37646,ONUZON,3,3
37647,RAGXII,3,3
37648,JARBAJ,1,1
37649,MICZNI,3,3
37650,XACGUD,3,3
37651,WIRROG,2,2
37652,DAVMOC,2,2
37653,DAJTEP,2,2
37654,UMOBAZ,3,3
37655,LUVTIH,3,3
37656,VIDNEF,1,1
37657,KURFUY,3,3
37658,BIDYIX,2,2
37659,HOCXIH,1,1
37660,XUCSET,1,1
37661,ROBVOV,2,2
37662,QUPVEC,3,3
37663,VUBJOT,3,3
37664,ECAQIL,3,3
37665,TIDNOJ,1,1
37666,NUMJOX,1,1
37667,IHAROY,2,2
37668,KAMWAZ,3,3
37669,KACLUZ,1,1
37670,YUXHUU,1,1
37671,TOQBUZ,3,3
37672,ROGYEV,1,1
37673,XUYWET,3,3
37674,YIMVUL,3,3
37675,QAQZAK,3,3
37676,PODKOI,1,1
37677,QEDBUZ,3,3
37678,LAJBEF,3,3
37679,UZIFAM,2,2
37680,NOVJOZ,3,3
37681,VEZCIQ,1,1
37682,QADJAI,3,3
37683,YAFCOB,1,1
37684,BOYDOI,2,2
37685,YUBNOY,1,1
37686,LARWEH,2,2
37687,NOMCAT,2,2
37688,GAMMAK,3,3
37689,YUNQAA,2,2
37690,OJUYID,2,2
37691,SEMPAB,3,3
37692,GERBIO,3,3
37693,QALYEL,1,1
37694,VOZMUS,1,1
37695,ULONOY,1,1
37696,BEWQEC,3,3
37697,YANPIO,3,3
37698,FEHTUH,2,2
37699,TICPED,3,3
37700,ICOREY,2,2
37701,ACOSEU,2,2
37702,CIXGEZ,1,1
37703,ZUNVOT,2,2
37704,FAWYEH,3,3
37705,FIVLAA,3,3
37706,MOCFUH,3,3
37707,KEMDAL,1,1
37708,SOHFUR,3,3
37709,AVUTOC,1,1
37710,QITTOE,3,3
37711,NIBRUM,1,1
37712,GOFTEC,3,3
37713,ALAGIE,2,2
37714,MUDMAA,3,3
37715,WABRID,3,3
37716,AHOCIL,3,3
37717,NIKPOM,2,2
37718,LUHLEI,1,1
37719,REDYIL,3,3
37720,KEKKUG,2,2
37721,AZEGIV,3,3
37722,FULXIU,3,3
37723,QEDGIP,3,3
37724,HIWPUC,1,1
37725,SEJGAQ,1,1
37726,NOXMIY,2,2
37727,WAGFUI,3,3
37728,LOSLEK,3,3
37729,OTIDEB,1,1
37730,LERZOY,3,3
37731,WEDKAS,3,3
37732,SIJBES,3,3
37733,PUJRET,3,3
37734,HOHGEQ,1,1
37735,BATNOA,3,3
37736,NENMAU,3,3
37737,NUXSEG,2,2
37738,JAMNOD,3,3
37739,TEMREM,1,1
37740,FIHTOH,3,3
37741,YEBWUX,2,2
37742,LIZBAZ,1,1
37743,KIKBEM,3,3
37744,EZEKIF,3,3
37745,WUFFEI,3,3
37746,OHIDIU,2,2
37747,QENKAW,1,1
37748,XIXJAQ,2,2
37749,VEMPUZ,2,2
37750,GOZXUQ,2,2
37751,WEFZAJ,3,3
37752,TEFJOE,3,3
37753,EBAVUA,3,3
37754,XEFRUX,2,2
37755,POLHOO,2,2
37756,UPEKAC,2,2
37757,LASHUI,2,2
37758,RURGOA,1,1
37759,QIRWOF,1,1
37760,XUPYIT,1,1
37761,REQGEB,1,1
37762,VIZXEK,1,1
37763,CEKHOP,3,3
37764,JOCHEO,2,2
37765,OKOXOE,1,1
37766,YIHKAC,3,3
37767,GIDBIE,2,2
37768,ROSMAP,3,3
37769,IKOJOI,1,1
37770,ALANCO,2,2
37771,RAJXUX,3,3
37772,COFDUX,2,2
37773,XAHJEZ,1,1
37774,EJAPUA,3,3
37775,MEGDAH,1,1
37776,UDETAB,3,3
37777,NEDFOT,3,3
37778,NEDHAG,2,2
37779,UWIXII,2,2
37780,GODNUK,3,3
37781,YIFLEH,3,3
37782,FILSUS,1,1
37783,HEDDID,2,2
37784,GAGVIV,3,3
37785,WOHJUB,2,2
37786,YOBGAB,1,1
37787,COCGIO,1,1
37788,ODUFOK,3,3
37789,BUKTIL,3,3
37790,HISYAK,3,3
37791,NAQGUL,1,1
37792,VEGNAZ,3,3
37793,SARQEJ,2,2
37794,LUHROY,1,1
37795,ZABFEN,3,3
37796,FULJUR,1,1
37797,PASLIH,3,3
37798,BEKDUS,2,2
37799,BIZQOQ,2,2
37800,SIHVUC,3,3
37801,FEWDEQ,3,3
37802,YOZGUQ,2,2
37803,EBASEH,2,2
37804,NIMJOL,1,1
37805,VAZPES,2,2
37806,JAZFIA,3,3
37807,BUYMOY,2,2
37808,NANNIC,3,3
37809,QIZCAF,2,2
37810,YOGHEI,1,1
37811,ZODDEF,1,1
37812,LOSRAP,1,1
37813,SOHJOQ,3,3
37814,IMACAC,2,2
37815,LEZBUQ,3,3
37816,HUTGIN,1,1
37817,MIMMAY,3,3
37818,ASIKIX,2,2
37819,YUMVUX,2,2
37820,NIMSAE,2,2
37821,RAGHAI,3,3
37822,LEXVIU,2,2
37823,NOWNEU,2,2
37824,HINSAZ,2,2
37825,EJELUC,3,3
37826,EDOFUB,1,1
37827,XUMCOY,1,1
37828,SIPFIG,3,3
37829,DIKQIY,2,2
37830,SUFJIM,2,2
37831,JATTUT,2,2
37832,GENKIT,1,1
37833,LEDTUK,3,3
37834,ADESEK,1,1
37835,RASKEB,3,3
37836,YEXHOA,2,2
37837,IPTOFE,2,2
37838,LUZLOJ,1,1
37839,PAYPEL,1,1
37840,SIDLEY,1,1
37841,AZMTCO,2,2
37842,WOMYAB,2,2
37843,FUFZAJ,3,3
37844,AGICIC,1,1
37845,OTUQUR,2,2
37846,CIJNES,1,1
37847,ZUHNUN,3,3
37848,OLAJOA,3,3
37849,LOYYOQ,1,1
37850,BUTZRA,1,1
37851,UQAKII,3,3
37852,MAZJAB,3,3
37853,REKCIV,2,2
37854,VAVFAA,2,2
37855,XATCEA,1,1
37856,PIZZOO,3,3
37857,VOZHEZ,3,3
37858,ROHJOQ,3,3
37859,BIWDIV,2,2
37860,FURGOQ,3,3
37861,BEJLEH,3,3
37862,NUTLET,3,3
37863,GUVWUP,1,1
37864,QAJMIA,3,3
37865,XIJDEA,1,1
37866,OTOYAZ,3,3
37867,WAPKOQ,3,3
37868,CPMXNI,2,2
37869,REKTIL,2,2
37870,MUSNUJ,2,2
37871,RITCIG,1,1
37872,PIZCAF,2,2
37873,IGULAY,2,2
37874,HUYROI,2,2
37875,NIHLOF,1,1
37876,JIRFUM,2,2
37877,SISQUI,3,3
37878,BIBDOH,3,3
37879,MAGNAK,3,3
37880,DUSZOG,3,3
37881,QEVYIC,3,3
37882,JURCEG,3,3
37883,OBOKAS,1,1
37884,QEHQAV,2,2
37885,MIVSOZ,2,2
37886,HUFRUX,3,3
37887,PILHIB,2,2
37888,TAKLEW,2,2
37889,ZOCCAV,1,1
37890,WUPMAY,1,1
37891,UCUNIS,3,3
37892,RILSUC,2,2
37893,NIYWAW,2,2
37894,OZOZUA,3,3
37895,EHIBIG,3,3
37896,QOYXAF,3,3
37897,WEYVAX,2,2
37898,QASRAG,3,3
37899,YEGJOK,2,2
37900,AKAROU,2,2
37901,HARLIV,2,2
37902,VUCGOQ,2,2
37903,SEHHES,3,3
37904,YEDXOX,2,2
37905,IYALEA,3,3
37906,BOCYOK,2,2
37907,IFEXAV,3,3
37908,NIJCEO,3,3
37909,BUQGEB,2,2
37910,HAZFAR,3,3
37911,ADUREY,2,2
37912,COPSAC,2,2
37913,CAZWOQ,2,2
37914,QEJNOK,2,2
37915,NEQVAJ,3,3
37916,ADOXIB,3,3
37917,IKUYAO,2,2
37918,IYIQOW,3,3
37919,KEJMES,2,2
37920,MAZZEV,3,3
37921,GUTMEO,2,2
37922,MARRUV,3,3
37923,HISNOM,3,3
37924,GOWVIX,1,1
37925,CEYVOT,1,1
37926,SOHDAU,3,3
37927,YEXXIJ,2,2
37928,WABYUV,3,3
37929,SUZTEO,2,2
37930,FUMROV,3,3
37931,GIHTAT,3,3
37932,NOFLEZ,2,2
37933,JEWPIL,1,1
37934,KEMQUQ,3,3
37935,DOSDAQ,3,3
37936,NUWYAI,1,1
37937,COYZIZ,1,1
37938,SUHXUO,3,3
37939,KUDJUP,3,3
37940,IXIFUQ,1,1
37941,CALWUL,1,1
37942,ZAZDIN,1,1
37943,PAWYOC,1,1
37944,UFENOL,3,3
37945,LABSUD,3,3
37946,WIVNOE,2,2
37947,CEQLAL,2,2
37948,FAVHUF,3,3
37949,RUQLOG,3,3
37950,KEBYEX,3,3
37951,XAFTAD,1,1
37952,AREJUD,3,3
37953,BAFYEO,3,3
37954,TARSOY,1,1
37955,KASVOQ,1,1
37956,SUXBAO,3,3
37957,ZORMUQ,2,2
37958,WUJNEW,2,2
37959,MEZYAT,2,2
37960,UDODUM,3,3
37961,BAMTUF,1,1
37962,DIBTUH,1,1
37963,BUJKUN,3,3
37964,YIDTAG,2,2
37965,EGOKOA,2,2
37966,XILLUD,1,1
37967,SAJCOV,2,2
37968,PAJSAY,1,1
37969,QUGGOP,3,3
37970,JUQXOI,2,2
37971,BIHTUL,1,1
37972,PIZMOB,3,3
37973,IBUDOA,2,2
37974,AQICUZ,1,1
37975,DOZSAP,1,1
37976,XURFIB,2,2
37977,ZEQFIM,2,2
37978,CESJAO,3,3
37979,DUDREA,1,1
37980,FAQZIH,3,3
37981,QAWYOC,3,3
37982,XUZLAF,2,2
37983,GAFKOO,1,1
37984,IJEVUR,1,1
37985,LUXDAM,1,1
37986,ULUCIP,3,3
37987,ISIXUD,2,2
37988,ABEZEO,2,2
37989,YUJMAT,3,3
37990,NOBGIV,3,3
37991,EAPRPD,1,1
37992,TARQUB,2,2
37993,HAXPEE,2,2
37994,PEFQAS,3,3
37995,DAVJEQ,3,3
37996,XEXXIJ,1,1
37997,AFAKAW,3,3
37998,IBONAR,2,2
37999,FUYQIB,2,2
38000,LEDVOG,2,2
38001,KILKAR,2,2
38002,NAMYUZ,1,1
38003,TORLIV,1,1
38004,PABKUZ,3,3
38005,DUPQAJ,1,1
38006,ABOFIK,1,1
38007,CAMTUF,2,2
38008,HINCEN,3,3
38009,NORHEH,3,3
38010,CUJKUN,3,3
38011,VIBHUL,2,2
38012,HUQHAF,1,1
38013,ETOJUU,3,3
38014,SESVIX,2,2
38015,NAHDAB,2,2
38016,UHEFIY,3,3
38017,MARPOM,3,3
38018,ULUDOV,3,3
38019,URUGOE,3,3
38020,XIKNOV,3,3
38021,SOVBEL,3,3
38022,MONVAN,1,1
38023,UNIPEM,3,3
38024,FACJIC,2,2
38025,TIJWOZ,1,1
38026,LIBPIY,3,3
38027,QIKQEJ,3,3
38028,XEDQEE,2,2
38029,WOKMAL,3,3
38030,IHOKOI,1,1
38031,ELUGEZ,2,2
38032,BURCOH,1,1
38033,QAGWII,1,1
38034,EWOQEO,3,3
38035,VEWRUK,3,3
38036,YANSUC,1,1
38037,MITMIL,2,2
38038,MEHHIT,3,3
38039,ZETVAV,2,2
38040,SEGSAA,3,3
38041,KIZZUO,3,3
38042,KUYFUG,3,3
38043,VIJVOB,2,2
38044,COCQOB,3,3
38045,BERQEX,2,2
38046,CUMXAK,3,3
38047,COGSID,1,1
38048,FOXSER,3,3
38049,VELWOZ,3,3
38050,DEVFET,1,1
38051,GOJZIO,3,3
38052,CILNUH,3,3
38053,NIWVIY,3,3
38054,LECWEZ,1,1
38055,UGATUT,3,3
38056,EWIBAO,2,2
38057,PURVEF,3,3
38058,BIZWAK,3,3
38059,SECVAA,3,3
38060,HIPCOZ,2,2
38061,KUYZEL,2,2
38062,SUSBOZ,3,3
38063,DEBRAE,2,2
38064,JURRIX,2,2
38065,XIYHES,1,1
38066,KOKDOE,1,1
38067,NABWIA,1,1
38068,TEGFET,3,3
38069,WAQPIN,2,2
38070,QIGQII,2,2
38071,ZUXGUU,2,2
38072,OCOXOT,2,2
38073,GIRXAJ,2,2
38074,HARJES,2,2
38075,MUSTID,3,3
38076,PABVOE,1,1
38077,CEYPAY,3,3
38078,VAXPIU,1,1
38079,LIVKIO,1,1
38080,NUWFAM,1,1
38081,KEZMOU,3,3
38082,AVETIF,3,3
38083,RODMEC,3,3
38084,CEJDEA,2,2
38085,SUJZAZ,3,3
38086,ETUDOP,1,1
38087,PATTOT,3,3
38088,MELZIN,2,2
38089,KOLTIP,2,2
38090,EZAHIW,3,3
38091,CURVUI,3,3
38092,TIFLUT,1,1
38093,OQAPED,3,3
38094,YIKXEX,3,3
38095,KIMPEE,1,1
38096,WELWOZ,3,3
38097,YABGIU,3,3
38098,VEYYEH,1,1
38099,ELIWEC,2,2
38100,FAGWOA,2,2
38101,VEQQUH,1,1
38102,EXERUX,1,1
38103,RIQTER,1,1
38104,TIFNOO,3,3
38105,UGAFIS,3,3
38106,MIYXOK,3,3
38107,YAJCOB,1,1
38108,DIPNOF,3,3
38109,CARLIU,1,1
38110,LORYAS,2,2
38111,RIDDEP,3,3
38112,FOGQEX,3,3
38113,UWIGEN,3,3
38114,JAQZUW,2,2
38115,GUFKOJ,3,3
38116,DEQHIQ,2,2
38117,CEWGAQ,1,1
38118,EMOJUL,3,3
38119,AZUYEC,1,1
38120,POFKOL,3,3
38121,XARFIG,3,3
38122,VIWPUP,3,3
38123,REHPAY,2,2
38124,GAZFUI,3,3
38125,ACUZUU,1,1
38126,QIDFUG,3,3
38127,POVHUE,3,3
38128,AMUGIA,2,2
38129,GECFIF,3,3
38130,XIVLAR,1,1
38131,TEBWED,1,1
38132,CAQNOZ,3,3
38133,LEMWEH,2,2
38134,WUPLIE,1,1
38135,TAWMIQ,3,3
38136,OKOKUU,2,2
38137,YASRIW,3,3
38138,EDOBAC,2,2
38139,IZUDUD,1,1
38140,RUGSUI,3,3
38141,UCUVOF,3,3
38142,ODEXAA,1,1
38143,GUBNOJ,1,1
38144,XAJVUC,2,2
38145,UHEGAR,3,3
38146,WUCMUC,1,1
38147,KELFEN,3,3
38148,UZIGER,3,3
38149,WIWROK,3,3
38150,CUMTUC,1,1
38151,YAXSOI,2,2
38152,LUMROB,3,3
38153,BOPWUB,1,1
38154,ICEHIL,1,1
38155,PIGQII,3,3
38156,XUTSAG,3,3
38157,QUGVAP,3,3
38158,PEPWUC,1,1
38159,ZOSSOS,3,3
38160,VOZNIH,3,3
38161,IKEKUF,2,2
38162,RIRXOF,2,2
38163,GIKPIA,3,3
38164,ITIYOB,3,3
38165,JAWYUC,3,3
38166,ASEBOQ,3,3
38167,AGEZIV,3,3
38168,CUJFIZ,1,1
38169,IPAWEB,3,3
38170,WUSGEW,1,1
38171,CEDMON,2,2
38172,WAFCUE,2,2
38173,PAKTUR,1,1
38174,MUMBII,1,1
38175,IGAWAO,1,1
38176,KEJNUK,3,3
38177,PIWYAY,1,1
38178,ZIDBAR,1,1
38179,OGEWAY,3,3
38180,BONSIH,2,2
38181,YUPMUU,1,1
38182,BAVNOD,2,2
38183,MAXJOL,2,2
38184,ENAWIA,3,3
38185,HIRLED,1,1
38186,DIPLUJ,1,1
38187,XETSUO,1,1
38188,YADMAT,1,1
38189,CISYOT,3,3
38190,LIGNOF,3,3
38191,OYILIT,2,2
38192,LARHIX,2,2
38193,KUPDOP,2,2
38194,FEXXEM,3,3
38195,RUJJEN,3,3
38196,TEVXUP,3,3
38197,EBUFIR,1,1
38198,YIYXAG,3,3
38199,WEBNAV,3,3
38200,JOWCOQ,3,3
38201,YIZJAT,3,3
38202,IZICUP,3,3
38203,WELBUL,1,1
38204,JAGZOJ,2,2
38205,LAMXUU,3,3
38206,AMASOX,3,3
38207,SIWYIJ,3,3
38208,GEFWIA,3,3
38209,ROCQUV,3,3
38210,MOXGUD,1,1
38211,TILLIL,2,2
38212,LASRED,3,3
38213,JEJNUK,1,1
38214,QIWYAY,1,1
38215,OBAXUM,2,2
38216,YAHGUM,1,1
38217,MAZKII,1,1
38218,VAVGIJ,2,2
38219,NOQRER,3,3
38220,IVUDOS,2,2
38221,XEYVUT,3,3
38222,DIDHUX,1,1
38223,ISEJEW,3,3
38224,LIVREN,2,2
38225,COKGUE,1,1
38226,VABMET,3,3
38227,COZYEV,2,2
38228,DOKWOR,3,3
38229,NAMMEX,1,1
38230,IHEXEB,1,1
38231,LAXSAE,3,3
38232,JIZMUB,3,3
38233,ZOYVOA,2,2
38234,HAXDUG,2,2
38235,LITZIA,3,3
38236,UYUXES,3,3
38237,OFAGAD,3,3
38238,EBEYAO,3,3
38239,PABTUI,1,1
38240,VICQIH,1,1
38241,RUKBUU,1,1
38242,ZIDNUZ,1,1
38243,UWASER,3,3
38244,TERHOQ,1,1
38245,JUWTIE,2,2
38246,HETTIJ,3,3
38247,CESBAF,2,2
38248,QEGSIE,3,3
38249,HURLIS,1,1
38250,DIQDEQ,1,1
38251,NIJWUZ,2,2
38252,XISMEV,1,1
38253,GICVUM,1,1
38254,RAJLIY,3,3
38255,EXENED,1,1
38256,MARHIX,3,3
38257,DUFRIG,3,3
38258,COFPIY,3,3
38259,RAZHUV,2,2
38260,DAFDAS,3,3
38261,SUGVIC,1,1
38262,HOTXOD,2,2
38263,JIRYUI,1,1
38264,PANYEI,2,2
38265,FILGIR,3,3
38266,ZOTZEP,2,2
38267,TEMTEK,3,3
38268,FUYYIK,1,1
38269,BOZWIZ,1,1
38270,FEYGUL,3,3
38271,DEGCOI,3,3
38272,AMEMUA,2,2
38273,FOTBIZ,1,1
38274,QALZUC,1,1
38275,GECHII,1,1
38276,YOBHEE,2,2
38277,VEMTAL,2,2
38278,KOXWAX,3,3
38279,QIRJUY,3,3
38280,MABBUO,2,2
38281,QANGAR,1,1
38282,QAHCEH,2,2
38283,CARROF,3,3
38284,VIVXIH,1,1
38285,AKEHAZ,2,2
38286,CEXCIS,2,2
38287,OWIZIE,1,1
38288,JUYTEC,2,2
38289,FIGHOT,1,1
38290,MIPTUD,3,3
38291,YOXLEE,1,1
38292,VUQFOF,1,1
38293,NAZKOQ,3,3
38294,PEZWEX,3,3
38295,TEQTOZ,3,3
38296,COPIRU,2,2
38297,YOLQIA,2,2
38298,IBASUC,3,3
38299,QOKYAQ,3,3
38300,JIYZEX,2,2
38301,HEWHIA,3,3
38302,BIXVIR,1,1
38303,TAZHEI,1,1
38304,YUYHEG,3,3
38305,PAQKOK,2,2
38306,POVQUP,2,2
38307,ALEZOG,2,2
38308,PUJMEP,1,1
38309,KINLEY,1,1
38310,LEZFOL,3,3
38311,GOJFUG,2,2
38312,PEGDEK,3,3
38313,CINMEU,3,3
38314,DECFOI,3,3
38315,XEXNOG,1,1
38316,UPOQAU,1,1
38317,TEYYAX,3,3
38318,KEGYEC,3,3
38319,BIQXEE,3,3
38320,LEHQIA,3,3
38321,SEJFIZ,2,2
38322,CIPGUD,3,3
38323,NEYTES,3,3
38324,PAZMOS,2,2
38325,PODVUA,3,3
38326,GELBAD,3,3
38327,LEKTIH,2,2
38328,YEGLOM,1,1
38329,YUSCIY,2,2
38330,TECSOK,3,3
38331,FICMOT,2,2
38332,NIBMUI,2,2
38333,JEDLAI,2,2
38334,HOGGUF,3,3
38335,BAPTOE,2,2
38336,HOPDOF,3,3
38337,XARHIH,1,1
38338,MOTZOL,3,3
38339,ZIYDUK,1,1
38340,LIFTON,1,1
38341,TIRDOR,1,1
38342,FEQFAM,1,1
38343,QOMMAH,2,2
38344,TOMHIM,2,2
38345,LEGKEO,3,3
38346,ZORWEK,2,2
38347,MEFTUN,3,3
38348,BEXTII,2,2
38349,KIQRUX,3,3
38350,XERLIS,2,2
38351,CAWCOV,2,2
38352,TARRIN,2,2
38353,RIDSII,1,1
38354,CUNZIX,1,1
38355,UZASIZ,3,3
38356,CEMVUL,2,2
38357,YOGNEO,2,2
38358,IROJOP,3,3
38359,VIPLIQ,2,2
38360,MUNWAW,1,1
38361,UDIMAW,3,3
38362,MEKSON,3,3
38363,MINYAL,3,3
38364,JOXYOK,2,2
38365,LELFUF,3,3
38366,FIWGAU,3,3
38367,IDULIE,1,1
38368,QOZWUA,1,1
38369,ININEB,1,1
38370,HOSHEE,3,3
38371,MISDOL,1,1
38372,DAMKEJ,3,3
38373,ZOMLIW,3,3
38374,PIJMIG,1,1
38375,UDUQUF,3,3
38376,TERDUR,3,3
38377,FEFWEU,3,3
38378,CEZRIJ,2,2
38379,BUJZUE,1,1
38380,BACGOD,3,3
38381,SAFCOV,1,1
38382,METHCR,2,2
38383,EKESAP,3,3
38384,ABICIY,2,2
38385,ZEMNAJ,3,3
38386,MIVKEL,1,1
38387,VALDAP,3,3
38388,MAYGOI,2,2
38389,VORQUQ,3,3
38390,GURHEJ,1,1
38391,CUCVAA,1,1
38392,ROKGAZ,3,3
38393,ZEPMEM,1,1
38394,VUHGOX,1,1
38395,ETUCEB,1,1
38396,GAWHIW,3,3
38397,HUWVUQ,2,2
38398,XECWEJ,3,3
38399,XIZJOH,3,3
38400,HOWSOB,2,2
38401,EHIZAY,3,3
38402,QAMBAL,1,1
38403,WAMYIU,2,2
38404,MIYQIU,3,3
38405,ROGXOB,1,1
38406,YAKGEZ,3,3
38407,TAVYEU,1,1
38408,WAVGEI,3,3
38409,WOMDUA,2,2
38410,ZAZPUO,2,2
38411,LOLVAK,3,3
38412,FABJUR,1,1
38413,BABDOY,3,3
38414,ZUPFAT,2,2
38415,REFYEJ,3,3
38416,NEVKUW,3,3
38417,BOKRAX,3,3
38418,MEXWOB,2,2
38419,SIVSOI,2,2
38420,DISBIQ,3,3
38421,ADANOJ,1,1
38422,XADMOH,3,3
38423,KAVFIA,1,1
38424,JIRWUF,2,2
38425,FAZSAC,3,3
38426,XIZSAA,3,3
38427,ETOGEB,3,3
38428,YUCLEP,2,2
38429,TEQMAD,3,3
38430,ZOVLOL,3,3
38431,SAPHEZ,2,2
38432,NOSCIH,1,1
38433,NOJBIA,3,3
38434,AXEROK,2,2
38435,JEDBOM,3,3
38436,MAPRUS,2,2
38437,OFAPOB,1,1
38438,NORNEN,1,1
38439,LUFZOB,1,1
38440,MUHJIL,1,1
38441,QIDCEN,2,2
38442,LUHXUK,1,1
38443,ANUCUK,1,1
38444,CEBYAK,2,2
38445,KIDWOL,1,1
38446,SIRVOI,1,1
38447,PANKUM,3,3
38448,OLIVAH,2,2
38449,FAKHOR,3,3
38450,TEVTOD,3,3
38451,ZISDIS,1,1
38452,QORQIZ,2,2
38453,HACXOC,1,1
38454,GIYWES,3,3
38455,TACNAN,2,2
38456,YOTTOS,2,2
38457,SAWXAP,3,3
38458,WACPAR,2,2
38459,CISYAH,2,2
38460,XEDYIO,2,2
38461,DMCPHF,1,1
38462,RASQUX,2,2
38463,NOBSUW,1,1
38464,HODNAP,3,3
38465,XESVEX,3,3
38466,GODFUB,3,3
38467,XOWXEP,1,1
38468,HEFDEB,2,2
38469,MOYQAS,1,1
38470,ESUXAU,1,1
38471,NOMGUU,1,1
38472,ZUHMIB,1,1
38473,YIZJOH,3,3
38474,MOYFAI,2,2
38475,OYAQOV,2,2
38476,IPEKEW,1,1
38477,DOWYIX,3,3
38478,SERSIT,3,3
38479,PECHOV,2,2
38480,HOLSIN,2,2
38481,TEZPUN,1,1
38482,YIBJUP,2,2
38483,FAQNUI,1,1
38484,NABYIY,3,3
38485,NITMOT,2,2
38486,SOGXOB,2,2
38487,BUJQEC,2,2
38488,NOHZAM,3,3
38489,ZEKJEG,2,2
38490,GAWQEA,1,1
38491,YIKHOP,3,3
38492,KEVBIZ,3,3
38493,ONACUC,3,3
38494,AVUBEZ,3,3
38495,QUZBIY,3,3
38496,LOGWEJ,3,3
38497,ZEXPOL,1,1
38498,VEVJOX,3,3
38499,QAHZII,2,2
38500,WUJHEQ,2,2
38501,TOXHOD,1,1
38502,XINWAS,3,3
38503,RUVZIT,3,3
38504,NODROO,1,1
38505,QUHBON,1,1
38506,AFOZAY,3,3
38507,HACQEI,2,2
38508,LATKEX,3,3
38509,AZAXUX,1,1
38510,XEDPAZ,1,1
38511,QIMTEO,3,3
38512,DARNAN,3,3
38513,DAWXEG,2,2
38514,PIDCEN,3,3
38515,OFANER,1,1
38516,OPUHAJ,2,2
38517,UYOLOL,1,1
38518,COHLAQ,1,1
38519,TOMSIZ,3,3
38520,ONUNIV,3,3
38521,ENEGIN,3,3
38522,UVOZOX,1,1
38523,BAVKIW,1,1
38524,FITYAK,2,2
38525,OJEBAJ,1,1
38526,XASPIU,1,1
38527,NIMYAN,1,1
38528,PIDDUE,3,3
38529,DUGMAW,1,1
38530,MASWAH,3,3
38531,YOGBEB,2,2
38532,EKIPIY,3,3
38533,YULDAK,3,3
38534,JEJNOE,1,1
38535,LUSDUA,3,3
38536,ILOROT,1,1
38537,ADAKEZ,1,1
38538,MUTQOI,3,3
38539,RAQYOZ,3,3
38540,VIGXEQ,2,2
38541,SUPROK,1,1
38542,WOLWEZ,2,2
38543,CIJCAA,2,2
38544,QUNXUV,1,1
38545,FEKYAZ,1,1
38546,POYLIB,1,1
38547,AGODEG,2,2
38548,ENEYAA,1,1
38549,VUTKIG,3,3
38550,VIHPUX,3,3
38551,FIVXEQ,3,3
38552,SIXQAR,1,1
38553,YIRKAP,1,1
38554,HOYFAC,1,1
38555,HOTXUJ,2,2
38556,GENVIE,3,3
38557,DOTNAD,3,3
38558,RIYLIW,3,3
38559,HEDGOQ,1,1
38560,ESENUO,1,1
38561,OLOWOB,2,2
38562,KOCROL,1,1
38563,XIZDUI,3,3
38564,NOQNOW,1,1
38565,EKEHAG,1,1
38566,QAWQUD,3,3
38567,CIRQEA,1,1
38568,XEJPUZ,3,3
38569,VISWUR,3,3
38570,REVJOR,2,2
38571,RIVVEY,3,3
38572,LUTQOI,2,2
38573,IMUSIU,3,3
38574,KOSTIX,2,2
38575,FETBOY,3,3
38576,MOPSOA,3,3
38577,WOCJOR,1,1
38578,SOCSUC,1,1
38579,KUQBII,1,1
38580,PEPNAD,1,1
38581,OJUCAX,2,2
38582,YASPIU,3,3
38583,MIZXIF,2,2
38584,BELBAY,3,3
38585,CAQLOX,3,3
38586,NULJIP,1,1
38587,ISIRUX,3,3
38588,LOVPOB,1,1
38589,GIMVOQ,2,2
38590,HAQSOH,3,3
38591,IPENOG,3,3
38592,XOBTAK,3,3
38593,MUCWIT,1,1
38594,WUBYOJ,1,1
38595,HUNLUX,1,1
38596,JOFJEV,1,1
38597,YIYVUZ,2,2
38598,UXITUS,3,3
38599,MARCBC,2,2
38600,OMUVIC,3,3
38601,YERPOB,1,1
38602,WOFNUC,3,3
38603,CETYOS,1,1
38604,FUTLUB,2,2
38605,CERSEZ,2,2
38606,IXUWEE,2,2
38607,JAQXUU,2,2
38608,NEXBIB,3,3
38609,BIRQEA,2,2
38610,ODOSUY,3,3
38611,XIMYEY,1,1
38612,POJXOE,2,2
38613,KOZMEU,1,1
38614,ROGDID,3,3
38615,PUPNUL,3,3
38616,HUHZOZ,1,1
38617,WOGXOH,3,3
38618,GIVXEQ,1,1
38619,OJUJIM,3,3
38620,CISYUZ,3,3
38621,HAPNER,3,3
38622,KEBMOT,1,1
38623,UBEYAB,3,3
38624,UBEWOQ,3,3
38625,QURTED,3,3
38626,QUWBAM,3,3
38627,SUHGOR,2,2
38628,YAFPOK,1,1
38629,EWOZOG,3,3
38630,BUQZES,2,2
38631,HACTOY,1,1
38632,RIRDEC,2,2
38633,MOWSOH,3,3
38634,FOJXIM,2,2
38635,HOMKID,2,2
38636,WISBOS,2,2
38637,MUYTOR,3,3
38638,PELRUU,3,3
38639,XOCGEB,3,3
38640,XOFQAK,1,1
38641,JIMYUA,3,3
38642,FAHCUM,2,2
38643,XIHCUO,3,3
38644,TAWJUY,3,3
38645,CEZYOV,2,2
38646,LEPHIB,1,1
38647,YOBMOU,3,3
38648,ISUBUV,3,3
38649,QERSUB,1,1
38650,DAMLUA,3,3
38651,IVUSUP,2,2
38652,JUZMAS,2,2
38653,AROGOF,1,1
38654,XISHAM,1,1
38655,XELQOU,3,3
38656,JUGWIU,1,1
38657,HEJYED,2,2
38658,HISJAU,3,3
38659,JAFNUC,3,3
38660,DUHNAX,3,3
38661,COHBOU,1,1
38662,XUDKUE,3,3
38663,BIGXIB,3,3
38664,BODMEN,3,3
38665,QEJJAS,2,2
38666,CILPEV,2,2
38667,USIVEZ,3,3
38668,DIGJIN,2,2
38669,ZIWTEH,3,3
38670,MOKCOF,2,2
38671,CAKJUT,3,3
38672,JOFTOQ,3,3
38673,NESJEA,3,3
38674,CMPHSC,1,1
38675,TUZROX,2,2
38676,REYKUF,1,1
38677,VIRTUO,1,1
38678,BOHWUT,3,3
38679,DEYPEC,2,2
38680,KEXWES,3,3
38681,DUCQOI,3,3
38682,LIPDEU,3,3
38683,PEHLAP,1,1
38684,DONJAS,3,3
38685,LEJKOD,3,3
38686,MIYSET,3,3
38687,REBYOM,2,2
38688,HAGDUO,2,2
38689,WOXMOO,1,1
38690,FODFAG,3,3
38691,ATOPEE,3,3
38692,YAVHAG,2,2
38693,UZAVAU,1,1
38694,HEPVUU,2,2
38695,TOWPOK,2,2
38696,IPELUK,2,2
38697,NELXAH,1,1
38698,DUSNEK,1,1
38699,IKUMIK,1,1
38700,JUKXAQ,3,3
38701,ETUVIY,3,3
38702,ICESEO,1,1
38703,MOPDOL,2,2
38704,IWEKAW,3,3
38705,VUNVEF,2,2
38706,JATKOI,1,1
38707,GIXHAW,1,1
38708,EXOWOD,2,2
38709,YOHQAN,3,3
38710,DUVTUJ,3,3
38711,KAFNUC,3,3
38712,ZANMOQ,1,1
38713,BIWYIP,3,3
38714,ZUGPUP,1,1
38715,BITKIC,1,1
38716,MOQRUG,2,2
38717,WIVQUO,2,2
38718,KAGXOH,2,2
38719,OFEYOO,2,2
38720,RINZIA,1,1
38721,UWAQEP,3,3
38722,XOBMOU,1,1
38723,VOHNUF,1,1
38724,ZIDLUX,1,1
38725,REHLIC,2,2
38726,HEDRUG,2,2
38727,UVOSEE,3,3
38728,WABQOF,1,1
38729,SORQUL,2,2
38730,FUNHUU,1,1
38731,PIGZAI,3,3
38732,NOMPAJ,2,2
38733,JALWEZ,1,1
38734,KUQKAK,3,3
38735,SAYTAO,2,2
38736,NEFSOI,2,2
38737,ZUQYEP,2,2
38738,IGIZUT,3,3
38739,RESYUN,1,1
38740,KAPPEY,3,3
38741,WUMJIY,3,3
38742,ZEJYUK,1,1
38743,SENFAU,2,2
38744,EPADUW,3,3
38745,DEHKIM,3,3
38746,ZIBTAI,2,2
38747,LEVBAT,1,1
38748,BOBRUF,3,3
38749,REDCAG,2,2
38750,LUKFUU,3,3
38751,VARPOT,1,1
38752,LUNRIX,3,3
38753,OCOXUZ,2,2
38754,ZAFWAI,1,1
38755,UPAFUO,3,3
38756,NAGMOZ,1,1
38757,LUMNIS,2,2
38758,VERXUL,1,1
38759,HOVLEM,1,1
38760,XAHYIP,2,2
38761,RUMXOM,2,2
38762,QAPDAP,2,2
38763,VIRHIP,3,3
38764,TECQOI,3,3
38765,BICVUG,3,3
38766,NAHNOB,1,1
38767,CUKNOL,1,1
38768,FEQHUG,3,3
38769,WIXMIB,2,2
38770,GIDMUD,3,3
38771,IWIJIK,1,1
38772,GELYOO,3,3
38773,DOTPEH,1,1
38774,DONCER,2,2
38775,XUBMEO,3,3
38776,FENXIJ,1,1
38777,IRUYUS,1,1
38778,UKOXOK,1,1
38779,VITYUT,3,3
38780,ZUXPAJ,1,1
38781,DUPLOP,1,1
38782,NUWFUH,3,3
38783,IMICEO,3,3
38784,UQEJIM,1,1
38785,LOCWAF,1,1
38786,FEPYIJ,2,2
38787,OFABIK,1,1
38788,EGOMUI,2,2
38789,PEYGEI,2,2
38790,UKULIW,2,2
38791,BOCMIS,1,1
38792,NIDWAZ,2,2
38793,CEQSUM,3,3
38794,RUMHIQ,2,2
38795,ISACEM,2,2
38796,GITNOM,2,2
38797,QUSPOK,3,3
38798,NAVVAK,1,1
38799,ZEZZAI,2,2
38800,NUWMEY,2,2
38801,WEJMUU,2,2
38802,QUDDUQ,3,3
38803,QULLEQ,3,3
38804,CIGVIZ,3,3
38805,PUDVIV,2,2
38806,HINLUL,2,2
38807,TIBGOB,3,3
38808,MULZIC,3,3
38809,ROCXIQ,2,2
38810,EFOZOO,2,2
38811,ZEPXEB,1,1
38812,FIMFEN,3,3
38813,DEDSOX,3,3
38814,FIVXIR,1,1
38815,NIDLUH,2,2
38816,UFOZUL,2,2
38817,SUZLUW,2,2
38818,CIRHET,3,3
38819,MEXWUL,1,1
38820,YOVYEO,2,2
38821,HIMRAW,2,2
38822,SEDZAE,2,2
38823,OJAGOV,3,3
38824,AMEMOX,1,1
38825,XUVBUL,1,1
38826,TIZKAR,3,3
38827,JAYNAY,3,3
38828,WECQEE,1,1
38829,EFACAT,1,1
38830,PUBKAZ,1,1
38831,JAJZEA,3,3
38832,IDUGAR,3,3
38833,KELDIO,2,2
38834,EMAZEX,3,3
38835,CORQAD,2,2
38836,ALEQEO,2,2
38837,SUJVAW,2,2
38838,PUDDUQ,1,1
38839,QEPYOB,3,3
38840,UQEDEA,3,3
38841,QUDVIV,3,3
38842,BILNAM,3,3
38843,XOQPOL,1,1
38844,QUPKER,2,2
38845,TEVTUJ,3,3
38846,CIBPIP,3,3
38847,EGOHIT,3,3
38848,VEQQAM,2,2
38849,ZUJPEB,3,3
38850,ALUNOM,3,3
38851,OCOZAJ,3,3
38852,KEZVOB,2,2
38853,LEKXEF,2,2
38854,OJIJAT,2,2
38855,OVANIK,3,3
38856,CATSOG,3,3
38857,KIQPUZ,1,1
38858,BEXVIK,2,2
38859,KUZDER,1,1
38860,DEXCOA,3,3
38861,ANUCOE,1,1
38862,GOXFII,3,3
38863,LUQYOL,2,2
38864,KEVGOI,3,3
38865,JOGGES,2,2
38866,WECMUN,3,3
38867,APIYEE,3,3
38868,SIFPON,3,3
38869,YEGLUT,2,2
38870,OMEKUN,2,2
38871,EWAVUV,3,3
38872,FAJKUA,1,1
38873,ZAHBUF,3,3
38874,SOHLUY,3,3
38875,VINJUY,2,2
38876,FONMAZ,2,2
38877,JEZQIS,1,1
38878,KIRYAL,3,3
38879,PIGZOU,1,1
38880,JITCOF,3,3
38881,VIVJOA,2,2
38882,ZEZSIK,1,1
38883,IJOLAV,1,1
38884,OKENAU,3,3
38885,XAZYOP,2,2
38886,YIXNOI,2,2
38887,PIMVEM,1,1
38888,WICSEI,2,2
38889,VONVOK,3,3
38890,QEPLUT,1,1
38891,XEWXOP,2,2
38892,MIMRUX,3,3
38893,AMEDEE,1,1
38894,FUDFIU,3,3
38895,FELPER,3,3
38896,ECUHIX,1,1
38897,YAYBEI,3,3
38898,TAXKAF,1,1
38899,XEGPEH,2,2
38900,HOSZAS,3,3
38901,OWEYOG,3,3
38902,REHROP,1,1
38903,EFIPEQ,3,3
38904,EJILOZ,3,3
38905,DUCJUG,2,2
38906,EHEPOY,1,1
38907,JATKAU,1,1
38908,TIMDOM,1,1
38909,YELQAI,3,3
38910,VAXNUH,1,1
38911,IRAXIK,3,3
38912,GEDMOS,1,1
38913,IKUMEH,2,2
38914,ZURYUG,2,2
38915,LEQBOA,2,2
38916,SEJTOS,2,2
38917,UMEZAN,3,3
38918,JEHVIB,1,1
38919,QAYHUT,3,3
38920,CERVUS,2,2
38921,LOLCAS,2,2
38922,NEBVAU,2,2
38923,NOBCIR,2,2
38924,BUYWEZ,3,3
38925,XELVEP,3,3
38926,IMIHUI,3,3
38927,XUNWUB,1,1
38928,SEVZEZ,1,1
38929,MOCGER,3,3
38930,KOFJIB,2,2
38931,DIBROW,3,3
38932,BAHJEC,2,2
38933,OEPHNI,3,3
38934,BULGEX,1,1
38935,GAPMOZ,3,3
38936,SIGMEC,1,1
38937,ZOMNIB,2,2
38938,KEHQOD,2,2
38939,YATLUC,3,3
38940,TUCSAM,3,3
38941,CERCOR,2,2
38942,TONHOW,3,3
38943,VAJLID,3,3
38944,YILZIG,1,1
38945,TIQDIH,3,3
38946,MOXWEB,2,2
38947,LAZGID,2,2
38948,GONTOS,2,2
38949,SIJQIN,3,3
38950,VOVDIT,2,2
38951,ZOFVAU,1,1
38952,EWEQOM,3,3
38953,YISJUJ,1,1
38954,OGELAN,3,3
38955,OWEPEM,1,1
38956,ISOTER,3,3
38957,PUQHEO,3,3
38958,FOHWOP,1,1
38959,VICDES,3,3
38960,BIGFOQ,1,1
38961,ULEVOZ,1,1
38962,MOHFAS,3,3
38963,ZEKHEE,2,2
38964,TACRIC,1,1
38965,WIVJOA,2,2
38966,DIBLEG,2,2
38967,TOJMOW,2,2
38968,ODUBAS,3,3
38969,BUWKUC,1,1
38970,SORJOB,3,3
38971,NESXUE,1,1
38972,JEGPUG,3,3
38973,PEKNIC,3,3
38974,XUCNER,1,1
38975,VUXDOH,3,3
38976,COBWEX,2,2
38977,EWATOM,3,3
38978,AMAHOO,1,1
38979,SOMVEX,3,3
38980,FOZPOA,2,2
38981,PUFWOD,3,3
38982,HISJOI,1,1
38983,DUFLUM,2,2
38984,ADEKUS,2,2
38985,VUHLEP,1,1
38986,GAXLUP,3,3
38987,UBOLIG,3,3
38988,IKUSOX,2,2
38989,SAWZAR,2,2
38990,TOPYIJ,1,1
38991,LOFXIO,3,3
38992,GAFZUK,1,1
38993,YIFZUI,1,1
38994,VIXZIN,3,3
38995,GAKDAB,1,1
38996,YIRKOZ,3,3
38997,BEBBOA,3,3
38998,IMUDEZ,2,2
38999,AWAQEV,3,3
39000,HISZIT,2,2
39001,IQEBOY,1,1
39002,NEVKOO,1,1
39003,OQEWIS,3,3
39004,MIPMAB,1,1
39005,BOMZIM,1,1
39006,TEHBUF,3,3
39007,IROXIX,2,2
39008,QOBRIK,2,2
39009,ECAKOM,1,1
39010,HALPER,3,3
39011,JESQII,3,3
39012,BENDOP,2,2
39013,MUPZOP,1,1
39014,PIQQEO,3,3
39015,TUKYIH,2,2
39016,VASMIL,1,1
39017,HOJKEX,3,3
39018,CERCOS,1,1
39019,KIWFON,3,3
39020,MAVDUI,2,2
39021,YEWVAB,1,1
39022,UHOPIT,1,1
39023,YUTSUC,2,2
39024,EZEQOP,1,1
39025,TAYQOD,1,1
39026,VAPVAJ,2,2
39027,NULVUN,2,2
39028,RAJRUR,2,2
39029,CONFER,3,3
39030,GUMHEC,3,3
39031,QIWNUG,2,2
39032,AVAMOA,3,3
39033,PAXGAW,3,3
39034,XELQAH,3,3
39035,LEJBIL,3,3
39036,DAMBUO,1,1
39037,OKISUW,2,2
39038,MAJXAX,1,1
39039,UXIXOQ,1,1
39040,EBOYID,1,1
39041,YIDNIM,1,1
39042,FURJEI,1,1
39043,PABCAW,3,3
39044,YOBMAH,1,1
39045,LILCIT,1,1
39046,RERCUP,2,2
39047,UCEBAF,2,2
39048,IPOROV,1,1
39049,IKOYAJ,2,2
39050,OZIVEA,3,3
39051,VAWHIL,3,3
39052,AZILOK,3,3
39053,NOPSIX,3,3
39054,REQSOX,3,3
39055,SUKLOB,3,3
39056,AZOFEB,3,3
39057,AMOQAU,2,2
39058,ZAKGUN,2,2
39059,NAYKIJ,3,3
39060,ERUXAQ,3,3
39061,WIVCEJ,1,1
39062,RAHTUQ,2,2
39063,UDORIO,3,3
39064,ZIMWOL,1,1
39065,FOBKAJ,2,2
39066,QIBKOD,2,2
39067,XONBIL,2,2
39068,JETHEV,3,3
39069,HELHUB,2,2
39070,JUBXOW,1,1
39071,SIQQOC,1,1
39072,PENVAG,2,2
39073,QUKLEN,2,2
39074,MUVNOI,1,1
39075,UMAFOF,2,2
39076,SIRCOP,1,1
39077,JAKRUL,2,2
39078,MULDAZ,3,3
39079,GIMHIT,3,3
39080,BERTOI,3,3
39081,SEPWIT,2,2
39082,BARRUI,1,1
39083,LUZVEH,3,3
39084,YEHTAH,2,2
39085,BEDXAK,1,1
39086,NETJIJ,1,1
39087,REKYAK,1,1
39088,JEPFUG,1,1
39089,OQENEE,3,3
39090,NUGKAD,1,1
39091,WEQFAA,3,3
39092,PAHHOV,3,3
39093,CILYAA,2,2
39094,BAMROX,2,2
39095,LOYJOY,2,2
39096,HIZJOS,3,3
39097,HIWZUI,2,2
39098,VOLYEC,1,1
39099,TAJLAV,1,1
39100,IDATAL,1,1
39101,RECTOI,1,1
39102,WOMFUB,3,3
39103,IROVET,1,1
39104,WUHLEQ,3,3
39105,UFIREH,3,3
39106,ZIFFON,1,1
39107,XOWDOC,1,1
39108,IFOBUD,3,3
39109,IGOBOX,2,2
39110,YUFXAZ,1,1
39111,DOGZII,3,3
39112,QALXUW,3,3
39113,IRAXIJ,2,2
39114,GADKUR,3,3
39115,MANQUP,2,2
39116,ZIPJAL,3,3
39117,EZURUN,1,1
39118,JAKWIF,1,1
39119,KOXNUI,2,2
39120,GEQHUF,2,2
39121,LIDWIH,1,1
39122,IHOFEQ,2,2
39123,PUYWUC,3,3
39124,AVUWET,2,2
39125,NUFFOJ,2,2
39126,QACNOY,3,3
39127,GAKSAO,3,3
39128,HIYZUL,3,3
39129,XIQPET,2,2
39130,DEPWOK,1,1
39131,XOHVIB,1,1
39132,BUDCAF,3,3
39133,YAHYIQ,3,3
39134,KEDNAJ,3,3
39135,YIXGEU,3,3
39136,DASCUX,3,3
39137,MOBDEN,3,3
39138,AFATUW,1,1
39139,WECQED,3,3
39140,COYNOT,3,3
39141,XARXUL,3,3
39142,IGEWIA,3,3
39143,COCJOT,1,1
39144,HUPFIK,1,1
39145,WICTAF,3,3
39146,JAMFUB,3,3
39147,EFOXUU,3,3
39148,MIPCOF,2,2
39149,MISQOU,1,1
39150,EZOVUN,1,1
39151,GOQCUN,1,1
39152,RUNHUD,1,1
39153,SICHEU,3,3
39154,FEHKOT,2,2
39155,XANSAG,1,1
39156,EQODAS,1,1
39157,QELWEJ,1,1
39158,LUQYOM,2,2
39159,SODFAV,3,3
39160,OVANIJ,3,3
39161,VAFMOE,3,3
39162,PEPPEI,2,2
39163,DUBBEJ,3,3
39164,QAKZOR,2,2
39165,ZOFHIL,3,3
39166,MIFFIQ,2,2
39167,VUGXED,1,1
39168,KEZXAP,3,3
39169,BUCTAU,1,1
39170,ZUJPEC,1,1
39171,SOHNOT,1,1
39172,TAJKEX,3,3
39173,MASWOU,3,3
39174,CANWOF,1,1
39175,DUXFEJ,2,2
39176,UHOWOE,2,2
39177,XUNRII,2,2
39178,COVJIJ,1,1
39179,RILBOG,2,2
39180,MORKIP,3,3
39181,DEDMEI,1,1
39182,UMULAP,3,3
39183,CORQAE,3,3
39184,DOCQER,3,3
39185,EROROU,3,3
39186,ZEQKAJ,2,2
39187,IMICEN,2,2
39188,NAGTAR,2,2
39189,LAWROU,1,1
39190,UKAZUC,3,3
39191,AZOQEO,1,1
39192,KACDOK,2,2
39193,VICTAF,2,2
39194,GADWEN,2,2
39195,RUQVEE,2,2
39196,IXIYAQ,3,3
39197,SAYZAV,2,2
39198,USAROX,3,3
39199,EXIXUE,2,2
39200,HIYHIK,1,1
39201,REFPUO,2,2
39202,HATNUM,2,2
39203,NISFEC,3,3
39204,YAKYUE,3,3
39205,ENEPEV,1,1
39206,ELOHAO,3,3
39207,WIDXUG,1,1
39208,QAQKUS,1,1
39209,OMIFEX,3,3
39210,LASWOU,3,3
39211,AYABUY,3,3
39212,NIKMOJ,3,3
39213,ZUZQEQ,1,1
39214,LEXKEF,3,3
39215,QUQTUR,3,3
39216,WEHPAE,1,1
39217,JANXAY,1,1
39218,ZESJEP,3,3
39219,JAMJAJ,3,3
39220,DOYRAK,2,2
39221,QOFRUA,2,2
39222,LUXYOV,1,1
39223,HOBVON,1,1
39224,HOXKAG,3,3
39225,MIBZEG,1,1
39226,QUDDUP,3,3
39227,PEJDAJ,2,2
39228,VIVZIK,3,3
39229,OKAROJ,3,3
39230,QODVOY,1,1
39231,ESISOQ,2,2
39232,ZEWDUA,2,2
39233,JOKHOI,3,3
39234,QAMNOK,1,1
39235,HOVPUG,1,1
39236,VEQVEU,2,2
39237,QECJOB,1,1
39238,ISACEL,3,3
39239,PADYOJ,2,2
39240,XAQFAW,3,3
39241,JULFEB,2,2
39242,EZEXEM,3,3
39243,SOVMUO,1,1
39244,PEXJIN,2,2
39245,PULKAI,3,3
39246,ERUFII,1,1
39247,AFAVAG,2,2
39248,AVODIZ,3,3
39249,UZAMUF,3,3
39250,FAGRIS,1,1
39251,LUZSUV,3,3
39252,DIBRAJ,2,2
39253,XUCGAE,3,3
39254,QIXFIM,2,2
39255,LABKII,3,3
39256,FALJAD,3,3
39257,CICZOE,2,2
39258,JISTAH,3,3
39259,GIYGUT,3,3
39260,FUQQAL,2,2
39261,ABEPEE,3,3
39262,NOHZUI,3,3
39263,VILGII,3,3
39264,RAQPEF,2,2
39265,YOHQAO,1,1
39266,LADZUM,3,3
39267,XEZMEU,2,2
39268,POXFAK,3,3
39269,COSBIX,2,2
39270,KOTJAH,1,1
39271,GILWUV,3,3
39272,REVSAM,3,3
39273,COJCIQ,3,3
39274,NUDNOQ,2,2
39275,NAMSUP,2,2
39276,UWINUK,1,1
39277,AZILAW,3,3
39278,VEFGOF,2,2
39279,WAVWUN,1,1
39280,ECUFIV,1,1
39281,IMIZEL,3,3
39282,CIDMOV,1,1
39283,XIQNAO,2,2
39284,YASWOE,3,3
39285,RIVJUD,2,2
39286,SUGSOF,1,1
39287,NOLHUS,3,3
39288,RUHNEN,2,2
39289,NANJER,3,3
39290,JACCEY,3,3
39291,CUFPUO,2,2
39292,ZIBCAR,3,3
39293,ORIWOD,3,3
39294,BEQFAF,3,3
39295,RAJPAU,3,3
39296,GAGKEE,3,3
39297,BERTAU,3,3
39298,LAXQAF,3,3
39299,VEVXED,1,1
39300,JIWQAH,2,2
39301,DODVOI,3,3
39302,OMORIU,1,1
39303,DIXHIE,2,2
39304,NOWMOB,3,3
39305,BOMFUE,3,3
39306,HOSMOT,2,2
39307,QEJJAR,3,3
39308,MIRBEW,3,3
39309,QEJDOA,1,1
39310,OZAGUT,3,3
39311,COHBOT,3,3
39312,KISTAH,2,2
39313,XUPTAD,3,3
39314,LOGGUM,3,3
39315,EBEWUD,3,3
39316,NAWRIM,1,1
39317,PAXGOK,3,3
39318,BEJXOE,2,2
39319,QAHHAJ,2,2
39320,JUWDUA,3,3
39321,OLOGIH,3,3
39322,HECGON,2,2
39323,HIFMAL,3,3
39324,MOYDOV,3,3
39325,VOKNIS,2,2
39326,LOLJED,1,1
39327,JILVAB,2,2
39328,XAYPUL,3,3
39329,XUVGED,1,1
39330,XEGPIJ,3,3
39331,NIHXEK,1,1
39332,NIMNAB,2,2
39333,CILGEM,3,3
39334,ABIFAW,1,1
39335,QAZQIT,3,3
39336,LUHXAO,3,3
39337,YUCGAE,2,2
39338,TESYID,1,1
39339,EHIMUG,1,1
39340,CAZTEF,3,3
39341,PILPUX,1,1
39342,REJJIA,3,3
39343,QEMSOR,1,1
39344,PUHGEH,1,1
39345,AFURAU,3,3
39346,QUQVAB,3,3
39347,YAVHAF,3,3
39348,NAJVID,2,2
39349,KAPNOH,2,2
39350,WARGOO,2,2
39351,BOGCUW,1,1
39352,PUVZUC,3,3
39353,QAHVIE,2,2
39354,QIGCOA,3,3
39355,KUTTOI,3,3
39356,DOMVOR,1,1
39357,ZEDREI,3,3
39358,EKIYAZ,3,3
39359,XIBJAT,2,2
39360,YUGBAE,2,2
39361,YOSXOV,2,2
39362,WEPKAD,3,3
39363,LEYQEN,2,2
39364,MOSVOI,1,1
39365,MIDPAR,2,2
39366,ZANTAN,1,1
39367,MELJUJ,3,3
39368,GIMXAC,3,3
39369,FAMPMO,1,1
39370,ZOYSIS,1,1
39371,FEXSOS,1,1
39372,RIXXIF,2,2
39373,CODZEB,2,2
39374,PUTKUM,3,3
39375,JEPCEN,2,2
39376,NISTUG,3,3
39377,AJOJIV,1,1
39378,BEHNIM,3,3
39379,ULATEI,2,2
39380,XUVWAP,1,1
39381,LUSVIG,2,2
39382,RABSAS,1,1
39383,NIKZAL,2,2
39384,HONPAC,3,3
39385,RIVVEX,3,3
39386,KETHIB,2,2
39387,KIHMIZ,2,2
39388,KIMREF,3,3
39389,IMOGOH,2,2
39390,KACDAW,2,2
39391,FUYKOC,1,1
39392,GETWUY,2,2
39393,REMSEI,2,2
39394,JAMZIJ,2,2
39395,BERZOQ,2,2
39396,SEWPAP,1,1
39397,DUHBUF,1,1
39398,HIPTUX,3,3
39399,IJAYUO,1,1
39400,REBGEK,3,3
39401,LAVJUQ,3,3
39402,FUVQAR,1,1
39403,EBISOY,3,3
39404,HIBXEX,3,3
39405,BICXUI,1,1
39406,LEXNUX,2,2
39407,SUZGID,2,2
39408,KOXRIA,3,3
39409,NULMOW,1,1
39410,VOWWAH,3,3
39411,DAGBET,3,3
39412,VEQDUQ,2,2
39413,CINVEC,3,3
39414,REMDES,1,1
39415,CETYOR,2,2
39416,XUWDEY,2,2
39417,MOWDOS,3,3
39418,NUMLUF,1,1
39419,WEQXEZ,1,1
39420,COFWUP,3,3
39421,ZIXKUM,3,3
39422,CUZKEP,1,1
39423,WENSOZ,3,3
39424,HIDPUJ,1,1
39425,MTACNI,3,3
39426,WOPNOH,1,1
39427,AYICAO,1,1
39428,RACNIV,3,3
39429,MUFFIE,2,2
39430,ZONBOT,3,3
39431,JIHMIZ,3,3
39432,EJEZEB,1,1
39433,NUCLUT,3,3
39434,LIHVAC,2,2
39435,LIFZUY,2,2
39436,AFOHIM,3,3
39437,LAZYOA,3,3
39438,VIQZEA,3,3
39439,NEJWUU,3,3
39440,OSAFIY,1,1
39441,IHUGUO,2,2
39442,YOGBEC,3,3
39443,HACVUC,1,1
39444,CEYRAZ,2,2
39445,KIHHUG,2,2
39446,FEDCOJ,2,2
39447,NUWDAN,1,1
39448,YIYCOZ,2,2
39449,MALREZ,1,1
39450,YEQWUQ,1,1
39451,NERNAD,1,1
39452,QUDXIX,2,2
39453,UGESUW,3,3
39454,UHUDAC,3,3
39455,APUYOB,3,3
39456,RAGBAC,3,3
39457,COQMAY,2,2
39458,KUBQII,3,3
39459,WOMJOA,3,3
39460,QINJEG,1,1
39461,RAGKIV,3,3
39462,QIWKEN,2,2
39463,EYEYEM,3,3
39464,OFIJUI,3,3
39465,ACUCAD,3,3
39466,XERPOC,2,2
39467,DEPWAW,2,2
39468,ZORGUL,2,2
39469,IGENIT,2,2
39470,FIFGOR,3,3
39471,TEZWED,3,3
39472,JACDAW,1,1
39473,SATXIW,2,2
39474,DUXTUN,3,3
39475,JAKNIS,2,2
39476,QIHWOT,1,1
39477,VAMYIT,3,3
39478,PIFLOF,2,2
39479,NOXWUV,1,1
39480,VOCFOI,2,2
39481,FUQZEX,1,1
39482,POFGUN,3,3
39483,WOZYEP,2,2
39484,FAWHIV,3,3
39485,MASBOZ,3,3
39486,QIDMIC,3,3
39487,CAMPOZ,1,1
39488,ECAYIS,3,3
39489,HIQLUR,3,3
39490,NOZSON,1,1
39491,DUBWEE,1,1
39492,ALOFAJ,1,1
39493,QIWLUE,2,2
39494,DAXPUO,2,2
39495,COKRAY,2,2
39496,FIMTAY,3,3
39497,EFOFEK,2,2
39498,KEBCUT,1,1
39499,ZOTMIH,3,3
39500,KIMWOV,3,3
39501,YEMGAZ,3,3
39502,DARNAO,1,1
39503,FORQOS,2,2
39504,OHUNUC,1,1
39505,BOJHOZ,2,2
39506,REVDUR,3,3
39507,TULRAV,2,2
39508,HASYOP,3,3
39509,HEZMIL,2,2
39510,QIXSEV,3,3
39511,XEHVAJ,3,3
39512,YAVJOX,3,3
39513,OXECUQ,3,3
39514,EWAFIR,2,2
39515,AYEWIK,3,3
39516,HIDWEA,1,1
39517,VUMFIU,3,3
39518,CEQJAK,3,3
39519,WOZRUA,3,3
39520,VULKES,3,3
39521,LAVCIV,2,2
39522,HAXXIN,3,3
39523,VEBYOQ,2,2
39524,WESNUH,1,1
39525,APECOP,2,2
39526,PAJNUL,3,3
39527,DEFBUN,2,2
39528,VEQCEZ,1,1
39529,HUSXEA,3,3
39530,FAVBAI,2,2
39531,XIXNUQ,2,2
39532,UFUPAP,3,3
39533,DICQUE,2,2
39534,YUVKEI,1,1
39535,IDAVAN,3,3
39536,VEKGEZ,3,3
39537,VACGAI,3,3
39538,LIKXEI,1,1
39539,KAGTOD,2,2
39540,HUCGOC,3,3
39541,RALSUS,3,3
39542,WABZIL,1,1
39543,GASSAY,1,1
39544,OSOZOM,3,3
39545,YOVKAX,3,3
39546,TUHLUD,2,2
39547,VEFRAB,3,3
39548,XOFSOC,3,3
39549,METVIT,2,2
39550,KUYMIC,3,3
39551,PIXSEV,1,1
39552,XUFVUP,3,3
39553,GOBNEQ,2,2
39554,XIWQEB,2,2
39555,CEVQUP,1,1
39556,SOPNOB,3,3
39557,TICXEL,1,1
39558,HEGGEI,3,3
39559,UMAJAW,1,1
39560,OPEPOP,3,3
39561,FEHKUZ,2,2
39562,CAXBUC,1,1
39563,UMADOD,2,2
39564,YIVYUY,1,1
39565,XOSZAH,2,2
39566,HAKKIO,3,3
39567,RUHBEC,3,3
39568,BIJQIU,2,2
39569,FARPAS,1,1
39570,TIBBIP,3,3
39571,UXUMIL,3,3
39572,SUXTEK,2,2
39573,LOWVEY,3,3
39574,LOYXIG,3,3
39575,IVISEN,3,3
39576,UDOPIM,3,3
39577,EDITUK,1,1
39578,VUJHEP,3,3
39579,AMOSAW,2,2
39580,LUSJOA,1,1
39581,XANHOL,3,3
39582,ORAQEE,2,2
39583,WIRCAF,1,1
39584,CORSAG,2,2
39585,BIWPUV,2,2
39586,NIYJUB,3,3
39587,TESBID,1,1
39588,LAJJEN,1,1
39589,HIKHUE,3,3
39590,RUBLUW,1,1
39591,ZUHZIN,2,2
39592,USEKEJ,1,1
39593,EZOHEG,2,2
39594,COZYIC,1,1
39595,RURHIX,2,2
39596,UPOJUF,1,1
39597,DITLEB,1,1
39598,GIRXOW,2,2
39599,POHKAC,1,1
39600,SEKRIK,2,2
39601,ERUVUL,1,1
39602,PEVVAQ,1,1
39603,MIFDIS,1,1
39604,GAFSEO,2,2
39605,EGEJUX,2,2
39606,NOZJAP,3,3
39607,QIBKUJ,2,2
39608,UDUMEL,2,2
39609,GIGHOU,2,2
39610,SASTIS,2,2
39611,XUJROM,1,1
39612,DURHOP,3,3
39613,RUNJUF,2,2
39614,EPAJOW,2,2
39615,NEPCES,1,1
39616,RIQDOL,2,2
39617,RIFGUL,3,3
39618,OQOBUS,3,3
39619,WELGED,1,1
39620,ABICIX,2,2
39621,CDMSRH,2,2
39622,NIRLUZ,1,1
39623,KOMKUS,2,2
39624,QOCJEB,1,1
39625,GENZII,1,1
39626,COCHOV,1,1
39627,VINMIP,3,3
39628,XUDLEO,3,3
39629,YAQZIZ,2,2
39630,XECYIP,3,3
39631,MUQYUT,2,2
39632,VUWBIB,1,1
39633,COQHIA,3,3
39634,IQEYAE,1,1
39635,FOLYEN,2,2
39636,RIJCOF,3,3
39637,TISWIE,1,1
39638,YALLUT,3,3
39639,ZIJBOJ,3,3
39640,AKINAJ,1,1
39641,FIRXOW,3,3
39642,TUTPAB,2,2
39643,PUZKAZ,1,1
39644,CINFUE,1,1
39645,ROCMIH,3,3
39646,OKAPOH,3,3
39647,QAHCEI,1,1
39648,NAVCAR,2,2
39649,LEFCUU,1,1
39650,QATTAI,3,3
39651,MOHHUO,1,1
39652,GAFZOE,1,1
39653,HEZCEW,2,2
39654,ZASBIE,3,3
39655,LIBHAF,2,2
39656,SIWRUN,3,3
39657,HIJWED,2,2
39658,LOZMOE,3,3
39659,TELWIT,1,1
39660,LUNWAV,1,1
39661,USONEX,3,3
39662,QOSKEP,1,1
39663,KIRLAB,3,3
39664,BODXIC,3,3
39665,XIBVEM,2,2
39666,GEMMUG,2,2
39667,PIKPAC,3,3
39668,GONHEW,3,3
39669,QAPFAS,1,1
39670,BOQHIA,3,3
39671,MEXPIR,1,1
39672,APOSUT,2,2
39673,BICTUD,2,2
39674,YAVCEE,3,3
39675,QANNIF,3,3
39676,KAJXEB,3,3
39677,TUGXUQ,2,2
39678,NIZCAC,3,3
39679,SAZJAG,2,2
39680,EHISIZ,3,3
39681,PUDDOI,1,1
39682,QIXCAB,2,2
39683,USORUS,1,1
39684,KUMPEP,3,3
39685,CUQHOO,1,1
39686,LISSOW,3,3
39687,KAQQID,2,2
39688,UVAVOF,1,1
39689,LELJAO,3,3
39690,SASMEE,2,2
39691,KUBSEH,2,2
39692,NELDEP,3,3
39693,MILHAT,3,3
39694,ZOLHOZ,3,3
39695,KACHAZ,1,1
39696,WEHLIH,3,3
39697,DAYSUR,2,2
39698,KETMAZ,2,2
39699,DEFPEJ,3,3
39700,QITROB,3,3
39701,DODZAX,3,3
39702,TUXFID,2,2
39703,MONPOU,1,1
39704,JIWSAJ,1,1
39705,GIGSUL,3,3
39706,CORQUW,3,3
39707,FIYGOM,2,2
39708,BERVAW,1,1
39709,SONFIK,3,3
39710,XACZAF,1,1
39711,ETEBIR,1,1
39712,PADRIV,1,1
39713,RAVREM,3,3
39714,OPAKIC,1,1
39715,VIDFIZ,1,1
39716,GIXCIA,2,2
39717,HUCYIP,3,3
39718,REVXIZ,2,2
39719,WIGFUN,1,1
39720,GATDOV,1,1
39721,ORESOW,1,1
39722,LAPNIZ,2,2
39723,AREGIQ,1,1
39724,PUMTEZ,1,1
39725,ZELJIL,3,3
39726,TUKGUB,3,3
39727,DIHYUR,2,2
39728,NANCUA,3,3
39729,AFAMOL,3,3
39730,CAGBAN,1,1
39731,VAPJED,3,3
39732,DIJMIV,3,3
39733,OPXMOL,2,2
39734,CUJHEW,3,3
39735,KOXYAA,1,1
39736,COFPIX,3,3
39737,ZUSTOZ,1,1
39738,YODLOU,2,2
39739,NEVRUC,3,3
39740,SOCQUW,2,2
39741,CNBRUB,2,2
39742,HEZZEU,2,2
39743,MOQPUD,1,1
39744,DUDZEI,2,2
39745,QUGMUC,2,2
39746,LOMWUG,2,2
39747,MENLOG,2,2
39748,TIWLOA,2,2
39749,AFATAE,2,2
39750,DAJLOP,3,3
39751,BOYRIR,3,3
39752,UCOGUQ,3,3
39753,GAQLAO,3,3
39754,YIHMAD,3,3
39755,BALSAL,1,1
39756,BOKGUD,1,1
39757,ULAXIP,3,3
39758,WOZKUT,3,3
39759,QAJKER,3,3
39760,WAVGIK,3,3
39761,BIRMOE,3,3
39762,LAZKIH,2,2
39763,DOQMEC,2,2
39764,PAKTUS,1,1
39765,WAWJEM,3,3
39766,KEYXIV,2,2
39767,IWUVII,1,1
39768,HIFQIA,1,1
39769,VAFQIC,3,3
39770,MOCRIH,3,3
39771,AGEZIW,2,2
39772,HEYQIP,1,1
39773,KOWVUQ,1,1
39774,XEHVOV,2,2
39775,MEDNIS,2,2
39776,GASFUD,3,3
39777,EFOTUO,2,2
39778,UJOFIK,2,2
39779,WINFUU,2,2
39780,MELJOD,3,3
39781,LAKYOL,1,1
39782,YACZAF,2,2
39783,OKUTAQ,3,3
39784,ZUTVUH,2,2
39785,QEPBOC,1,1
39786,BOVCUM,2,2
39787,MEQYOW,3,3
39788,HOHFAO,2,2
39789,BUXDUW,1,1
39790,HOTQEO,3,3
39791,PEGSID,2,2
39792,AKUGAQ,2,2
39793,YILHAD,2,2
39794,TALTAB,1,1
39795,IDAHEB,3,3
39796,JIVGAZ,2,2
39797,LOGRUU,3,3
39798,IZICUQ,3,3
39799,MOTVUN,3,3
39800,XEKCIC,3,3
39801,MUZQUT,3,3
39802,RATTEN,1,1
39803,LINGEV,3,3
39804,DODVUP,1,1
39805,KIFFAH,2,2
39806,KUVNEX,1,1
39807,NILTUX,2,2
39808,PAJRID,3,3
39809,ROCFUM,3,3
39810,ICATEL,2,2
39811,XPROMO,2,2
39812,NIWFOS,1,1
39813,QOVSAV,1,1
39814,SARYIV,3,3
39815,ASUMAF,1,1
39816,TISGAE,3,3
39817,NOWXOM,3,3
39818,YIZFUJ,3,3
39819,OCAVAT,1,1
39820,ICAMIM,1,1
39821,FEWBIU,2,2
39822,PICTIH,3,3
39823,SOQVUQ,3,3
39824,YEDPOP,1,1
39825,GOMTEK,3,3
39826,GEQVIL,1,1
39827,COFYAZ,3,3
39828,BICZUK,2,2
39829,LOWXEA,1,1
39830,QIVVUM,2,2
39831,MIZJOY,1,1
39832,YAJCOC,2,2
39833,QEGZAF,2,2
39834,GEBWUJ,1,1
39835,ZOMGUD,1,1
39836,HUNREP,2,2
39837,IKABAX,3,3
39838,HEXLAB,1,1
39839,ROYYAH,1,1
39840,TEYWAV,1,1
39841,ZESZUV,3,3
39842,WEYGOY,3,3
39843,YOLVAZ,1,1
39844,UJAVOR,3,3
39845,QUGFEE,3,3
39846,NIQBIA,2,2
39847,KIMPED,1,1
39848,IZIXAT,1,1
39849,TPCYCU,3,3
39850,DEDHON,1,1
39851,NEHXEE,3,3
39852,PIGQIH,3,3
39853,PUXXUD,3,3
39854,BUVXEY,1,1
39855,SOBPOQ,3,3
39856,WAXGIN,2,2
39857,CUMTUB,3,3
39858,KESMOO,1,1
39859,DAPQAN,3,3
39860,DIFKIP,2,2
39861,KAZNII,2,2
39862,GUMMOS,3,3
39863,ZUSMAD,2,2
39864,FEVSUX,3,3
39865,WIGZER,3,3
39866,XUFSEY,3,3
39867,AGETEL,3,3
39868,TAWMIP,2,2
39869,KEFJOW,3,3
39870,MABLUA,1,1
39871,FAKVIW,3,3
39872,XAXZEB,2,2
39873,UGOTUG,2,2
39874,AZAMAS,1,1
39875,BUKWUA,2,2
39876,KESTAF,3,3
39877,QURJUL,1,1
39878,AJIYUP,3,3
39879,LALPEX,1,1
39880,TOJHEF,3,3
39881,AGIKIK,1,1
39882,BOHBUZ,1,1
39883,GEQSUQ,1,1
39884,GUVJOY,3,3
39885,YONYIL,3,3
39886,RATHUR,3,3
39887,LEHMUH,3,3
39888,LIYXOJ,2,2
39889,NEYDOM,3,3
39890,JUZQIH,1,1
39891,SUDJEJ,1,1
39892,YIGYAQ,3,3
39893,ZAKNII,1,1
39894,MAKGEK,3,3
39895,TIWYUW,3,3
39896,EVUYIE,2,2
39897,SIYKUI,3,3
39898,CUMVOY,1,1
39899,IBAQAE,3,3
39900,LILQAA,2,2
39901,ABEKIF,1,1
39902,CUCTUP,2,2
39903,XISCIL,1,1
39904,AROBIT,1,1
39905,GILNAQ,2,2
39906,RAQKIE,3,3
39907,VUGHUB,2,2
39908,TOPBIJ,1,1
39909,AHUXEJ,1,1
39910,IZUHAM,3,3
39911,MIMLID,2,2
39912,EWOQEN,3,3
39913,CIRSEB,1,1
39914,ZESXOM,3,3
39915,JODNEV,2,2
39916,KOLTIQ,3,3
39917,IKIFEP,2,2
39918,HINRIG,3,3
39919,MALPEX,3,3
39920,OBEXIF,3,3
39921,JEGKUF,1,1
39922,YAFPUS,3,3
39923,OYUYUF,1,1
39924,NEPQUW,3,3
39925,LATNUP,3,3
39926,DEMFAF,1,1
39927,KAYYUG,3,3
39928,KAZKUT,3,3
39929,GIQSOQ,2,2
39930,WUQQAA,1,1
39931,CGLCOA,2,2
39932,HOGRAZ,2,2
39933,QUHKIQ,1,1
39934,OCUKOO,1,1
39935,NAWGIB,2,2
39936,SORHAJ,3,3
39937,DIRHOD,2,2
39938,AXUZIF,1,1
39939,MUQKEP,3,3
39940,QARWOV,3,3
39941,SEVFAB,3,3
39942,VIGZER,3,3
39943,HAXQOP,3,3
39944,IGIMOA,2,2
39945,HOKZOX,3,3
39946,UZOSEJ,3,3
39947,VIFWIT,2,2
39948,LIDKOY,2,2
39949,JAKKOW,1,1
39950,YIJLEI,2,2
39951,MOLVOA,3,3
39952,PITXUP,1,1
39953,FUYQIC,1,1
39954,FITCEU,1,1
39955,EFITET,2,2
39956,JAWSOP,2,2
39957,WENPEL,2,2
39958,EREQUO,1,1
39959,GODRIB,2,2
39960,GAMJIP,3,3
39961,NIQZOC,2,2
39962,MALFOV,2,2
39963,BELHAD,3,3
39964,SOTMOD,3,3
39965,DITCOY,3,3
39966,KIGSID,3,3
39967,BORBAL,1,1
39968,EMEKAI,1,1
39969,YOHBOM,2,2
39970,XUQTIP,1,1
39971,KENQID,1,1
39972,SERGUT,2,2
39973,CUFFEO,1,1
39974,FETHOD,2,2
39975,EJUFEV,3,3
39976,POFSIO,3,3
39977,ITIDUK,3,3
39978,GOZMAM,1,1
39979,AZIXIS,3,3
39980,EMAYAS,2,2
39981,TUHJUB,3,3
39982,OSUHIW,1,1
39983,WORBOW,1,1
39984,YACBEL,3,3
39985,YAFTAE,1,1
39986,IZIPAJ,3,3
39987,VUPJEV,2,2
39988,YEMFEE,3,3
39989,QOVLAR,1,1
39990,VILSAM,1,1
39991,ATUWOE,1,1
39992,CARDIJ,3,3
39993,OTOPIY,3,3
39994,WIKHUV,1,1
39995,FICRAM,2,2
39996,DUKMUS,2,2
39997,KEXCOI,2,2
39998,FIYVAM,3,3
39999,QUKHEJ,3,3
40000,HOFNAT,3,3
40001,KEHKEQ,3,3
40002,MAPTUT,2,2
40003,DEDPIL,2,2
40004,TILJEH,1,1
40005,POBVIO,2,2
40006,VOBCOE,1,1
40007,LIRCUM,2,2
40008,NEVFEA,1,1
40009,XEGTEM,1,1
40010,WAFWEF,2,2
40011,NITKOS,2,2
40012,SEZQOD,2,2
40013,RAXZEV,3,3
40014,TEYDUZ,3,3
40015,AXEVUW,3,3
40016,LOPWAO,2,2
40017,WUFCUV,3,3
40018,FILJUG,2,2
40019,QAMTEH,1,1
40020,GITCEU,1,1
40021,RALPIH,1,1
40022,RECYEG,3,3
40023,DIKVOI,3,3
40024,OYOBUB,3,3
40025,GUZCIP,2,2
40026,QAGXOP,1,1
40027,XUVZEU,3,3
40028,AQUSUB,3,3
40029,MOBKUL,2,2
40030,TOMYIG,3,3
40031,UFEYOW,3,3
40032,NIWNOZ,2,2
40033,CELHAD,3,3
40034,GISHUM,2,2
40035,QEPZIV,3,3
40036,FUBVII,3,3
40037,CERGOW,3,3
40038,AKOBIM,2,2
40039,VEWZUT,2,2
40040,TACCRC,2,2
40041,JEGHEI,2,2
40042,YAPQEM,3,3
40043,SAKBUF,1,1
40044,REBJAN,1,1
40045,ABUPUM,1,1
40046,TARSOX,3,3
40047,YUQSOV,1,1
40048,GIKXII,3,3
40049,NESWEQ,3,3
40050,RANSUV,3,3
40051,VAMVAG,1,1
40052,SILDUO,3,3
40053,BODNOY,2,2
40054,RABYAX,1,1
40055,QABGAD,3,3
40056,XAQBAS,2,2
40057,RIHVUB,3,3
40058,PIBMUL,3,3
40059,NUQCOU,1,1
40060,GUBFOB,1,1
40061,DAKRUE,2,2
40062,LIMMAX,3,3
40063,MASMEA,2,2
40064,HINHUI,3,3
40065,PUDRIS,1,1
40066,RUJRAR,1,1
40067,RIYHEQ,1,1
40068,SASWUH,3,3
40069,EPOKIE,2,2
40070,HOBROJ,1,1
40071,XARGAZ,3,3
40072,LUSKIV,2,2
40073,PEYTEV,2,2
40074,LOZKOC,2,2
40075,YUQQUZ,1,1
40076,SARVOY,3,3
40077,VIDGAQ,2,2
40078,MIHKAR,2,2
40079,PULXAW,2,2
40080,SAQJAY,3,3
40081,FUDKAR,2,2
40082,IKIPOI,2,2
40083,UYIPAV,3,3
40084,JUWLOF,1,1
40085,ILOZUE,3,3
40086,UBUBEY,2,2
40087,ADUREX,3,3
40088,HAZFAS,2,2
40089,VIZHOB,1,1
40090,PRBXPD,3,3
40091,FUYXAA,1,1
40092,KIBLEO,1,1
40093,DOTCEW,3,3
40094,KIGZAF,1,1
40095,RURWEH,2,2
40096,JIZRUG,3,3
40097,USUPUU,1,1
40098,MECHEH,2,2
40099,IQUPOB,2,2
40100,FEKHUB,3,3
40101,OXIFIL,3,3
40102,SUYHIF,3,3
40103,TECBOV,3,3
40104,GIRKUP,1,1
40105,RIMKAZ,3,3
40106,OBOKAR,3,3
40107,GIQYUC,1,1
40108,XASTES,3,3
40109,RARTUB,3,3
40110,KENXAF,2,2
40111,LEYROX,1,1
40112,MIQTIT,1,1
40113,FINNOH,3,3
40114,AJUVUZ,1,1
40115,KEVTOV,2,2
40116,FEHXOJ,1,1
40117,DAQSIX,1,1
40118,BEBVIN,2,2
40119,AHADAR,1,1
40120,TUVNIH,3,3
40121,IWUWAB,1,1
40122,CUMYIV,1,1
40123,SEKCIW,3,3
40124,SOKVAP,3,3
40125,ICUVIL,3,3
40126,REKFUJ,2,2
40127,REFVOP,3,3
40128,AHEHIG,1,1
40129,SEKTIM,3,3
40130,ZOXJON,3,3
40131,QAQMOL,2,2
40132,EXAZIM,3,3
40133,LITKEH,3,3
40134,FERRAY,3,3
40135,RIQBOJ,1,1
40136,YAFDEQ,2,2
40137,QERREN,3,3
40138,EZORUJ,1,1
40139,FOMKEX,3,3
40140,YOJJAJ,1,1
40141,RIRPOY,2,2
40142,OQODUU,1,1
40143,JIZWIZ,3,3
40144,ASUBEV,3,3
40145,WUDWIE,1,1
40146,JUMVEV,1,1
40147,LUZLOK,1,1
40148,HAVPEA,3,3
40149,BOSXOX,2,2
40150,SUGPEP,2,2
40151,BITXEH,2,2
40152,FUNPIO,3,3
40153,WICPAB,2,2
40154,IBUQUV,1,1
40155,AQIVOM,3,3
40156,QAVCAV,1,1
40157,JAFXEU,2,2
40158,DAPBUU,1,1
40159,AGAPOO,3,3
40160,LILYAH,3,3
40161,CUWCAY,2,2
40162,ATOMEB,1,1
40163,QIJYUG,3,3
40164,SAFROK,1,1
40165,JOKNUV,2,2
40166,SIXBOQ,3,3
40167,HITNOR,1,1
40168,QAYYOG,3,3
40169,CISVIM,3,3
40170,JIYRIS,3,3
40171,IVIKOO,3,3
40172,VEZDAJ,1,1
40173,ZOPPAV,1,1
40174,MAGGEK,1,1
40175,NINFIZ,2,2
40176,OKOXOD,2,2
40177,OXOKIW,2,2
40178,EGUXAF,2,2
40179,XOVZOX,3,3
40180,XAKSUY,2,2
40181,WOXPAC,2,2
40182,BOGPUI,1,1
40183,RIGWAJ,1,1
40184,SACDEI,3,3
40185,FODBAB,3,3
40186,XIZWUA,1,1
40187,GILQOI,2,2
40188,YAVBOQ,1,1
40189,JONCIY,3,3
40190,GESFOB,3,3
40191,TOXWOV,1,1
40192,PEVWIZ,2,2
40193,ZULWIP,1,1
40194,OHOBUJ,2,2
40195,DUFZEL,3,3
40196,ROQGUZ,1,1
40197,GUCRAY,3,3
40198,INAREV,3,3
40199,TAVHIK,1,1
40200,PERBOF,3,3
40201,YOSKOH,2,2
40202,CEQBAB,1,1
40203,MABFAX,2,2
40204,MERJID,2,2
40205,QACTIY,2,2
40206,HERFIT,3,3
40207,BUBQUK,2,2
40208,SAWGAB,3,3
40209,HISYAJ,2,2
40210,TOWSIH,2,2
40211,PECNAM,2,2
40212,HEXQUA,1,1
40213,UPOBUX,3,3
40214,JEJDAD,1,1
40215,FADVUC,2,2
40216,DEYHUM,2,2
40217,HUDZUB,3,3
40218,JABDEW,1,1
40219,OLUPIV,3,3
40220,FMSEPD,3,3
40221,ZICSAF,2,2
40222,BOJGIU,1,1
40223,DOSSOV,3,3
40224,EDOCEJ,1,1
40225,TARMIK,3,3
40226,AMEWIY,2,2
40227,NAZJED,3,3
40228,ICAREJ,3,3
40229,YILYAX,1,1
40230,ENAXAS,3,3
40231,IKOJOH,3,3
40232,NIHKEU,3,3
40233,PUTDEO,2,2
40234,ROKFIG,3,3
40235,FOZXUP,3,3
40236,ROHTIT,3,3
40237,QOPFEG,2,2
40238,FESFOB,2,2
40239,WANDOH,2,2
40240,ATAHUY,3,3
40241,UMENIK,3,3
40242,XIWYEK,3,3
40243,ODEWID,1,1
40244,MERXUC,1,1
40245,EJUCUH,1,1
40246,PENKAV,2,2
40247,SEWCAY,2,2
40248,WEYXAA,3,3
40249,NANNEV,2,2
40250,NOXSAW,3,3
40251,QOFSEL,2,2
40252,XIRXAX,2,2
40253,VIVYAB,3,3
40254,LUZKEY,1,1
40255,WAQXER,1,1
40256,OWOHEO,3,3
40257,ZOCZAU,3,3
40258,AHAQUX,3,3
40259,LEZYOI,1,1
40260,MEDMUH,1,1
40261,HESBOX,1,1
40262,EPICUC,1,1
40263,OHONAB,2,2
40264,QUYVEN,3,3
40265,KELWED,3,3
40266,BAJHIF,1,1
40267,YUXZID,1,1
40268,LUJDIG,1,1
40269,DAGMUV,3,3
40270,JEMHUE,3,3
40271,ROLQIT,2,2
40272,YIFROY,1,1
40273,VACXAZ,2,2
40274,ROJWUJ,3,3
40275,DUXROF,3,3
40276,RIFMOI,2,2
40277,RECGAK,2,2
40278,BUFVOP,3,3
40279,GEQNAR,3,3
40280,DICYUL,2,2
40281,UFOKAC,2,2
40282,JEHKIR,2,2
40283,WAWBIG,2,2
40284,QULQEV,3,3
40285,CATGEJ,2,2
40286,VUBTER,1,1
40287,QUSZOV,3,3
40288,OGUYIY,2,2
40289,WUGREX,3,3
40290,JEZRAL,1,1
40291,HUGZIV,1,1
40292,EJUHEY,1,1
40293,BOCGIN,1,1
40294,FEWZAK,3,3
40295,SEHZUA,1,1
40296,PERWUG,3,3
40297,PURPEA,1,1
40298,FUYQEW,3,3
40299,NENOXC,2,2
40300,PUYJUR,1,1
40301,JOKWUC,2,2
40302,LICCAE,3,3
40303,VOBDEW,1,1
40304,AJEBAU,1,1
40305,PUBVAJ,2,2
40306,LOWWOM,1,1
40307,DESVAZ,1,1
40308,QUWVEK,3,3
40309,LIBLUG,3,3
40310,IXUTAY,3,3
40311,OHUQUG,1,1
40312,ILEFUB,3,3
40313,OVOVUT,1,1
40314,ZORCUH,1,1
40315,NUMZIE,1,1
40316,LEFPAN,3,3
40317,ONUJIS,3,3
40318,XODDAW,1,1
40319,RUZDOF,2,2
40320,NUGFEA,3,3
40321,MAZTEO,3,3
40322,WEMROW,1,1
40323,BARZON,1,1
40324,TEJKID,3,3
40325,NEYRIW,1,1
40326,XUYWEU,3,3
40327,MEJZUW,2,2
40328,MIGVEF,2,2
40329,DENRAS,3,3
40330,TUKZAA,2,2
40331,IHUCUK,3,3
40332,XOLYII,2,2
40333,MUSRIC,3,3
40334,FEZVIR,2,2
40335,PAXTOB,1,1
40336,IXONIV,1,1
40337,LIWWET,1,1
40338,GOSZOG,1,1
40339,CAMXOD,1,1
40340,JOHNEA,1,1
40341,GIGNAO,2,2
40342,RACJIR,3,3
40343,ERIKIA,3,3
40344,PANVOS,3,3
40345,CIVPED,1,1
40346,PAWWOZ,1,1
40347,PIKTUB,3,3
40348,PIFDOX,3,3
40349,GUQLOV,2,2
40350,DAPGEK,1,1
40351,HETLAU,3,3
40352,QELSIM,2,2
40353,PIXLER,1,1
40354,WIWDIP,2,2
40355,HOPLON,1,1
40356,IHIXEC,2,2
40357,NEXFIG,2,2
40358,YIXSON,3,3
40359,SIKFAV,2,2
40360,DIWXIT,3,3
40361,IQUGAD,3,3
40362,BOLMAT,2,2
40363,UVEKIS,1,1
40364,QECGIO,2,2
40365,RUNWON,3,3
40366,CALLOT,2,2
40367,ROWSUT,3,3
40368,KINDEQ,1,1
40369,OPOTEV,1,1
40370,MIRHIH,3,3
40371,ZIHREP,3,3
40372,COSVOW,3,3
40373,TESDEA,1,1
40374,LUMZAV,2,2
40375,WIWTOL,2,2
40376,VAJHEU,3,3
40377,ZEGJIE,2,2
40378,TEYXIE,1,1
40379,KOGMEY,2,2
40380,KAKCAB,2,2
40381,XADROM,1,1
40382,XIKGII,1,1
40383,HUKKIJ,2,2
40384,BIGYUM,1,1
40385,XASFUW,1,1
40386,RATLOO,3,3
40387,JIMXIN,2,2
40388,DAYGEP,1,1
40389,NELPUR,3,3
40390,MUVCIS,1,1
40391,HOBRAV,1,1
40392,XAYQIB,1,1
40393,APUCEV,2,2
40394,VUFZUT,3,3
40395,WEMLEG,3,3
40396,MOWGIQ,3,3
40397,PAQZAJ,3,3
40398,LEYLIK,3,3
40399,EVEWAD,3,3
40400,OWUPUS,1,1
40401,ZISWIL,1,1
40402,JEJDUA,2,2
40403,OSONIU,2,2
40404,RERGOM,3,3
40405,GOSTUF,2,2
40406,AMEBEB,3,3
40407,DUBJIW,1,1
40408,IXIHAZ,2,2
40409,WUNGIX,2,2
40410,TIYXEH,3,3
40411,XUGJAL,3,3
40412,YATXIC,3,3
40413,MUPBEF,2,2
40414,WIYFET,1,1
40415,RAJVOO,1,1
40416,ZEJQUC,1,1
40417,MARRON,3,3
40418,NIYBAY,3,3
40419,DUXNIW,1,1
40420,AVEPEW,2,2
40421,QUPCIN,1,1
40422,OMATEB,2,2
40423,LEWRUD,3,3
40424,MOMHOM,1,1
40425,ISANUL,1,1
40426,NEDHUC,3,3
40427,TOHMOS,1,1
40428,AGUFIT,3,3
40429,JEXHEA,3,3
40430,QITXOI,2,2
40431,TUFDAZ,3,3
40432,ALAKII,3,3
40433,WIZHUL,2,2
40434,FETJOF,2,2
40435,TEKMAA,2,2
40436,BAQMEM,3,3
40437,GILHUE,2,2
40438,CAYWIJ,3,3
40439,LAJGOW,1,1
40440,OCOLEY,3,3
40441,GORRIQ,3,3
40442,MIJTUV,3,3
40443,SAJTUT,3,3
40444,PAJJUH,1,1
40445,WAVTEV,3,3
40446,CICKAE,1,1
40447,HUHBIY,1,1
40448,KERQUX,1,1
40449,BEVWOO,2,2
40450,TIHZEP,3,3
40451,EKABEA,1,1
40452,TIKHEC,1,1
40453,VEGKIC,2,2
40454,VEDYIP,2,2
40455,ZIHNAI,3,3
40456,ZITYEI,1,1
40457,EWOLEH,3,3
40458,BSETWC,1,1
40459,BIPANI,3,3
40460,WONGOV,2,2
40461,VIHXUG,3,3
40462,LARRON,3,3
40463,BIHCON,2,2
40464,SERPOW,1,1
40465,OXEGUU,3,3
40466,ZUKRAA,3,3
40467,LABZEV,2,2
40468,JIQMAX,1,1
40469,FOSTUF,2,2
40470,NECDAB,1,1
40471,QEXRAP,3,3
40472,AFUCOU,3,3
40473,GAGDAU,2,2
40474,MEDSIB,1,1
40475,NAQWEK,3,3
40476,TOTSAY,2,2
40477,SUHFEG,1,1
40478,YUDVOL,1,1
40479,BIYQIJ,2,2
40480,GEFMOW,2,2
40481,LIDQIY,2,2
40482,RIRKAE,1,1
40483,ZODMUC,1,1
40484,TORWEC,3,3
40485,VAMMOL,2,2
40486,XEYNIY,2,2
40487,GARTAW,3,3
40488,QEPXIT,2,2
40489,WUSFUL,2,2
40490,NERHOI,3,3
40491,EZEWOV,3,3
40492,SAQXEO,3,3
40493,SUTXIR,1,1
40494,WEHFEW,1,1
40495,LOXHIS,1,1
40496,QICYOR,3,3
40497,DILSID,1,1
40498,BESHAL,3,3
40499,SEVBOM,2,2
40500,COBFEE,3,3
40501,GEZHUO,2,2
40502,GEWVAF,2,2
40503,JEDDUS,3,3
40504,CEPFPP,3,3
40505,LEBWOG,3,3
40506,NOXSUR,1,1
40507,PICPEX,3,3
40508,MULYUN,3,3
40509,XIYBEN,2,2
40510,QAYKIN,3,3
40511,XEYPAV,3,3
40512,QAFYOO,3,3
40513,IMAMUH,1,1
40514,EGUSEE,3,3
40515,FERKUI,2,2
40516,HOCMER,3,3
40517,QIXGAF,2,2
40518,RIDNEZ,3,3
40519,EYUPEV,2,2
40520,GISFAP,1,1
40521,LOQVAP,3,3
40522,JIZPUE,1,1
40523,SEZQUJ,2,2
40524,SETSOC,1,1
40525,XANYUI,3,3
40526,WEFQEH,1,1
40527,IFETOF,3,3
40528,HAZDAQ,3,3
40529,MUMZUS,1,1
40530,MUCXOZ,1,1
40531,HUNDUP,1,1
40532,UDOSOX,2,2
40533,KUFREL,1,1
40534,HOQJEC,1,1
40535,DIFVIA,3,3
40536,COHTEZ,1,1
40537,NEGFEL,3,3
40538,YAMPAH,1,1
40539,GEWQEH,3,3
40540,EMOKEW,3,3
40541,DUBMOF,1,1
40542,DUXPAO,2,2
40543,QUGPUE,2,2
40544,HUKGIG,1,1
40545,YOZWIU,1,1
40546,OJOVOY,2,2
40547,BIDGUS,2,2
40548,UNAQEH,2,2
40549,SEPXAP,1,1
40550,VIQLOX,3,3
40551,WEYJIT,1,1
40552,BEKTIW,2,2
40553,SOWDAK,1,1
40554,POTFOW,1,1
40555,KANYEF,1,1
40556,AWIJOF,3,3
40557,XOPRIG,1,1
40558,SUYCAQ,1,1
40559,PEHHUG,3,3
40560,IWEZOA,3,3
40561,ICUFUI,3,3
40562,KIQDIZ,1,1
40563,TOLQAM,3,3
40564,UPIVAS,3,3
40565,VEZFAH,2,2
40566,ZOVVEN,3,3
40567,QAWYUL,1,1
40568,ICELEJ,3,3
40569,CAFROQ,3,3
40570,HEQHOA,3,3
40571,ABATOQ,1,1
40572,BACZAH,3,3
40573,LUCVAI,1,1
40574,XEVMIV,2,2
40575,FETHUJ,2,2
40576,MOSKUA,2,2
40577,YEXJOB,3,3
40578,CIBHAX,3,3
40579,TAHBOW,3,3
40580,EYOSAO,1,1
40581,BOLQEZ,3,3
40582,XITYOR,1,1
40583,ATAVID,1,1
40584,SADTUQ,1,1
40585,XAYXUR,1,1
40586,WIHMOQ,3,3
40587,ODISEC,3,3
40588,FOKDIU,3,3
40589,GALBAZ,2,2
40590,RIJYER,3,3
40591,MAXPIM,1,1
40592,LEFBIL,1,1
40593,XUKWUX,1,1
40594,KIRDUN,2,2
40595,BILQOC,1,1
40596,TURNOL,2,2
40597,QUQWII,3,3
40598,NAWMII,3,3
40599,DETTOM,2,2
40600,CEMRUI,1,1
40601,UQUDAM,1,1
40602,AWOGAV,3,3
40603,TURYOV,1,1
40604,EMAWUN,1,1
40605,WIZMIF,1,1
40606,SOTQEA,2,2
40607,MIBBOQ,3,3
40608,QOXNAU,3,3
40609,BOSJIF,3,3
40610,UBADEI,1,1
40611,XECTAA,3,3
40612,RIBFUH,1,1
40613,MUGTEP,3,3
40614,WESVID,1,1
40615,ZOZBUL,2,2
40616,VEDGOC,3,3
40617,EZEYOY,3,3
40618,ETOSOX,1,1
40619,OPUKIU,3,3
40620,BEBZIT,1,1
40621,WADSID,2,2
40622,REWHIN,3,3
40623,SOCPIN,1,1
40624,TEXPAO,2,2
40625,XOQXOS,3,3
40626,ESIREE,3,3
40627,GIVPIM,2,2
40628,SOLSIV,2,2
40629,HIKBUY,3,3
40630,JAJYUO,2,2
40631,CATLOB,2,2
40632,WEBJAS,1,1
40633,SUXPIL,3,3
40634,ZUQFIA,3,3
40635,WOKZUR,2,2
40636,YIDFID,2,2
40637,DUCGIR,3,3
40638,LEBYOH,1,1
40639,ROYFUI,3,3
40640,ENEVID,3,3
40641,JUVCOV,1,1
40642,INISEE,2,2
40643,WIKQOZ,3,3
40644,PEFZEF,1,1
40645,BIWMUP,3,3
40646,BOLTUS,3,3
40647,NABSIS,2,2
40648,VILDUR,3,3
40649,VOGPAK,3,3
40650,UCUGUU,2,2
40651,CELZIF,3,3
40652,QIVWIC,3,3
40653,MOMXER,1,1
40654,IKUKIL,1,1
40655,GUPDEC,1,1
40656,QEWFON,2,2
40657,HUXJOB,2,2
40658,KUBGOD,2,2
40659,WUFDEJ,1,1
40660,PADDUU,1,1
40661,RADHIN,2,2
40662,DIFVEU,3,3
40663,CAJTAK,1,1
40664,MAQPEB,3,3
40665,EFOPUK,3,3
40666,JAZCAO,2,2
40667,RUWJEB,1,1
40668,DILCAD,3,3
40669,PAQTUW,3,3
40670,HUWGAI,2,2
40671,REGGEP,2,2
40672,NAYQUD,1,1
40673,DADHOF,3,3
40674,AZIZER,1,1
40675,WORGEP,1,1
40676,FUHMUQ,2,2
40677,XIVSUR,2,2
40678,PUHVET,2,2
40679,VAWPOY,1,1
40680,CAYWEI,1,1
40681,ZEYLUM,3,3
40682,AJIJUY,1,1
40683,VASKEI,3,3
40684,FOPDAR,1,1
40685,YOXFEX,3,3
40686,DABLIC,2,2
40687,MEXJOR,2,2
40688,UKAYEL,2,2
40689,EGICIH,2,2
40690,COXROZ,1,1
40691,WILSUH,2,2
40692,CEBZIT,2,2
40693,VIJGUQ,1,1
40694,METBAP,2,2
40695,SAHGAJ,3,3
40696,IFAFAW,3,3
40697,CEGNUY,1,1
40698,KUYYAG,3,3
40699,PEFSOL,1,1
40700,VUNPEA,3,3
40701,FEZQUZ,3,3
40702,LOGSIL,3,3
40703,APIXOP,1,1
40704,FEYCUI,3,3
40705,SUQWOQ,3,3
40706,IHUCOE,3,3
40707,HEQXEI,3,3
40708,NOQVEW,2,2
40709,WIDPUY,1,1
40710,LASXIM,2,2
40711,WARHEC,1,1
40712,KIGXOO,3,3
40713,LISNOQ,1,1
40714,NUXMUO,2,2
40715,HELWUQ,2,2
40716,EKOROL,2,2
40717,ULUHOZ,2,2
40718,TICREG,1,1
40719,URUKOI,2,2
40720,LOMXER,2,2
40721,ABASEC,3,3
40722,UBINAY,1,1
40723,XOFYOH,3,3
40724,AZUJEK,3,3
40725,CEMGAC,2,2
40726,VITQUK,1,1
40727,POYSED,3,3
40728,WEMGOO,1,1
40729,FEQBOT,1,1
40730,SEWMUD,3,3
40731,MIPLII,2,2
40732,LUVVIK,1,1
40733,TOMBIG,2,2
40734,FOKJIZ,3,3
40735,NELWIM,1,1
40736,BUSZEW,2,2
40737,HADLEG,3,3
40738,EYAZEK,2,2
40739,LITGEE,1,1
40740,ZIZPAZ,3,3
40741,ESAMUH,1,1
40742,EHUWAG,2,2
40743,KULNEK,3,3
40744,VITJAN,1,1
40745,NEPBUI,2,2
40746,RIZFAL,1,1
40747,REYFEG,3,3
40748,DMGACO,2,2
40749,PERPIO,3,3
40750,VELCIC,1,1
40751,ASIGIT,2,2
40752,SUDRUE,2,2
40753,WOSMOG,2,2
40754,FUVLUF,1,1
40755,HABQOT,1,1
40756,XAMPOT,1,1
40757,NOVHOY,1,1
40758,KILWEJ,2,2
40759,DAPRES,3,3
40760,FAXQON,1,1
40761,ESIYUC,3,3
40762,OVAXAL,1,1
40763,KEBBEY,2,2
40764,SICKUM,3,3
40765,EGUCOZ,3,3
40766,IFIBEH,3,3
40767,ESOHIG,1,1
40768,HUZYUW,2,2
40769,BAZLOG,3,3
40770,IJOTEJ,1,1
40771,VISDOT,2,2
40772,OHEWIJ,3,3
40773,FUSFAD,1,1
40774,FAHNEL,1,1
40775,KEHNOA,3,3
40776,PIGLEZ,2,2
40777,MIJVAF,3,3
40778,CEMWEW,3,3
40779,RISQAM,3,3
40780,NEKYEH,3,3
40781,QUBJIG,2,2
40782,NIQVOY,1,1
40783,CEWJIA,2,2
40784,EGAPOR,1,1
40785,AGUXOP,1,1
40786,ROQGOT,2,2
40787,QOKJOR,3,3
40788,FIRKAU,3,3
40789,LEJXUU,3,3
40790,PUYJOK,2,2
40791,GIHHEL,1,1
40792,TUWQOS,2,2
40793,RIBMIZ,3,3
40794,CUVBOM,3,3
40795,WIDLEE,1,1
40796,WEZVIH,2,2
40797,GASYAE,1,1
40798,YAFQIJ,1,1
40799,WEKSOV,2,2
40800,NEWYAR,1,1
40801,TUGNEQ,3,3
40802,SAKLOG,2,2
40803,DOJRUQ,3,3
40804,ZORDIW,1,1
40805,WISDOT,2,2
40806,DECBAP,3,3
40807,JEXFEY,1,1
40808,AKIMIT,1,1
40809,MAFMUE,2,2
40810,KIBWEX,1,1
40811,PUZHID,3,3
40812,FODPET,2,2
40813,QIGLEZ,1,1
40814,ANAXOE,1,1
40815,ROGBIC,1,1
40816,REGWAD,3,3
40817,SESZIC,1,1
40818,BIPHIS,3,3
40819,REDKOD,1,1
40820,EGISOC,2,2
40821,RAPRAD,3,3
40822,TIRLUC,2,2
40823,RIFHIZ,3,3
40824,VETVIZ,3,3
40825,QAPLAX,3,3
40826,EKOKAR,2,2
40827,HOGMUL,1,1
40828,GEYXAL,3,3
40829,REKFAO,3,3
40830,NUTKUI,3,3
40831,HUYNIY,1,1
40832,YIHYET,1,1
40833,SOWQUT,2,2
40834,TUZMAC,1,1
40835,ROJWOF,2,2
40836,FELQOE,3,3
40837,QODKUS,3,3
40838,XUNDAM,3,3
40839,VUJKOD,1,1
40840,YAQGII,1,1
40841,KESKUR,3,3
40842,FIKQUL,3,3
40843,ADIYET,2,2
40844,QACFOR,3,3
40845,ESIYUA,2,2
40846,TEPSAK,2,2
40847,HUGVEM,2,2
40848,IHIDOS,3,3
40849,VEZFOV,3,3
40850,MOVQIA,1,1
40851,BAVDAG,3,3
40852,KELKOC,1,1
40853,FEHZAV,2,2
40854,QUZXOZ,1,1
40855,YIPLEO,3,3
40856,LOHBUF,3,3
40857,UQELEK,1,1
40858,TAFREX,2,2
40859,SUXGIC,3,3
40860,YOGDEG,3,3
40861,TURYAH,1,1
40862,YAFTUU,3,3
40863,PERPIM,2,2
40864,YUPBET,1,1
40865,UPOWUU,1,1
40866,WAVSOF,1,1
40867,XEVSOG,2,2
40868,KAZXUH,3,3
40869,FEYFIA,3,3
40870,TOFZAR,3,3
40871,CIFTAO,2,2
40872,ONABEM,3,3
40873,IWASUW,3,3
40874,LEYKUV,3,3
40875,EHUYOV,2,2
40876,MAPZOW,1,1
40877,TAKYIO,3,3
40878,HIHGUE,1,1
40879,VAHGUG,3,3
40880,IGOCEN,2,2
40881,SUPTON,2,2
40882,EKUTUB,3,3
40883,SEFDEO,3,3
40884,FOHXIK,2,2
40885,APAYUO,1,1
40886,CACZOV,2,2
40887,PUHFAB,2,2
40888,WEQPIR,2,2
40889,IRAWOP,2,2
40890,KAMYUS,2,2
40891,POTXIF,3,3
40892,POWJIU,3,3
40893,ODEBII,2,2
40894,QIXGOX,1,1
40895,BIJLIQ,1,1
40896,UPENEL,1,1
40897,QIGLEX,3,3
40898,BINYOM,3,3
40899,JAFDAY,3,3
40900,KAHZID,3,3
40901,SETJOT,1,1
40902,XISBUW,2,2
40903,UPAWUG,1,1
40904,NEDFUY,3,3
40905,CITTEG,3,3
40906,CEQPEV,2,2
40907,XUKBAG,1,1
40908,ESAVAX,3,3
40909,KUDTIN,3,3
40910,IXUMUK,1,1
40911,PUFVES,3,3
40912,PADQOA,1,1
40913,XOCJUV,3,3
40914,SISVEV,3,3
40915,MAVNON,2,2
40916,BOVBIA,2,2
40917,HINDUF,1,1
40918,VUDKOV,3,3
40919,NAPMEA,1,1
40920,GOSQEM,3,3
40921,WOGNIQ,2,2
40922,EYIWIT,3,3
40923,MELLUN,3,3
40924,CITHUL,1,1
40925,YANBOE,3,3
40926,LUVSUT,1,1
40927,DUCBUZ,3,3
40928,NAZVOC,2,2
40929,ESESAX,3,3
40930,PIGBIT,3,3
40931,VIGYAM,2,2
40932,COVKAC,1,1
40933,NINDIZ,2,2
40934,WONPAR,2,2
40935,NESLED,1,1
40936,CORPIL,3,3
40937,YOSPAA,1,1
40938,VUFMOB,1,1
40939,DONLAV,3,3
40940,JAZZOD,1,1
40941,MECTAS,2,2
40942,QAHPIA,1,1
40943,REGGER,2,2
40944,MAJYIF,2,2
40945,OMUBUV,3,3
40946,HASJAP,2,2
40947,KEYKIJ,3,3
40948,LUTBUZ,3,3
40949,NECSOF,2,2
40950,IRUCII,1,1
40951,LAYJIG,3,3
40952,HEXXEP,1,1
40953,EBTHCU,3,3
40954,MAZJUS,2,2
40955,GASBUB,1,1
40956,LAZXIT,3,3
40957,HAFZAR,1,1
40958,XEXZEH,3,3
40959,XIXFOC,2,2
40960,GIZQOX,1,1
40961,NOQQAL,2,2
40962,GAKLAI,2,2
40963,VANFOH,3,3
40964,EQERUO,2,2
40965,SAKREB,2,2
40966,SAWKOQ,3,3
40967,HOHBAI,3,3
40968,FAYLEA,1,1
40969,QEPHAV,3,3
40970,ORALEA,2,2
40971,HUPGAB,2,2
40972,GENYAB,3,3
40973,VEWJEP,3,3
40974,ISOWUI,2,2
40975,PESJEF,3,3
40976,CARQES,3,3
40977,TULFIP,3,3
40978,ILAVUO,2,2
40979,MONVUH,1,1
40980,ESUKOT,2,2
40981,COPDUH,1,1
40982,QODWEO,2,2
40983,AFOYID,1,1
40984,AJUZUB,2,2
40985,NAQRUW,1,1
40986,OZOCOY,1,1
40987,IGUGEY,2,2
40988,KIVJII,3,3
40989,OHORIM,3,3
40990,BIDBEX,2,2
40991,VUXNUY,2,2
40992,REPMUX,2,2
40993,FUPDEA,2,2
40994,DESDEN,3,3
40995,FARCOS,3,3
40996,ZASVAT,3,3
40997,HIDMAK,2,2
40998,NAFSUL,3,3
40999,ICOPEX,2,2
41000,VONPAR,2,2
41001,IXIFAW,2,2
41002,ODUFUQ,3,3
41003,BOKQIE,3,3
41004,HISWUB,1,1
41005,JAZDET,2,2
41006,HAHSIU,1,1
41007,UMANOM,3,3
41008,OZOVUX,1,1
41009,CIGWAR,3,3
41010,MONCOI,2,2
41011,DUPSOW,2,2
41012,NORDEF,3,3
41013,FUNYUJ,3,3
41014,FIRBIU,2,2
41015,WUZTEQ,3,3
41016,NIVVOE,3,3
41017,EMALOU,3,3
41018,QIMNAD,3,3
41019,MOSPOZ,1,1
41020,HACBIW,2,2
41021,UNEQUC,1,1
41022,HILWOS,1,1
41023,TIRGEG,2,2
41024,DUNROW,1,1
41025,DANJIP,1,1
41026,ZINJIR,3,3
41027,EBUGUH,1,1
41028,DAMXIC,1,1
41029,OMINED,1,1
41030,OMAFUD,3,3
41031,LEKWAB,3,3
41032,IMIWUY,3,3
41033,WIXBOY,1,1
41034,ROGKAC,2,2
41035,TUMLAO,3,3
41036,PUCYOD,2,2
41037,RIYDEI,1,1
41038,WOMYUS,2,2
41039,ROYTIL,1,1
41040,SOTXAB,3,3
41041,BUHVUY,1,1
41042,ZUGVUU,2,2
41043,GOQYIU,3,3
41044,RAWKOQ,2,2
41045,LORTIV,3,3
41046,ALEPOX,3,3
41047,ZORMAW,2,2
41048,LOTRUH,3,3
41049,RISHOQ,1,1
41050,YUFGAK,1,1
41051,JIQXUG,1,1
41052,POLHUU,3,3
41053,FONLIE,1,1
41054,DOCPOD,2,2
41055,OSOPOD,2,2
41056,EJUJEY,3,3
41057,YOKROI,2,2
41058,URIWUQ,1,1
41059,NITWET,3,3
41060,QOQNAL,1,1
41061,UVUHEB,1,1
41062,NEJMIY,1,1
41063,COCYUQ,1,1
41064,HELREZ,1,1
41065,SEHVUY,2,2
41066,OHUFAZ,2,2
41067,TETHEG,3,3
41068,HATTEB,3,3
41069,FOHDUC,2,2
41070,ECEVEN,3,3
41071,MAMPMN,2,2
41072,BEHFIF,3,3
41073,RAMVOS,1,1
41074,LENXEI,3,3
41075,KALFIQ,1,1
41076,VEJYIW,1,1
41077,VUGYAY,1,1
41078,BOFHUA,2,2
41079,QASYIS,2,2
41080,PUYDOF,1,1
41081,QUMGIR,1,1
41082,JIJSON,1,1
41083,NUBLED,2,2
41084,XUVHAA,1,1
41085,BUWHIL,3,3
41086,DOYTAO,3,3
41087,YADWEH,1,1
41088,ADINIM,1,1
41089,NUCHAW,2,2
41090,QOLJAE,2,2
41091,HUZRIG,1,1
41092,ICEROX,1,1
41093,LAWMAX,3,3
41094,BAPPOB,1,1
41095,GITXIT,3,3
41096,WENYUJ,2,2
41097,YEXCEJ,1,1
41098,FEXKID,3,3
41099,YOZGOK,2,2
41100,EQEYIJ,2,2
41101,ZUQFEW,3,3
41102,MATCPD,3,3
41103,ZALJEE,2,2
41104,BOLXOR,3,3
41105,XETBAB,2,2
41106,FAHGAX,3,3
41107,BOLVAA,3,3
41108,POSQOF,2,2
41109,SUDGAZ,1,1
41110,ZOMMUM,2,2
41111,AKERIR,2,2
41112,AZELOI,3,3
41113,NUSYEF,3,3
41114,BAXCIO,1,1
41115,YEGQAC,3,3
41116,DUHJUM,3,3
41117,LEJJES,1,1
41118,UFONIN,2,2
41119,HOJDOA,3,3
41120,WORNAS,2,2
41121,CMCSPD,1,1
41122,WIJKOP,2,2
41123,XUHPOH,2,2
41124,YESLOX,1,1
41125,FEHZOJ,2,2
41126,NUBROT,2,2
41127,DAVXAD,1,1
41128,HUXTID,3,3
41129,ATUWUI,1,1
41130,WEPJIM,2,2
41131,XECTAC,3,3
41132,LUFKUS,3,3
41133,YASJUX,3,3
41134,DARCIK,1,1
41135,JETWIS,1,1
41136,MASQOQ,1,1
41137,UBADEK,1,1
41138,IVOHUW,1,1
41139,CUWHIL,2,2
41140,YUVHAA,2,2
41141,GEMRAS,3,3
41142,GIKJOB,2,2
41143,LAYZAP,1,1
41144,AWUTAN,3,3
41145,YAMWES,1,1
41146,ICUTIL,3,3
41147,LEJSIE,2,2
41148,XABDAH,3,3
41149,REXRIV,3,3
41150,ICEPUC,1,1
41151,JUHKIJ,1,1
41152,XECMOJ,3,3
41153,IKULAC,2,2
41154,IJOQUV,3,3
41155,HUBPID,3,3
41156,WECKUK,2,2
41157,TOWXOV,1,1
41158,OTUSUS,2,2
41159,VODLAB,2,2
41160,YUCFIL,3,3
41161,TUVRAG,1,1
41162,WAHRAZ,3,3
41163,ALEKUA,1,1
41164,GOTVOA,2,2
41165,RUMWEB,2,2
41166,WICRAB,2,2
41167,GABREI,2,2
41168,BEKZEY,2,2
41169,MOSKUC,2,2
41170,TUQLIA,2,2
41171,UPEGAZ,3,3
41172,SIPDIF,1,1
41173,LONMOQ,2,2
41174,GAMQEQ,2,2
41175,FIVGEA,1,1
41176,CAFROS,3,3
41177,GATPEX,1,1
41178,WUTFUP,1,1
41179,DECKED,1,1
41180,MEXFUS,2,2
41181,VEZFAJ,2,2
41182,WUFDIK,3,3
41183,MACGON,3,3
41184,HIVDAU,2,2
41185,IVEMUR,2,2
41186,DEXLEY,2,2
41187,FUSDUV,1,1
41188,MEMMAT,1,1
41189,KEYKEI,1,1
41190,HEXXIS,3,3
41191,ALIVAU,3,3
41192,HAHTAO,3,3
41193,GEMBEG,2,2
41194,IDARAH,1,1
41195,QOZVIL,3,3
41196,LEVTIQ,2,2
41197,OXUZEN,3,3
41198,POYVUX,1,1
41199,GAYBEN,1,1
41200,VODWUG,2,2
41201,LETKED,3,3
41202,ACOTUJ,1,1
41203,KUNMUC,2,2
41204,OCABIE,1,1
41205,HILNOF,3,3
41206,YEPWEV,2,2
41207,VAVSAM,3,3
41208,OMPZPT,3,3
41209,NESLIG,2,2
41210,POKFUS,2,2
41211,EWOROZ,3,3
41212,ZOBNUB,1,1
41213,IQEZEM,1,1
41214,BUWVAT,1,1
41215,TOWFEQ,2,2
41216,KAZMAB,3,3
41217,COVBEU,3,3
41218,FACHIB,1,1
41219,ACAQIE,2,2
41220,JASTOP,2,2
41221,WAHBEN,2,2
41222,XEQCEF,1,1
41223,KICTID,1,1
41224,TOPMUI,2,2
41225,JAXBIT,1,1
41226,ZASVOH,3,3
41227,YAPZOG,3,3
41228,QUWDOC,3,3
41229,FECBEU,2,2
41230,QOFHEY,1,1
41231,FICPAM,1,1
41232,OGEZEH,1,1
41233,NUBPUX,3,3
41234,HIDZOM,3,3
41235,GUZXEF,2,2
41236,MUSPEW,3,3
41237,SIRKAG,2,2
41238,RANTIK,3,3
41239,ABAJET,3,3
41240,ATASUL,3,3
41241,JOWKUB,2,2
41242,WEVWAV,1,1
41243,MOQFEF,3,3
41244,NAPHUH,1,1
41245,IMUKOT,1,1
41246,KUGVAJ,2,2
41247,RINLAD,3,3
41248,PECBAB,2,2
41249,JUVCAH,1,1
41250,UVAGUV,2,2
41251,UQUSAB,3,3
41252,GIMWEF,3,3
41253,CANFOO,3,3
41254,MADRUF,1,1
41255,CATBOO,2,2
41256,DOTXIV,2,2
41257,YOLPUL,2,2
41258,MEDTOF,1,1
41259,EMUFOH,1,1
41260,ZISNEX,3,3
41261,PEZTAQ,3,3
41262,PETXUK,3,3
41263,IDELUZ,3,3
41264,LUNCED,1,1
41265,TIMPPT,3,3
41266,IKOFOG,1,1
41267,MITNAF,2,2
41268,VOGGOO,3,3
41269,LEHPUL,3,3
41270,ZIHYAQ,1,1
41271,GAFKUU,1,1
41272,WELTEO,2,2
41273,ALIMUG,1,1
41274,ENEHOU,2,2
41275,QEMBAP,1,1
41276,HAYFET,2,2
41277,RADQIY,1,1
41278,KIGHER,1,1
41279,AJIFOO,3,3
41280,MAMPOF,3,3
41281,ECEXIU,3,3
41282,WARVAM,2,2
41283,NAPZIO,2,2
41284,ZUFLUJ,3,3
41285,XENVEV,1,1
41286,IBALAA,3,3
41287,VOWXEM,2,2
41288,BIHCOL,1,1
41289,DIYSOX,1,1
41290,POYCOY,1,1
41291,DIFXEX,2,2
41292,LEFKAL,3,3
41293,MADNEM,1,1
41294,RUXGEW,2,2
41295,XIFNIJ,3,3
41296,RAMCUE,3,3
41297,QOLMEK,3,3
41298,MOVMAL,2,2
41299,ONEYUD,3,3
41300,BUPJED,3,3
41301,LAVLOL,3,3
41302,LERSEG,3,3
41303,TEDREB,1,1
41304,LIWWEV,2,2
41305,QAQCOA,3,3
41306,QARQOR,3,3
41307,NIFRID,2,2
41308,YUPWEL,2,2
41309,BAGSAG,2,2
41310,ALUJAV,1,1
41311,FEZVIP,2,2
41312,COEMCR,2,2
41313,WUQNOL,3,3
41314,NIVVUK,3,3
41315,IFEZUR,3,3
41316,REYDEG,2,2
41317,YUXHUV,3,3
41318,JESRAB,3,3
41319,GEKZED,2,2
41320,DENRAQ,3,3
41321,SAZNUD,2,2
41322,YASFUU,3,3
41323,TEJKIF,3,3
41324,CUBTIC,3,3
41325,ECOHEK,3,3
41326,XIXTIJ,3,3
41327,VUNLOF,2,2
41328,XAQKEG,2,2
41329,OJEFAM,3,3
41330,DURYAR,3,3
41331,XEDXAG,2,2
41332,RACZOL,3,3
41333,ZIRHOB,1,1
41334,MINXIS,3,3
41335,GUPQEN,2,2
41336,HOTKUW,3,3
41337,QIXLEP,3,3
41338,OLUNAL,1,1
41339,APAGEF,2,2
41340,WICGOF,3,3
41341,ROFSOU,3,3
41342,COCWOG,3,3
41343,JUJSUC,3,3
41344,DOYTUJ,1,1
41345,GOQBEV,3,3
41346,WIYMAU,2,2
41347,NOSNUH,1,1
41348,IFUWAH,2,2
41349,ESOJIG,3,3
41350,OFAQEU,1,1
41351,SIGPEF,3,3
41352,UGOPOX,3,3
41353,MESGEW,2,2
41354,LAQLOE,3,3
41355,SOWSUV,3,3
41356,CILDAE,3,3
41357,EYOSUH,3,3
41358,LUTBOT,2,2
41359,APUCET,3,3
41360,DAJSAJ,2,2
41361,SEYDEG,3,3
41362,DEYMIE,1,1
41363,XUXHUV,3,3
41364,GEKDOT,1,1
41365,MIPKUT,2,2
41366,SOWQOM,2,2
41367,CIZFAT,2,2
41368,OFOQEG,3,3
41369,LIZNUF,3,3
41370,ZECFAR,3,3
41371,FEBSOU,3,3
41372,FIGYAW,2,2
41373,XAPTUF,2,2
41374,MUHKAD,2,2
41375,KEZBEZ,2,2
41376,JUZNEZ,2,2
41377,NAXPUY,2,2
41378,BEHJIK,2,2
41379,FAXQUU,1,1
41380,LUSRIA,2,2
41381,COMYAF,1,1
41382,JAZZUJ,1,1
41383,LIFLIX,1,1
41384,QIDWUX,3,3
41385,DEGRAJ,2,2
41386,RIJKOM,2,2
41387,BPMHGN,3,3
41388,ERAZUU,1,1
41389,TEPVEP,2,2
41390,XUHRAV,1,1
41391,QELDIU,3,3
41392,YACLEV,3,3
41393,CUCWII,2,2
41394,ODABOM,2,2
41395,GUCBEO,1,1
41396,LIJZOU,3,3
41397,YASDON,3,3
41398,WATYAT,2,2
41399,PUSXUX,2,2
41400,YAVKEN,3,3
41401,LINXIS,3,3
41402,IQUGAF,1,1
41403,REJKUM,2,2
41404,GAXSON,1,1
41405,FECYEU,2,2
41406,IVEJEY,2,2
41407,RIFJIZ,3,3
41408,BINBAF,1,1
41409,AWUCUQ,3,3
41410,NOTLOZ,3,3
41411,WAMTUB,1,1
41412,EJAPUB,3,3
41413,KEPPEE,1,1
41414,BUHQIF,2,2
41415,JUVVOL,3,3
41416,EJOROK,1,1
41417,SEMKUS,3,3
41418,MEDXOK,3,3
41419,SITZIF,2,2
41420,UDETAA,2,2
41421,LAYXOY,2,2
41422,CAQVEX,2,2
41423,ROLCUQ,2,2
41424,AROCOA,3,3
41425,SOLFIL,3,3
41426,EMIDEL,3,3
41427,CIYSEI,3,3
41428,QAPBUG,1,1
41429,DIYXIS,2,2
41430,SUMBIN,2,2
41431,ROJRIU,2,2
41432,KABZOE,2,2
41433,BUVNAI,3,3
41434,VILFUR,2,2
41435,COLDIT,2,2
41436,XEYROJ,3,3
41437,XOWLUQ,1,1
41438,QANCUG,3,3
41439,VAMXAJ,2,2
41440,FEVNAY,3,3
41441,RACMOA,2,2
41442,CERPAS,3,3
41443,XIVFUH,1,1
41444,KOVQOD,3,3
41445,XISRIE,1,1
41446,PIWHAF,2,2
41447,VINRIV,2,2
41448,ICUQAC,1,1
41449,QAKWIJ,3,3
41450,REXYOJ,3,3
41451,RIPMUA,3,3
41452,TOXYAG,3,3
41453,OWUKAT,3,3
41454,FOXBEZ,1,1
41455,JIRJOM,3,3
41456,TURRIH,1,1
41457,LAZMIL,2,2
41458,MARWEK,1,1
41459,JUDHAT,3,3
41460,HIGZEC,2,2
41461,HEJVUR,1,1
41462,MAYMUX,3,3
41463,CORRIN,3,3
41464,YOGMUC,1,1
41465,HAQBUY,2,2
41466,SUNNAR,3,3
41467,OBIHOX,3,3
41468,XEZPIE,2,2
41469,REPJIG,2,2
41470,VUMWEH,3,3
41471,ROMKEJ,2,2
41472,WOLMOZ,2,2
41473,RISJOS,2,2
41474,HAJRUI,3,3
41475,TEBFEL,1,1
41476,QULQET,2,2
41477,YIYNEA,3,3
41478,IYEGEZ,3,3
41479,LIKPEB,1,1
41480,IROKEG,3,3
41481,PEWCIH,1,1
41482,HOVMUC,2,2
41483,YODJOQ,2,2
41484,CUQPIO,3,3
41485,TAVFEE,2,2
41486,QAWNAF,3,3
41487,VUJKUJ,1,1
41488,VAMTUB,3,3
41489,XAJGUK,3,3
41490,WUJYIM,1,1
41491,RELDAQ,3,3
41492,MIRXOA,1,1
41493,DAGMUT,2,2
41494,NOLGED,3,3
41495,JUSPOF,1,1
41496,UKOBIH,2,2
41497,ROHDOJ,3,3
41498,ZOVDOF,3,3
41499,DUGRUU,3,3
41500,ROBTUY,1,1
41501,NAPDUE,1,1
41502,JUWLAO,2,2
41503,XIRXAZ,2,2
41504,TOBMED,1,1
41505,AXIKOJ,3,3
41506,BACFES,2,2
41507,IQOTAK,1,1
41508,QUHTET,3,3
41509,BIKTEX,3,3
41510,OPEVAH,3,3
41511,RUNNAR,2,2
41512,ULONOZ,2,2
41513,SIHZOC,1,1
41514,MUXQUS,1,1
41515,NAHSOG,1,1
41516,RONRUH,1,1
41517,OCIMIY,2,2
41518,PEWDON,2,2
41519,TEGYIP,3,3
41520,JIKBEN,3,3
41521,FOBXOJ,3,3
41522,HECVUI,3,3
41523,FILQOK,1,1
41524,UPUDOA,3,3
41525,YAFZAH,3,3
41526,XEXFOZ,1,1
41527,KEWYAM,2,2
41528,UJEKIE,2,2
41529,LATJAS,2,2
41530,WORLAQ,3,3
41531,GIRKUR,1,1
41532,HOJHAP,3,3
41533,TIHDUL,3,3
41534,QASKOM,2,2
41535,IMEVEC,2,2
41536,YOWBUI,2,2
41537,LABHAB,1,1
41538,IQOZAS,1,1
41539,LAXLAB,1,1
41540,IJOQOO,1,1
41541,JABDIA,3,3
41542,USETIX,2,2
41543,SOTJIW,2,2
41544,HIBREQ,2,2
41545,CUKJOK,1,1
41546,QASRAD,3,3
41547,EPANUH,1,1
41548,YOJMEQ,3,3
41549,TERPIP,2,2
41550,KOPRAL,2,2
41551,COJNOI,1,1
41552,BUTZRB,1,1
41553,YAXLOY,2,2
41554,PARHOG,3,3
41555,NIRFAV,3,3
41556,DUTMOW,1,1
41557,XOXMAY,2,2
41558,ZEVVOL,2,2
41559,HISPEI,1,1
41560,ZELKAE,3,3
41561,IYOKAI,2,2
41562,UQAKIJ,1,1
41563,ETETAA,3,3
41564,JIJQOL,3,3
41565,TUMNOF,3,3
41566,RUJRAP,3,3
41567,GISMIE,1,1
41568,PUGWIX,2,2
41569,QAHREW,1,1
41570,RAMTOQ,1,1
41571,FEXYOZ,2,2
41572,SOHCEX,3,3
41573,XIJDEB,3,3
41574,VEQRES,1,1
41575,UGAGAL,2,2
41576,XANGEB,3,3
41577,GEBTEP,3,3
41578,WUDNEQ,3,3
41579,OFAFIL,1,1
41580,ZAYFOU,2,2
41581,OTAYAK,3,3
41582,CIJWIF,1,1
41583,LUQMIW,1,1
41584,FUSSOB,2,2
41585,CIGKEK,2,2
41586,TEQPUD,3,3
41587,ITIHAV,3,3
41588,CPIMIR,2,2
41589,VABLOC,2,2
41590,ITUHEL,2,2
41591,ADESEH,1,1
41592,HAVPEC,3,3
41593,DACTIK,2,2
41594,YUHROJ,2,2
41595,BISSUR,2,2
41596,OPUYAB,2,2
41597,BUKSAB,1,1
41598,OHIMOH,3,3
41599,JAFSUF,2,2
41600,GIPMUQ,2,2
41601,EXOTEQ,1,1
41602,CYPFEP,2,2
41603,QOBFOF,3,3
41604,JUZPAV,1,1
41605,LIWYEY,2,2
41606,IRUHOU,3,3
41607,QIFTEE,1,1
41608,UJUTAX,1,1
41609,AHEHIE,3,3
41610,OLEZUC,2,2
41611,NIDTED,1,1
41612,LOGMUS,2,2
41613,BOWSAI,1,1
41614,BUCGAI,2,2
41615,EZIJAY,1,1
41616,ZAVBIK,2,2
41617,TOLTET,2,2
41618,KOFKUO,2,2
41619,ZOTBAN,3,3
41620,XIKLUY,3,3
41621,XUNVIO,1,1
41622,KIJQOL,3,3
41623,RAGFOY,1,1
41624,JOBBAG,3,3
41625,QADJOV,2,2
41626,DALGOO,2,2
41627,GUTTIZ,2,2
41628,IDIDAA,1,1
41629,ECEHUP,3,3
41630,REHXAD,2,2
41631,ARUKUU,3,3
41632,AHIWEU,2,2
41633,SAHBIP,2,2
41634,DEDPIN,3,3
41635,ZUFKIU,2,2
41636,AXIKAV,3,3
41637,JIWBOH,2,2
41638,XUGHAL,1,1
41639,ODOYUF,1,1
41640,EQANOC,1,1
41641,KIDFOS,3,3
41642,RAGSUO,3,3
41643,WIZVEG,3,3
41644,WOCPIQ,3,3
41645,MAMLET,2,2
41646,NUBRUZ,2,2
41647,ENAXNI,3,3
41648,ITUVOK,1,1
41649,SETFON,3,3
41650,YEXVEE,2,2
41651,BEQLAO,1,1
41652,CAHWIR,2,2
41653,VEPXOD,3,3
41654,YAPXOE,2,2
41655,VOPCIP,2,2
41656,VIVNOF,3,3
41657,IFOZEI,3,3
41658,FOVGUV,1,1
41659,ECINUA,3,3
41660,KIHNAQ,3,3
41661,QOPHEJ,3,3
41662,GUSDOO,3,3
41663,VOBZAN,2,2
41664,NAYXIV,1,1
41665,TINBIE,3,3
41666,EXEZUE,3,3
41667,WOFSUF,2,2
41668,RUZCEV,3,3
41669,SUQKIB,1,1
41670,PERYUJ,3,3
41671,EXUYOL,3,3
41672,JUQZUQ,1,1
41673,LEVVIS,3,3
41674,ISIXUG,1,1
41675,JEQSIL,1,1
41676,DISDIT,3,3
41677,WANZIY,1,1
41678,DAFLAY,3,3
41679,DACZEP,2,2
41680,RANQOO,3,3
41681,GEXPEG,3,3
41682,TAZYEA,3,3
41683,EYUNUJ,2,2
41684,KOWRAR,3,3
41685,MAMGUE,3,3
41686,ROHDAV,3,3
41687,MATFUL,1,1
41688,IBABUK,2,2
41689,UGUMOZ,3,3
41690,IDAKUX,1,1
41691,RETFON,3,3
41692,SERROW,1,1
41693,OROGAG,1,1
41694,JIVFID,1,1
41695,IXUZAC,2,2
41696,QOKDUQ,2,2
41697,DIBCUQ,1,1
41698,PYSCUA,3,3
41699,TOXWAH,1,1
41700,CESFUD,3,3
41701,OWUKOH,2,2
41702,HALTET,2,2
41703,FUVKEO,1,1
41704,RAKPIC,3,3
41705,KOCXOS,3,3
41706,QUQKAQ,3,3
41707,MAZQUD,1,1
41708,ORUCAG,3,3
41709,IJETOJ,1,1
41710,UQAREK,3,3
41711,JOBLOC,2,2
41712,FERKOE,3,3
41713,ZEJQOX,3,3
41714,ZULGAR,1,1
41715,JELYEI,1,1
41716,LILPIH,2,2
41717,EYEXUB,2,2
41718,DOSSAH,3,3
41719,ZIYYAK,3,3
41720,BAYBIP,2,2
41721,PEXKUB,3,3
41722,MALXED,3,3
41723,ZIZKAX,1,1
41724,HIRXUE,1,1
41725,NOCCOY,3,3
41726,QAHBAC,2,2
41727,BIXBUG,2,2
41728,UNAMOO,1,1
41729,FAJZOG,3,3
41730,IFETUJ,2,2
41731,YAQLOU,2,2
41732,SOHSAL,1,1
41733,LOVSEW,2,2
41734,BETCIP,2,2
41735,QALYIL,2,2
41736,NIDCEI,1,1
41737,WENYOD,2,2
41738,FIZHUT,3,3
41739,HINMIA,2,2
41740,NIHREB,3,3
41741,ZIRVIF,2,2
41742,WAHTUY,1,1
41743,YUKJUK,1,1
41744,QELROO,3,3
41745,OBUNIL,3,3
41746,HOPMIL,3,3
41747,NOPXOF,3,3
41748,HACFID,2,2
41749,JAMHOV,3,3
41750,LIVYUK,3,3
41751,IVEGUN,2,2
41752,WAPTOA,1,1
41753,WEYWIG,1,1
41754,POHBEW,2,2
41755,SEPKOP,2,2
41756,JIWMIP,1,1
41757,XORPEA,3,3
41758,GOLPAZ,3,3
41759,INEXOO,3,3
41760,EDUQAZ,1,1
41761,CODXEB,3,3
41762,EHOPEX,1,1
41763,VUDXOH,2,2
41764,UPAXER,1,1
41765,KUPMEN,2,2
41766,MEJYIN,1,1
41767,JATPAV,1,1
41768,PIYWOL,3,3
41769,MIRNIL,3,3
41770,AJETER,1,1
41771,PIBNEV,1,1
41772,BIBBAQ,1,1
41773,FELKEQ,1,1
41774,RIQTEQ,2,2
41775,IBUKIZ,2,2
41776,BOWWUH,2,2
41777,KACFAW,2,2
41778,FAGYAQ,3,3
41779,AQAHUV,3,3
41780,VUCVAR,3,3
41781,UVOZUB,2,2
41782,SERDEY,1,1
41783,MARVAC,3,3
41784,KARMIZ,2,2
41785,KOCYEG,2,2
41786,RIXSAS,3,3
41787,PUDDAW,1,1
41788,FULYOA,1,1
41789,BAQLUB,2,2
41790,SAWMUY,2,2
41791,HALLAI,1,1
41792,VUFWEA,3,3
41793,BICZUI,3,3
41794,FAXKEX,3,3
41795,RUFBIG,1,1
41796,BAPZOI,3,3
41797,VECSIG,1,1
41798,XIKSUJ,1,1
41799,GUBPEY,2,2
41800,WEXSOK,3,3
41801,SOVSIG,2,2
41802,JIPCEU,1,1
41803,DEHPEM,1,1
41804,QICSOL,2,2
41805,GENJAK,3,3
41806,PIMCIB,1,1
41807,AVETIE,2,2
41808,NUWFAN,3,3
41809,JEFJOU,3,3
41810,FOPGEZ,3,3
41811,JIMLUM,2,2
41812,TAMLUO,3,3
41813,HOWTES,2,2
41814,LAVSAC,2,2
41815,RUYPOQ,3,3
41816,UCEYAD,3,3
41817,FENZEH,1,1
41818,FIMZAC,2,2
41819,OSIPIR,3,3
41820,WEMSIU,1,1
41821,DANWEU,1,1
41822,TEPWAO,3,3
41823,UWEFAE,2,2
41824,QILWIR,2,2
41825,SATMIM,3,3
41826,DUBRUN,1,1
41827,QOLPEM,1,1
41828,CIXFAQ,1,1
41829,GAZTIM,3,3
41830,PIPPIQ,1,1
41831,XERROC,3,3
41832,GAPCUX,1,1
41833,VOFLUB,1,1
41834,HATPIE,1,1
41835,RALQAA,1,1
41836,MAWGAS,3,3
41837,AFIGEB,1,1
41838,COCHAH,1,1
41839,YIGYAS,1,1
41840,ENIDOX,1,1
41841,BAYTAA,1,1
41842,KAVFEV,3,3
41843,VAHHER,2,2
41844,SIDDES,1,1
41845,FIJMAP,2,2
41846,ECITIX,1,1
41847,WEPPOZ,1,1
41848,FIWWIV,1,1
41849,BAVWAY,2,2
41850,COQHEW,3,3
41851,ZISCAJ,1,1
41852,CIJQET,2,2
41853,DIBPAJ,1,1
41854,IPUSES,3,3
41855,BEJSEO,3,3
41856,OFIJOE,2,2
41857,TEDJOC,1,1
41858,RARWEO,2,2
41859,DUXMAK,1,1
41860,SOWNAU,1,1
41861,NIJWUY,2,2
41862,SIQMIP,2,2
41863,QEZGOS,2,2
41864,TOZNAX,2,2
41865,XEJGOM,1,1
41866,TEXDEJ,1,1
41867,PIVMAJ,3,3
41868,NAJZEH,1,1
41869,ZEHXIT,1,1
41870,ANUFEV,3,3
41871,WOXMUU,1,1
41872,FILGIQ,2,2
41873,UWILUK,1,1
41874,OGELUH,1,1
41875,MUSQUM,3,3
41876,SITNUG,2,2
41877,HAYROO,3,3
41878,QIWYAZ,2,2
41879,XAKGIZ,3,3
41880,QIWWOI,1,1
41881,ORESOU,3,3
41882,BUPBIY,1,1
41883,RIBWAD,3,3
41884,GUXMIX,3,3
41885,TOBKEB,2,2
41886,FAHMAD,3,3
41887,DURDUQ,3,3
41888,TEWLUC,2,2
41889,EGUNEA,1,1
41890,FURHIJ,1,1
41891,CBPPRH,2,2
41892,DOHKAQ,1,1
41893,HURKOV,2,2
41894,SEJHIA,2,2
41895,CEBNON,3,3
41896,LOKXAN,3,3
41897,WOSKUM,3,3
41898,MUMGUW,2,2
41899,IVUSOJ,2,2
41900,SIGHOG,3,3
41901,ERUMOW,1,1
41902,KIKZOX,1,1
41903,YAHPUT,3,3
41904,TUZYES,3,3
41905,XAHBIS,2,2
41906,QABFIM,1,1
41907,YOJREU,2,2
41908,HEPFIS,3,3
41909,WUCFEF,3,3
41910,VAWSIY,3,3
41911,XIFZAN,2,2
41912,PAZVUI,3,3
41913,CISWAD,3,3
41914,HISFOG,1,1
41915,EFIBOO,1,1
41916,DUNHEC,1,1
41917,VOFGED,2,2
41918,EJOTOM,2,2
41919,LIGNOE,2,2
41920,KOJRUZ,1,1
41921,NILTUZ,3,3
41922,LUSQUM,3,3
41923,DOGDUA,1,1
41924,SESGED,2,2
41925,LUZTIK,3,3
41926,OLORIR,2,2
41927,MADXUM,2,2
41928,RANGEV,3,3
41929,TUVQIN,1,1
41930,IWUFOW,2,2
41931,JOTQOA,3,3
41932,RATCEV,3,3
41933,RUVDOD,3,3
41934,NOZDAJ,2,2
41935,GAYXAF,2,2
41936,EBUFIQ,1,1
41937,QUVZOX,3,3
41938,XEJNEG,3,3
41939,ZULVOR,1,1
41940,JIJPEX,3,3
41941,BOQHEW,3,3
41942,JIVGAX,2,2
41943,ZIGNIM,2,2
41944,SIRMUD,3,3
41945,UZIWAE,1,1
41946,OJEYOU,1,1
41947,ZELDEB,2,2
41948,XAWPOE,1,1
41949,ABUSEW,3,3
41950,REVVET,2,2
41951,XETDUV,1,1
41952,BAPSET,1,1
41953,MELJOF,2,2
41954,CIWRAD,2,2
41955,VAJWIP,3,3
41956,FORFAW,3,3
41957,QAQBIV,2,2
41958,IGOLUL,2,2
41959,WAHVOU,1,1
41960,WAFCUF,1,1
41961,TOGMEH,3,3
41962,ZIZJID,3,3
41963,QAHTIE,2,2
41964,RELYUE,2,2
41965,JOPTOA,2,2
41966,ICUNOL,2,2
41967,CAJGAW,2,2
41968,SIHBEU,1,1
41969,JOSHAA,3,3
41970,FAVWUV,2,2
41971,BEFLIH,3,3
41972,SIBWAD,3,3
41973,BEVHUG,2,2
41974,PEDQOI,1,1
41975,OGIHOB,2,2
41976,XUTJOM,1,1
41977,RUDMAF,2,2
41978,TUYLOR,1,1
41979,RINXET,3,3
41980,YETFAF,3,3
41981,QUSPUQ,2,2
41982,WEVCEF,3,3
41983,JASYEI,1,1
41984,PANNID,2,2
41985,ROGZUM,1,1
41986,VAKCET,1,1
41987,JIYTIW,3,3
41988,EWEDOA,3,3
41989,CIGMEM,3,3
41990,DESGOX,1,1
41991,AQOMEZ,3,3
41992,DAPSUK,1,1
41993,ADEBET,3,3
41994,UNEYOD,3,3
41995,OHUYUL,2,2
41996,KESVUC,3,3
41997,JANVUQ,2,2
41998,JETMAX,2,2
41999,CUJHIA,3,3
42000,LIYXAT,3,3
42001,MEBFUW,2,2
42002,PUCQUC,1,1
42003,XODRIS,2,2
42004,UFOXUM,1,1
42005,XEBCEN,1,1
42006,AKOSID,1,1
42007,LAWNEE,3,3
42008,BEQQUL,3,3
42009,TOMHIN,2,2
42010,RUYGAW,1,1
42011,DEFGIF,3,3
42012,JAKKAI,1,1
42013,PUJSOC,3,3
42014,COXQEN,2,2
42015,TEXMAK,1,1
42016,GAZDAM,2,2
42017,CATQOF,3,3
42018,JOMPAC,2,2
42019,FODCIK,1,1
42020,FUWPOD,1,1
42021,MOGNIH,1,1
42022,SINVIX,3,3
42023,KOBTEB,3,3
42024,REYLEN,2,2
42025,RINSUE,3,3
42026,VITYON,3,3
42027,JADQOX,3,3
42028,QOBYAI,3,3
42029,XOQROM,3,3
42030,HIKHUG,3,3
42031,TOLRER,3,3
42032,DIDSOB,2,2
42033,PAHCEK,1,1
42034,GELYUU,3,3
42035,GIXTEM,2,2
42036,QADBAC,1,1
42037,QONFOQ,2,2
42038,EFILOW,1,1
42039,YOQBIQ,3,3
42040,BIDHED,2,2
42041,KEMLAQ,3,3
42042,ETCHNI,3,3
42043,BOTKUT,2,2
42044,KANVUQ,3,3
42045,EKOXOR,1,1
42046,QUKYEC,2,2
42047,FEKNUF,2,2
42048,NAFYUP,3,3
42049,NARFAP,2,2
42050,ULASUW,3,3
42051,CUFKUM,1,1
42052,SEZBUV,2,2
42053,TUWKIF,3,3
42054,SACKAL,3,3
42055,ATUQOV,2,2
42056,OZUXUD,2,2
42057,SAYVOE,2,2
42058,XEKTEO,2,2
42059,MIYXAT,2,2
42060,XETHOU,3,3
42061,TEDTIG,3,3
42062,NIYQAR,1,1
42063,XEWTAU,3,3
42064,HUFCUG,2,2
42065,ZUQBES,2,2
42066,HORWUG,1,1
42067,EYOPEP,3,3
42068,UWOMAX,1,1
42069,UMOFUX,2,2
42070,AFOJEN,3,3
42071,JODYIM,2,2
42072,ATENET,1,1
42073,XUHCOV,1,1
42074,OGAPUJ,3,3
42075,BOGJIR,1,1
42076,AYOLAC,2,2
42077,KADQOX,3,3
42078,TAKVUY,3,3
42079,SAWHEG,1,1
42080,XULQOL,3,3
42081,SIZBOV,2,2
42082,HIJWEF,2,2
42083,POWGOX,3,3
42084,BOFLUE,2,2
42085,DIWWOY,3,3
42086,WOMSUO,2,2
42087,TEBYEH,3,3
42088,VUGDOT,1,1
42089,RAQKED,1,1
42090,SECHEN,2,2
42091,MUDKOO,1,1
42092,QUBWIT,1,1
42093,PAKVAA,1,1
42094,MITMEL,1,1
42095,YOKVOM,2,2
42096,SUVDAO,1,1
42097,FOLYEL,1,1
42098,GAFXUK,1,1
42099,HEHTAP,3,3
42100,XIBQAA,1,1
42101,HOVGOQ,3,3
42102,KIVRUE,1,1
42103,GIXHUQ,3,3
42104,GACLIF,2,2
42105,OJIVIM,2,2
42106,OXETUI,3,3
42107,RIDCOA,1,1
42108,PITKOU,3,3
42109,VUQDUI,3,3
42110,XOVROS,1,1
42111,EWULEN,2,2
42112,SADGUZ,2,2
42113,DURXIY,3,3
42114,REHNEA,2,2
42115,ZUYXIC,3,3
42116,QIVJIP,2,2
42117,GAQBAB,2,2
42118,MIYTUK,3,3
42119,KEHTIC,3,3
42120,KEKFIP,2,2
42121,OJENAS,2,2
42122,PEYLOU,3,3
42123,NAKKUF,3,3
42124,BUZNOB,3,3
42125,TORXUT,1,1
42126,VEWWEA,2,2
42127,LUGNOQ,2,2
42128,YEKHUS,3,3
42129,KIFFOV,1,1
42130,LERLEC,2,2
42131,MAJCOQ,3,3
42132,IVAWAD,3,3
42133,DAFMEF,3,3
42134,QAHDAE,2,2
42135,SIWWIF,3,3
42136,WETLOX,3,3
42137,WEMMOQ,3,3
42138,VONVUQ,2,2
42139,KIJNAT,2,2
42140,GUFGUJ,3,3
42141,VOCHAX,2,2
42142,TIVQIZ,2,2
42143,VEGFAP,3,3
42144,HOSXAR,1,1
42145,YUBFOS,3,3
42146,FOMDOA,2,2
42147,CEZWUC,3,3
42148,IXAFIX,2,2
42149,GELLOC,1,1
42150,DEJXEV,2,2
42151,QIDCEM,3,3
42152,KUWTEE,1,1
42153,XOSZAJ,1,1
42154,TIRQUG,1,1
42155,CIYBIV,2,2
42156,ZUJKIB,1,1
42157,KUVNIY,1,1
42158,NEXYIA,1,1
42159,GAXLOJ,3,3
42160,PENMON,3,3
42161,IJONAW,3,3
42162,DAMLAG,3,3
42163,BEGHAX,1,1
42164,UBUSEP,1,1
42165,POCJEW,3,3
42166,NEDLUE,2,2
42167,HIVWAK,2,2
42168,JOXPEU,1,1
42169,SUQMID,1,1
42170,HILJOB,1,1
42171,IBULAW,1,1
42172,RISLAI,3,3
42173,LOMYUJ,1,1
42174,BAHHEB,1,1
42175,UDABUZ,3,3
42176,COGDEI,2,2
42177,SAYQIT,3,3
42178,XABPEX,3,3
42179,AZOXUI,2,2
42180,EWIWUF,1,1
42181,QOZRIH,2,2
42182,ALIKOX,1,1
42183,OTULAR,2,2
42184,MOBHIU,3,3
42185,YUSJAX,1,1
42186,YUJKAQ,1,1
42187,TAPDOE,2,2
42188,KOBJOE,1,1
42189,CEYNEA,1,1
42190,TOMMUD,2,2
42191,KUVPAV,1,1
42192,BESKES,2,2
42193,WAMNIL,1,1
42194,XEKHUS,3,3
42195,ANUHEY,1,1
42196,QELRAD,2,2
42197,ETOGEA,2,2
42198,KOTHOT,1,1
42199,NIRNOT,2,2
42200,BAZDUB,1,1
42201,EHAGID,3,3
42202,VEBYOS,2,2
42203,YABYOR,2,2
42204,BECMAX,2,2
42205,JULSEO,2,2
42206,PIWLUG,1,1
42207,ASAPUF,3,3
42208,EFEDUP,1,1
42209,TIGZUE,3,3
42210,FOQQEH,3,3
42211,JOPHED,3,3
42212,DADPEE,2,2
42213,XUGLOC,3,3
42214,WENQUC,3,3
42215,RAMNIF,3,3
42216,HALNAK,1,1
42217,DIPLOG,3,3
42218,TIFLON,1,1
42219,QUWBAN,3,3
42220,JAHNUE,3,3
42221,YAQSUH,3,3
42222,MILJOH,3,3
42223,IFEKOW,3,3
42224,VECHES,1,1
42225,BOYWOC,1,1
42226,YICRUY,2,2
42227,DANRAN,2,2
42228,DEGVAN,2,2
42229,NENPOL,3,3
42230,WIPWIE,3,3
42231,VAQRIO,2,2
42232,ZELXOG,2,2
42233,GUTNOZ,3,3
42234,HUBJUJ,3,3
42235,IQEYUB,1,1
42236,YANSOY,2,2
42237,HUPQEP,2,2
42238,SUYKAZ,3,3
42239,GEKWOJ,3,3
42240,GAXGIV,3,3
42241,XETTID,1,1
42242,XIVNAS,3,3
42243,YUVPEK,1,1
42244,UGATON,3,3
42245,KARQAW,2,2
42246,WUMTAB,3,3
42247,RIQJUX,1,1
42248,WICVUC,2,2
42249,RABJOX,1,1
42250,BATDAB,2,2
42251,SOBKAX,3,3
42252,DIVZUE,3,3
42253,UHIMOQ,1,1
42254,DEPLUG,3,3
42255,YUYSES,3,3
42256,RIDZUZ,3,3
42257,SULBOQ,2,2
42258,HAYYEP,1,1
42259,ZAMJUW,1,1
42260,KOJLED,2,2
42261,NONREN,1,1
42262,XOZVAK,3,3
42263,CUDJER,3,3
42264,EDAYOY,2,2
42265,BOSROQ,2,2
42266,LUYTOQ,3,3
42267,ETICUI,1,1
42268,HOYHOS,2,2
42269,AROWIN,3,3
42270,ICOHOY,2,2
42271,COCJAJ,1,1
42272,QALZAE,1,1
42273,AGACAO,2,2
42274,RUHGOQ,3,3
42275,DAXWEF,3,3
42276,RUKLAK,2,2
42277,WUQZIT,1,1
42278,WEQDUS,3,3
42279,WIWRUQ,3,3
42280,NECBOM,2,2
42281,KUYDUF,3,3
42282,GEPGOZ,2,2
42283,CAYQEZ,3,3
42284,MORLAH,3,3
42285,OYOCEM,3,3
42286,YUGLOC,3,3
42287,XEDROP,3,3
42288,WONXOP,3,3
42289,VUKPEX,3,3
42290,RUYROS,1,1
42291,IBUGET,3,3
42292,BULNAZ,1,1
42293,WESPIW,3,3
42294,EVOVAP,1,1
42295,WUHKOA,1,1
42296,BUTWUK,3,3
42297,REYWEY,2,2
42298,CUJMAY,1,1
42299,ZIYDAM,1,1
42300,LIHXOR,3,3
42301,MOZVOP,1,1
42302,EDIZOH,1,1
42303,NOTJUE,1,1
42304,KABPAE,3,3
42305,XEWTUP,2,2
42306,YOQWEJ,3,3
42307,DAXKUM,1,1
42308,COFWUR,2,2
42309,PUNJIR,3,3
42310,ZAQMUC,3,3
42311,HOLFEV,2,2
42312,WOWPED,2,2
42313,OXAFAV,3,3
42314,AZULEO,2,2
42315,JUTCOQ,2,2
42316,WOLNIX,2,2
42317,WUSBAO,2,2
42318,QESGUQ,1,1
42319,YIFFIC,2,2
42320,WODJOO,2,2
42321,YOCYOF,3,3
42322,TUJSOI,3,3
42323,XANFUO,3,3
42324,XEPFII,1,1
42325,PEMSOP,1,1
42326,YEXKET,2,2
42327,HIJPUM,1,1
42328,DURFUS,3,3
42329,GIJVOL,2,2
42330,KUNYEA,1,1
42331,WIGDUN,3,3
42332,QAYMEI,2,2
42333,JAGZUP,3,3
42334,FILBOU,3,3
42335,IZICOJ,1,1
42336,QINZAQ,2,2
42337,QEHLAS,3,3
42338,NEVLEH,3,3
42339,KUGWIV,1,1
42340,ODUKEF,2,2
42341,CPAZCO,2,2
42342,VASZEW,2,2
42343,KELSEB,2,2
42344,FUJMUV,1,1
42345,DIXVAH,3,3
42346,HAXZEM,3,3
42347,GILWUT,1,1
42348,BUXCIJ,1,1
42349,PEPWOY,2,2
42350,AMAXES,2,2
42351,OTUWAE,1,1
42352,ZUJWOS,2,2
42353,MULTIX,3,3
42354,MIXGEG,3,3
42355,BAGGEW,1,1
42356,DEMCEH,1,1
42357,SOQHEM,3,3
42358,OCODER,2,2
42359,DUDXEI,1,1
42360,LABKIK,2,2
42361,SODXEO,3,3
42362,COJTII,1,1
42363,JUJLAB,1,1
42364,UKOQIV,1,1
42365,TIKWER,3,3
42366,RINZIB,1,1
42367,NESJEB,3,3
42368,TADLOZ,1,1
42369,BEFNIJ,2,2
42370,POYRAY,3,3
42371,NEVROX,1,1
42372,JUDBOC,1,1
42373,NOBTEH,1,1
42374,MIKHUM,2,2
42375,ECUTUS,2,2
42376,GIXSUF,1,1
42377,OGANIW,1,1
42378,QIGZAJ,1,1
42379,VOFYUM,3,3
42380,QOZGES,3,3
42381,VUCDED,2,2
42382,MOXNET,2,2
42383,NOLMIL,3,3
42384,FORDAU,3,3
42385,PESGUQ,3,3
42386,ESIHUJ,3,3
42387,VIBGIY,3,3
42388,IPORAH,1,1
42389,WATFUU,3,3
42390,TOJMAH,1,1
42391,ETOBOF,3,3
42392,NUXPAY,2,2
42393,ITAVAA,3,3
42394,QIHPIG,3,3
42395,SECTAW,3,3
42396,HIBVIA,2,2
42397,ZARDAB,1,1
42398,HAJDIJ,1,1
42399,VOVCAM,3,3
42400,OSEJAY,3,3
42401,MADZUO,3,3
42402,AGEFAX,1,1
42403,MOTCUT,3,3
42404,POLKIN,3,3
42405,BOCFUU,1,1
42406,QEWPIV,1,1
42407,FEMJEN,1,1
42408,LIXGEG,1,1
42409,BUJJEW,3,3
42410,JUPVEY,1,1
42411,MUXYOT,3,3
42412,PIQZUK,2,2
42413,QUZPOS,2,2
42414,XANJOL,2,2
42415,TIQMAI,2,2
42416,KISZAR,1,1
42417,IYULET,3,3
42418,PAKSEZ,3,3
42419,FAHZUL,2,2
42420,LUFMUU,1,1
42421,QEGZUA,2,2
42422,TOLPEP,2,2
42423,NSMPCU,3,3
42424,CUDXUV,3,3
42425,OMEGAR,1,1
42426,HAMTAT,3,3
42427,XILCEE,1,1
42428,SOTWEE,3,3
42429,WUQJAT,1,1
42430,OCOZAI,3,3
42431,SEKPIK,2,2
42432,EREPIC,2,2
42433,FAWJIA,1,1
42434,QUSNEX,2,2
42435,LIFTUT,1,1
42436,INEJER,1,1
42437,VAYFEG,2,2
42438,EKEXID,2,2
42439,NEHJOZ,2,2
42440,ZOWMOP,2,2
42441,TIRFOS,1,1
42442,XOSTUW,2,2
42443,RUMZUU,2,2
42444,XOPFUD,3,3
42445,XAMHIC,3,3
42446,AWIYUC,3,3
42447,VENHUV,1,1
42448,MEBDUU,2,2
42449,ZOJPAP,1,1
42450,KOTHUZ,1,1
42451,BUSYUM,1,1
42452,ZIYCIW,3,3
42453,LILJAT,2,2
42454,HIBQAL,2,2
42455,BEHYEV,3,3
42456,YEXLOF,2,2
42457,DIHPIW,2,2
42458,HUPFII,3,3
42459,DAXYEI,2,2
42460,QUMXEB,1,1
42461,PEQMOQ,2,2
42462,XARXUN,1,1
42463,IXUGOY,1,1
42464,IYUGUE,3,3
42465,FARBEG,2,2
42466,BOGZUW,1,1
42467,NUTQIE,2,2
42468,PAQKUQ,2,2
42469,SUXHOL,1,1
42470,PIXVAX,1,1
42471,VUJZAD,1,1
42472,GIGZII,3,3
42473,YETJOW,2,2
42474,SUSPED,3,3
42475,IFAYAQ,1,1
42476,OFABIH,2,2
42477,JOZMIU,3,3
42478,AKILAJ,3,3
42479,GUWROF,3,3
42480,CEMFIJ,2,2
42481,HUJLEE,2,2
42482,PASZUH,3,3
42483,KOXBAC,2,2
42484,ULOTIZ,2,2
42485,NIDWAY,2,2
42486,LOJPEG,3,3
42487,VUDTOE,2,2
42488,MAXDUN,2,2
42489,NOHCUI,3,3
42490,RODFAT,2,2
42491,LINLAW,2,2
42492,MOZFEO,2,2
42493,LOQYIA,2,2
42494,ZIHDUR,1,1
42495,LEHMAO,3,3
42496,VEMVAM,2,2
42497,CEKWUN,1,1
42498,BOFNUG,3,3
42499,TUTKOK,3,3
42500,TASZAP,3,3
42501,FEMTAU,3,3
42502,GECJIH,2,2
42503,IXAMAX,3,3
42504,REJJEW,3,3
42505,ZALGUR,2,2
42506,MEMBIP,3,3
42507,COGZUW,3,3
42508,HIQBAM,2,2
42509,CEHNEL,3,3
42510,VICMOM,3,3
42511,YOLMAO,3,3
42512,YAKYUG,2,2
42513,CICDIC,3,3
42514,RUMXON,1,1
42515,TEYBOP,3,3
42516,HIZZIZ,3,3
42517,BAKDUO,3,3
42518,BAFTOU,3,3
42519,SOSPAU,3,3
42520,SAYZAT,1,1
42521,ACUJEP,3,3
42522,LEQRII,1,1
42523,WUSBOD,2,2
42524,ZOZFAX,3,3
42525,GUHRUW,2,2
42526,EQULUY,1,1
42527,DOWBEX,2,2
42528,ULAQUU,3,3
42529,INUWUK,2,2
42530,YIDWEN,2,2
42531,IBAZES,2,2
42532,MILJAT,3,3
42533,KACDOI,2,2
42534,MAYBIY,3,3
42535,CUJXUD,1,1
42536,BATTIB,3,3
42537,HEHFEF,2,2
42538,KOWHIN,3,3
42539,MPYPZN,3,3
42540,XOQRUT,1,1
42541,DIDFOM,3,3
42542,FAHMUA,1,1
42543,FOSNEI,2,2
42544,RIVFOR,2,2
42545,MEHZAB,3,3
42546,VAWHIN,3,3
42547,TATVUF,3,3
42548,ICIGUY,2,2
42549,VIRFEH,2,2
42550,KUSCAD,1,1
42551,FUNSOX,1,1
42552,DIQVOO,2,2
42553,MTCPZB,3,3
42554,NIBMOD,3,3
42555,XIVGER,2,2
42556,NUZCUG,2,2
42557,AYAGIQ,3,3
42558,OGAPOD,3,3
42559,OFOKAX,3,3
42560,TIDSOO,2,2
42561,BAZTIG,3,3
42562,GAZQAB,2,2
42563,GUPPUC,2,2
42564,DOSWAL,2,2
42565,EBEYUI,3,3
42566,TOQHUE,2,2
42567,APBXCO,2,2
42568,KIPFOE,3,3
42569,VAVRER,3,3
42570,QAJLUL,3,3
42571,SEZLAK,3,3
42572,SAPSIM,3,3
42573,WOJDOR,1,1
42574,VUGDUZ,1,1
42575,BEXHAP,3,3
42576,ATAGIM,3,3
42577,ZEYDUF,2,2
42578,XALREH,1,1
42579,ADUHOY,2,2
42580,WOKNER,3,3
42581,TOWGAN,2,2
42582,AXENEZ,1,1
42583,GIMMUK,2,2
42584,YELJUX,3,3
42585,AGAZAM,1,1
42586,RURMOI,2,2
42587,UDALAP,3,3
42588,MOZHIT,3,3
42589,VOVDIW,1,1
42590,NUNBIH,2,2
42591,HUWVOK,2,2
42592,CIBWOB,3,3
42593,YOHSUJ,3,3
42594,YOFQOC,2,2
42595,LIBFUY,2,2
42596,IROXIZ,1,1
42597,LACQIT,1,1
42598,SEKYAI,2,2
42599,YUPVUA,1,1
42600,PHNOMO,2,2
42601,LAQFOY,3,3
42602,QOMFIK,2,2
42603,LULDAX,1,1
42604,NUZHEV,2,2
42605,URIFUZ,1,1
42606,UHIMAZ,3,3
42607,OBEFUY,3,3
42608,KOTJOV,1,1
42609,XOTVOR,3,3
42610,WUSRIO,1,1
42611,OCIWON,3,3
42612,ONACOY,1,1
42613,TAPHAT,3,3
42614,YODYAS,3,3
42615,NEGWEE,3,3
42616,MOCGEQ,3,3
42617,ROXQEC,2,2
42618,CAMLEJ,1,1
42619,KEQRUU,3,3
42620,HIZJOQ,3,3
42621,HECWES,3,3
42622,ZEKQIP,3,3
42623,PATQEG,3,3
42624,OVUMOK,1,1
42625,DIVCUG,2,2
42626,NAFPET,1,1
42627,AJIBUR,3,3
42628,MILCIV,2,2
42629,BIFROB,1,1
42630,OXAFOJ,2,2
42631,MIJNEY,3,3
42632,YUDYEB,1,1
42633,QOKRIR,3,3
42634,IJEYED,2,2
42635,CIRXAC,2,2
42636,HESXIM,2,2
42637,ERAPUI,2,2
42638,BEGDOI,1,1
42639,CIDTOA,3,3
42640,VIVJOB,3,3
42641,QAWZIB,1,1
42642,EDOGIO,3,3
42643,KAJMEO,3,3
42644,DIJQOE,1,1
42645,WAPHIG,3,3
42646,JAFLAG,1,1
42647,ALIYIF,2,2
42648,NAKRAV,3,3
42649,AGIBUN,3,3
42650,HOXBIG,3,3
42651,AJOZAC,3,3
42652,ROFGEY,3,3
42653,RALMEX,3,3
42654,GELNOA,3,3
42655,GATFAJ,1,1
42656,NOMGOO,1,1
42657,TEBPUL,2,2
42658,FIHYIF,3,3
42659,WUHGUB,3,3
42660,LULCEA,1,1
42661,WOQSIE,3,3
42662,JOXREV,3,3
42663,MAZWOZ,2,2
42664,NODRUT,2,2
42665,WEFKUQ,3,3
42666,MAYKAZ,2,2
42667,NEKFEO,2,2
42668,JUNYIC,1,1
42669,SEJMAX,3,3
42670,BEBWUC,1,1
42671,WEDXOS,2,2
42672,DAFQOU,1,1
42673,KULXOF,3,3
42674,DICSUD,2,2
42675,IBTCNI,1,1
42676,PORJEL,3,3
42677,LOPTEQ,2,2
42678,PETLIK,3,3
42679,VIMDEC,3,3
42680,EVIBOC,3,3
42681,OMANUL,2,2
42682,YUFXAY,1,1
42683,YIMNIU,3,3
42684,YAVJUB,2,2
42685,QAGBEG,2,2
42686,GUYGUC,3,3
42687,DEYGIX,1,1
42688,UNEYUK,1,1
42689,DAJWOD,2,2
42690,MAZGIF,2,2
42691,TEJXEM,2,2
42692,TIJDOF,2,2
42693,RAHTUR,3,3
42694,BESBUA,1,1
42695,YITFAI,2,2
42696,CAWCUZ,2,2
42697,WANYOZ,3,3
42698,JINGOD,3,3
42699,HOHFUI,2,2
42700,GUQDUR,2,2
42701,RALMEY,2,2
42702,EPULOS,2,2
42703,OPEKAX,3,3
42704,UVOVUY,2,2
42705,ODAFAC,1,1
42706,RAJPOJ,3,3
42707,ACISOU,2,2
42708,XIWSEC,1,1
42709,FAKJOR,2,2
42710,ZEZSII,2,2
42711,BUDDEK,2,2
42712,XOFQOB,1,1
42713,OFAKAK,2,2
42714,NOZSUT,1,1
42715,ADIXOA,1,1
42716,ABUFIM,2,2
42717,FIXJUR,3,3
42718,QELNIH,2,2
42719,DASFIQ,1,1
42720,BOMHUI,3,3
42721,SAJNEZ,2,2
42722,CIQJAQ,3,3
42723,KIVBIA,3,3
42724,OXAHAX,3,3
42725,ABIQOR,1,1
42726,RIJHEZ,3,3
42727,CIVMEA,3,3
42728,XUWSIT,1,1
42729,EZEQOS,1,1
42730,SAWTOC,3,3
42731,IRESEE,1,1
42732,VAVRES,3,3
42733,YAMFEY,3,3
42734,PAGBEG,3,3
42735,AMAHOM,2,2
42736,SEBBUA,1,1
42737,VAQYUK,2,2
42738,LADFIF,1,1
42739,LEWVOZ,3,3
42740,EBOYIG,3,3
42741,YEZTEC,3,3
42742,XUHCUY,2,2
42743,HUVKEP,2,2
42744,DEZPUV,3,3
42745,BOWNOR,1,1
42746,XIVGES,1,1
42747,VIRFEI,2,2
42748,VOMFUA,3,3
42749,XODYAR,2,2
42750,VIXSAX,3,3
42751,VAWHIO,1,1
42752,KUFSAG,2,2
42753,XETHUZ,2,2
42754,WIXHUJ,1,1
42755,SIBLAR,3,3
42756,RERHEB,1,1
42757,NELXOV,1,1
42758,TOTBAF,2,2
42759,NAQFET,2,2
42760,RURTAA,3,3
42761,EGUKOG,3,3
42762,JUGGAW,1,1
42763,HIXLOS,2,2
42764,GELGEJ,2,2
42765,NIZFEL,1,1
42766,GESLOJ,1,1
42767,QIBBEM,1,1
42768,SOJVES,3,3
42769,XIWTAZ,2,2
42770,WUBBUQ,3,3
42771,VOVDIV,3,3
42772,XUBDOP,3,3
42773,WEYBEJ,3,3
42774,TEFYAE,2,2
42775,WEZPEY,3,3
42776,TOKPEO,1,1
42777,SOWNUQ,2,2
42778,QENXOW,2,2
42779,XEDRAZ,1,1
42780,YONBIO,3,3
42781,MUFXOB,1,1
42782,HETVEI,1,1
42783,NOWSIE,1,1
42784,RIMQIR,1,1
42785,QORCOQ,2,2
42786,XUVNAF,2,2
42787,DUKBER,3,3
42788,MAZNAD,1,1
42789,FOFYAD,3,3
42790,MEBFOO,3,3
42791,KARQOJ,3,3
42792,PUYBOA,1,1
42793,YIHZUO,1,1
42794,JADMEK,1,1
42795,WEJMUW,2,2
42796,WIXJOF,3,3
42797,TIVVUS,2,2
42798,LIWCOL,2,2
42799,XORKEW,1,1
42800,MUQYON,2,2
42801,KUHMIM,1,1
42802,QODXAI,3,3
42803,TUTRAC,3,3
42804,HOVPUD,3,3
42805,AJAJED,1,1
42806,WIWPAW,3,3
42807,HUYVOO,2,2
42808,UDOBOG,1,1
42809,FODSUO,3,3
42810,MUCGAV,1,1
42811,BIXSOT,2,2
42812,NASKUQ,1,1
42813,GAKTEU,3,3
42814,KAMFUA,3,3
42815,JIXROX,1,1
42816,CIFGUU,2,2
42817,XAHNIH,1,1
42818,YIDWEO,3,3
42819,LIPCOE,2,2
42820,BENMEN,3,3
42821,AKETIU,3,3
42822,WODJAE,1,1
42823,LUYDEO,3,3
42824,KUMREQ,2,2
42825,BUXJOU,2,2
42826,IPOPUY,2,2
42827,FEQHUE,2,2
42828,APOQUU,1,1
42829,LOGRAD,2,2
42830,KILFIV,3,3
42831,HATNUN,2,2
42832,QEHBAJ,2,2
42833,DEFKEI,1,1
42834,UTANOU,2,2
42835,ILUMUX,2,2
42836,WELLOO,1,1
42837,APOSON,2,2
42838,PAMNOH,2,2
42839,TUGXOK,2,2
42840,NURKEQ,3,3
42841,KIYXEX,3,3
42842,BAGYAM,2,2
42843,ABEWOT,2,2
42844,SADYEE,3,3
42845,HAZYUF,3,3
42846,POQQOB,1,1
42847,YATGEG,1,1
42848,PIVQER,2,2
42849,QARBAQ,1,1
42850,DUGMOI,1,1
42851,ZAVFIN,2,2
42852,HABWAM,1,1
42853,ITETIM,1,1
42854,LOFHOG,2,2
42855,CIJTOE,3,3
42856,BUVSAN,3,3
42857,WIQSAT,3,3
42858,AQODUH,3,3
42859,TUYNOQ,1,1
42860,BICDIB,2,2
42861,IHOFER,3,3
42862,ZUDNOB,1,1
42863,RINZEW,1,1
42864,PUMFOS,2,2
42865,CAFTOT,3,3
42866,NABKOR,1,1
42867,KEKMAQ,2,2
42868,XOWQUV,2,2
42869,EQEMUJ,3,3
42870,CISRIJ,1,1
42871,SOGJII,3,3
42872,PIXXOJ,3,3
42873,UKEDAR,2,2
42874,AVAJIS,1,1
42875,BOMMIC,3,3
42876,WERXUN,2,2
42877,QUNJEP,1,1
42878,VALJUO,3,3
42879,WEKYUG,2,2
42880,CAPVOE,3,3
42881,WICTAE,3,3
42882,DIHPIV,2,2
42883,NAHGEJ,1,1
42884,YAHNIH,3,3
42885,TUPPEZ,2,2
42886,XIQGEM,3,3
42887,DPPTFE,2,2
42888,BUGFAL,3,3
42889,LEFCOO,2,2
42890,ESANES,2,2
42891,GIZYOG,3,3
42892,HAKLUD,3,3
42893,WADKOE,3,3
42894,XUJWIJ,2,2
42895,SIFYIR,3,3
42896,ODOVIQ,1,1
42897,ROMVIY,3,3
42898,REMMOM,2,2
42899,NAMQOH,2,2
42900,NOJKUS,3,3
42901,GOYNUD,2,2
42902,VOWPEE,2,2
42903,QIGZAK,2,2
42904,ZUTHEB,3,3
42905,WOLKUD,1,1
42906,QAHVIF,2,2
42907,SOXCUF,2,2
42908,SEKNON,2,2
42909,LIPDEW,3,3
42910,NULSES,1,1
42911,RINTEO,1,1
42912,KUBXAH,3,3
42913,QECFUB,2,2
42914,UMOXID,2,2
42915,GAWJET,2,2
42916,ADUFOW,3,3
42917,XUWTAN,1,1
42918,OQOYUP,2,2
42919,SOGMAD,1,1
42920,WILGIJ,2,2
42921,CILPET,2,2
42922,REDXUW,3,3
42923,QASCUK,3,3
42924,KISTAK,3,3
42925,TOTRIF,3,3
42926,QONDAY,3,3
42927,VIHLEF,2,2
42928,VIQMEO,3,3
42929,KUDWUC,3,3
42930,RATVEO,3,3
42931,TEBKOC,2,2
42932,EDOGEM,1,1
42933,NOCPAZ,2,2
42934,GUJMUW,1,1
42935,FEJVUM,3,3
42936,JOZQUK,3,3
42937,FOZGAE,3,3
42938,MOLTOW,3,3
42939,VOCDAT,3,3
42940,WEWROG,2,2
42941,FOLKOG,3,3
42942,IPORAI,3,3
42943,UCAWIE,2,2
42944,FAHCUO,3,3
42945,FIJFIQ,3,3
42946,FILBOT,3,3
42947,VOXTAD,2,2
42948,UNOGOW,1,1
42949,JEYZIW,2,2
42950,IZICOK,3,3
42951,VAQBOE,2,2
42952,DAWDAK,1,1
42953,PEBGOS,3,3
42954,ZENWEX,3,3
42955,YAPKAF,1,1
42956,NINPUZ,1,1
42957,ACIDAS,2,2
42958,QIXXAA,1,1
42959,BIPNIA,2,2
42960,FIYROV,2,2
42961,MAKBAD,1,1
42962,EZUYIH,3,3
42963,UWUKOP,1,1
42964,BEQFAE,3,3
42965,AXIXOU,2,2
42966,URUMOL,1,1
42967,LADFEE,2,2
42968,TOXMEA,3,3
42969,UCUSIW,2,2
42970,IHEZEB,2,2
42971,JEFJUZ,1,1
42972,NUCYOA,1,1
42973,DUSPOY,1,1
42974,VOXMOM,3,3
42975,PEGHES,1,1
42976,ZICLUS,3,3
42977,UJOVUM,2,2
42978,OBOHIX,2,2
42979,MACVAO,2,2
42980,PALSIF,1,1
42981,LOGBIS,3,3
42982,WUXSAL,2,2
42983,HAJVUL,3,3
42984,UCOGOK,1,1
42985,XUTJUU,1,1
42986,LOLTOW,3,3
42987,XEJROT,2,2
42988,RECTAV,3,3
42989,CUKPIJ,3,3
42990,ALIGOT,2,2
42991,KAMCEH,3,3
42992,ZIBJID,2,2
42993,QENTUC,1,1
42994,HAMJEN,3,3
42995,WOZRAG,3,3
42996,LOQWIX,2,2
42997,NEWHAZ,3,3
42998,DEXDEQ,2,2
42999,QISGOP,3,3
43000,OXECAW,2,2
43001,EHAKIH,3,3
43002,DOFYEC,1,1
43003,SUCTUI,1,1
43004,FOMVEJ,2,2
43005,YUGLOB,3,3
43006,IDOZAE,1,1
43007,TIJTEN,2,2
43008,YADFIV,1,1
43009,HICGUZ,1,1
43010,ZITFEN,2,2
43011,SUSPIF,2,2
43012,FAYVUZ,3,3
43013,IBEHIK,1,1
43014,BOSKAY,3,3
43015,MUJGOQ,1,1
43016,LISVES,1,1
43017,MUSHAK,2,2
43018,CAJKOP,2,2
43019,JANMUG,2,2
43020,MODNAX,3,3
43021,RABHUB,1,1
43022,ZAXZUT,2,2
43023,CIXSAH,1,1
43024,IMAWIE,2,2
43025,IVARIJ,1,1
43026,ZOQBUF,2,2
43027,BIPKUK,1,1
43028,TEPBAV,1,1
43029,HERKAQ,2,2
43030,LIYZOK,3,3
43031,NIWTIY,2,2
43032,SUQXEI,3,3
43033,POZWAF,1,1
43034,NELQIH,3,3
43035,XACCUB,3,3
43036,TEQFEE,1,1
43037,VECQID,1,1
43038,QUCHON,1,1
43039,XIXGIU,3,3
43040,QUNXUT,3,3
43041,CIJCAC,3,3
43042,HADJEB,2,2
43043,ICEXUK,3,3
43044,IMAPOC,2,2
43045,ROBROP,3,3
43046,CAHDEY,1,1
43047,VIQZEB,2,2
43048,TOHGUU,2,2
43049,PABZAV,2,2
43050,DINDEL,3,3
43051,OBEZIG,3,3
43052,VAKDUI,2,2
43053,HOCKIT,1,1
43054,NIMYAL,3,3
43055,SAZJUA,2,2
43056,MITFAY,2,2
43057,ODADUS,3,3
43058,TIHBAN,3,3
43059,CBPPHG,3,3
43060,MELXIN,3,3
43061,LICWEA,2,2
43062,MADVAQ,2,2
43063,AJEVEQ,2,2
43064,MUYTOP,2,2
43065,ICAXIV,3,3
43066,LATNOJ,1,1
43067,ZEVLIZ,1,1
43068,VIFLEC,3,3
43069,NIPMEF,2,2
43070,SOCXEP,1,1
43071,KAZKON,3,3
43072,QUNCAF,2,2
43073,UDIMUP,2,2
43074,XIQYAA,3,3
43075,CIJXUQ,3,3
43076,RATXIT,1,1
43077,HUWQEX,2,2
43078,SAYZOI,3,3
43079,FUVQAQ,1,1
43080,JIZXUO,2,2
43081,CEDQEI,3,3
43082,MIYCAB,3,3
43083,QAWCIA,2,2
43084,VILNAH,1,1
43085,GIPKAS,1,1
43086,XAWPUJ,2,2
43087,PEWWOF,2,2
43088,GOMVEJ,3,3
43089,DUFYAE,3,3
43090,DENMUF,1,1
43091,JADHUU,1,1
43092,ROLROB,3,3
43093,COJJAP,3,3
43094,IMUCOK,2,2
43095,BATDAC,1,1
43096,YAXFOS,3,3
43097,JIHHUD,2,2
43098,XAFRUR,2,2
43099,MEJLIW,1,1
43100,CIRHIU,2,2
43101,SURDIV,1,1
43102,QIRFUV,3,3
43103,SOYWUA,1,1
43104,ISIRUZ,2,2
43105,GEQSOK,3,3
43106,UCARUO,3,3
43107,MURROH,3,3
43108,LIZJUC,3,3
43109,OKARAU,2,2
43110,XOPZIM,3,3
43111,BAVNUH,2,2
43112,FUQHOQ,2,2
43113,KAKGAE,2,2
43114,KAFYUL,1,1
43115,ITOHIJ,2,2
43116,MAYKOQ,1,1
43117,VUKYOS,1,1
43118,IFELIP,3,3
43119,SINHUS,3,3
43120,IVERUW,3,3
43121,EYUSUM,1,1
43122,NIFDUF,1,1
43123,PUXZUE,2,2
43124,EHEBIE,3,3
43125,CAGRIM,2,2
43126,MIJLEZ,3,3
43127,EHUFUJ,3,3
43128,XUFVUS,1,1
43129,DAMLAF,2,2
43130,LADJEH,2,2
43131,FOBPOB,2,2
43132,YOZZAP,2,2
43133,MAQDOZ,3,3
43134,UNEGEB,2,2
43135,GOKGOC,2,2
43136,SEQXES,2,2
43137,QAJBAG,1,1
43138,JUBZOV,3,3
43139,ITUGOV,3,3
43140,PIMTEM,1,1
43141,BEWYEH,3,3
43142,FUQTIW,2,2
43143,RUKPES,2,2
43144,KEFCIJ,3,3
43145,FODMEQ,3,3
43146,NABWEW,1,1
43147,SEGMEX,3,3
43148,BAJGOJ,3,3
43149,REKBOC,1,1
43150,NOSCIJ,2,2
43151,ABEWUZ,2,2
43152,CIXSUZ,1,1
43153,DIXTOW,2,2
43154,XIQKIT,3,3
43155,ADOLUA,3,3
43156,MUQLOA,3,3
43157,RATJAA,1,1
43158,KEQGUL,1,1
43159,WADKUK,3,3
43160,JIPJAU,3,3
43161,FUFGUK,3,3
43162,GIRFES,1,1
43163,YAMMOQ,1,1
43164,XUYXAQ,3,3
43165,XAGFAP,1,1
43166,BELWOH,3,3
43167,XAGHOC,3,3
43168,EHITOH,1,1
43169,TUPKIY,2,2
43170,GUXSOJ,3,3
43171,EQEMOD,3,3
43172,BAWMAP,1,1
43173,YOQKAR,2,2
43174,NEWSAM,2,2
43175,RIJMAA,2,2
43176,ORAVAH,1,1
43177,FEWRAA,2,2
43178,DAWXEE,1,1
43179,ZEZTUV,3,3
43180,UYANUG,1,1
43181,ADUJOZ,1,1
43182,TIBPUT,1,1
43183,OFANEP,3,3
43184,VOCVIV,2,2
43185,WONTOK,3,3
43186,GALXIE,1,1
43187,BURMOR,2,2
43188,HAYBEQ,2,2
43189,TUCQAM,1,1
43190,RECTUS,1,1
43191,RUMDEJ,3,3
43192,RAPHEX,3,3
43193,NETMUV,2,2
43194,QAHZIK,3,3
43195,QOXCIP,3,3
43196,GACLIG,3,3
43197,KUSHIR,2,2
43198,ROHNUY,2,2
43199,WINHUY,3,3
43200,PTOLZN,3,3
43201,NOSFUW,1,1
43202,EBEGEA,3,3
43203,ZIFFUT,1,1
43204,WIVHOA,3,3
43205,FEVFAQ,3,3
43206,BIJTUK,1,1
43207,RAZCIF,2,2
43208,BAFTUZ,2,2
43209,RAYQIU,2,2
43210,IMIXIN,3,3
43211,NULCUU,2,2
43212,FIRFES,2,2
43213,XAKGEX,3,3
43214,SEMTUA,3,3
43215,PALMUL,2,2
43216,NIXRAN,2,2
43217,SOTBEK,2,2
43218,BONCAJ,3,3
43219,FOTGUR,2,2
43220,HEYVAI,1,1
43221,CAWMAP,2,2
43222,SISLAH,3,3
43223,IWUFAJ,3,3
43224,LETQOQ,1,1
43225,RAHTOK,2,2
43226,MESSUC,1,1
43227,VABMIU,1,1
43228,MILDUH,3,3
43229,JILMAV,1,1
43230,VUWKAC,1,1
43231,HEPFEQ,2,2
43232,YISTEA,2,2
43233,UDUZEB,1,1
43234,PARPEG,3,3
43235,KIHQOH,3,3
43236,JONNUY,3,3
43237,HAYRAE,1,1
43238,TORMOC,2,2
43239,GEFWEW,2,2
43240,XOSTOO,1,1
43241,RAPXAL,1,1
43242,QAPFAP,2,2
43243,NAWGEB,1,1
43244,KEBXAR,3,3
43245,QUPPID,1,1
43246,BULYUD,3,3
43247,NEYTEQ,2,2
43248,FOGHEO,2,2
43249,DORXOA,1,1
43250,RUZNUW,1,1
43251,TAJGIU,2,2
43252,QIQDEC,3,3
43253,KACFOJ,2,2
43254,YULSUV,1,1
43255,OVUHIY,2,2
43256,YIKVEU,3,3
43257,QUBPOS,3,3
43258,JOCGAJ,1,1
43259,FAZDAL,1,1
43260,LUTSAU,2,2
43261,TEVSIW,3,3
43262,LOWJUF,1,1
43263,UMATIL,2,2
43264,JIDBUX,1,1
43265,RICJET,2,2
43266,ONAXAD,3,3
43267,LOVKOW,2,2
43268,OTUBOW,3,3
43269,VUDVOF,1,1
43270,IZUJUI,2,2
43271,VUDXAU,2,2
43272,QODCOB,1,1
43273,URUQIJ,3,3
43274,TANBIU,2,2
43275,XOSSII,1,1
43276,UMACIV,2,2
43277,HIVNOT,1,1
43278,EQUREQ,1,1
43279,FENDAE,3,3
43280,EFOXOO,3,3
43281,RITRIY,1,1
43282,ZOWFEY,2,2
43283,REJFIX,2,2
43284,ROGMUV,2,2
43285,LUTHUG,1,1
43286,XERKOW,3,3
43287,SIJDIC,1,1
43288,BACGOF,1,1
43289,BERHEO,1,1
43290,SIZWUV,2,2
43291,OGEYAC,3,3
43292,PUFRIU,1,1
43293,PINVAJ,2,2
43294,MUTMIZ,2,2
43295,ILONIG,3,3
43296,IVUTEY,3,3
43297,DAMKEH,1,1
43298,LECNEM,3,3
43299,IHODEP,3,3
43300,RUZKIJ,1,1
43301,PADYUP,2,2
43302,YAYYIH,3,3
43303,YOSSII,2,2
43304,EWIRIM,2,2
43305,PIKKUR,3,3
43306,QOWGOY,3,3
43307,QONHAC,1,1
43308,EPEHIR,1,1
43309,WODDUO,2,2
43310,VIPLIS,2,2
43311,LITZEW,3,3
43312,BUDHIR,1,1
43313,MUNWAU,2,2
43314,AFEDUL,2,2
43315,BUFWEG,2,2
43316,QEYRES,3,3
43317,EMASUI,1,1
43318,DENCOP,3,3
43319,DIQZAH,2,2
43320,KAQHEQ,2,2
43321,NIFZIL,2,2
43322,QAKXOS,3,3
43323,OGOPUY,1,1
43324,JINGUJ,3,3
43325,VIVSUO,2,2
43326,UBOWIR,2,2
43327,JIYJOR,2,2
43328,YUCKOW,1,1
43329,XAWPOD,2,2
43330,GASMEV,2,2
43331,OJEYOT,3,3
43332,LESXIQ,1,1
43333,LOGRUV,3,3
43334,FUQTET,1,1
43335,NUHTEQ,1,1
43336,QAHJAK,1,1
43337,MOYFOW,2,2
43338,ZUHCIO,3,3
43339,LUZTIJ,3,3
43340,KIKXUB,1,1
43341,LADJIK,1,1
43342,TIXFEP,1,1
43343,QOXDAJ,3,3
43344,LEHQEW,1,1
43345,FEXXEO,2,2
43346,KUGGUR,1,1
43347,CUNCIX,2,2
43348,LEBJOU,3,3
43349,KISXOZ,2,2
43350,OHIROM,1,1
43351,KIJYOS,3,3
43352,HUBMIC,3,3
43353,JUPZEB,3,3
43354,GUHRAD,1,1
43355,DUNHEB,3,3
43356,BARRAO,1,1
43357,YIKVIA,2,2
43358,WACWIJ,3,3
43359,OGUQEP,1,1
43360,ZEYHUJ,1,1
43361,HOPTEL,1,1
43362,JOBCIM,1,1
43363,TAGRAY,1,1
43364,WIYROL,2,2
43365,SIWGAG,2,2
43366,MAZYUL,1,1
43367,NEYSOC,3,3
43368,MIZCEG,1,1
43369,FUJTAG,2,2
43370,NAPPIE,3,3
43371,NEFXEC,3,3
43372,GESNAT,3,3
43373,RIGHOF,3,3
43374,FOZLIR,2,2
43375,BEMMOW,1,1
43376,GIRQIJ,3,3
43377,UFIPIJ,2,2
43378,GOMSAF,2,2
43379,ELOCEO,3,3
43380,BOQCUG,2,2
43381,GIFLEN,3,3
43382,FINVII,1,1
43383,KUVRUP,3,3
43384,QERZES,2,2
43385,YEPDIJ,3,3
43386,BOYKEG,3,3
43387,TUMDUB,3,3
43388,NIJBOY,1,1
43389,UJAHEV,1,1
43390,GIYGON,1,1
43391,YIVRIH,3,3
43392,JUKZAQ,2,2
43393,CAZVEG,3,3
43394,HUFHIC,1,1
43395,ZIHJOR,1,1
43396,VIZGIY,1,1
43397,TAFHOZ,1,1
43398,WIJQIQ,1,1
43399,HOKSEF,1,1
43400,SATTEM,3,3
43401,OMIJEA,2,2
43402,REVQAL,2,2
43403,PIVMAK,2,2
43404,PUWLUR,1,1
43405,FICDIH,2,2
43406,HAMHEL,1,1
43407,TAPJOK,3,3
43408,QENVUA,3,3
43409,ZIBHIF,1,1
43410,CICXOD,3,3
43411,EGIGIO,1,1
43412,XIQRIA,1,1
43413,QOJXUI,2,2
43414,CNBRUA,2,2
43415,VEBNAT,2,2
43416,VELBUN,1,1
43417,LUYCUD,3,3
43418,CIJQEU,2,2
43419,BOBLEM,3,3
43420,ACARAZ,3,3
43421,DAJLOS,3,3
43422,LIGGEN,3,3
43423,VIYBIP,2,2
43424,EYEROQ,3,3
43425,BOMDUD,3,3
43426,HIVPIP,1,1
43427,FUTYUO,2,2
43428,JOCGOA,2,2
43429,PEDXEB,2,2
43430,GOFYUV,2,2
43431,WUMHIY,1,1
43432,QECVIG,3,3
43433,HIJRUN,3,3
43434,LUXRII,1,1
43435,EYUMES,1,1
43436,ZOCROC,1,1
43437,KUWZEK,1,1
43438,XUZZIB,2,2
43439,GUJTAG,2,2
43440,XOCREO,3,3
43441,QOPWEX,3,3
43442,DIHYUQ,2,2
43443,MOSSIY,2,2
43444,JUJPIN,3,3
43445,VITBUV,3,3
43446,ISOQOW,2,2
43447,LIPMUS,2,2
43448,TENVAN,1,1
43449,FIQMEB,1,1
43450,PBTUCU,3,3
43451,YESFOR,3,3
43452,OLITUZ,2,2
43453,KABKOO,1,1
43454,CMBZPD,2,2
43455,DEXVAG,2,2
43456,UCABIJ,2,2
43457,YALGIE,3,3
43458,ROBGOH,2,2
43459,AHEWIW,1,1
43460,EZIBAQ,3,3
43461,CGLCOB,2,2
43462,LIVKIM,3,3
43463,FAJROX,3,3
43464,MEJKUH,2,2
43465,KATPAW,3,3
43466,LUSFUA,1,1
43467,YAFGUJ,2,2
43468,NINPOT,1,1
43469,WACGOA,1,1
43470,USAKUW,3,3
43471,NOJBEW,3,3
43472,QASVUD,2,2
43473,RUFLEJ,2,2
43474,CAVLUJ,2,2
43475,XOPJUH,2,2
43476,XULVEH,3,3
43477,NIPVIR,1,1
43478,RAGWAX,1,1
43479,FOQZOA,3,3
43480,YAMVUH,1,1
43481,ZESHIR,3,3
43482,NONPEM,3,3
43483,TIVVAV,2,2
43484,NUKMUD,2,2
43485,ERUSEQ,3,3
43486,VOGZOH,2,2
43487,FAKXEX,3,3
43488,GELKEP,3,3
43489,HAVXEK,2,2
43490,YIYQIG,2,2
43491,FEGCID,2,2
43492,SAFCAH,1,1
43493,JEWQAE,1,1
43494,YIGWOA,2,2
43495,ULUREZ,1,1
43496,AYEYIP,1,1
43497,NATROT,1,1
43498,DABQEE,1,1
43499,IYAZOZ,2,2
43500,GILNAR,1,1
43501,NEMBUG,1,1
43502,RARYIU,3,3
43503,EKEJAG,3,3
43504,MITMIN,3,3
43505,SATMIL,2,2
43506,EDONUI,3,3
43507,BOFYAY,3,3
43508,TEMMIH,1,1
43509,ITAJIZ,1,1
43510,EXOBOI,3,3
43511,KAJJUE,1,1
43512,QOVMIZ,2,2
43513,BANLOR,2,2
43514,HOQWEQ,3,3
43515,JIZFEF,3,3
43516,PIYWOM,2,2
43517,YOJYUR,2,2
43518,POMMOV,3,3
43519,MIDKOZ,3,3
43520,VUDXOI,2,2
43521,FEXQOR,2,2
43522,ZOZCIA,3,3
43523,KURRIZ,3,3
43524,AGECEU,2,2
43525,BIJXOH,1,1
43526,QODMOM,2,2
43527,LIYZUR,3,3
43528,JOWJEN,3,3
43529,GUVHUA,2,2
43530,QUMMIX,1,1
43531,LAZREJ,2,2
43532,MIDRAS,3,3
43533,GINHAQ,1,1
43534,HULSAI,2,2
43535,KILCAN,1,1
43536,DONSUV,2,2
43537,TEKPAD,3,3
43538,KEPHOE,3,3
43539,NAYNAF,2,2
43540,NUGPAG,2,2
43541,GECFID,1,1
43542,QOWWEF,2,2
43543,GULPEJ,3,3
43544,CAYMOI,1,1
43545,JOZQOE,3,3
43546,KAFGEE,3,3
43547,YOBMUY,2,2
43548,WEQTIW,2,2
43549,LAWGAR,1,1
43550,TOMHEL,1,1
43551,OBUGAX,1,1
43552,PEFPIZ,2,2
43553,XEDNEC,3,3
43554,COFWOJ,2,2
43555,IPEKIA,1,1
43556,SUYWIV,1,1
43557,XANSUA,1,1
43558,TEGHIZ,1,1
43559,OKANIX,3,3
43560,HIZVIV,3,3
43561,JABLII,3,3
43562,XETHAH,3,3
43563,SUJVUP,3,3
43564,WOGZOH,1,1
43565,AZEHAP,1,1
43566,QASCOE,3,3
43567,RAGLUJ,1,1
43568,CADNIF,3,3
43569,XIGWOA,3,3
43570,QOQMIS,2,2
43571,EMAQAN,1,1
43572,ZEVNIX,2,2
43573,SOBWIT,1,1
43574,QOLYOF,3,3
43575,COSPOR,1,1
43576,FEDCUP,2,2
43577,DOXMEL,1,1
43578,QAHQUN,3,3
43579,XEYLIX,3,3
43580,XUWPOV,2,2
43581,ROJBAT,1,1
43582,YOWGIB,3,3
43583,BUKDAN,2,2
43584,GADTAG,2,2
43585,JUGTAI,3,3
43586,TEKCUH,1,1
43587,WUJNEU,2,2
43588,PAHNUJ,3,3
43589,LORVEV,1,1
43590,UDODUO,2,2
43591,ZEFPIN,3,3
43592,GILQAV,1,1
43593,DIBCUP,3,3
43594,KUMFAA,2,2
43595,XAFZOU,1,1
43596,OCOWIN,1,1
43597,YEGCET,3,3
43598,GIFDEG,3,3
43599,OLEQED,1,1
43600,ZOLPEX,2,2
43601,ZAWSUP,1,1
43602,UFUMUG,3,3
43603,KINZAI,3,3
43604,KENHEQ,2,2
43605,KEHLAK,1,1
43606,XUWGOL,3,3
43607,BARCOO,3,3
43608,BAKBOF,3,3
43609,YOWYAM,3,3
43610,ETOHOL,2,2
43611,TATRUC,2,2
43612,WENYOE,2,2
43613,VHTDCO,2,2
43614,EKAGAY,2,2
43615,REWSIZ,1,1
43616,HEBLUW,3,3
43617,YEJVAL,3,3
43618,CERWIH,3,3
43619,VIZJUM,3,3
43620,ZIGFIE,2,2
43621,MUJJIK,3,3
43622,IDAWER,1,1
43623,KAWSOS,3,3
43624,GIHTAV,2,2
43625,XISBAD,3,3
43626,GITCEV,1,1
43627,ZEJQOY,1,1
43628,PAJZIN,1,1
43629,BALRIS,1,1
43630,MOXXUU,3,3
43631,GISHUN,3,3
43632,EBEQAD,1,1
43633,PALPAX,1,1
43634,WALYUF,1,1
43635,RERROV,2,2
43636,TINBID,3,3
43637,ZUXZOH,1,1
43638,MEWBIB,3,3
43639,ZEZWIM,2,2
43640,ZAVLEQ,2,2
43641,GOWXEV,3,3
43642,ZESRUK,2,2
43643,HEXJOL,3,3
43644,COHJUG,3,3
43645,HISLUT,2,2
43646,SAYGOO,3,3
43647,VOBCOF,1,1
43648,XIYNIC,2,2
43649,MIQCIZ,3,3
43650,JUTPAR,3,3
43651,NORHEJ,3,3
43652,BESFUE,1,1
43653,KITNEJ,2,2
43654,HERFET,1,1
43655,XAPQEN,3,3
43656,QIWQAR,3,3
43657,OBAPUF,3,3
43658,XIPKUE,2,2
43659,FOMLAU,3,3
43660,DIZJEB,2,2
43661,EQOGEZ,1,1
43662,WENPEO,1,1
43663,EPIMUO,1,1
43664,VABYUT,3,3
43665,IVOXID,1,1
43666,OXEGOO,3,3
43667,YIMJIQ,3,3
43668,EBAZOW,2,2
43669,FUVRIX,2,2
43670,DISDIU,2,2
43671,HANREV,3,3
43672,ISIXUF,3,3
43673,XILYOG,3,3
43674,TADSUQ,1,1
43675,WUMPOL,2,2
43676,LIJSIJ,3,3
43677,BOKCAF,2,2
43678,TUZZUJ,3,3
43679,DORYIV,1,1
43680,DERLAQ,2,2
43681,GIQREF,2,2
43682,IREPAX,3,3
43683,YOQMAT,2,2
43684,PUVROP,2,2
43685,HEPGAN,2,2
43686,GOCBOT,1,1
43687,MODHUL,2,2
43688,SADVUP,3,3
43689,OJEVIL,1,1
43690,QETXOD,3,3
43691,TUCNOU,1,1
43692,KOBNUN,3,3
43693,TAJSUT,2,2
43694,KIYWUM,3,3
43695,KEQMAU,2,2
43696,KICDUW,3,3
43697,NOQSOD,3,3
43698,DUGYIQ,1,1
43699,DOJLIX,2,2
43700,XIQCEI,3,3
43701,GEVPEC,3,3
43702,HAJGAB,2,2
43703,MIRTUC,3,3
43704,BIWJEX,2,2
43705,BIFCUQ,2,2
43706,DOZHUW,2,2
43707,ROFDAR,3,3
43708,CEZTIN,2,2
43709,PETQEN,2,2
43710,JONZIX,3,3
43711,KICSUM,3,3
43712,HITNOQ,3,3
43713,PAMZIP,2,2
43714,HIQVEK,3,3
43715,IKOCIU,3,3
43716,QUSVUV,1,1
43717,GAQJOA,3,3
43718,XUYRUH,1,1
43719,JARRIH,1,1
43720,JIBLEL,1,1
43721,BEFMAB,2,2
43722,QUYHAV,3,3
43723,AJUVUY,3,3
43724,XECXOS,3,3
43725,SAMMAY,1,1
43726,ZEHBUL,3,3
43727,ARIGEQ,1,1
43728,VAZGEK,3,3
43729,QAFYUU,3,3
43730,BUFQEA,3,3
43731,CUNKIF,2,2
43732,LANBUZ,3,3
43733,XUXCIE,1,1
43734,XELLOQ,3,3
43735,KAPCIQ,2,2
43736,HETNUQ,2,2
43737,QOVWUT,1,1
43738,KABZAO,3,3
43739,XAYZUS,2,2
43740,HILREB,3,3
43741,ROHCEY,3,3
43742,HEKGEJ,2,2
43743,NUCDOG,3,3
43744,BEDKAA,1,1
43745,YOJMEP,2,2
43746,YOSLEY,2,2
43747,GETJUK,3,3
43748,VITJUH,1,1
43749,BOTZUI,3,3
43750,JIJVIK,2,2
43751,MUVDAJ,2,2
43752,PANZUD,1,1
43753,MUQMIV,1,1
43754,ZAGRUU,3,3
43755,WOGKAH,2,2
43756,IJOQON,3,3
43757,YUYRUH,3,3
43758,LORFAB,3,3
43759,HUHGOI,1,1
43760,ROGYIW,3,3
43761,GESVEI,2,2
43762,PETXOD,1,1
43763,SEWZAX,3,3
43764,IMEVEB,1,1
43765,TECBOU,3,3
43766,FEHZUR,1,1
43767,YIDSEK,3,3
43768,DOTTEN,2,2
43769,XAFDER,1,1
43770,YIXDAK,2,2
43771,HACPAC,2,2
43772,GENNUK,1,1
43773,FOWHAB,3,3
43774,BUJNIF,3,3
43775,NIRXIX,3,3
43776,COJWAA,2,2
43777,JURCEE,1,1
43778,DAKNEM,1,1
43779,HAGKIL,2,2
43780,CILTID,1,1
43781,MEHNES,3,3
43782,QEJGET,2,2
43783,QAVXUG,2,2
43784,SIFJEX,3,3
43785,JUJHOL,3,3
43786,LIBWOJ,3,3
43787,PIFTED,1,1
43788,HACYIV,2,2
43789,FIRPAA,2,2
43790,BUHZUB,3,3
43791,UGOKUW,3,3
43792,HIMZUY,3,3
43793,FOBFIO,3,3
43794,PAGVAW,3,3
43795,LUXSAB,1,1
43796,KOBBAF,3,3
43797,BOQGAQ,3,3
43798,AHEMUY,1,1
43799,DAJSOW,2,2
43800,XARGAY,2,2
43801,KEWGIC,2,2
43802,KUNXUM,1,1
43803,BAJHIE,1,1
43804,DUNPOT,1,1
43805,HIVHAY,3,3
43806,JEFREU,3,3
43807,COPTIL,1,1
43808,YOQTAA,2,2
43809,WOSQEA,2,2
43810,CESSAX,1,1
43811,NENMAW,2,2
43812,DUXROE,3,3
43813,VANFUP,1,1
43814,QAKYEG,2,2
43815,TUJGIP,3,3
43816,KAMPEV,3,3
43817,HOVMUB,3,3
43818,TOFHEE,2,2
43819,FUHMOK,3,3
43820,OQUBAF,2,2
43821,IFIYIH,2,2
43822,UDIBER,1,1
43823,WARVUI,3,3
43824,FONNIF,2,2
43825,EHEJIL,2,2
43826,WAXHAI,1,1
43827,QEVWIY,1,1
43828,LUMSIW,3,3
43829,WAMVOX,1,1
43830,YECFIW,2,2
43831,FOLZUB,3,3
43832,PANCUF,3,3
43833,BEQBAA,3,3
43834,GABYAK,3,3
43835,BIRBEJ,1,1
43836,VOMWAX,1,1
43837,SIMBEX,3,3
43838,LIJCAJ,3,3
43839,HIGDOR,2,2
43840,ORONEP,3,3
43841,SEWCAZ,1,1
43842,BEKFAA,2,2
43843,YEHGOI,3,3
43844,GOSXUH,2,2
43845,ZIRVED,2,2
43846,PAQSIK,3,3
43847,ECUBIQ,3,3
43848,OKIBAM,3,3
43849,MOQJEJ,2,2
43850,IRUDUW,2,2
43851,RITSAR,1,1
43852,JIVMUW,3,3
43853,FOMLOI,3,3
43854,FAYNEB,3,3
43855,REDKUI,3,3
43856,XAJBIW,3,3
43857,ZIRXIH,3,3
43858,SAKPEA,3,3
43859,MIQCEY,1,1
43860,GULXIW,1,1
43861,CEQKIT,2,2
43862,TUYTIQ,3,3
43863,PEFXEG,3,3
43864,TIHQAG,1,1
43865,PUCREM,3,3
43866,VIKMEK,3,3
43867,PHACPD,2,2
43868,DEKSET,2,2
43869,SAXDAY,3,3
43870,GUYHIU,1,1
43871,DOWQIS,1,1
43872,FEJRUI,2,2
43873,NUWWAD,1,1
43874,MOMQUB,2,2
43875,LEMVAB,3,3
43876,XOQTAA,3,3
43877,LAYVAK,2,2
43878,AGAYIR,2,2
43879,CAJHIE,1,1
43880,DIHJOV,3,3
43881,GORLUX,1,1
43882,GALWOJ,1,1
43883,EJAPUC,1,1
43884,QASGUO,2,2
43885,KEPPED,2,2
43886,YUYGAB,3,3
43887,NABFIH,1,1
43888,MEFKUH,1,1
43889,TATKUV,3,3
43890,HALQUK,1,1
43891,XUZNUC,3,3
43892,CEKHOR,3,3
43893,YOSRAB,2,2
43894,JIXQEN,2,2
43895,NEVXAN,1,1
43896,COYDOK,3,3
43897,UJUDIN,1,1
43898,TARJON,2,2
43899,TAHYOT,1,1
43900,QOXKIY,3,3
43901,MEFWEC,1,1
43902,JIRSAE,1,1
43903,YUWWES,3,3
43904,WARCOH,1,1
43905,XIZWUB,3,3
43906,PERBOE,1,1
43907,BOTQIL,2,2
43908,NODCAM,3,3
43909,OZOQIF,3,3
43910,GIGGIN,1,1
43911,QIDWUY,3,3
43912,FOSZOD,2,2
43913,TELHID,3,3
43914,GIVWUF,1,1
43915,NUDSAH,2,2
43916,GECWIX,3,3
43917,POWVAY,1,1
43918,NOFKOJ,2,2
43919,AMBUPD,3,3
43920,HEFKAG,1,1
43921,JUKGUR,1,1
43922,ENOFIZ,1,1
43923,BESCEL,1,1
43924,FAKPIR,2,2
43925,LIZNUG,3,3
43926,DACTEI,2,2
43927,SOPVIC,2,2
43928,YIXTIK,3,3
43929,CIYTAF,1,1
43930,QAXMAH,1,1
43931,FENLAL,3,3
43932,CLPYPT,3,3
43933,DEPHUB,3,3
43934,XEFWIP,2,2
43935,QULMUI,1,1
43936,VULJOD,2,2
43937,AFEYOD,1,1
43938,HUBRED,3,3
43939,XOBYIX,3,3
43940,REKDAN,3,3
43941,TAVMUB,2,2
43942,EMIJIV,2,2
43943,WODYOG,2,2
43944,EYOXEX,3,3
43945,RATKIJ,1,1
43946,YAVKEO,3,3
43947,FPTBCO,2,2
43948,SOSTOL,3,3
43949,LEKKIY,3,3
43950,AXOVEO,1,1
43951,XUYYIZ,2,2
43952,RILJUT,3,3
43953,WATYAU,2,2
43954,XATQUG,3,3
43955,KAKJIT,1,1
43956,MUVSOL,3,3
43957,GUCBEN,2,2
43958,TEYQAS,3,3
43959,VEQWUL,3,3
43960,MEJXOO,3,3
43961,QERLAA,2,2
43962,DOJPUP,3,3
43963,YOQJIY,2,2
43964,QUYHOJ,3,3
43965,XAQKEF,1,1
43966,QAGVOK,3,3
43967,SIFCAN,2,2
43968,XUVTEN,2,2
43969,COKZAD,2,2
43970,LIYNIS,1,1
43971,BAMQEM,1,1
43972,IKODAO,2,2
43973,YASFUT,3,3
43974,SULXED,2,2
43975,DOJROK,3,3
43976,XINVIZ,3,3
43977,ESAXUS,2,2
43978,NEYRIT,3,3
43979,QEYZEZ,3,3
43980,AMALAB,3,3
43981,KUJQOY,1,1
43982,REYDEF,1,1
43983,LOPYAT,2,2
43984,BASLUF,2,2
43985,JOMXAK,1,1
43986,IZAMEC,1,1
43987,DAZRAY,3,3
43988,CISFAN,2,2
43989,UHUYOM,3,3
43990,QOSMIV,2,2
43991,XEMCUO,2,2
43992,CORLAW,1,1
43993,FITDOD,3,3
43994,ROCWUE,2,2
43995,QOYZUC,1,1
43996,JOGMEZ,1,1
43997,DOHVUS,3,3
43998,JIXFEC,3,3
43999,PUYJUQ,1,1
44000,RIQBAU,3,3
44001,REHQED,3,3
44002,POZSAB,1,1
44003,GERGUG,3,3
44004,PONLUB,3,3
44005,RAGXIK,1,1
44006,VOXWEN,1,1
44007,IGUYUF,1,1
44008,HASFOW,2,2
44009,LILNOM,2,2
44010,VOMGEL,3,3
44011,FEYCOD,3,3
44012,CADZUG,1,1
44013,SEMWEN,3,3
44014,LEJXOO,3,3
44015,NOXTEZ,2,2
44016,NIBWIE,2,2
44017,LILYOW,2,2
44018,JODCUB,2,2
44019,XAZZED,2,2
44020,ICUFAO,3,3
44021,MOYPIZ,1,1
44022,HUNSAL,1,1
44023,URIWAU,3,3
44024,CIDWEV,1,1
44025,ZALVAJ,2,2
44026,ACOZOJ,3,3
44027,BACXOU,2,2
44028,MIFRAV,3,3
44029,SAFRAT,2,2
44030,DANQER,3,3
44031,WEGBUG,1,1
44032,NIJSOR,3,3
44033,BUHXAE,2,2
44034,VUWJIH,3,3
44035,NIBRBQ,3,3
44036,ACIWUH,3,3
44037,FOVGON,3,3
44038,MAXGIC,3,3
44039,GAJQEN,3,3
44040,PETXUJ,1,1
44041,HISLOM,2,2
44042,RIHQII,3,3
44043,ZUXZUQ,1,1
44044,KAWQOQ,2,2
44045,ICOPIZ,2,2
44046,GENNOE,2,2
44047,PIWZIE,1,1
44048,DOTXIW,3,3
44049,QICWAB,3,3
44050,RIYZAD,1,1
44051,MALZEG,1,1
44052,ZIZGOH,3,3
44053,JENSIE,2,2
44054,FAJXOD,2,2
44055,SOTFEO,1,1
44056,DOMNID,2,2
44057,TIYVIG,2,2
44058,VAPGAU,1,1
44059,IFIGUB,2,2
44060,CIJBIH,3,3
44061,ZIMXEC,1,1
44062,TIXPUP,1,1
44063,VUJKAN,1,1
44064,IRIXUC,3,3
44065,HOLPON,3,3
44066,GETMIC,3,3
44067,HATMIB,3,3
44068,COSDFE,2,2
44069,KEXHEB,2,2
44070,NOSBUS,1,1
44071,FOCGIP,3,3
44072,AKIQUH,2,2
44073,VONYEE,3,3
44074,DESZAC,1,1
44075,WAKNOL,1,1
44076,KOZLOC,3,3
44077,QIGRAB,2,2
44078,MAPSIH,2,2
44079,QOBTIN,3,3
44080,ICUJAU,3,3
44081,ROWZIP,1,1
44082,IJEXAZ,1,1
44083,FALNUF,1,1
44084,XILNUD,3,3
44085,ALIMUF,3,3
44086,ZIHWOC,3,3
44087,GAQFAG,1,1
44088,KIRXEQ,3,3
44089,CUFDEN,2,2
44090,CONGAN,2,2
44091,GOWQUE,3,3
44092,ROMGEF,3,3
44093,DOGKIV,3,3
44094,MIMHEW,2,2
44095,LUWKOF,2,2
44096,AYOQOX,1,1
44097,MADWIZ,2,2
44098,YECCAO,1,1
44099,MABQUD,3,3
44100,QEGYIL,2,2
44101,TIFCIW,1,1
44102,USEHAC,1,1
44103,HATCEN,3,3
44104,TIFTIM,1,1
44105,QETXUJ,1,1
44106,XIVFAL,3,3
44107,TAVJEI,1,1
44108,POKZEY,1,1
44109,ZOGDAA,2,2
44110,DAFNAZ,1,1
44111,BATBON,3,3
44112,TARSUB,3,3
44113,MACGOO,3,3
44114,JAYSUX,1,1
44115,RINLAE,3,3
44116,GIHMUF,2,2
44117,ZOVHOJ,3,3
44118,MOMQAG,1,1
44119,IXEWOA,1,1
44120,UGENOK,2,2
44121,MEHPUM,3,3
44122,OZATAL,2,2
44123,GIPCAM,2,2
44124,TIBFIW,2,2
44125,ACILAZ,2,2
44126,VIBJUL,2,2
44127,AMEBEA,2,2
44128,CEXNAW,2,2
44129,MAKJAM,3,3
44130,MUPBEE,1,1
44131,SOWZIP,2,2
44132,OGEMES,1,1
44133,GUZXEG,3,3
44134,ZOGMIT,3,3
44135,BABGIY,1,1
44136,HARNIA,3,3
44137,GALNUF,2,2
44138,JUXZOR,3,3
44139,IRIJID,2,2
44140,YIFNIK,2,2
44141,VILQAL,3,3
44142,WANFAU,3,3
44143,VEPZOG,2,2
44144,DUXNIT,3,3
44145,WUJKAN,3,3
44146,RILFUN,3,3
44147,QEJNUP,3,3
44148,SAHWII,1,1
44149,PIBDEK,1,1
44150,QOQGIO,3,3
44151,TUHHUC,1,1
44152,LIBRIY,1,1
44153,WIHMOR,3,3
44154,RUCPAH,3,3
44155,BICROX,2,2
44156,RISXEX,3,3
44157,BOBVAR,2,2
44158,YEQHUA,2,2
44159,XABDAI,3,3
44160,EXAXIL,3,3
44161,QAHNOD,3,3
44162,BIVBOZ,3,3
44163,FIXYOB,2,2
44164,VACSEZ,1,1
44165,IXUQIB,1,1
44166,CEYCOY,1,1
44167,KATTOO,2,2
44168,PUFQOW,3,3
44169,VEKDAS,3,3
44170,AQIDIP,2,2
44171,GIRKOJ,2,2
44172,HATSAZ,3,3
44173,CUWHIM,2,2
44174,SIWDIN,2,2
44175,HUJCOH,1,1
44176,QAQXOW,2,2
44177,LIRTOZ,1,1
44178,NETBET,2,2
44179,TOLVEW,3,3
44180,VEJKUQ,2,2
44181,YAJKUP,1,1
44182,YAPXUJ,2,2
44183,KAVPUW,1,1
44184,FTACNI,3,3
44185,EYEQEG,3,3
44186,VEYTAX,3,3
44187,CIRYEJ,3,3
44188,OTOWUR,3,3
44189,TACCIJ,1,1
44190,SATGIG,3,3
44191,WILHOR,3,3
44192,GARZOP,1,1
44193,PERYOE,1,1
44194,IYAPOQ,1,1
44195,ZEXMAT,2,2
44196,APITUP,3,3
44197,ITUJEO,3,3
44198,IBUSUW,3,3
44199,LEGDUX,3,3
44200,KATSII,3,3
44201,IBEWIX,3,3
44202,CILDUA,1,1
44203,NAPMIC,1,1
44204,TIGWIP,1,1
44205,ACUROG,2,2
44206,XOYBOC,2,2
44207,QEKQEF,2,2
44208,HOBRUP,1,1
44209,YUHRUR,1,1
44210,MIRTOZ,3,3
44211,LUZLUQ,1,1
44212,UJEWAI,3,3
44213,ODUCEY,3,3
44214,UKONIS,3,3
44215,XAKDAR,3,3
44216,AKUJEW,1,1
44217,NOVXEE,1,1
44218,HISREJ,2,2
44219,FEYMUR,1,1
44220,QOQYAW,3,3
44221,KEFNAL,3,3
44222,OQODOO,1,1
44223,KEHBUV,3,3
44224,NAJGEO,1,1
44225,IZUNUM,3,3
44226,DITVOU,3,3
44227,FAJFEC,2,2
44228,YEJDEZ,3,3
44229,AKONEW,1,1
44230,BICLEH,2,2
44231,DEDBOF,2,2
44232,IGOSOP,1,1
44233,GEDRAI,2,2
44234,WIJKOQ,3,3
44235,MIQVIU,3,3
44236,BUSMIM,3,3
44237,DIHDUW,1,1
44238,NUGDIC,1,1
44239,XAFFEP,3,3
44240,FERKUJ,3,3
44241,FEHXUP,1,1
44242,KAPXEE,1,1
44243,ZAJWOW,3,3
44244,LABJAA,3,3
44245,BAFROR,3,3
44246,LITGIE,2,2
44247,AYIGUM,3,3
44248,ZEGVOW,2,2
44249,QERYOE,3,3
44250,POHCUL,2,2
44251,ZOXJUT,3,3
44252,KUDDAO,1,1
44253,WITZIM,1,1
44254,MADGOQ,2,2
44255,ZEFWUF,2,2
44256,KEWBOG,3,3
44257,OGATUO,3,3
44258,JUMSAN,2,2
44259,BECNIG,1,1
44260,SICNID,3,3
44261,YOVXOY,3,3
44262,TOKHAE,3,3
44263,NESROU,3,3
44264,FUYTAX,1,1
44265,HUXCEK,3,3
44266,WELJAB,3,3
44267,HEQXEJ,2,2
44268,UHILIG,3,3
44269,DANMOW,2,2
44270,UGENAW,1,1
44271,FURLIO,2,2
44272,LOVQIW,1,1
44273,SENWAK,2,2
44274,VUFDEI,1,1
44275,YIXFOB,2,2
44276,SEJLID,3,3
44277,JITKOM,2,2
44278,QIBZAG,1,1
44279,LALHUC,1,1
44280,ZUNTOT,3,3
44281,WAQMEI,3,3
44282,YINDOS,1,1
44283,LUWBIO,3,3
44284,ROKDIF,3,3
44285,BAVCEH,3,3
44286,DASNIX,3,3
44287,UMIZOG,1,1
44288,QOMWEU,2,2
44289,GOMLUP,1,1
44290,FONLID,1,1
44291,DUMYAL,2,2
44292,SAHPAS,2,2
44293,UTAVIW,3,3
44294,MONSIT,2,2
44295,OFUWES,1,1
44296,LABMIL,3,3
44297,UTOXEI,2,2
44298,SOPCIL,3,3
44299,PORBEE,3,3
44300,HODTEZ,3,3
44301,QOJKUW,1,1
44302,OMODOL,1,1
44303,BARFEH,1,1
44304,ZINJIS,3,3
44305,WIMROZ,1,1
44306,BEZHOH,1,1
44307,UNEQUB,3,3
44308,VICBIT,3,3
44309,LUJFIF,1,1
44310,ZIHNOV,3,3
44311,RUGLAJ,1,1
44312,NOQQAM,1,1
44313,DAVHIR,3,3
44314,NIBBIJ,1,1
44315,ZARKIP,2,2
44316,SERPAH,3,3
44317,SOKDIF,2,2
44318,SEKQAA,3,3
44319,PAXQIR,3,3
44320,TAVJIJ,3,3
44321,MEGXIG,3,3
44322,FIRGUI,1,1
44323,CIVYUC,2,2
44324,OLILEB,3,3
44325,FOSZUJ,2,2
44326,TUKQIB,3,3
44327,HIBNAI,1,1
44328,AJOBEH,3,3
44329,FIRPUS,1,1
44330,DURRIS,3,3
44331,FAVSUS,1,1
44332,BAVJOB,1,1
44333,NUCVEM,3,3
44334,CEBHUP,2,2
44335,YADGOA,1,1
44336,NAQRUV,2,2
44337,QAJDUD,3,3
44338,PAGJEN,2,2
44339,VICPUS,2,2
44340,NONHUU,3,3
44341,OVAQIM,3,3
44342,RATPEI,1,1
44343,WEXNAP,1,1
44344,XOQVAC,2,2
44345,ZIZGAT,3,3
44346,QANJEU,2,2
44347,PESJEG,1,1
44348,BEPTAS,3,3
44349,TIDBAN,1,1
44350,MUCTUZ,2,2
44351,YOBKOQ,3,3
44352,MIDQEY,3,3
44353,UQIJEL,2,2
44354,TIHSAE,1,1
44355,GUKSAI,1,1
44356,WOPFAI,2,2
44357,QEPHAW,2,2
44358,MEQSAC,2,2
44359,VATRIU,1,1
44360,KECJUA,3,3
44361,QOSVEB,3,3
44362,GOJLUN,3,3
44363,ESAVAY,1,1
44364,TILQEK,2,2
44365,HIFPUL,1,1
44366,WUFZON,3,3
44367,NELNEX,2,2
44368,UHEJIA,1,1
44369,XOJHOW,3,3
44370,HOBNIX,3,3
44371,COFDOT,3,3
44372,MULLAG,2,2
44373,SOWCIR,1,1
44374,PEYDUS,2,2
44375,XIMHEG,3,3
44376,BUDLEU,1,1
44377,YUKREE,1,1
44378,FUVWAW,1,1
44379,KABZUJ,2,2
44380,SAYKOU,2,2
44381,TUSMAY,1,1
44382,XINMEN,1,1
44383,AGABEQ,2,2
44384,ZEGVAK,3,3
44385,CUKHAT,2,2
44386,DIWZIU,3,3
44387,NOBLOH,2,2
44388,CEMPAM,2,2
44389,IRAYAB,2,2
44390,FOHVEF,2,2
44391,TAXCAZ,3,3
44392,LENJUL,2,2
44393,ERUPAL,1,1
44394,AHOQOG,1,1
44395,SIDGAO,2,2
44396,CIXYUF,2,2
44397,ECUGOB,2,2
44398,MOTWIC,3,3
44399,QILJEA,2,2
44400,DUMNAA,1,1
44401,QUFQAK,2,2
44402,PERBUK,1,1
44403,PINGUS,1,1
44404,SEZTEW,3,3
44405,XOGDEF,2,2
44406,PEYXEX,3,3
44407,NIBLEQ,1,1
44408,UKANEB,3,3
44409,MIDVAW,3,3
44410,SOWSON,2,2
44411,CAKYOF,3,3
44412,YIQSUO,3,3
44413,MIYLIQ,1,1
44414,ZOZGIE,2,2
44415,RUGWUO,1,1
44416,IVAMEZ,3,3
44417,NEXTOZ,1,1
44418,UWUJIG,3,3
44419,HUBLUM,3,3
44420,XAKSOT,2,2
44421,QAXXAP,3,3
44422,IBAYUJ,1,1
44423,BUDGUD,3,3
44424,UBIGIX,1,1
44425,LUTWOM,2,2
44426,YAZFOV,2,2
44427,VAJDIX,1,1
44428,ROPSOG,3,3
44429,GIGRIA,2,2
44430,ADAQUU,2,2
44431,DEPQAR,2,2
44432,BACZOW,3,3
44433,ACOXOH,2,2
44434,XIHYEW,1,1
44435,EGOGOY,2,2
44436,WEZXEG,2,2
44437,ICUDAM,3,3
44438,EFOGUE,3,3
44439,NOGDAQ,3,3
44440,FETFUF,2,2
44441,VUFZON,3,3
44442,WIFJEE,1,1
44443,CAWNIY,3,3
44444,SUPSII,1,1
44445,PIGLEY,3,3
44446,KEHNOB,2,2
44447,ANULIH,1,1
44448,MIJVAE,3,3
44449,KEVHID,3,3
44450,WOTTAD,1,1
44451,MIPKOL,3,3
44452,WOTZOW,3,3
44453,EQOLAY,1,1
44454,FITFOF,1,1
44455,RIKZIX,3,3
44456,TONPIW,2,2
44457,HIMSII,3,3
44458,CEPDEG,1,1
44459,PAMFOA,2,2
44460,KOHROP,2,2
44461,YADPOL,3,3
44462,YOCJUW,3,3
44463,IPUGAB,3,3
44464,FATPIZ,2,2
44465,VAQFUO,3,3
44466,ZALJIG,3,3
44467,JETNIG,1,1
44468,SEVLOV,3,3
44469,DAYBAH,3,3
44470,ELOLUM,2,2
44471,HOPLUT,1,1
44472,SAVJUV,2,2
44473,LUGSOV,2,2
44474,WURGAU,1,1
44475,HUJCAT,1,1
44476,ERAZOM,2,2
44477,VEVPIZ,1,1
44478,JONQOS,2,2
44479,FANTIZ,3,3
44480,WAKPIH,1,1
44481,ADOTIZ,2,2
44482,VOGNIP,3,3
44483,XAPDIB,2,2
44484,KEVVAK,1,1
44485,NOVFAI,1,1
44486,SADVEZ,1,1
44487,TUKHAL,1,1
44488,UJOBOK,1,1
44489,DUBMEV,1,1
44490,QOXPAU,1,1
44491,KAVNUT,1,1
44492,VUPXIO,3,3
44493,TAYGAF,1,1
44494,NEKYAD,3,3
44495,PULTEV,2,2
44496,CILFEI,3,3
44497,APORAB,1,1
44498,PEYXAW,1,1
44499,FIHXEC,1,1
44500,DUHVOT,1,1
44501,SEYHOX,1,1
44502,FICBUP,1,1
44503,FIRKEY,3,3
44504,CAXTAX,2,2
44505,DALLOU,3,3
44506,IWEZEQ,3,3
44507,ULARAC,2,2
44508,GASYEI,1,1
44509,XAWJAH,1,1
44510,QAZGIJ,3,3
44511,PAWKAD,1,1
44512,NOZPAT,2,2
44513,QAKBOT,3,3
44514,QAHPOG,3,3
44515,NEGQOF,2,2
44516,OCOBAM,2,2
44517,JEJXOM,2,2
44518,HAWFOC,3,3
44519,XUBKOX,1,1
44520,ASEVOL,2,2
44521,ORUFOY,2,2
44522,FANZAY,1,1
44523,TOGNEL,3,3
44524,LUMSUI,3,3
44525,UHAQEA,3,3
44526,NIYLEM,3,3
44527,RIDNOJ,3,3
44528,HINVOP,2,2
44529,RIVYIG,2,2
44530,FAVTUR,3,3
44531,LOXHAK,1,1
44532,KAHXUN,3,3
44533,SUTXAJ,1,1
44534,KULBUO,3,3
44535,AMOYEG,2,2
44536,GEHQUI,2,2
44537,ZOPLAT,2,2
44538,IFETEV,2,2
44539,RUZQIM,3,3
44540,SIBMOI,3,3
44541,XUNMOI,3,3
44542,BUJWUZ,1,1
44543,JUDZAL,3,3
44544,PIZSUM,2,2
44545,HIZROB,1,1
44546,ADACOB,1,1
44547,PAZGIJ,2,2
44548,GULXUI,2,2
44549,IBEPEM,2,2
44550,PIJYEN,2,2
44551,HOBWAA,1,1
44552,QIKFUO,1,1
44553,ZUJXAF,2,2
44554,FITHEZ,1,1
44555,IBUVAF,3,3
44556,NENHAT,1,1
44557,KOWWOL,1,1
44558,XALSIM,2,2
44559,ZEHLIJ,2,2
44560,LONFUR,3,3
44561,IGOTAZ,3,3
44562,CAXSEA,3,3
44563,ORUDUB,3,3
44564,NAZFON,1,1
44565,WUPXIO,3,3
44566,GUXPAS,3,3
44567,RAWLOQ,3,3
44568,MEFKIV,1,1
44569,FISTUX,2,2
44570,IZOTUN,3,3
44571,JIWYIY,1,1
44572,LIMXIO,3,3
44573,ULORAQ,2,2
44574,IXIVAM,3,3
44575,FOTQAJ,1,1
44576,WOFXUK,1,1
44577,NIXDUV,1,1
44578,YIMQOA,3,3
44579,WIJBOH,2,2
44580,BODBIG,2,2
44581,CEPZIG,2,2
44582,OZIWIF,2,2
44583,DUNRIQ,1,1
44584,BUWFOR,1,1
44585,KUVTIH,1,1
44586,JOJZEO,2,2
44587,VIRGIM,2,2
44588,SIVYIG,2,2
44589,IJOTAF,1,1
44590,ETACOR,3,3
44591,BACZIP,1,1
44592,RODNED,3,3
44593,NECDIM,1,1
44594,NUCZUJ,1,1
44595,GIRLAW,1,1
44596,EYESUX,3,3
44597,YOXFAT,3,3
44598,PORLOY,3,3
44599,FOZQAO,3,3
44600,FADDUN,1,1
44601,OCOLOI,1,1
44602,XEVMAN,2,2
44603,FUVKUD,3,3
44604,OVOXEE,2,2
44605,KALJUC,3,3
44606,VIBXAG,3,3
44607,XIQTUN,3,3
44608,RELQEG,3,3
44609,TAYPAK,2,2
44610,CEJGEF,3,3
44611,HOWWEW,3,3
44612,BULVOU,3,3
44613,GEGYEW,3,3
44614,UMICEA,1,1
44615,YUXZUN,3,3
44616,WAVTOF,2,2
44617,YAQGOO,2,2
44618,YOBBAT,3,3
44619,ZAWSEZ,1,1
44620,IKECEG,1,1
44621,OHEWON,3,3
44622,HOYNIS,3,3
44623,RAKKOE,3,3
44624,SIJNOO,3,3
44625,YABVUU,3,3
44626,EHUYIP,2,2
44627,RIPHUT,2,2
44628,ABAJOF,3,3
44629,JITREK,1,1
44630,NOXQEY,2,2
44631,OHUTUG,3,3
44632,IWEFUM,3,3
44633,TAJXUX,2,2
44634,FOKDAM,3,3
44635,REMBAN,2,2
44636,WUWJUV,3,3
44637,WUTXUE,2,2
44638,BUNNEF,3,3
44639,WUGNIY,1,1
44640,NOHYOA,2,2
44641,XOYKOM,1,1
44642,PUPJIT,1,1
44643,XURTEM,1,1
44644,QACVOH,2,2
44645,HIWNAG,1,1
44646,KIWGAA,1,1
44647,IVOJEI,2,2
44648,WEJYAM,3,3
44649,TIVLOZ,3,3
44650,WENBIB,2,2
44651,QETJAA,2,2
44652,FIFHAE,3,3
44653,LISWET,1,1
44654,NOPNUC,3,3
44655,OTIXIB,1,1
44656,KUCVUZ,1,1
44657,WEBSII,3,3
44658,TASLOP,1,1
44659,QUNKIT,2,2
44660,ENECUV,3,3
44661,ORIQIQ,3,3
44662,KAHTAQ,2,2
44663,OZEVOF,2,2
44664,SAXQEN,2,2
44665,OJOQAG,2,2
44666,UVEGAF,2,2
44667,QEJLEX,3,3
44668,CELDEE,3,3
44669,ICEKIK,1,1
44670,HIQSIK,3,3
44671,YOTPEF,1,1
44672,PULDAB,3,3
44673,ASUPIO,3,3
44674,NERHEY,3,3
44675,ITAGES,1,1
44676,JODDOZ,1,1
44677,JUPPOZ,3,3
44678,IDIFIN,3,3
44679,QORLOY,3,3
44680,AMSNCO,2,2
44681,ODOYEM,3,3
44682,JEFWEA,1,1
44683,QIJGOI,2,2
44684,ABOJOT,2,2
44685,PARMAY,2,2
44686,EYOVUJ,3,3
44687,PAKLAP,1,1
44688,ZIFGAA,1,1
44689,XORSEE,2,2
44690,VUDLOV,3,3
44691,YOCHIK,3,3
44692,HIWBUO,1,1
44693,DEQBAC,3,3
44694,WENPUE,1,1
44695,NITBUP,2,2
44696,ADADIS,2,2
44697,FANJEM,3,3
44698,XASHEF,3,3
44699,NUTLUK,3,3
44700,QELVIM,1,1
44701,WELCOG,3,3
44702,HAWSUU,3,3
44703,LATVAD,2,2
44704,ZAKHUR,3,3
44705,LUSPOE,2,2
44706,KOGCUH,3,3
44707,KAYVAI,3,3
44708,BIFZIZ,3,3
44709,EHAZOD,3,3
44710,QOVGAJ,3,3
44711,XOKNUG,3,3
44712,KALHOX,2,2
44713,MICHOV,2,2
44714,SACHOT,3,3
44715,YOYKOM,3,3
44716,ADASII,3,3
44717,CEBCAN,2,2
44718,TUSSOQ,3,3
44719,PENNAA,2,2
44720,TETJUY,3,3
44721,BEKTAO,1,1
44722,NAQYAH,1,1
44723,SOWDIS,2,2
44724,CAQSIY,3,3
44725,PANHUJ,2,2
44726,CIJWUN,2,2
44727,ANESIY,1,1
44728,FUYJAL,1,1
44729,QEHZOS,3,3
44730,UZOGIB,3,3
44731,QOKSIT,2,2
44732,COJRAU,1,1
44733,KIQSOS,1,1
44734,HEZKUW,1,1
44735,MASCUG,3,3
44736,EBAXIR,3,3
44737,BANQIS,3,3
44738,BAWPIZ,2,2
44739,BOCRAN,1,1
44740,MEPWOT,3,3
44741,WOKQOD,2,2
44742,FORLEE,3,3
44743,KIDCOQ,3,3
44744,INORUZ,3,3
44745,ITUDOS,3,3
44746,VONWON,3,3
44747,PONBID,2,2
44748,NIZNOA,2,2
44749,BOLQAV,3,3
44750,IFOHEQ,2,2
44751,NOZNEX,2,2
44752,PETMIL,3,3
44753,SOKCED,3,3
44754,TIFSIL,3,3
44755,UFOYOE,2,2
44756,IDABAR,1,1
44757,QEZSAQ,1,1
44758,FIKCAF,3,3
44759,XIDXIS,2,2
44760,OVIBED,1,1
44761,RIPJAD,3,3
44762,TARTUC,2,2
44763,ZIWBIT,2,2
44764,YAVKUE,3,3
44765,DEJGUY,1,1
44766,HEVFEW,3,3
44767,YOGJAF,1,1
44768,DISVIL,3,3
44769,YAPZIA,3,3
44770,QAQVEK,2,2
44771,RACSUM,1,1
44772,MAZTUF,3,3
44773,LAYTIR,2,2
44774,YIDQAF,3,3
44775,TEXPIW,1,1
44776,QIGLOJ,1,1
44777,HOKGIZ,2,2
44778,BEBZAL,3,3
44779,OPUKAM,3,3
44780,GOXYAT,1,1
44781,WELSEO,3,3
44782,DIDWIW,3,3
44783,IKOFIA,1,1
44784,DEKDUS,1,1
44785,NELNOK,3,3
44786,HOVJAF,2,2
44787,AMISAR,3,3
44788,YUDFOT,2,2
44789,YIHYOD,1,1
44790,FEJRET,2,2
44791,XUFGIQ,1,1
44792,DIJNES,3,3
44793,BOJRAU,2,2
44794,ABOFUW,1,1
44795,TUXYUJ,1,1
44796,YEGFEW,1,1
44797,GUYJAL,1,1
44798,IBAKAA,2,2
44799,WEFQAD,1,1
44800,RALBIR,2,2
44801,TALYAK,1,1
44802,BIKQIY,1,1
44803,ONAKEU,2,2
44804,GEWQAD,3,3
44805,NEDTAS,2,2
44806,HOZRIX,2,2
44807,BEJNAG,2,2
44808,ZEYYEK,1,1
44809,HUWGIQ,1,1
44810,JUWKUJ,2,2
44811,CIJBOO,3,3
44812,XECDAN,3,3
44813,UHIKEE,1,1
44814,SEFMEW,3,3
44815,NEVMIM,1,1
44816,NOBGUJ,2,2
44817,GOCYEG,1,1
44818,XOJCUU,2,2
44819,VAVSET,3,3
44820,SAPRIK,3,3
44821,UBEZUW,3,3
44822,XOPPUO,2,2
44823,ADUNIY,3,3
44824,NOQFIL,3,3
44825,NADKUZ,3,3
44826,DOSVAJ,3,3
44827,QUJYEZ,2,2
44828,LEWYAN,2,2
44829,EDIBOL,2,2
44830,NUJQIT,3,3
44831,DIFCUS,3,3
44832,VOKVIB,3,3
44833,MUSNIA,1,1
44834,PERYIU,1,1
44835,BOQREF,2,2
44836,PIKSAE,3,3
44837,VOTJAP,2,2
44838,KAKVIB,3,3
44839,HOQFUP,2,2
44840,PUSSUU,1,1
44841,PUDPOU,2,2
44842,KASZEM,3,3
44843,MITRUC,1,1
44844,NECSET,2,2
44845,HEKBEI,1,1
44846,EFEKUY,3,3
44847,CUYXID,2,2
44848,LAMYAB,3,3
44849,TIWQIC,2,2
44850,DEYVOT,3,3
44851,AZIZOB,1,1
44852,UDESUS,3,3
44853,FABBES,1,1
44854,BIFTIU,2,2
44855,SICPIG,3,3
44856,BIXROS,3,3
44857,AFEKAA,2,2
44858,XOQSUR,1,1
44859,BEPFUX,3,3
44860,DEGPIR,3,3
44861,YAXYIG,2,2
44862,PUBMEF,3,3
44863,NEYWET,1,1
44864,WODKAB,2,2
44865,OPAQIG,2,2
44866,VUFMEP,2,2
44867,XODCUP,1,1
44868,VAJHUK,3,3
44869,MAKZAA,2,2
44870,JUXSAW,1,1
44871,DADHEV,3,3
44872,IMESEA,3,3
44873,LOBYUA,1,1
44874,ZOJJUD,2,2
44875,GOHQID,3,3
44876,YUNDIW,2,2
44877,YABCAH,3,3
44878,ZEVDOT,2,2
44879,AKIMAL,1,1
44880,QABLOW,1,1
44881,DOMLUO,3,3
44882,WINGAC,2,2
44883,TEMYET,1,1
44884,UCEDEL,3,3
44885,REKFIW,3,3
44886,YIJFAY,3,3
44887,BOPMUP,1,1
44888,SAKROP,1,1
44889,RIJWOZ,3,3
44890,BAMJAB,2,2
44891,QIPTAO,1,1
44892,XOMXAY,2,2
44893,HEQZUB,3,3
44894,MICVIE,2,2
44895,XAJLUQ,2,2
44896,GIWDAR,1,1
44897,DIWZAN,3,3
44898,HOBYAY,1,1
44899,YOCHEH,1,1
44900,XAXYIG,2,2
44901,MOGJOJ,2,2
44902,NUGQUE,1,1
44903,YIBBEQ,3,3
44904,HIBPAJ,2,2
44905,CITCOX,1,1
44906,XATHIL,2,2
44907,WAJHUK,3,3
44908,YUGZAC,3,3
44909,PUJWIA,2,2
44910,NEHLIZ,1,1
44911,TAZRIX,1,1
44912,IWIYUI,3,3
44913,KEQFOE,3,3
44914,UBUYOI,3,3
44915,IXENEG,3,3
44916,XOFYEX,3,3
44917,ASIGAL,2,2
44918,MIJFOB,3,3
44919,RETTOA,2,2
44920,IQETOP,3,3
44921,RUQPAX,1,1
44922,RIZFIT,1,1
44923,ILEZUW,2,2
44924,WEQKUZ,3,3
44925,RUKCAB,1,1
44926,CIXKAZ,1,1
44927,WOBHAA,1,1
44928,BAFKEC,1,1
44929,WANFEZ,2,2
44930,SISQIU,1,1
44931,OJOXEQ,2,2
44932,CANXAQ,2,2
44933,JOCHUG,2,2
44934,BAJQUY,3,3
44935,QEZCEE,3,3
44936,KAMKAN,3,3
44937,LIVFIG,3,3
44938,HUXSID,3,3
44939,OSUCEL,1,1
44940,ZIJHEF,1,1
44941,XAMWAJ,3,3
44942,VOMPUK,3,3
44943,MIKLEB,1,1
44944,CIPFOX,1,1
44945,PANJOF,1,1
44946,HOFPUQ,2,2
44947,SOPXUR,3,3
44948,TEJWIQ,3,3
44949,GOXGIL,1,1
44950,ODITEA,3,3
44951,GOZXEY,2,2
44952,TOWXIP,1,1
44953,DAXDUD,3,3
44954,QICGAN,2,2
44955,LACYAP,3,3
44956,CICKEI,1,1
44957,PABLOW,1,1
44958,AHAVAH,2,2
44959,MAJNAQ,1,1
44960,XADGER,2,2
44961,CUHXEJ,3,3
44962,NODDAL,2,2
44963,UBEJEQ,3,3
44964,IVEDOD,3,3
44965,VAVCUR,2,2
44966,FOSHUS,3,3
44967,MOZRIE,3,3
44968,IQUGEH,3,3
44969,TILJOO,2,2
44970,YOTKIE,1,1
44971,NOTBEG,1,1
44972,YOWYIV,1,1
44973,QEPDIA,2,2
44974,DEZVEM,2,2
44975,WUYDAY,1,1
44976,BAJVER,1,1
44977,PADVUO,3,3
44978,HAHDUP,3,3
44979,KICZUT,2,2
44980,SUGNEP,2,2
44981,LOHLEB,3,3
44982,CMTRCO,2,2
44983,AMABIA,1,1
44984,FUNNIO,1,1
44985,GUZCAH,2,2
44986,ZELYUO,1,1
44987,HAWJAR,2,2
44988,GUBFER,1,1
44989,ESUNOV,2,2
44990,SELCAQ,2,2
44991,MAPFAK,2,2
44992,OLOSIT,2,2
44993,DUSQUG,1,1
44994,EDODEH,2,2
44995,XIWPIE,2,2
44996,HABZAP,1,1
44997,YOMZOP,1,1
44998,DARHIQ,2,2
44999,REJWAH,3,3
45000,RIVRAP,3,3
45001,TOJYAV,2,2
45002,FEWZEP,3,3
45003,NOPGEG,1,1
45004,TOTQIC,2,2
45005,EKUFUM,3,3
45006,LOZKES,3,3
45007,CILDEK,1,1
45008,EVEWEH,2,2
45009,TAMZUD,2,2
45010,BOPDIW,1,1
45011,VOBHUS,3,3
45012,MONDUP,2,2
45013,BIJPER,3,3
45014,REBJIV,1,1
45015,PILXEO,2,2
45016,RIGNIG,2,2
45017,ZITYUW,2,2
45018,JABCEU,3,3
45019,VERWOH,2,2
45020,BARHUZ,2,2
45021,WULSEB,2,2
45022,LISKOQ,3,3
45023,SEYHUA,3,3
45024,TEWMUE,2,2
45025,OKEZOT,3,3
45026,JOXCUW,2,2
45027,UKOBON,2,2
45028,IHUHAV,3,3
45029,FOMKOH,3,3
45030,QAYNEM,2,2
45031,MONFOK,2,2
45032,RAZBEB,3,3
45033,AJEBEY,1,1
45034,IWAZAJ,3,3
45035,QAYYEW,2,2
45036,OMOQIS,3,3
45037,IRUTUL,3,3
45038,KEJJIS,3,3
45039,ZEJZUL,1,1
45040,GIJBOR,1,1
45041,ETAXAY,2,2
45042,VILSIU,1,1
45043,OCUTEL,2,2
45044,XEPBOK,1,1
45045,JOLBIX,2,2
45046,VIHFOI,3,3
45047,YUVDEB,1,1
45048,NAHSIA,1,1
45049,BIYTEI,2,2
45050,HEJSOI,1,1
45051,MONVIW,3,3
45052,IFOXUW,3,3
45053,CEPQAP,2,2
45054,CIJPER,3,3
45055,UQENAG,3,3
45056,MOMDID,2,2
45057,KEJZOO,3,3
45058,IBUZOW,3,3
45059,YEXCUA,3,3
45060,IBUTAD,3,3
45061,HEJDOS,3,3
45062,BICPEI,1,1
45063,AVIVUX,2,2
45064,MAHZIG,3,3
45065,DORGIB,1,1
45066,AZEWIO,1,1
45067,OJUWAR,3,3
45068,DOSJED,3,3
45069,FIPSUS,3,3
45070,EWEKOH,3,3
45071,XIWYAG,3,3
45072,HAJWOE,3,3
45073,HATQIC,1,1
45074,FAJCIC,2,2
45075,UQUFIW,3,3
45076,YISPUO,3,3
45077,SERLOU,1,1
45078,FIFJAG,1,1
45079,QIZTIE,3,3
45080,KOLROS,1,1
45081,OWEJEH,3,3
45082,NUXMIE,3,3
45083,MOVTIC,1,1
45084,LOBYAD,2,2
45085,KABMIN,1,1
45086,JOZNER,3,3
45087,AHIYAT,3,3
45088,ACADCO,2,2
45089,DEBZIU,3,3
45090,RACJOV,2,2
45091,SUPVIJ,1,1
45092,NIGSUS,1,1
45093,LUVTOM,1,1
45094,WUWHUT,3,3
45095,SOTFUE,1,1
45096,ZELNUB,1,1
45097,NOGVAH,2,2
45098,PAKBUZ,3,3
45099,TUVWOY,2,2
45100,ZABJUK,2,2
45101,XOTRED,3,3
45102,CIFQAM,1,1
45103,YUVZOE,2,2
45104,SOTMET,2,2
45105,YIXVUW,3,3
45106,WEPVIZ,3,3
45107,FELSIA,2,2
45108,NIQZES,2,2
45109,CUXWIC,3,3
45110,DIDKOQ,2,2
45111,LUQMAM,2,2
45112,QILQOR,2,2
45113,SODROV,1,1
45114,EJUHAU,1,1
45115,FETHET,2,2
45116,GAVMAU,3,3
45117,IBUDEP,2,2
45118,GOCBEG,1,1
45119,IGEJOT,3,3
45120,IVETIO,2,2
45121,WOFXOE,1,1
45122,LIRQAE,3,3
45123,EGUXEJ,2,2
45124,ROCKAV,1,1
45125,YUWNOU,3,3
45126,WAZRUN,1,1
45127,DAKGEC,1,1
45128,ETIRIJ,3,3
45129,SEDGEN,3,3
45130,AMOKAQ,3,3
45131,BAPLOU,3,3
45132,IJETEX,3,3
45133,FIHTIZ,2,2
45134,DEZQAC,2,2
45135,WURYUD,2,2
45136,CETZOT,2,2
45137,LAHCEF,1,1
45138,GEDGIJ,1,1
45139,ASULAB,1,1
45140,HINJEU,3,3
45141,GAWYAE,1,1
45142,MOWGOU,1,1
45143,FAYGIX,2,2
45144,FIBCUO,1,1
45145,SAYNOV,3,3
45146,ESINID,2,2
45147,QUMKOY,3,3
45148,NARPOP,1,1
45149,MUVCOW,3,3
45150,ITAYUZ,3,3
45151,WEWSUN,3,3
45152,IZEVIT,3,3
45153,YEGDIA,3,3
45154,GAXSIH,1,1
45155,YIXSIJ,3,3
45156,CIMLUG,2,2
45157,JOTYEZ,3,3
45158,GOVLOU,3,3
45159,WELFIC,3,3
45160,CACXIR,1,1
45161,CAXFEN,3,3
45162,NEPBIT,2,2
45163,ICAKOO,3,3
45164,VOFXOE,1,1
45165,XUVZOE,3,3
45166,NAWTUA,3,3
45167,JETYUC,3,3
45168,DESJUJ,2,2
45169,HAPFUD,1,1
45170,GUSJIQ,1,1
45171,WAHBUE,3,3
45172,YASDIH,3,3
45173,PIJLEA,3,3
45174,DACDER,2,2
45175,DIKVEY,2,2
45176,OZETOD,3,3
45177,GITCOE,1,1
45178,INALIU,2,2
45179,GUGYEM,3,3
45180,ZIZKEA,3,3
45181,QAQTEI,3,3
45182,MABTUG,3,3
45183,ACIWIV,1,1
45184,ZEMTUJ,3,3
45185,GIRGET,3,3
45186,LIJTIK,3,3
45187,ICIVIZ,2,2
45188,VITQEU,2,2
45189,ADEMII,2,2
45190,UGANOH,3,3
45191,ELISUO,3,3
45192,QIQNUB,3,3
45193,SUQLIB,2,2
45194,ROHTAL,1,1
45195,WEQKOT,3,3
45196,RUZDEV,2,2
45197,ZINVIE,3,3
45198,EWEGUK,3,3
45199,NEWRAJ,2,2
45200,IHEKUC,3,3
45201,OFAVIA,2,2
45202,RISZAU,1,1
45203,SAHBOV,2,2
45204,CPENPT,3,3
45205,WOCPOW,3,3
45206,PAXTER,1,1
45207,LAQGUF,3,3
45208,BOMWEG,1,1
45209,GINGAN,3,3
45210,OVEQEM,2,2
45211,TADTUP,2,2
45212,ADEZIS,1,1
45213,VIMGEF,2,2
45214,EBIYIA,3,3
45215,VOGWUL,3,3
45216,ULEWUF,3,3
45217,VESZOM,1,1
45218,TANDOC,3,3
45219,YALQEL,1,1
45220,MAMKET,2,2
45221,BITXAD,2,2
45222,QUNYAA,2,2
45223,RECGIS,2,2
45224,DURKUX,3,3
45225,ZODZID,3,3
45226,MODSEF,3,3
45227,CEFCIA,2,2
45228,TOQPAS,3,3
45229,BOCPAL,3,3
45230,PEBJOY,3,3
45231,KEZWUI,3,3
45232,CAMSUE,3,3
45233,COPCAM,1,1
45234,GUSCOO,3,3
45235,NEPRAC,2,2
45236,XIGVAM,2,2
45237,QEHXOQ,1,1
45238,FIFCEF,2,2
45239,UYEQAR,3,3
45240,NOXCOS,3,3
45241,VOMPOE,3,3
45242,DEYVUZ,3,3
45243,ALAKUT,3,3
45244,CEFZEW,1,1
45245,LAZCOE,3,3
45246,CEZMAW,3,3
45247,WUQPON,2,2
45248,MOCCAL,2,2
45249,IBELAC,2,2
45250,ZURHIG,1,1
45251,WAQHII,2,2
45252,UCUPEQ,3,3
45253,FAMMIR,2,2
45254,NOZROJ,3,3
45255,LIHBOT,2,2
45256,OGAJAI,2,2
45257,TAYROB,3,3
45258,WOPTOL,2,2
45259,INUVOC,2,2
45260,SAPPII,1,1
45261,QABGEH,3,3
45262,TENWOB,2,2
45263,GUTJEL,2,2
45264,JAQYAB,2,2
45265,YEPBAW,3,3
45266,RETFIH,3,3
45267,QOSDIO,1,1
45268,LALVON,1,1
45269,HINJIA,1,1
45270,IXEPUY,2,2
45271,VERWAT,3,3
45272,TIYSID,3,3
45273,SOTCEL,3,3
45274,VERYOG,3,3
45275,BAPWUL,2,2
45276,COMKUL,2,2
45277,FAJZIA,3,3
45278,RURWAD,2,2
45279,UHAJEV,1,1
45280,ABODUU,1,1
45281,OLUPAN,3,3
45282,IJULEH,1,1
45283,XEKKON,1,1
45284,BUBSEW,2,2
45285,XALFEV,2,2
45286,BUVNIS,1,1
45287,HERFAL,3,3
45288,OPUPOF,3,3
45289,PIXLOB,1,1
45290,CEVBIS,1,1
45291,CIYQUW,3,3
45292,IBICIG,3,3
45293,DIYVOZ,2,2
45294,TUZFAY,1,1
45295,HISYIR,2,2
45296,CEQROF,2,2
45297,UHEDUG,2,2
45298,GALYIB,2,2
45299,DICROZ,3,3
45300,WAGCAM,1,1
45301,OPOTOF,1,1
45302,TCMIPD,3,3
45303,BEGNEG,3,3
45304,IGIRIA,3,3
45305,EDIGIH,1,1
45306,WUPZEN,3,3
45307,UDOCUN,2,2
45308,SOVLOE,1,1
45309,CEGPOW,3,3
45310,LAZDIC,1,1
45311,BAXXAB,2,2
45312,SONYOK,1,1
45313,HOLWUA,2,2
45314,VIRBAB,2,2
45315,OPACOY,3,3
45316,DIJBIJ,1,1
45317,COXWAQ,1,1
45318,RUPFAJ,2,2
45319,HAVYIO,3,3
45320,XAGPAZ,2,2
45321,YIHYUJ,1,1
45322,KAGBOM,3,3
45323,AYOMAE,3,3
45324,ZUFKOD,1,1
45325,POGNEF,1,1
45326,VUVWIV,1,1
45327,MIKPOP,1,1
45328,GASKOC,3,3
45329,WIMWAR,3,3
45330,ROHMOR,3,3
45331,RUKMUH,2,2
45332,OWEJIK,2,2
45333,IYUFOZ,2,2
45334,EHAQIO,3,3
45335,QEVYOF,2,2
45336,JADYET,3,3
45337,ITERUU,1,1
45338,EMOYEM,3,3
45339,XANKUS,3,3
45340,YIXCAJ,2,2
45341,NULYAW,2,2
45342,YOCTOZ,3,3
45343,XENMOS,3,3
45344,YUKYEI,2,2
45345,NEZGEE,2,2
45346,QIGGEU,3,3
45347,XOZKEC,1,1
45348,BATWIF,3,3
45349,FEPSAX,3,3
45350,JUQVEW,3,3
45351,MUCDAS,1,1
45352,AXEJAP,3,3
45353,ISOGAA,3,3
45354,SUTSEI,1,1
45355,JEGHAE,2,2
45356,QIRWEW,3,3
45357,YOSKEX,3,3
45358,PARHIA,3,3
45359,RISSIW,2,2
45360,HEWYOX,1,1
45361,TEPHEE,2,2
45362,OHEYUX,2,2
45363,LICMEQ,3,3
45364,BULXUC,2,2
45365,XIQMOB,2,2
45366,DAXJAN,3,3
45367,LIJJAS,2,2
45368,AQAPUE,3,3
45369,XODVUH,2,2
45370,RASKAX,3,3
45371,AHAZOY,2,2
45372,WIDWAI,2,2
45373,QAKYOT,2,2
45374,SIPQOX,3,3
45375,BONLOI,2,2
45376,ABETOQ,1,1
45377,CIZHEB,3,3
45378,DEMPOD,3,3
45379,KAMPOE,1,1
45380,FEHFAA,1,1
45381,INOROT,3,3
45382,HIVFEY,3,3
45383,UMAGUL,3,3
45384,TOWZIR,1,1
45385,GUKVOA,1,1
45386,PUSSOL,1,1
45387,CEXGUK,3,3
45388,VEDBAH,2,2
45389,YADBAI,3,3
45390,PANHOD,2,2
45391,PAMZOW,1,1
45392,MINXAI,1,1
45393,EJUHOI,1,1
45394,WEYJUI,2,2
45395,RONYOK,3,3
45396,CITQIF,3,3
45397,DOHHUG,2,2
45398,GERREB,3,3
45399,LIHLAP,3,3
45400,TAHWIK,2,2
45401,OMEMIC,3,3
45402,NIXMIQ,3,3
45403,HUPRIW,1,1
45404,DALGII,2,2
45405,BUKMOK,3,3
45406,MEXCUQ,3,3
45407,WAXFEI,2,2
45408,QIKQAG,1,1
45409,REYFUY,2,2
45410,YAFTEI,1,1
45411,JEBYAU,1,1
45412,JUQQAN,1,1
45413,QAZLOV,3,3
45414,ROJKOQ,2,2
45415,FESFER,2,2
45416,TEDGUF,3,3
45417,KICTUL,2,2
45418,NUFROV,1,1
45419,GIGNIW,2,2
45420,TILJAD,1,1
45421,UTADEZ,2,2
45422,RACJAJ,3,3
45423,LEZYEY,1,1
45424,HIJXIL,1,1
45425,BUFJUK,1,1
45426,WABBEI,3,3
45427,RINNEH,3,3
45428,YESYIF,2,2
45429,QUCBIB,2,2
45430,UFOYUK,2,2
45431,BUQGAX,2,2
45432,WUPMEC,1,1
45433,LUZKOI,1,1
45434,ESUPIR,3,3
45435,ZALGEY,2,2
45436,SUDJAF,1,1
45437,TANLOJ,2,2
45438,NICKAP,1,1
45439,VONSAV,2,2
45440,QADPUI,2,2
45441,MAWPEG,3,3
45442,FAVBIQ,2,2
45443,PAXWUJ,3,3
45444,TUFPOZ,3,3
45445,IWEGIC,1,1
45446,UKUYAA,3,3
45447,RERDAW,2,2
45448,DODDOS,2,2
45449,BODQIY,1,1
45450,QOXXUY,2,2
45451,COGQUM,3,3
45452,DUJMAZ,1,1
45453,HEZVUF,2,2
45454,RETWEW,1,1
45455,ZUBHAI,1,1
45456,QEFRUQ,2,2
45457,POYPEB,1,1
45458,ATEPEV,1,1
45459,ULOVAU,1,1
45460,FOBYOL,3,3
45461,FIDTIZ,1,1
45462,BEVJIZ,1,1
45463,AXUDEE,3,3
45464,CEBNIH,3,3
45465,DEMFEJ,2,2
45466,DAJKOR,3,3
45467,UCEYEJ,2,2
45468,QEVQOX,3,3
45469,METVAL,2,2
45470,SIGHIA,3,3
45471,PODCEQ,1,1
45472,ETIJAT,2,2
45473,KOWSOH,1,1
45474,KIKMID,3,3
45475,SAMREE,2,2
45476,FEWLAU,2,2
45477,HAYRII,3,3
45478,PYHPCO,2,2
45479,YIJLAE,2,2
45480,WEQZAT,3,3
45481,LEKZOU,1,1
45482,DIJJIT,1,1
45483,CUVXAU,3,3
45484,BOTPIK,3,3
45485,TIMMUX,3,3
45486,PIWGOS,2,2
45487,NODBAJ,1,1
45488,LACZIY,2,2
45489,RAPVEL,2,2
45490,FOGQAU,3,3
45491,TUXSUA,2,2
45492,VIJFOL,3,3
45493,ZALNOS,1,1
45494,BIVHIA,2,2
45495,QEXFOP,2,2
45496,FIJDOT,3,3
45497,HOHHIX,3,3
45498,YIQROF,2,2
45499,MOWHEN,3,3
45500,NIMBIW,3,3
45501,KEHCAC,3,3
45502,HEFQUE,3,3
45503,WACGIQ,2,2
45504,XUWFAW,2,2
45505,ASUMEJ,1,1
45506,PANPIF,3,3
45507,OPUXOO,2,2
45508,HENYEE,2,2
45509,NAXDOI,2,2
45510,UCOWUI,1,1
45511,TISGEI,3,3
45512,RECJUG,1,1
45513,PUWPAA,3,3
45514,WOZLUV,1,1
45515,ENEKAM,1,1
45516,IFEGEH,3,3
45517,GAHJAD,2,2
45518,IWIDUO,2,2
45519,IHEXAX,1,1
45520,FUJSAF,3,3
45521,QEGZEJ,1,1
45522,WAFDUF,2,2
45523,LETHIC,2,2
45524,EREKOE,1,1
45525,OSUBUA,2,2
45526,NEGRID,3,3
45527,BOHYED,3,3
45528,UKOQUI,1,1
45529,RAMREE,3,3
45530,OKAPEX,2,2
45531,MOYVOL,2,2
45532,SUPNAT,1,1
45533,BATQET,3,3
45534,WOPRAV,3,3
45535,NIZQUK,3,3
45536,BUVXAU,1,1
45537,OPUHIS,3,3
45538,RIJCEV,3,3
45539,MOBDUG,1,1
45540,ICASEN,2,2
45541,WOMHIP,3,3
45542,VUMQAW,2,2
45543,DALHOQ,2,2
45544,SEWYUO,2,2
45545,BEFLON,3,3
45546,QETGIG,3,3
45547,XAWYAV,1,1
45548,CAGBEU,3,3
45549,DOCMEP,2,2
45550,GAVROM,3,3
45551,TAZQAQ,1,1
45552,FOVSAM,1,1
45553,ZUFJEP,1,1
45554,BUXCUU,3,3
45555,FUJMII,2,2
45556,NOZCAJ,1,1
45557,COPRNI,1,1
45558,EVAHUE,1,1
45559,BEKPAK,2,2
45560,DIWNIJ,3,3
45561,GOHRAZ,1,1
45562,EGOMEV,2,2
45563,WIZNEC,1,1
45564,GERTIG,2,2
45565,LIGKUI,3,3
45566,YADFUH,1,1
45567,VELNEI,3,3
45568,YALNEH,3,3
45569,NEKFUE,1,1
45570,INEXII,3,3
45571,OPIQAH,3,3
45572,EFEVUH,2,2
45573,SEBKOA,3,3
45574,ZIZHUN,3,3
45575,UNUHAP,1,1
45576,WABZAC,3,3
45577,YAQVUJ,2,2
45578,JANMIY,1,1
45579,VEHWUB,3,3
45580,KAMZUW,3,3
45581,JAMHIP,3,3
45582,QELRII,3,3
45583,FAZSIM,1,1
45584,ACAKIC,1,1
45585,QAFMAO,2,2
45586,GATMAP,3,3
45587,RAFSAS,1,1
45588,QIXSOF,3,3
45589,PUDTAM,1,1
45590,KUHXAN,2,2
45591,YOZDAS,1,1
45592,RAMKID,1,1
45593,QUPYIJ,2,2
45594,TAKTEG,3,3
45595,UGAVIJ,3,3
45596,INOXUF,3,3
45597,PEMFIY,3,3
45598,EJEVOH,1,1
45599,XIHCID,2,2
45600,JALNUG,3,3
45601,WIVCUC,2,2
45602,YIYXEJ,2,2
45603,LEYMIO,2,2
45604,QIGSUW,3,3
45605,FESWIM,1,1
45606,VOCFEY,3,3
45607,HISHEZ,2,2
45608,GUTKOX,3,3
45609,GASZAC,2,2
45610,RABVAS,2,2
45611,VAKDIW,3,3
45612,NIQBOE,2,2
45613,GAKTUH,2,2
45614,EPEDUA,3,3
45615,CARBAC,1,1
45616,WAMPIN,1,1
45617,CIFGEH,1,1
45618,OZEROB,3,3
45619,KUVNAT,1,1
45620,GEFBUR,2,2
45621,BATZUR,2,2
45622,GESPOK,3,3
45623,HUSHIM,3,3
45624,KUJWIX,3,3
45625,DEMHIQ,1,1
45626,YATGUZ,1,1
45627,KULQUF,2,2
45628,ELIWAY,2,2
45629,AWAMET,1,1
45630,ROSBOQ,1,1
45631,ADUMAP,3,3
45632,SUPGIV,3,3
45633,KAXXIR,3,3
45634,UBOWOB,1,1
45635,UDIZIT,2,2
45636,HUBTAZ,2,2
45637,ISULEQ,1,1
45638,SASTAK,3,3
45639,MAWYOZ,3,3
45640,UMADET,2,2
45641,BIKRAP,3,3
45642,BATMUH,2,2
45643,FAHMEJ,2,2
45644,MIFDAK,1,1
45645,SAFDAI,1,1
45646,ACOLOW,2,2
45647,TOBBIY,3,3
45648,GOLPEC,2,2
45649,CAWDAI,3,3
45650,TURMAV,3,3
45651,UQUPOM,1,1
45652,FASZAC,3,3
45653,HUJWAK,3,3
45654,AWOSOV,3,3
45655,FUTKOX,1,1
45656,OWEPUE,1,1
45657,SOTKER,2,2
45658,FUWWAX,3,3
45659,OFEBEI,1,1
45660,RADLOY,3,3
45661,ROCVUB,3,3
45662,KIVPEL,2,2
45663,ZEGYUF,2,2
45664,GEFPIU,1,1
45665,HUKXUI,3,3
45666,GEVTUZ,3,3
45667,XEZVOR,1,1
45668,NOJREL,1,1
45669,RUNTUQ,3,3
45670,WIHYAQ,3,3
45671,QEMFIY,3,3
45672,KEDLIP,3,3
45673,JEGLUD,2,2
45674,LEHVEA,2,2
45675,FIXMAA,1,1
45676,MUMLAH,3,3
45677,XABPOJ,1,1
45678,DUDZAE,2,2
45679,EWOSUE,3,3
45680,IRUPAM,3,3
45681,MAMTID,3,3
45682,CAPTIW,1,1
45683,ZITFUD,2,2
45684,WUJDUC,3,3
45685,ETUCAX,1,1
45686,MIWQOB,3,3
45687,EXOBEZ,2,2
45688,RIVZAY,2,2
45689,VUQHEX,1,1
45690,BALSIT,1,1
45691,KELHAL,2,2
45692,XAQDEY,2,2
45693,XUJLAQ,2,2
45694,WETKOX,2,2
45695,LORKUZ,3,3
45696,RAZDIG,2,2
45697,YONWOP,3,3
45698,ZIFJED,1,1
45699,QAHCAE,3,3
45700,DOPWAG,2,2
45701,NILJUO,1,1
45702,FAPFAH,1,1
45703,AZIKUP,3,3
45704,BOTYOB,1,1
45705,BEWPIE,2,2
45706,RERFUP,3,3
45707,WALJIF,2,2
45708,YAVMOZ,3,3
45709,YAJTEI,2,2
45710,SAKTUX,1,1
45711,HOHFIW,2,2
45712,EHANEH,3,3
45713,YOPVOP,2,2
45714,YUDBOP,2,2
45715,TUMMUL,3,3
45716,PIFLIB,3,3
45717,SEZWIF,3,3
45718,VIFNOR,1,1
45719,BIYRIL,3,3
45720,LAMMER,1,1
45721,SUTRAA,3,3
45722,TOWBAL,1,1
45723,KEKFOV,2,2
45724,WEPNOX,2,2
45725,XOWTUB,1,1
45726,WUVVOA,2,2
45727,JERYEO,1,1
45728,SAZJEK,2,2
45729,JEKXEF,3,3
45730,ECANOM,2,2
45731,OFUTIU,3,3
45732,EBOLOX,1,1
45733,SOJSEP,2,2
45734,SIHKEZ,3,3
45735,FEBKOQ,1,1
45736,KICPOF,1,1
45737,TILWUG,1,1
45738,SELLEA,2,2
45739,GUXTOK,2,2
45740,NEXYOG,1,1
45741,PADRAN,2,2
45742,ALILOX,2,2
45743,PENMIH,3,3
45744,THPBPD,3,3
45745,YUDWUQ,3,3
45746,LOLQAH,2,2
45747,DICVUG,3,3
45748,MIDLAP,3,3
45749,WIRCEJ,1,1
45750,AGUBOT,2,2
45751,YIGKUY,1,1
45752,CORSEK,2,2
45753,GUMDOI,1,1
45754,DIXSOV,2,2
45755,BUJQAY,2,2
45756,ZOQKOF,3,3
45757,IGIMEQ,2,2
45758,MAGQIV,3,3
45759,QAXBAW,1,1
45760,XANQEI,2,2
45761,MDTCNI,1,1
45762,EJIGAH,3,3
45763,PENZIR,2,2
45764,YUTDID,1,1
45765,LEWMEI,2,2
45766,YUWVIW,2,2
45767,XOZQUY,3,3
45768,OFITOP,2,2
45769,COBBAZ,3,3
45770,XEQWEX,3,3
45771,ENUSAJ,3,3
45772,ATAPUH,2,2
45773,FODJEP,2,2
45774,JIHHEN,3,3
45775,SIQTOC,2,2
45776,JOJPED,2,2
45777,WOHGOS,1,1
45778,XASBEZ,3,3
45779,MIRPIN,3,3
45780,EDISUI,1,1
45781,DUVTEU,1,1
45782,JEZTIR,2,2
45783,VOVDUH,3,3
45784,EDIDUS,2,2
45785,QACBED,3,3
45786,IWAKOJ,1,1
45787,MACTIV,3,3
45788,QUWGOG,2,2
45789,RUWWAH,1,1
45790,URUHAS,3,3
45791,WAYHUC,1,1
45792,CUJHOG,3,3
45793,WIXFEO,3,3
45794,IMOYUF,3,3
45795,ICESUG,2,2
45796,TEXJAK,3,3
45797,YEQKUD,1,1
45798,YOBFOL,1,1
45799,VEQCAV,1,1
45800,QIYPAP,2,2
45801,HANZOL,1,1
45802,YEXNIB,3,3
45803,PIQHUS,2,2
45804,CORMOL,2,2
45805,OKEPUQ,2,2
45806,KUHZUI,2,2
45807,PUPGOY,2,2
45808,IKIXEG,2,2
45809,NEKSAX,3,3
45810,FISLIC,2,2
45811,GEDVEU,1,1
45812,HAVMUN,2,2
45813,XAJZIR,2,2
45814,KUZVEI,2,2
45815,YEJNOU,1,1
45816,TIWLEQ,2,2
45817,ROWPAW,2,2
45818,JAQFOZ,3,3
45819,PIKLUS,3,3
45820,WIRJOW,3,3
45821,PIFRAZ,3,3
45822,GOCJEN,3,3
45823,KACCUP,2,2
45824,YAQTAM,2,2
45825,JUYTAY,2,2
45826,AGEMAB,2,2
45827,KEWTUC,2,2
45828,DAZDOX,2,2
45829,HOYZAW,1,1
45830,MOZMIA,1,1
45831,POSLER,3,3
45832,ZAXFUB,3,3
45833,KEDKAJ,1,1
45834,WEHNUW,1,1
45835,QALHOA,1,1
45836,MAHKEO,3,3
45837,BEYBUG,1,1
45838,KEGYAY,3,3
45839,WEMZIZ,3,3
45840,EFILIQ,2,2
45841,HEVLIH,1,1
45842,MAXMAD,1,1
45843,WESRAO,3,3
45844,CUXXOL,1,1
45845,YEMYOF,3,3
45846,RAFZEE,2,2
45847,OJEWIK,1,1
45848,PUMTOJ,1,1
45849,SUQSEE,3,3
45850,CIMFOU,3,3
45851,TUTLUR,3,3
45852,NOGPOR,3,3
45853,CIFPIQ,2,2
45854,VADPEV,2,2
45855,WURTIP,1,1
45856,TOVZUC,1,1
45857,UGEDES,1,1
45858,CESPUO,1,1
45859,LOWVAU,3,3
45860,FUQZAT,1,1
45861,ZUJRAZ,2,2
45862,FOCJEN,3,3
45863,NUKFOQ,3,3
45864,BEXVUW,2,2
45865,QAYMUB,2,2
45866,YOKFOW,1,1
45867,OCECOP,3,3
45868,DEDVOY,2,2
45869,HUTTUL,3,3
45870,SAKVOT,1,1
45871,JACCUP,1,1
45872,CUZGAF,3,3
45873,XEBJIB,1,1
45874,YAXTAV,2,2
45875,NEWZOH,3,3
45876,GEPNUL,3,3
45877,LEZFII,3,3
45878,KAPPUQ,1,1
45879,YOQBOW,3,3
45880,LEQPOM,3,3
45881,BEBRUW,1,1
45882,UCOLOP,1,1
45883,RANGOD,2,2
45884,YOSQUU,2,2
45885,VITWED,1,1
45886,BEQDIK,3,3
45887,SIKPOT,2,2
45888,DALDUR,2,2
45889,JAYLEA,1,1
45890,PUCDID,1,1
45891,OWITAS,1,1
45892,ACIVOA,3,3
45893,ZUZHUZ,3,3
45894,NADCAA,1,1
45895,XOZMEE,2,2
45896,UYOBER,3,3
45897,FEJFAD,3,3
45898,HACQAD,2,2
45899,BEYGIZ,1,1
45900,KAZWOX,1,1
45901,OMEYUB,1,1
45902,WIMXIA,3,3
45903,MEDBUT,3,3
45904,WUFNAM,3,3
45905,ALAXOD,1,1
45906,NILFAP,3,3
45907,QENCES,1,1
45908,KIVPIO,2,2
45909,HOTVIY,1,1
45910,JETMEA,1,1
45911,MITVUG,1,1
45912,AYIDUH,3,3
45913,PUXMEB,2,2
45914,MEQRUV,2,2
45915,YAVDEG,3,3
45916,HULSIR,3,3
45917,QANBOX,3,3
45918,EDITEU,1,1
45919,MEFZIJ,2,2
45920,LUXPOL,2,2
45921,REYWAW,1,1
45922,YUDLUF,3,3
45923,PIKRIN,2,2
45924,BAPXIZ,3,3
45925,ZEXYUY,1,1
45926,XEBFIX,1,1
45927,DOZGOQ,2,2
45928,LAMXII,2,2
45929,JATLOJ,1,1
45930,KASYUB,3,3
45931,DEXCEP,2,2
45932,LUCBUG,3,3
45933,KOKHEY,3,3
45934,SAHQAT,2,2
45935,MAFGEG,2,2
45936,BEWNUO,2,2
45937,KAMDEI,2,2
45938,TESLUA,3,3
45939,PEDVUP,2,2
45940,HEYMEF,3,3
45941,QUSWAC,1,1
45942,WOGXIZ,2,2
45943,XOTHOG,1,1
45944,TUJTOI,2,2
45945,ACITAH,3,3
45946,KIZZID,2,2
45947,JELZIN,1,1
45948,SENVAL,2,2
45949,JAZREH,1,1
45950,TIQHUY,3,3
45951,IDATIT,1,1
45952,NEJKAR,2,2
45953,DEYPAY,2,2
45954,KATNUQ,3,3
45955,AZUKEO,1,1
45956,EGETOA,2,2
45957,MAJJUG,1,1
45958,OGOYOY,3,3
45959,MIPCEV,3,3
45960,BOKPIC,1,1
45961,BEWRED,3,3
45962,BOCVUO,1,1
45963,SEQJII,3,3
45964,TUTKEY,2,2
45965,BEGXUG,1,1
45966,LIHQAV,2,2
45967,NUTHOA,2,2
45968,YORBEN,3,3
45969,YOWTAG,3,3
45970,ZUZQOA,3,3
45971,HEBVUG,2,2
45972,MOJNEE,1,1
45973,YELHEF,3,3
45974,IPOBAR,3,3
45975,LUNLEM,2,2
45976,WAYFOU,1,1
45977,XETVUN,3,3
45978,ELEMIR,3,3
45979,JAGFAB,3,3
45980,IFOYIN,3,3
45981,MOZHAN,1,1
45982,ZIZFAS,3,3
45983,FOGMIX,1,1
45984,FEJFUV,1,1
45985,RIWYUV,1,1
45986,DIRTAZ,3,3
45987,VICQUT,1,1
45988,BOQZEO,3,3
45989,UVATET,1,1
45990,OGERAX,1,1
45991,QAVYAR,1,1
45992,PEKWOS,3,3
45993,AVACIJ,3,3
45994,FIRQUT,1,1
45995,METXUF,3,3
45996,DEJCAX,3,3
45997,OLOPOV,3,3
45998,SAZFEF,2,2
45999,MUHSUE,3,3
46000,DODXEA,1,1
46001,AQESAQ,3,3
46002,TACLIU,2,2
46003,TAPZUI,2,2
46004,REMSAE,2,2
46005,CEQXOM,2,2
46006,PEYWID,1,1
46007,XIBZAL,3,3
46008,HEFSUG,2,2
46009,YEHMEF,3,3
46010,IKOYIR,2,2
46011,HOHJIZ,3,3
46012,HUTZOM,3,3
46013,XEHSOV,2,2
46014,NIBCIM,2,2
46015,GOMXOV,3,3
46016,HIBXAT,3,3
46017,SEFNUO,2,2
46018,GIQFIZ,1,1
46019,LILCAL,2,2
46020,HIBVOG,2,2
46021,MIJLUP,1,1
46022,AVAMEQ,3,3
46023,PUMMUF,2,2
46024,TIFLIH,1,1
46025,YOGBAX,2,2
46026,XEVLEQ,3,3
46027,DIPLIA,3,3
46028,ZALYUG,1,1
46029,CELBEC,1,1
46030,FIVFID,1,1
46031,UYICIP,2,2
46032,IMUTIV,3,3
46033,ZEQKIR,2,2
46034,ABAYUA,2,2
46035,EHENOX,1,1
46036,HIPXEK,3,3
46037,AKIKOV,3,3
46038,WIMDOP,1,1
46039,ILEPOE,3,3
46040,AGUYOT,1,1
46041,YELXAR,3,3
46042,QEHBIQ,2,2
46043,ZUXGII,1,1
46044,KIXYUM,3,3
46045,IMEGUC,3,3
46046,AHOWIF,3,3
46047,DUJFIZ,2,2
46048,ANIZOP,1,1
46049,ARITOK,2,2
46050,NELSUT,2,2
46051,RUMVIG,2,2
46052,EZIWEQ,1,1
46053,LESSEI,3,3
46054,EJUWUC,2,2
46055,ZECLIC,3,3
46056,YAVHEJ,3,3
46057,XUHFAH,1,1
46058,ERUQAK,1,1
46059,ZIWMOL,1,1
46060,EXUDIL,3,3
46061,FIKBIM,3,3
46062,DOYRIS,2,2
46063,AXEYOR,2,2
46064,FOTNOR,3,3
46065,VIFKEB,1,1
46066,ZELXIA,2,2
46067,MAGCAC,1,1
46068,WAYDUY,2,2
46069,PEJSIH,2,2
46070,GELPOC,2,2
46071,XUZHIL,3,3
46072,ZEDRAE,3,3
46073,HOCLIU,3,3
46074,CATCAB,2,2
46075,XUCGEI,3,3
46076,ZEYFEO,1,1
46077,FALJEH,3,3
46078,YUPCER,1,1
46079,IVEPIK,1,1
46080,BAXBEJ,2,2
46081,KULXEU,2,2
46082,WAVKAI,3,3
46083,BIMHUC,1,1
46084,WIQZAZ,3,3
46085,ADEBUH,3,3
46086,NITFOM,1,1
46087,OKOKII,2,2
46088,UHOGAA,3,3
46089,XAKLEC,3,3
46090,ILENEU,2,2
46091,XIBSIN,2,2
46092,QIFYEN,1,1
46093,YEXBIO,2,2
46094,LAYLOP,3,3
46095,PAXWOD,3,3
46096,WUWGEA,3,3
46097,VENJEH,1,1
46098,OWERUG,1,1
46099,SURFUJ,1,1
46100,OMEWOT,3,3
46101,BELBEC,3,3
46102,UBITUX,2,2
46103,ACUZII,2,2
46104,DUJCUG,3,3
46105,KOCBOU,2,2
46106,PAFXAW,3,3
46107,GELNES,3,3
46108,SIQQES,1,1
46109,MOJRUY,3,3
46110,UMAFEV,2,2
46111,WIRVIF,2,2
46112,SUYWUH,1,1
46113,SOTBUA,3,3
46114,AKOXII,2,2
46115,PASFOF,2,2
46116,ITECAL,2,2
46117,MORKAH,3,3
46118,PIVSUM,1,1
46119,PENOFE,2,2
46120,ADIXER,2,2
46121,WENDID,1,1
46122,QETLAG,1,1
46123,WAGGOB,1,1
46124,APADEB,3,3
46125,BERTEY,3,3
46126,UMIYUL,2,2
46127,LEPQAY,2,2
46128,LIXKUA,3,3
46129,DOZRUG,2,2
46130,PIQXEU,3,3
46131,AXIVEI,2,2
46132,BOJMAQ,2,2
46133,YUNBER,1,1
46134,LAVQIL,2,2
46135,QUGJAD,2,2
46136,DIDQIQ,3,3
46137,WUMQUR,2,2
46138,RITYEA,2,2
46139,HINGAP,3,3
46140,ZIMYED,1,1
46141,TIPYEW,2,2
46142,BARGIL,3,3
46143,YUFSUP,2,2
46144,NOZFIR,1,1
46145,FAMYOJ,3,3
46146,QAHHIR,2,2
46147,MAKLES,3,3
46148,UWIKAN,3,3
46149,DIQVII,2,2
46150,FAJWAP,2,2
46151,EMUPOT,3,3
46152,HUSZAX,2,2
46153,IXOCIH,3,3
46154,HOXKEK,3,3
46155,OBAQOX,1,1
46156,SOHPAH,2,2
46157,NILHUM,1,1
46158,WAPVEQ,3,3
46159,LIHQOJ,3,3
46160,OFUFOK,3,3
46161,GUJSUC,1,1
46162,PEBLUF,2,2
46163,JUQKIR,2,2
46164,VIXTAY,3,3
46165,QAYJIJ,3,3
46166,ATORUX,2,2
46167,NEVKIK,3,3
46168,WEHPEI,1,1
46169,FICJUY,2,2
46170,MOPSEP,2,2
46171,PEMXUD,2,2
46172,YEJBAS,3,3
46173,DUFKUN,1,1
46174,ZOSHIA,2,2
46175,LOBZIM,3,3
46176,SEYWOK,1,1
46177,RIVVOH,2,2
46178,KABNAG,1,1
46179,YUZVOH,1,1
46180,ZUWXUN,1,1
46181,RILKAA,3,3
46182,OGANAM,3,3
46183,BIVTOP,2,2
46184,NUNBON,2,2
46185,QAWSEN,3,3
46186,ISEXIO,2,2
46187,BEPBOR,1,1
46188,DAWVUW,1,1
46189,NEFTAV,2,2
46190,UMECIB,1,1
46191,RIBKAS,1,1
46192,YUMWOS,2,2
46193,YUTVOZ,3,3
46194,FOVDUR,1,1
46195,CAPXEY,3,3
46196,VOCVUH,2,2
46197,NANTEE,2,2
46198,VEQZUQ,1,1
46199,QOPKEN,3,3
46200,DIBRIR,2,2
46201,ASANUD,3,3
46202,UTAPAJ,1,1
46203,KOTJIP,1,1
46204,AYUSIY,1,1
46205,HECLUX,3,3
46206,YIQWEA,1,1
46207,TEXDUV,3,3
46208,ELUROS,2,2
46209,GASHIV,1,1
46210,RERHAZ,3,3
46211,ECEKUT,3,3
46212,VASXUI,3,3
46213,RUWBAP,1,1
46214,SOMHIM,3,3
46215,ZOGLIS,2,2
46216,IXIGOM,3,3
46217,AJIYEY,3,3
46218,OFIVOR,2,2
46219,PEPPAE,2,2
46220,XIQNIW,1,1
46221,QUSNAV,3,3
46222,RIKPUZ,3,3
46223,UGULUE,3,3
46224,WOFLEI,1,1
46225,CAVBIL,3,3
46226,JOBQEW,3,3
46227,XANSEK,2,2
46228,VALXOX,1,1
46229,CIHRIV,2,2
46230,JATLAV,1,1
46231,RISPOB,1,1
46232,ANITOH,2,2
46233,NOMGII,1,1
46234,ECIQEN,2,2
46235,POXVOO,2,2
46236,SALDIT,3,3
46237,TOKYIB,2,2
46238,POMFOM,3,3
46239,MULJIM,2,2
46240,DICTUE,2,2
46241,WOCCOI,3,3
46242,TAJKAT,3,3
46243,BISKAS,3,3
46244,JUCBEO,3,3
46245,YASWEU,3,3
46246,ACONAI,1,1
46247,VAFMIA,3,3
46248,UKEZOZ,1,1
46249,RUMVED,1,1
46250,TIZLAQ,1,1
46251,TERVUI,1,1
46252,TOTKOC,3,3
46253,YUBJEL,1,1
46254,BOZREO,2,2
46255,MEKFIS,3,3
46256,WIVCAF,1,1
46257,CAKCUO,2,2
46258,DODVEY,3,3
46259,AYITIM,3,3
46260,YIKTAO,2,2
46261,SIBROM,3,3
46262,HOLFOD,3,3
46263,QITPEP,3,3
46264,ALUYIR,3,3
46265,SIMQOU,1,1
46266,LUZVAD,3,3
46267,KAPPOH,1,1
46268,BEJVIY,1,1
46269,HOCKAO,3,3
46270,FEDDAT,2,2
46271,COGHOV,3,3
46272,TEVSUI,3,3
46273,SEVZAW,2,2
46274,TAJLEZ,1,1
46275,QECDEJ,3,3
46276,WIRHOU,3,3
46277,DAVWOQ,1,1
46278,OHIYOV,2,2
46279,ISNBZP,3,3
46280,BECXEN,3,3
46281,HISCAN,1,1
46282,NITQAK,2,2
46283,BEXQIH,3,3
46284,PATFAS,2,2
46285,VIVXUT,3,3
46286,OJAGIS,1,1
46287,SATXAO,2,2
46288,EPEZIK,1,1
46289,PUWBIT,1,1
46290,WEMFAW,1,1
46291,APOTOO,3,3
46292,DEQMES,3,3
46293,CEZPOM,2,2
46294,XOVGIZ,1,1
46295,POTYEC,1,1
46296,KACVUH,2,2
46297,XUBSIZ,1,1
46298,YUHVIH,1,1
46299,KASRIG,3,3
46300,SEJZEM,3,3
46301,QOCFOH,1,1
46302,XETCAD,2,2
46303,FEBYIX,2,2
46304,WAHTEE,3,3
46305,MERBUG,3,3
46306,NIFQEC,1,1
46307,LOQYOG,2,2
46308,HALGAD,3,3
46309,LOXPEV,2,2
46310,FOYPUG,3,3
46311,SUTWEM,1,1
46312,SOFGAW,2,2
46313,OWEGAZ,3,3
46314,HOJKAT,3,3
46315,HAYNOO,1,1
46316,SALMAV,2,2
46317,NOJPIM,2,2
46318,BIXTOU,2,2
46319,EDANEF,2,2
46320,FEGZUO,2,2
46321,XORGUG,2,2
46322,JAGDUR,2,2
46323,JOYQAS,1,1
46324,GAKSET,3,3
46325,QIGCEQ,3,3
46326,ETUMUE,1,1
46327,VIVCAF,3,3
46328,JIYTUH,2,2
46329,YILXUN,3,3
46330,HARXIK,2,2
46331,TETBUP,1,1
46332,GITNIH,3,3
46333,QASHOI,3,3
46334,KOBVAY,2,2
46335,FAJGED,3,3
46336,XOMGOV,2,2
46337,ESITOS,1,1
46338,IWIJON,1,1
46339,ILUVER,3,3
46340,PULLAK,2,2
46341,PIDHIT,3,3
46342,ACAWOR,3,3
46343,TAZAPD,3,3
46344,RUHLUE,1,1
46345,UCEBEJ,2,2
46346,PYROCO,2,2
46347,SEKRUV,2,2
46348,CMCNCR,2,2
46349,ZEZJAP,2,2
46350,LEKVOO,3,3
46351,OGIVUY,1,1
46352,XOCRUE,2,2
46353,UROGIS,3,3
46354,XUNGUL,1,1
46355,QICFEQ,1,1
46356,AKAVIT,2,2
46357,ETEWAE,1,1
46358,BEFBUN,1,1
46359,YIXGAO,1,1
46360,JOSDEC,2,2
46361,ACIZAQ,2,2
46362,IJAGUY,1,1
46363,NINNUX,1,1
46364,SODZUG,1,1
46365,MIQWIS,3,3
46366,UDOBIA,1,1
46367,DUSWAR,3,3
46368,WIPYOM,3,3
46369,IMUSAM,3,3
46370,GOJCUG,3,3
46371,TALDUI,3,3
46372,KAYPOR,3,3
46373,IBUWIL,1,1
46374,ZIWCOB,1,1
46375,XIWCEN,3,3
46376,YASPAM,2,2
46377,IFONEA,1,1
46378,XETCAE,1,1
46379,CICCIB,2,2
46380,GITYIS,3,3
46381,TEWGUX,1,1
46382,JAFROX,2,2
46383,LEXGUT,3,3
46384,MEBFII,3,3
46385,ZAZBUB,1,1
46386,XOSVIK,2,2
46387,XIPCEG,2,2
46388,ZUJPAY,1,1
46389,KOGWEK,2,2
46390,DARPUK,3,3
46391,MUFJUT,3,3
46392,HADDAT,3,3
46393,HUTVUO,2,2
46394,HOSTIS,3,3
46395,QAVLUY,1,1
46396,KIVLAC,3,3
46397,YAXVAU,2,2
46398,JASRIF,2,2
46399,YIWMIB,2,2
46400,QEJDEP,2,2
46401,WISLIX,1,1
46402,ECIFEB,3,3
46403,OCEVOI,2,2
46404,RAMWOT,1,1
46405,GAHJUW,2,2
46406,SOMVAT,3,3
46407,QUWBIU,3,3
46408,LAGZAW,3,3
46409,BAFMED,3,3
46410,YOBTIS,3,3
46411,ZANFUP,3,3
46412,FUFNAV,2,2
46413,ONUNAN,3,3
46414,BAVKAO,1,1
46415,QAWXUI,2,2
46416,YIWCEN,2,2
46417,YIKTAN,2,2
46418,NABLOR,1,1
46419,LIFXED,1,1
46420,KERROQ,2,2
46421,KIWXAS,2,2
46422,JARFIV,1,1
46423,UFAQAT,3,3
46424,AKOVIG,2,2
46425,NATYOY,2,2
46426,NAKREY,3,3
46427,WICSAE,2,2
46428,YIZHIY,3,3
46429,LIQPOU,1,1
46430,EDUJEU,3,3
46431,NAGHUC,1,1
46432,JIPHEY,2,2
46433,YAHNON,3,3
46434,KUSJOA,1,1
46435,CEMSUL,3,3
46436,GAJGEE,3,3
46437,YESTAV,1,1
46438,DUHPAX,3,3
46439,JATKEY,1,1
46440,YEDYUE,2,2
46441,DOYREQ,3,3
46442,OZIQEU,2,2
46443,EXOWET,2,2
46444,QIBNUK,2,2
46445,VAWXIB,1,1
46446,BULGAT,1,1
46447,GUQVOD,2,2
46448,JULFAX,2,2
46449,LOPMOV,2,2
46450,WUTLEF,1,1
46451,JACSIT,1,1
46452,MIFVIH,3,3
46453,CEDXEQ,2,2
46454,ATIZEK,2,2
46455,DIVXEM,2,2
46456,MIGBIO,2,2
46457,KEGKEN,3,3
46458,WEWYUS,2,2
46459,YATYIF,1,1
46460,SEKYEQ,1,1
46461,FORJEB,3,3
46462,UKAJUM,2,2
46463,GAQWEB,3,3
46464,TAFDIQ,2,2
46465,UNALUQ,3,3
46466,IZIDAW,3,3
46467,ZIRLEU,2,2
46468,TEXSUM,2,2
46469,TEVQOD,3,3
46470,ZITHAO,2,2
46471,ZEQBOM,1,1
46472,OLAYIL,3,3
46473,ZUBJOV,3,3
46474,VEQZUP,3,3
46475,QITYOL,1,1
46476,CUMTEJ,2,2
46477,BABQIE,2,2
46478,JAFKAF,1,1
46479,ETARAS,1,1
46480,ZUCKUG,1,1
46481,UGEXOW,1,1
46482,FUPKEI,1,1
46483,OVAPEH,3,3
46484,QOJSUD,1,1
46485,NOYMEV,2,2
46486,TAWQIS,2,2
46487,MAJXEB,3,3
46488,TAJKAU,1,1
46489,NOBSIJ,1,1
46490,JUSDAE,3,3
46491,WIWYOS,2,2
46492,KIVBOG,1,1
46493,XEXLIV,3,3
46494,YIJWAS,1,1
46495,FUJSUB,1,1
46496,BODCAZ,2,2
46497,ECANUU,2,2
46498,ANICOS,1,1
46499,DIGMEO,3,3
46500,ABOBOK,1,1
46501,VAHMIE,1,1
46502,BAYSUR,3,3
46503,HONNAB,3,3
46504,ZOVNIJ,2,2
46505,GOCVOJ,1,1
46506,KEJPOE,2,2
46507,AREKOY,3,3
46508,GIRTEK,1,1
46509,LAYKEC,1,1
46510,DORMIH,2,2
46511,GEQZOS,1,1
46512,TIXSOM,1,1
46513,TIGXEM,1,1
46514,FEWLUQ,3,3
46515,ZISSUT,1,1
46516,QEFLIZ,2,2
46517,IXODOO,3,3
46518,MACDUR,3,3
46519,QASVEO,3,3
46520,ENUVEP,3,3
46521,SELWIT,1,1
46522,JOFJOF,1,1
46523,DIDFIJ,1,1
46524,JABBUN,1,1
46525,HERBAI,3,3
46526,WUMQUS,2,2
46527,GEYPEH,3,3
46528,HUBVOR,2,2
46529,TUMXUU,1,1
46530,SUTPAB,1,1
46531,FUQCUR,2,2
46532,VIHNUX,2,2
46533,RUXQEJ,1,1
46534,QUGJAE,3,3
46535,EPEJOA,1,1
46536,NUZXEM,2,2
46537,NALNUL,3,3
46538,VUDQUH,2,2
46539,WUVZAQ,2,2
46540,WOGXEX,3,3
46541,FAWSAX,3,3
46542,YELMUY,3,3
46543,MAMVIG,1,1
46544,WALXOY,1,1
46545,HAWNOK,2,2
46546,VIWNOI,1,1
46547,WAQLIL,3,3
46548,NUHHEF,1,1
46549,VOLYAY,1,1
46550,RACPIW,1,1
46551,ZUZHOU,1,1
46552,LOCWEJ,1,1
46553,QISPEO,2,2
46554,XUWTIT,3,3
46555,MIYQUH,2,2
46556,LAQQID,2,2
46557,MXCPFE,2,2
46558,WITBEJ,2,2
46559,OJEKAP,3,3
46560,PETYUL,3,3
46561,TIMJEE,2,2
46562,HIDYUQ,2,2
46563,FICJUX,1,1
46564,SECSOJ,2,2
46565,QAYJIK,2,2
46566,AGEXAL,2,2
46567,GUSRUK,1,1
46568,BIVMAX,2,2
46569,LAYLAZ,3,3
46570,FAJWAQ,3,3
46571,BEWRIF,2,2
46572,EGUKIA,2,2
46573,XUCPER,3,3
46574,HIKTUQ,3,3
46575,MUWDOX,3,3
46576,IFONIB,2,2
46577,OMEWOU,3,3
46578,BAGPAB,3,3
46579,DALSAL,1,1
46580,YESTOJ,1,1
46581,VEDQOK,3,3
46582,YOWZOB,2,2
46583,QEJTOO,2,2
46584,MIQWEP,3,3
46585,LUKTOA,3,3
46586,MIPZIV,2,2
46587,RUNVUR,3,3
46588,YOPJIW,1,1
46589,ITAFAM,3,3
46590,FAGPUZ,2,2
46591,QIMTUF,1,1
46592,WURFAS,2,2
46593,BOTBOC,2,2
46594,HECYAS,1,1
46595,AHAGOI,1,1
46596,CODZAX,2,2
46597,WIGVOY,3,3
46598,PELPIJ,1,1
46599,HEGKAI,2,2
46600,AJIGAC,3,3
46601,DEMJIR,3,3
46602,RUHWOJ,1,1
46603,HILCUB,3,3
46604,EGOHAL,1,1
46605,ICAZUK,2,2
46606,RIRDAX,2,2
46607,MIJNOJ,2,2
46608,LIGLIW,2,2
46609,ROVXEH,3,3
46610,GODFEK,3,3
46611,FEJMEQ,1,1
46612,ZEMKOV,1,1
46613,BIBWEQ,2,2
46614,HIQLEZ,3,3
46615,HAQVUQ,2,2
46616,QUCHIH,2,2
46617,MUPDOQ,2,2
46618,YEBVOR,1,1
46619,PEHROL,1,1
46620,LILMOI,1,1
46621,RALMOK,1,1
46622,BIFNUZ,2,2
46623,FIFYAX,2,2
46624,VALTUZ,3,3
46625,FEZROS,1,1
46626,HOZSAR,2,2
46627,TUJJEO,2,2
46628,CUSBID,1,1
46629,IKAWEZ,1,1
46630,MIRYUH,2,2
46631,SAFHOY,2,2
46632,SORJER,2,2
46633,VITLER,3,3
46634,XESCOP,1,1
46635,CICDAX,1,1
46636,HAKGOP,3,3
46637,YAZRUQ,1,1
46638,UDEGEP,2,2
46639,RASHIG,1,1
46640,FIDFOR,1,1
46641,GOSPEJ,2,2
46642,WEBLEX,3,3
46643,LINRAC,2,2
46644,ABIFEZ,3,3
46645,XEFSOR,2,2
46646,NUCNIJ,3,3
46647,DEPKUF,3,3
46648,ZUKQUT,3,3
46649,CUZKAJ,2,2
46650,TEQHOO,3,3
46651,NESCIX,2,2
46652,KAZKIH,3,3
46653,HISJEY,2,2
46654,HIPXEJ,3,3
46655,QEKGIY,2,2
46656,XOXYOZ,3,3
46657,EYOGUW,2,2
46658,LUQNEQ,2,2
46659,XADQOJ,3,3
46660,COBWOH,3,3
46661,TIBWAF,3,3
46662,FEBGOJ,3,3
46663,YOBTEP,1,1
46664,CINMUK,3,3
46665,FOHKUK,2,2
46666,HAMZEC,2,2
46667,VOQCEK,2,2
46668,VOHBEB,2,2
46669,XODKUX,3,3
46670,LIJWAC,3,3
46671,RAJWAA,2,2
46672,XILDIG,1,1
46673,SETKOS,3,3
46674,PUCHIH,1,1
46675,GORMOP,2,2
46676,POGXUG,2,2
46677,HAVCOY,1,1
46678,WAYDUX,3,3
46679,VAWXEA,1,1
46680,FELNER,2,2
46681,JOCBOT,1,1
46682,ZIWTAD,3,3
46683,EHUMUP,1,1
46684,AXENOI,2,2
46685,BADYUC,3,3
46686,XEVGUA,2,2
46687,AVINEA,2,2
46688,VEKGUR,1,1
46689,DENJUF,1,1
46690,DEWKUO,3,3
46691,GEZKAZ,2,2
46692,FIKBIL,2,2
46693,HILQIE,3,3
46694,WERCIF,1,1
46695,CPEAMP,3,3
46696,PIPGUU,1,1
46697,EXUDIM,3,3
46698,XONKIW,3,3
46699,JOQBIC,3,3
46700,MICWAX,2,2
46701,UVAJOR,1,1
46702,MANSEZ,2,2
46703,TIRMUF,3,3
46704,TICDEO,1,1
46705,GAXPOK,2,2
46706,XEXGUD,1,1
46707,RITKUD,3,3
46708,QIZYAB,1,1
46709,HETTUW,3,3
46710,FATFIQ,1,1
46711,VOLWAV,3,3
46712,WAYFOT,3,3
46713,QIVHAI,1,1
46714,GULLII,2,2
46715,PANBOY,3,3
46716,VAWVIZ,3,3
46717,RIVVAU,3,3
46718,ADUFIQ,3,3
46719,SOCQIK,3,3
46720,AQOMUP,1,1
46721,CITLIA,3,3
46722,GIZWIY,3,3
46723,SECSAV,2,2
46724,KELSAZ,1,1
46725,QAYDID,3,3
46726,USUQAB,1,1
46727,REPWAM,2,2
46728,OKUXIE,1,1
46729,IQAYOO,1,1
46730,KIMLID,2,2
46731,LEWHOO,1,1
46732,FUYYUV,2,2
46733,XOPDEL,2,2
46734,TAVKIL,1,1
46735,FASQIB,1,1
46736,ZEDBEP,2,2
46737,XUVKUV,3,3
46738,JACMOP,3,3
46739,TURFIW,3,3
46740,TUXQUB,1,1
46741,QEBYAZ,2,2
46742,CEDQAG,2,2
46743,XAXQIX,3,3
46744,YIZFIA,1,1
46745,ECOWUR,3,3
46746,JEMGAJ,3,3
46747,SAWMIP,2,2
46748,FIJFOW,3,3
46749,XEYVII,1,1
46750,FOLKIA,3,3
46751,IDAFUR,2,2
46752,YIVWIJ,2,2
46753,KELZIO,1,1
46754,XEBHEU,1,1
46755,ZOPJAS,1,1
46756,XEGPOO,1,1
46757,CERSAV,2,2
46758,REYLUD,2,2
46759,CEQXOL,2,2
46760,PUWRAB,1,1
46761,BALVAM,2,2
46762,WIVZAE,3,3
46763,GAKZAT,1,1
46764,BIGXOF,3,3
46765,SIVMUG,2,2
46766,FUJQAE,1,1
46767,TOXMAX,1,1
46768,LADHOO,2,2
46769,ECUSUR,2,2
46770,ELEJOU,1,1
46771,FODXOL,3,3
46772,OWUHAQ,3,3
46773,WUPPED,2,2
46774,LEJLOF,1,1
46775,FIQCUF,3,3
46776,XEVBIK,1,1
46777,ALODIQ,3,3
46778,JUCLEA,3,3
46779,DAFXOZ,1,1
46780,XOTHOF,3,3
46781,NEBFOQ,2,2
46782,EZUYON,3,3
46783,ALADIC,2,2
46784,LIGBEL,2,2
46785,KOYDUX,2,2
46786,NONLIN,3,3
46787,BIKINI,3,3
46788,WIJTIS,3,3
46789,UNOGIQ,1,1
46790,WOLWAV,3,3
46791,ANUCEU,1,1
46792,WICQUU,3,3
46793,HEPSOL,3,3
46794,JAKGEK,3,3
46795,AMIWUR,1,1
46796,YOXPEG,1,1
46797,ROCQIK,2,2
46798,KARVAA,3,3
46799,FIYRIP,2,2
46800,BIPNOG,1,1
46801,XAGZAG,1,1
46802,NOZFEP,2,2
46803,QESWUJ,3,3
46804,VAZSIA,3,3
46805,MOVBUV,3,3
46806,PONJIL,2,2
46807,QOMJUX,2,2
46808,FIMDUE,1,1
46809,HIGGOV,1,1
46810,YAFNAW,3,3
46811,WEKBIX,1,1
46812,ZUXNAJ,2,2
46813,MOCRUT,2,2
46814,COGSUN,2,2
46815,VAFFUE,2,2
46816,WELKAD,1,1
46817,LETXUG,2,2
46818,IZIDOK,3,3
46819,IWUVUU,1,1
46820,CEMHOU,2,2
46821,MEGKUF,3,3
46822,LAMFAG,3,3
46823,LAZKUT,2,2
46824,AQAMUB,1,1
46825,NAKBOQ,1,1
46826,NAFRUK,2,2
46827,WOSNUN,2,2
46828,CEBKOM,1,1
46829,FIDVIY,2,2
46830,CAHZIX,2,2
46831,TOWNUR,1,1
46832,AQODIW,1,1
46833,RAWFOL,2,2
46834,OKUFUX,1,1
46835,LEHQOE,3,3
46836,NAGXIF,2,2
46837,TUVJUP,2,2
46838,OMUCAC,3,3
46839,WAZQEW,1,1
46840,LIGNEV,3,3
46841,DOMHUJ,1,1
46842,ZIDPUZ,3,3
46843,JUPCAY,2,2
46844,QIJCAP,2,2
46845,QAFJIT,2,2
46846,FAFCEV,3,3
46847,HAPYUV,2,2
46848,QAHDEJ,3,3
46849,QOSGUB,2,2
46850,QAYMUC,1,1
46851,GELLIS,3,3
46852,DIJDIM,3,3
46853,DEQHAI,1,1
46854,FOCJEO,3,3
46855,YUGRUN,1,1
46856,CEFLAD,3,3
46857,ITIYER,3,3
46858,VUWWUF,2,2
46859,YAMZIZ,1,1
46860,FAMRET,3,3
46861,IKUCUN,3,3
46862,CIBLEF,1,1
46863,NOTCOR,1,1
46864,JOZVAY,1,1
46865,KAYKAY,2,2
46866,LOGWAF,2,2
46867,EFOXII,3,3
46868,YACTED,1,1
46869,ZAZKEQ,3,3
46870,ILELIU,2,2
46871,SIZBIQ,1,1
46872,LATKAT,3,3
46873,JEJPUK,3,3
46874,HACQAE,2,2
46875,KUGLOQ,1,1
46876,BUCJUF,2,2
46877,YEVYIK,1,1
46878,KEWVOY,1,1
46879,FEGXUL,3,3
46880,DEDFID,2,2
46881,KENWOP,1,1
46882,TEJJEB,1,1
46883,WUSGOG,3,3
46884,BOBNUD,2,2
46885,IMEWED,1,1
46886,NOGNEC,2,2
46887,BILKAM,1,1
46888,WISKUG,1,1
46889,ZICKAA,2,2
46890,SEVXAT,2,2
46891,TEVQUJ,3,3
46892,HARTED,1,1
46893,YAKGAV,3,3
46894,TAJNEY,1,1
46895,HOPVUE,1,1
46896,WAVGAE,3,3
46897,EMATUI,3,3
46898,LUVLIY,3,3
46899,NIPHIG,2,2
46900,FABHIZ,2,2
46901,XUJBOT,2,2
46902,YETHIR,2,2
46903,PUJMAK,2,2
46904,JOFXIO,2,2
46905,DIDTOC,2,2
46906,CEJMEL,2,2
46907,GEDVET,2,2
46908,SUDHUW,2,2
46909,OKOGIE,3,3
46910,HOTXET,3,3
46911,WEJMIH,2,2
46912,DEVDUH,1,1
46913,SAQLEE,2,2
46914,YUNRUU,1,1
46915,XOZTIR,2,2
46916,IJAPOZ,1,1
46917,CUQZUM,1,1
46918,TEHLEA,2,2
46919,YEXNIC,1,1
46920,MIGNEV,2,2
46921,GIFNUG,2,2
46922,IFOBIO,3,3
46923,PIJZOY,2,2
46924,XOQBOV,3,3
46925,CUJHOF,2,2
46926,GEGXUL,3,3
46927,SAFDOT,1,1
46928,FEDXIX,3,3
46929,KAJXAX,3,3
46930,XOLQOE,3,3
46931,JOJYOX,2,2
46932,BEMDOO,3,3
46933,DAGNAC,3,3
46934,HIGBEF,3,3
46935,PUNHAK,1,1
46936,QINVES,1,1
46937,BMPHAU,3,3
46938,TILLAC,3,3
46939,QUGQOY,3,3
46940,ROGJUV,3,3
46941,LOFJIC,3,3
46942,RITLEO,1,1
46943,IHIGAJ,2,2
46944,UGOFAY,3,3
46945,UFOHUV,1,1
46946,YOSSOO,2,2
46947,JULMIO,1,1
46948,XACTED,3,3
46949,UZOFUM,3,3
46950,NAMMOH,1,1
46951,ZARQIV,3,3
46952,COZYOF,3,3
46953,KUMPAJ,2,2
46954,HOWVUL,1,1
46955,PAFCAA,2,2
46956,DOBKUE,1,1
46957,CPHXIR,2,2
46958,TEGFOD,3,3
46959,CUPREA,3,3
46960,ZOXBEV,2,2
46961,EJAMIM,3,3
46962,YOGWOJ,3,3
46963,GEQXOQ,3,3
46964,VETRAP,1,1
46965,NAHLIS,3,3
46966,XILVAR,2,2
46967,QOZBIS,3,3
46968,ITUGIP,3,3
46969,SIHRIM,1,1
46970,TIRJEM,3,3
46971,AGOFOU,2,2
46972,LUJKIM,3,3
46973,QAXBAV,1,1
46974,LAMTIE,3,3
46975,FENMOA,2,2
46976,NIKFAO,1,1
46977,REBGUC,2,2
46978,LOTHUX,2,2
46979,SUPPEY,2,2
46980,CAZQID,3,3
46981,IZIXIZ,3,3
46982,ECUSAW,1,1
46983,FIMTEC,3,3
46984,CORSEJ,2,2
46985,EBEYIW,3,3
46986,UVOXEJ,1,1
46987,KIDWIH,1,1
46988,LEVWIT,3,3
46989,SUYNOR,2,2
46990,SIVCOQ,1,1
46991,POJCIA,2,2
46992,CAFSUZ,3,3
46993,URUHAR,1,1
46994,BERQOH,2,2
46995,LISZAP,3,3
46996,TUKYUT,2,2
46997,EMAVOE,2,2
46998,AREYIG,1,1
46999,RAXBIE,2,2
47000,JESQUU,2,2
47001,DAMKAF,3,3
47002,EKEDEF,3,3
47003,QOBRUW,2,2
47004,OCESIZ,3,3
47005,MABNEK,3,3
47006,EMETIC,1,1
47007,DIXTIQ,2,2
47008,TORDAG,3,3
47009,NOPVIY,3,3
47010,VEFLOH,2,2
47011,YAFLOI,3,3
47012,BIWBOC,1,1
47013,NOGYEN,1,1
47014,FUQSIW,1,1
47015,JOJPEE,3,3
47016,QALVEG,3,3
47017,EKOFAM,2,2
47018,HUQGOQ,2,2
47019,XISTAX,3,3
47020,SOHRAK,1,1
47021,XIPHOX,1,1
47022,KUSFAG,3,3
47023,YEZQEA,1,1
47024,ASAWAU,3,3
47025,ELEVID,1,1
47026,QAHCAD,2,2
47027,AGEZAN,3,3
47028,BAFSUZ,2,2
47029,LAKWIF,3,3
47030,YIBMUR,1,1
47031,ZELMEL,2,2
47032,GASSEC,1,1
47033,OHOQEK,1,1
47034,OJEGOA,2,2
47035,TEJDIY,3,3
47036,BAHFOI,3,3
47037,LUMRER,3,3
47038,JIYZAT,2,2
47039,MENLEA,1,1
47040,TOPBAD,3,3
47041,XOYQIL,2,2
47042,IGAWIW,2,2
47043,DIVCIY,1,1
47044,IBEJAD,3,3
47045,XOTMEA,1,1
47046,ISOMUY,2,2
47047,FOTWUH,1,1
47048,ASERAU,1,1
47049,SERDOJ,3,3
47050,EBOLOY,3,3
47051,EHUDIW,3,3
47052,MEZVOC,3,3
47053,SANWIN,2,2
47054,PEGDAG,3,3
47055,VUMVIL,1,1
47056,BTCCEG,3,3
47057,TADGOV,3,3
47058,RIQTOB,1,1
47059,EWOXEU,2,2
47060,PECHIR,2,2
47061,XUWHAY,3,3
47062,XUTTOY,1,1
47063,JOZQEW,2,2
47064,NOTJEO,1,1
47065,VOSBUC,2,2
47066,VAYHUB,3,3
47067,ZUQLOO,3,3
47068,GELBEH,3,3
47069,QASTEM,2,2
47070,RAXPUB,2,2
47071,ROFKOP,2,2
47072,GUFKEZ,2,2
47073,IHAZIC,3,3
47074,KADZUM,2,2
47075,QARWIS,3,3
47076,UMADEU,1,1
47077,MUPFOS,3,3
47078,UFASOJ,3,3
47079,SOZLAX,1,1
47080,KIRBEW,1,1
47081,ARITUS,3,3
47082,UFEFIV,3,3
47083,YAGQIG,3,3
47084,FISROQ,2,2
47085,PUSKIX,1,1
47086,IZOROG,2,2
47087,DEXXIR,1,1
47088,MINYIT,3,3
47089,DAKHON,2,2
47090,OFAGEH,2,2
47091,TEVTET,3,3
47092,ASICOU,3,3
47093,SAPQAC,2,2
47094,ROWWIL,2,2
47095,DUKPII,2,2
47096,JAMZUV,2,2
47097,NAMMAT,1,1
47098,GOTLOQ,3,3
47099,YAQSIV,3,3
47100,KUZSUV,3,3
47101,IKABEB,3,3
47102,VIPLAI,2,2
47103,RAQLIF,1,1
47104,YAXVUP,1,1
47105,ESAYUU,1,1
47106,AHOGUB,3,3
47107,EDIHOQ,2,2
47108,XUZDEC,1,1
47109,IJIMIX,3,3
47110,JOQYEW,3,3
47111,OXIGEJ,2,2
47112,XILHEI,3,3
47113,QEHRUU,1,1
47114,TAPSEL,3,3
47115,VOZYOA,2,2
47116,TUYBIZ,2,2
47117,GAVKAR,2,2
47118,SAWQAJ,2,2
47119,XIZJEX,3,3
47120,ZOMLAO,3,3
47121,ZEMNIR,3,3
47122,KIJGAM,2,2
47123,YUPVEK,1,1
47124,DEMXOL,1,1
47125,UGAXEG,2,2
47126,NIVWUL,1,1
47127,FAMRIW,3,3
47128,MAQZOX,1,1
47129,LISCAR,3,3
47130,QAVKEE,3,3
47131,VOJHIO,1,1
47132,CEXCAK,2,2
47133,YADQUS,3,3
47134,FODDEI,2,2
47135,XUTSEK,3,3
47136,ROPNES,1,1
47137,FISLEA,3,3
47138,ECOPIZ,1,1
47139,GEZGOK,3,3
47140,RIKWEP,1,1
47141,XIDLAA,2,2
47142,DEZNOM,3,3
47143,VIYLAR,3,3
47144,PIGQOM,2,2
47145,ROLNAI,3,3
47146,XABRUP,3,3
47147,LIFDAJ,1,1
47148,NOWFAG,1,1
47149,WAYFUZ,3,3
47150,NAVTIQ,2,2
47151,FUVMOZ,3,3
47152,WUJHOA,2,2
47153,SACBAB,1,1
47154,CIGCAZ,3,3
47155,DOMZEN,2,2
47156,SEQQEK,2,2
47157,LIVBEA,3,3
47158,KAKKIR,2,2
47159,BOQQOQ,2,2
47160,INAJIR,3,3
47161,HIDGIL,2,2
47162,LEMGEP,2,2
47163,YIFJAB,3,3
47164,SULPOH,1,1
47165,LAPYOR,3,3
47166,XUPVEK,3,3
47167,HEPHAP,1,1
47168,MOPXAR,3,3
47169,SUKWIG,3,3
47170,WEQCOK,1,1
47171,APUBES,1,1
47172,FECSUC,3,3
47173,ROFGUS,1,1
47174,XEFQOP,2,2
47175,NONYIA,3,3
47176,KOQYEW,3,3
47177,JOWMEN,3,3
47178,JALNUF,1,1
47179,ZEWXUU,3,3
47180,WUSYIT,3,3
47181,YIZJEX,3,3
47182,VUDHOS,2,2
47183,MUHJAC,3,3
47184,HOXNOZ,3,3
47185,UFIYEQ,3,3
47186,IPEKOG,1,1
47187,MEDGEK,2,2
47188,QUMSEY,2,2
47189,ASEROI,1,1
47190,YIGGOL,3,3
47191,RUQZAE,2,2
47192,LOSTIY,3,3
47193,USAPEK,2,2
47194,OXPCXM,1,1
47195,JOHSUX,2,2
47196,XAPNAD,2,2
47197,YIKXAT,2,2
47198,MOHTOU,2,2
47199,XEYCIQ,3,3
47200,LUKQIR,3,3
47201,VEYYAD,1,1
47202,CINMOE,3,3
47203,KUGKEC,2,2
47204,OYIBAC,1,1
47205,FEHGIK,1,1
47206,CERQAT,3,3
47207,XEBJEW,2,2
47208,TOMFOQ,1,1
47209,GUKYIX,1,1
47210,DAQLOY,3,3
47211,HEWXEM,1,1
47212,KIHQEZ,2,2
47213,WOPLIX,1,1
47214,COXSUF,3,3
47215,SAHHUE,3,3
47216,MOYFIQ,1,1
47217,KAWLIF,2,2
47218,DONXAI,2,2
47219,QOZBEP,1,1
47220,XOPFEN,1,1
47221,BETLIX,2,2
47222,POKPAK,1,1
47223,XIDWUD,1,1
47224,MEYZIC,1,1
47225,GILWIJ,3,3
47226,KEFDEI,1,1
47227,FULKUV,1,1
47228,USONOI,1,1
47229,BOVDUN,2,2
47230,SAZXUN,3,3
47231,UZUGED,2,2
47232,GIYGIH,3,3
47233,FINVOO,2,2
47234,ZEJGAY,2,2
47235,XEDGIX,2,2
47236,EJOSOL,3,3
47237,GUKGAW,3,3
47238,VAPSOW,3,3
47239,PEZWOH,3,3
47240,VIDXEO,1,1
47241,UDIDAM,2,2
47242,OMOYEX,1,1
47243,VUJXIJ,1,1
47244,LIMREF,3,3
47245,RAMRED,3,3
47246,LUZSIJ,3,3
47247,FAJLAF,3,3
47248,NEPVUC,3,3
47249,ETORUD,1,1
47250,MEFHOU,1,1
47251,ZOZMAC,3,3
47252,GABXAM,1,1
47253,MUXPUT,1,1
47254,PIWYEB,2,2
47255,DOQMAY,2,2
47256,ELUGAV,2,2
47257,VIYBOV,2,2
47258,RIWYON,3,3
47259,BAJWAL,3,3
47260,ZIMKOX,2,2
47261,YAXSIZ,2,2
47262,OGUQAI,3,3
47263,KEWXOA,2,2
47264,BEPLUE,3,3
47265,JUTQOH,1,1
47266,GIXDIB,3,3
47267,NIQRIO,2,2
47268,KIWSEP,3,3
47269,ATEGEM,3,3
47270,IWEGIB,1,1
47271,ZELMIO,3,3
47272,VINVUL,3,3
47273,UVOJUN,1,1
47274,UMEXIT,2,2
47275,XEZCUE,1,1
47276,HEFTIY,2,2
47277,WAQYEW,1,1
47278,BACGET,3,3
47279,NEHCUZ,3,3
47280,NIZCIM,1,1
47281,ACIHID,1,1
47282,MEFXII,1,1
47283,AZEQIH,3,3
47284,YOGWAV,3,3
47285,XEGPUV,3,3
47286,BUQCUO,1,1
47287,IDAHAX,3,3
47288,KAQHOC,3,3
47289,QAXBOJ,1,1
47290,UKETUZ,3,3
47291,DEBREI,1,1
47292,PODTEJ,1,1
47293,BANRAL,2,2
47294,MUZSIJ,1,1
47295,FATVUT,3,3
47296,FOSLOO,1,1
47297,EXUXAW,2,2
47298,DIXDAQ,1,1
47299,DIDSEQ,1,1
47300,CETLIX,1,1
47301,VUYKIK,3,3
47302,IRINAZ,3,3
47303,FARGIP,1,1
47304,KOZYIJ,3,3
47305,JUFWEM,1,1
47306,HAWDAK,2,2
47307,BOTHOH,3,3
47308,SOQLOZ,2,2
47309,GEYHUP,2,2
47310,KEVSOU,3,3
47311,QOWHAL,3,3
47312,RABYEB,2,2
47313,TIQNAL,2,2
47314,FOKVIN,2,2
47315,YIVMOJ,1,1
47316,EJUHOH,2,2
47317,PAMZOV,2,2
47318,HEHKIO,2,2
47319,SUPFAK,3,3
47320,BOXYOC,2,2
47321,XOCDIG,1,1
47322,PANHOE,2,2
47323,NIMMON,3,3
47324,MIRXER,1,1
47325,BULZOY,3,3
47326,GULQIO,1,1
47327,SAQJEC,3,3
47328,MIMSOR,2,2
47329,BATNEQ,3,3
47330,MEJDUA,2,2
47331,WAVXOJ,2,2
47332,FOMGUJ,1,1
47333,KAZSUD,1,1
47334,KAPDIQ,3,3
47335,EDTARH,2,2
47336,PUBVIS,2,2
47337,VOVYAJ,1,1
47338,DUGYOW,1,1
47339,REBDIO,2,2
47340,JOTPAM,3,3
47341,VEBZUX,2,2
47342,WUVGOK,3,3
47343,UNEXOC,3,3
47344,NUGSUF,1,1
47345,LIGQIF,1,1
47346,HAFQAI,3,3
47347,TAJTUT,3,3
47348,EJUXIT,1,1
47349,BUFJUJ,2,2
47350,USURIK,2,2
47351,HENQEZ,2,2
47352,XUCQUH,1,1
47353,JUHPAF,3,3
47354,REYFUX,2,2
47355,QIKQAF,3,3
47356,INUQIS,3,3
47357,VEZCAI,1,1
47358,FUFJAR,2,2
47359,HOLBOA,3,3
47360,VEFTEI,2,2
47361,BUKMOJ,2,2
47362,IQEVOS,1,1
47363,LOKPEH,1,1
47364,RUMKIW,1,1
47365,CEKCUQ,2,2
47366,GIHTEX,3,3
47367,HOBBOS,3,3
47368,ZEWGUF,1,1
47369,XOMCOS,2,2
47370,ZECVOU,2,2
47371,MURFAJ,1,1
47372,COBSAP,3,3
47373,CAHWOB,1,1
47374,KAVPIH,2,2
47375,WOVYAJ,3,3
47376,ICEGIG,3,3
47377,HOCCUB,1,1
47378,KASDUE,2,2
47379,FIFHUA,2,2
47380,XAHJOJ,1,1
47381,GUTCOP,3,3
47382,ILEZOO,2,2
47383,BOCNIU,1,1
47384,AKIVOF,2,2
47385,WIWDAI,3,3
47386,SICBOX,1,1
47387,REXRUH,3,3
47388,WUBTOC,1,1
47389,NUCDIA,3,3
47390,IGUROR,3,3
47391,NOWPIA,3,3
47392,FEGBEA,3,3
47393,WIVKUK,3,3
47394,SUDKIL,3,3
47395,XADBAH,2,2
47396,EPOLIF,3,3
47397,QUNPIB,1,1
47398,GOKVIN,2,2
47399,LOLNOQ,3,3
47400,RECNAP,3,3
47401,CASYEB,2,2
47402,TUMNIA,3,3
47403,QURNEW,3,3
47404,TEFJEU,3,3
47405,XAGYIN,2,2
47406,SAWBUQ,3,3
47407,MUZRAA,3,3
47408,YEHNOQ,1,1
47409,FUZMAQ,3,3
47410,CEHMEI,1,1
47411,KAYTOV,3,3
47412,GIRLUS,1,1
47413,JEDZAW,2,2
47414,ZAKSUD,1,1
47415,KILRIH,2,2
47416,MUZKOH,3,3
47417,UCIKUO,3,3
47418,UDOFIE,1,1
47419,AMEPEN,2,2
47420,SACJAK,3,3
47421,XUZBIF,3,3
47422,VELFEA,2,2
47423,LEVXAP,1,1
47424,OSAREG,2,2
47425,SEMNAB,3,3
47426,AHEVER,1,1
47427,YUSLEF,2,2
47428,OVEXOF,1,1
47429,CEZZAL,2,2
47430,FOWTUG,3,3
47431,ITIQIO,1,1
47432,BEJLAD,3,3
47433,SELTOV,3,3
47434,ZICTOY,1,1
47435,WACFAL,1,1
47436,XEMJUW,2,2
47437,QOSDIN,2,2
47438,FIMBAF,3,3
47439,LELPUO,3,3
47440,WOWDIX,3,3
47441,OHIDAM,2,2
47442,FIRGEU,2,2
47443,QEMNIF,1,1
47444,UGUZIG,3,3
47445,XAWHOW,1,1
47446,DISQUR,1,1
47447,LASJEU,2,2
47448,LIYGIK,3,3
47449,XUWPIP,1,1
47450,NETGEA,2,2
47451,ZADROP,1,1
47452,NIMZOC,1,1
47453,LIMZEO,2,2
47454,DOSTAI,2,2
47455,GANMUG,1,1
47456,UNASAG,1,1
47457,KEZBOI,3,3
47458,UCIGAP,3,3
47459,DACCOA,2,2
47460,IHONUP,1,1
47461,QUQLAP,2,2
47462,TIZQOJ,3,3
47463,CAJFOL,2,2
47464,OMAVAZ,2,2
47465,JINZEP,1,1
47466,UCINIE,2,2
47467,HERQAW,1,1
47468,QACCAZ,2,2
47469,IZIPEP,1,1
47470,TIBQUR,3,3
47471,BEXKAU,1,1
47472,BUKCAN,3,3
47473,UWARIU,3,3
47474,QEHQEZ,1,1
47475,FUQGUV,2,2
47476,GEYCEV,1,1
47477,HAKXUM,3,3
47478,AMIQAQ,2,2
47479,APUDIA,3,3
47480,FORGOL,3,3
47481,HERFAM,2,2
47482,KEHKAK,3,3
47483,ZEQXEY,1,1
47484,FEPCEM,1,1
47485,ADURAU,2,2
47486,JUFKUQ,3,3
47487,QUGWOH,1,1
47488,VUBDIH,2,2
47489,BOPCAL,3,3
47490,QASREK,3,3
47491,FECYOF,1,1
47492,ZETBUX,2,2
47493,MUMTET,3,3
47494,MUNFEG,1,1
47495,CINPUM,3,3
47496,FUMKED,2,2
47497,GEHQAM,3,3
47498,QUHVUK,2,2
47499,ESEXAC,1,1
47500,NANLUK,3,3
47501,AHUNIA,3,3
47502,KAGLAH,3,3
47503,EHAFIC,3,3
47504,LUCHUM,3,3
47505,YITLIX,1,1
47506,KORCEZ,2,2
47507,GAMMIS,3,3
47508,YUFBOT,1,1
47509,NIMSEI,2,2
47510,CAPWUM,3,3
47511,EQISAZ,3,3
47512,HIVVAL,3,3
47513,SUQLIC,1,1
47514,DOTXUH,2,2
47515,MARPII,1,1
47516,YODZAV,3,3
47517,EZONAL,1,1
47518,REYJAG,1,1
47519,VOLZED,1,1
47520,INEWOP,3,3
47521,FOBVIB,2,2
47522,IQINEE,1,1
47523,VOMPOD,2,2
47524,HIGTAT,3,3
47525,VOTQOM,2,2
47526,TOTQEA,3,3
47527,MEVHED,3,3
47528,IFASIV,1,1
47529,HOMFIZ,3,3
47530,POBFIV,3,3
47531,GANVAU,3,3
47532,TILMEK,1,1
47533,PUQLAP,2,2
47534,SAVMAD,2,2
47535,ADESAG,1,1
47536,UMUTUR,2,2
47537,BIYFUL,3,3
47538,YIXZOU,3,3
47539,UYEFAI,1,1
47540,ZUHBEJ,1,1
47541,FUPXEW,1,1
47542,ZUNFAP,1,1
47543,LESWEL,2,2
47544,VEMRIR,1,1
47545,GEQWII,2,2
47546,XOJZOO,2,2
47547,NICCOS,2,2
47548,DEDYIW,2,2
47549,FAYGIY,3,3
47550,YIMDOO,2,2
47551,WEPXEW,3,3
47552,TISHOS,2,2
47553,WUFFAE,3,3
47554,QIYTUP,3,3
47555,LAWFAT,3,3
47556,HAZVOV,2,2
47557,ESEHIT,3,3
47558,BUNROU,1,1
47559,YUGFEL,2,2
47560,FEVYEL,3,3
47561,MUZKAT,3,3
47562,FEJNAL,3,3
47563,AZEGOE,1,1
47564,ADAQIJ,1,1
47565,PIHTOS,3,3
47566,LAFZIC,3,3
47567,VOQGEO,3,3
47568,ROCKAW,1,1
47569,LIPNON,2,2
47570,HOLNUU,3,3
47571,UHEHOE,2,2
47572,XIXVUV,1,1
47573,NEDHEK,3,3
47574,GITCOD,1,1
47575,COXNAE,2,2
47576,TIBSAB,3,3
47577,YIFLAD,3,3
47578,WAYKEM,3,3
47579,KASJUJ,3,3
47580,DAMJIM,3,3
47581,MEJXII,3,3
47582,MUDDOG,2,2
47583,XAHJAV,1,1
47584,BUWTIZ,1,1
47585,XUPGEW,3,3
47586,KEGJUC,3,3
47587,BEZCAN,3,3
47588,EYOTUI,3,3
47589,IWASII,1,1
47590,XEFWOV,2,2
47591,LINVAG,3,3
47592,LEKRAV,3,3
47593,COBJAE,1,1
47594,NUKNOY,2,2
47595,KAMWEA,3,3
47596,VIRLAL,2,2
47597,OBAREO,1,1
47598,CIFVEU,3,3
47599,HATHET,1,1
47600,REXPAO,3,3
47601,QAHBIO,1,1
47602,QAVJAZ,3,3
47603,POYHOB,3,3
47604,OTOKUE,3,3
47605,WOQGEO,2,2
47606,WAJDUG,2,2
47607,AZOLAD,3,3
47608,PUMRAQ,3,3
47609,KEKYOS,1,1
47610,NOQZOK,3,3
47611,RACDAD,1,1
47612,BARMIQ,3,3
47613,COXBUM,1,1
47614,QUBVEP,3,3
47615,HUXXON,3,3
47616,QEWTOB,3,3
47617,SAGZUV,2,2
47618,CABLIC,3,3
47619,PUMKOX,2,2
47620,SOFJED,2,2
47621,TOZTUZ,2,2
47622,HILGUF,2,2
47623,CIXGAV,1,1
47624,KUCTUY,3,3
47625,BILJIQ,2,2
47626,KOCQOJ,3,3
47627,QIPCUQ,3,3
47628,FANQIX,3,3
47629,QAWYES,2,2
47630,WELTUE,3,3
47631,CUTQIS,3,3
47632,DUHCOZ,3,3
47633,UWOYUB,3,3
47634,BIMLUF,2,2
47635,MAZSEL,3,3
47636,LEXVAM,3,3
47637,YIVMAV,1,1
47638,POJNUB,1,1
47639,FOVLOT,1,1
47640,NERMAC,1,1
47641,LUHLAE,1,1
47642,ATAZOL,2,2
47643,COQWOW,3,3
47644,GOZTEU,3,3
47645,GOFMOF,1,1
47646,VIFVIQ,3,3
47647,LAQLIB,3,3
47648,GERKEV,3,3
47649,RIYHOW,2,2
47650,XUXJIJ,1,1
47651,WUNBEM,2,2
47652,DONWIM,3,3
47653,KICFEI,3,3
47654,PUXREG,2,2
47655,PANDUF,3,3
47656,XENCOJ,3,3
47657,PESVIS,2,2
47658,LILWEJ,2,2
47659,OPEFAS,2,2
47660,HIGTOH,3,3
47661,HEPGIT,3,3
47662,ZUBNAN,2,2
47663,EBEXAK,3,3
47664,PUNPEV,2,2
47665,NOWNOE,2,2
47666,ZIWPAW,1,1
47667,ASOHAT,3,3
47668,MABFEB,2,2
47669,OFUNUZ,1,1
47670,PARFIX,2,2
47671,IWAZAK,1,1
47672,PAQTIK,2,2
47673,TORLAN,1,1
47674,OKEZOU,3,3
47675,YECVIM,2,2
47676,TUJGOV,3,3
47677,YUHREY,3,3
47678,LUZLEZ,1,1
47679,GULZUJ,3,3
47680,XUNMUQ,3,3
47681,OMEZEL,2,2
47682,ONOLUZ,2,2
47683,ZATJOW,2,2
47684,ZATDAD,1,1
47685,TASWAM,2,2
47686,MODVUY,3,3
47687,XIWBUC,3,3
47688,TIJNIK,3,3
47689,GEJBUS,2,2
47690,DEXGEU,3,3
47691,VISCUY,3,3
47692,ZADBEO,2,2
47693,KUCVOU,2,2
47694,KUWGUF,3,3
47695,YIGCUQ,1,1
47696,EFUSOQ,2,2
47697,BENKUC,1,1
47698,IBUMOL,1,1
47699,EQOYEO,3,3
47700,TUZSUE,2,2
47701,VUYMIM,3,3
47702,GOXYUP,2,2
47703,SOPFIN,3,3
47704,CUYFUX,1,1
47705,MIYPER,3,3
47706,OWULAU,1,1
47707,HUNZOH,3,3
47708,CEJNUC,3,3
47709,HOTLUA,1,1
47710,AGELIH,1,1
47711,ALBPPT,3,3
47712,MOHROS,3,3
47713,WEPHAC,2,2
47714,JOKGUM,2,2
47715,ADOVOI,1,1
47716,XUHREY,3,3
47717,FITSIO,1,1
47718,RONPIT,2,2
47719,MISKOP,3,3
47720,BASWEZ,3,3
47721,DAVZIJ,1,1
47722,REZMUI,1,1
47723,YOSLOK,1,1
47724,MUXDIU,2,2
47725,IKUNIM,3,3
47726,XALHEX,3,3
47727,UCASOG,3,3
47728,HETLEX,3,3
47729,DARXOL,1,1
47730,NOZLIX,3,3
47731,ZOKRUO,1,1
47732,HEBNEI,3,3
47733,XAHQUS,3,3
47734,VAVCUS,3,3
47735,EFAYAP,1,1
47736,SIMLOR,2,2
47737,CENKUC,3,3
47738,KUSNAN,2,2
47739,HACBUI,2,2
47740,VUDGEH,3,3
47741,FODLIT,3,3
47742,PIDPUN,2,2
47743,EBUGIV,1,1
47744,VIBCOZ,2,2
47745,ALEKEK,1,1
47746,COHXAZ,1,1
47747,EGICUT,2,2
47748,VOFFEC,2,2
47749,TUGBOM,2,2
47750,VILVUI,1,1
47751,HERVIM,2,2
47752,NIHLEV,2,2
47753,DUSQUF,1,1
47754,WIXYEJ,2,2
47755,DAZLOG,1,1
47756,WIJBUP,2,2
47757,XOQSAA,1,1
47758,TAHRON,1,1
47759,REBXAB,1,1
47760,ONENEC,3,3
47761,UMIQUD,2,2
47762,FOYDIG,2,2
47763,XAQKUZ,1,1
47764,MHPYCR,1,1
47765,WECPEA,3,3
47766,OXYLDW,1,1
47767,MAMWOP,2,2
47768,PUFQIQ,3,3
47769,CUYJUB,3,3
47770,OWEFED,3,3
47771,JARWIJ,3,3
47772,GITMUR,2,2
47773,TEWSIY,3,3
47774,NEPWEN,3,3
47775,OBIMAP,2,2
47776,GEXLIE,2,2
47777,FILSEZ,3,3
47778,QAZNOU,3,3
47779,IWAFER,3,3
47780,XUYWUJ,3,3
47781,VATKOQ,2,2
47782,NORJAF,3,3
47783,ZONJIX,3,3
47784,TORGEM,1,1
47785,KOLGAV,3,3
47786,SOTJUI,2,2
47787,PIMPAG,1,1
47788,RALKAQ,2,2
47789,WEYTEA,1,1
47790,ZAKCIA,3,3
47791,GIQNIE,2,2
47792,HIBPAK,3,3
47793,HEGZOI,3,3
47794,PABKIP,3,3
47795,ZOHLUF,1,1
47796,XAXYIF,1,1
47797,DIVWOV,2,2
47798,PUVBUD,1,1
47799,TIGWOV,1,1
47800,JOMSAF,2,2
47801,VACTEZ,1,1
47802,FEJYUS,1,1
47803,JUFBEU,1,1
47804,RODWEP,3,3
47805,HAMLOZ,3,3
47806,LUDHOJ,2,2
47807,SAGJEP,2,2
47808,KATSOO,3,3
47809,MIBROH,1,1
47810,HOVCIE,3,3
47811,YIVVAA,2,2
47812,GUWMEQ,3,3
47813,ODUMOS,3,3
47814,JUHLIK,1,1
47815,IKUKAB,2,2
47816,LUWREA,1,1
47817,UHOXAS,3,3
47818,XUNSIL,1,1
47819,FOJYEJ,2,2
47820,MARWUA,2,2
47821,BIFZEX,3,3
47822,VOMPUJ,2,2
47823,HUXSIE,2,2
47824,FENWEB,3,3
47825,OCOLAT,3,3
47826,KANWOO,1,1
47827,XILBEB,2,2
47828,VIWFAK,3,3
47829,RAVFID,3,3
47830,YAKCAR,2,2
47831,XAXGAI,1,1
47832,MUYYUB,1,1
47833,BESXAB,3,3
47834,JOCHUF,1,1
47835,GIVYIV,3,3
47836,LECFUX,2,2
47837,MUNTAQ,2,2
47838,SETMAI,3,3
47839,VUFMEQ,2,2
47840,WAWNOX,3,3
47841,LUQMUI,1,1
47842,MIWWUK,1,1
47843,RAHBUY,3,3
47844,HUCCIU,1,1
47845,CACDOB,1,1
47846,ASODAN,2,2
47847,VUVKAZ,2,2
47848,KADBIA,1,1
47849,QIMPAG,3,3
47850,WITJIW,1,1
47851,XUVQIO,3,3
47852,PUHVOE,1,1
47853,EFOKIW,3,3
47854,GIRNUQ,2,2
47855,GIFQAQ,3,3
47856,BOTHUQ,3,3
47857,DECROU,2,2
47858,LANKAP,3,3
47859,SUHQAP,3,3
47860,XIXFEP,2,2
47861,IBUQIJ,1,1
47862,ODIZIL,3,3
47863,VECPEA,3,3
47864,XAKJIG,1,1
47865,SUQPAY,1,1
47866,LATXAJ,1,1
47867,IZILOU,3,3
47868,XOKWUS,3,3
47869,MOMXOC,1,1
47870,MUFGEC,1,1
47871,EHAMAC,3,3
47872,OMADEL,2,2
47873,XAFVEJ,1,1
47874,YANLIM,1,1
47875,KARPOL,2,2
47876,PASLUU,1,1
47877,LUVZUZ,2,2
47878,ZEGVIQ,1,1
47879,AFIDID,1,1
47880,NOWRIC,3,3
47881,GUJPIN,1,1
47882,YUBBIG,3,3
47883,FEYJUR,3,3
47884,ODUDEY,3,3
47885,WINGAB,2,2
47886,AQAYEW,2,2
47887,PIMKUU,2,2
47888,LIGJER,3,3
47889,WEWCEI,3,3
47890,WEKTAI,1,1
47891,LIBROH,1,1
47892,NERFEW,3,3
47893,CELJEK,3,3
47894,APABIF,1,1
47895,WAPNOQ,3,3
47896,OCORIL,1,1
47897,TULHOX,2,2
47898,PULQUI,2,2
47899,AHOQEU,2,2
47900,BOXKIJ,1,1
47901,GULZAO,2,2
47902,WEWZIH,1,1
47903,IHIZOP,2,2
47904,GEYVEN,3,3
47905,XIXVAD,3,3
47906,ZOGXUS,1,1
47907,COKXIK,3,3
47908,XIBKOM,1,1
47909,LAKMAM,2,2
47910,TAPRUA,2,2
47911,JUKNOS,2,2
47912,PIBJOA,3,3
47913,CARDUV,3,3
47914,KEFRUI,1,1
47915,GODNEU,2,2
47916,TOLZUQ,3,3
47917,FAHPEM,3,3
47918,NIYBEC,3,3
47919,UQENUC,1,1
47920,WUPXEM,1,1
47921,OMATAX,1,1
47922,ITIMAB,3,3
47923,KAMBIM,3,3
47924,MEJQUN,3,3
47925,KATJAQ,1,1
47926,ZARROC,3,3
47927,TUNGEQ,3,3
47928,EDIBOM,1,1
47929,CAZGUG,3,3
47930,DEJBIE,3,3
47931,GUPQUD,2,2
47932,LUKRAL,3,3
47933,KIGDUB,2,2
47934,XARREO,2,2
47935,XOXXEN,1,1
47936,BUKHIY,2,2
47937,DOFHOZ,1,1
47938,BEFHAW,3,3
47939,MEVSIP,3,3
47940,HOLPIH,3,3
47941,SAJVIJ,3,3
47942,XEMHUU,1,1
47943,USUYAK,2,2
47944,XEFREF,3,3
47945,AMEKIM,2,2
47946,HOZRIY,2,2
47947,LETROU,2,2
47948,OGAQOC,3,3
47949,YANBEV,3,3
47950,NEPKUR,2,2
47951,TUTCEQ,3,3
47952,TALYAJ,1,1
47953,KUPPAP,1,1
47954,RANSIJ,3,3
47955,NALZIM,3,3
47956,REGPOL,3,3
47957,MACGII,3,3
47958,ZUXHOP,1,1
47959,IWEMII,3,3
47960,NIHYIM,2,2
47961,SIDNAW,3,3
47962,GATGAM,1,1
47963,LAPCIR,3,3
47964,HENTAV,3,3
47965,FELQEV,3,3
47966,BATBIH,3,3
47967,SAQFIZ,2,2
47968,LECJAG,3,3
47969,KIQDOH,1,1
47970,KUYNID,3,3
47971,NACNIO,1,1
47972,TOTSEC,3,3
47973,TORWAY,1,1
47974,POHSUA,2,2
47975,VEWZIH,2,2
47976,EPITEF,1,1
47977,FUBVUU,3,3
47978,ISEPED,3,3
47979,OVAVEN,3,3
47980,QAQVEJ,1,1
47981,OQUGOX,2,2
47982,LETLEE,3,3
47983,WEDYOU,2,2
47984,ZEYGOZ,1,1
47985,ONOWUM,1,1
47986,NEBNOX,3,3
47987,UMOYEA,2,2
47988,AGAWUB,2,2
47989,NUDVOA,1,1
47990,RONREU,1,1
47991,YESBED,1,1
47992,MAZXAO,2,2
47993,RALPUT,1,1
47994,QIGNUP,3,3
47995,XIYLOG,3,3
47996,PAMFES,1,1
47997,QOLDIF,3,3
47998,XEKKUV,3,3
47999,WIRPEU,2,2
48000,DIFQIU,3,3
48001,CBFMOP,2,2
48002,BAPPIR,2,2
48003,RERGIH,2,2
48004,QUHTUI,3,3
48005,BEFXET,1,1
48006,OBIVUU,1,1
48007,OTAGUM,2,2
48008,SUCNOV,3,3
48009,HATDEN,1,1
48010,CEFHAW,2,2
48011,VUBHEF,3,3
48012,GOSXET,3,3
48013,NOKGUP,3,3
48014,GULVUG,3,3
48015,TONRUJ,3,3
48016,ZODQOY,3,3
48017,YUJFAL,1,1
48018,DIHQES,3,3
48019,SESZOF,2,2
48020,MUTYEG,3,3
48021,ABOJOU,1,1
48022,SEZSEW,1,1
48023,PITSUI,3,3
48024,FIRLAV,2,2
48025,PUKZIE,1,1
48026,AQAWEX,1,1
48027,AKIZOK,2,2
48028,WEHHAU,1,1
48029,PIYTOI,2,2
48030,PIZHAI,1,1
48031,SAHWAD,1,1
48032,NEMCOX,3,3
48033,CILXOO,1,1
48034,IKOFET,2,2
48035,CUDRIC,3,3
48036,YICXEO,1,1
48037,HUKNIK,2,2
48038,LINMOL,3,3
48039,KODZEK,3,3
48040,DEFXUK,1,1
48041,AMIFUY,2,2
48042,NEXSOZ,2,2
48043,UHEJOG,1,1
48044,PUZFAR,1,1
48045,HIDCIH,1,1
48046,SOWDIR,1,1
48047,EFAKEF,1,1
48048,FULZOD,3,3
48049,JENCEK,2,2
48050,VIVKAN,2,2
48051,FEPQOG,2,2
48052,EJISIZ,2,2
48053,HOSBAU,3,3
48054,LAMNOE,1,1
48055,FIQWIP,1,1
48056,FASRUN,2,2
48057,TADSEZ,3,3
48058,GAPRIZ,3,3
48059,OQILUX,3,3
48060,YURCEV,2,2
48061,HORZUM,2,2
48062,WUPHOE,3,3
48063,MEHYUU,3,3
48064,WOGNOV,3,3
48065,RODWIS,3,3
48066,MECCEF,2,2
48067,CUTJEG,2,2
48068,MAMGEO,2,2
48069,DUHTUY,1,1
48070,WEWQUM,1,1
48071,PEWXAS,2,2
48072,TIXREY,3,3
48073,UGITUC,1,1
48074,AYESAA,3,3
48075,MIBRAT,2,2
48076,VEKTOU,2,2
48077,NIXQOA,2,2
48078,LEDTEU,3,3
48079,DOHSUQ,2,2
48080,WOWHIB,3,3
48081,GOZVEW,1,1
48082,FUFXIP,3,3
48083,ANULON,1,1
48084,DEXLOJ,3,3
48085,EMEGEI,1,1
48086,UQEKEJ,1,1
48087,WOSJOD,3,3
48088,FUVKUE,2,2
48089,GIGROG,2,2
48090,FEHSOD,3,3
48091,BECPEF,1,1
48092,DOKVUX,2,2
48093,ZIJFEH,1,1
48094,CAVXUT,3,3
48095,AHETIS,2,2
48096,JIJDEP,1,1
48097,NOWNUK,2,2
48098,QAKLAQ,3,3
48099,YALDIA,3,3
48100,RAQHIB,3,3
48101,KAJKOZ,1,1
48102,MIRHUT,2,2
48103,CEZHIY,2,2
48104,JAFDEA,2,2
48105,BIQRAU,3,3
48106,NOFLUS,2,2
48107,GANJEL,1,1
48108,LEHYUU,3,3
48109,GEBQIP,2,2
48110,VOGNOV,3,3
48111,QIVGIM,1,1
48112,PIDYEJ,1,1
48113,IMUKEG,3,3
48114,QODLUR,2,2
48115,DOXPOX,3,3
48116,DUKCIW,3,3
48117,VIFSOU,1,1
48118,LAMPEU,1,1
48119,SICLUN,3,3
48120,PICRUR,3,3
48121,PINBOH,1,1
48122,NUDMUX,1,1
48123,SEVLIP,3,3
48124,SUVRUW,1,1
48125,JECMUA,1,1
48126,IJOSEI,1,1
48127,TAWYIZ,1,1
48128,SOPDIL,3,3
48129,FISTUY,3,3
48130,SIJPEI,3,3
48131,QEWTUL,1,1
48132,EKORII,1,1
48133,GINROK,1,1
48134,ZAKTEO,1,1
48135,WUHTEA,1,1
48136,BOKHAK,2,2
48137,QEQRIR,1,1
48138,TORPIC,1,1
48139,EBAHAS,2,2
48140,HUYYOQ,2,2
48141,XICFOH,2,2
48142,LAPDAH,1,1
48143,WOLQAP,1,1
48144,GAJHAB,3,3
48145,SUKDIN,1,1
48146,FICGIL,1,1
48147,AMAYET,2,2
48148,QIFXAG,1,1
48149,JESGEU,3,3
48150,VEMWOA,3,3
48151,AQOYIQ,3,3
48152,LAXNIL,1,1
48153,EHINOY,3,3
48154,DAFGAU,2,2
48155,ZIRXUW,2,2
48156,CUVROC,3,3
48157,BACCEP,2,2
48158,SUGROC,3,3
48159,MAQPAX,3,3
48160,NATXEM,3,3
48161,ZEDCAO,3,3
48162,IHUDOF,3,3
48163,FUFVEK,1,1
48164,WUZSEP,3,3
48165,KUDCOD,3,3
48166,NIJHEW,3,3
48167,WABGOX,2,2
48168,SIDNOK,3,3
48169,VOLJUB,1,1
48170,OFULUX,2,2
48171,GANCOQ,1,1
48172,KIQDAT,1,1
48173,CIVLID,2,2
48174,ZOVXAL,3,3
48175,HIGVOJ,3,3
48176,ETATOI,3,3
48177,ZUNSOT,1,1
48178,SEJKID,3,3
48179,IJUPAG,2,2
48180,EJEBIF,3,3
48181,UQUMAV,3,3
48182,DADHIC,3,3
48183,BOWVOA,3,3
48184,RANDES,3,3
48185,CAWYOR,2,2
48186,DOSVOW,2,2
48187,KASMIB,1,1
48188,SEDKIV,3,3
48189,XETPUI,3,3
48190,QIXBUU,1,1
48191,LOBRIE,2,2
48192,YUDXIF,2,2
48193,ULARAB,1,1
48194,WIMKEJ,1,1
48195,PASPIJ,3,3
48196,VUQBER,1,1
48197,AVIQIF,2,2
48198,TITCEE,3,3
48199,NACYEV,1,1
48200,SIFQAA,2,2
48201,MAXYIV,3,3
48202,BANQEQ,1,1
48203,REDNUK,2,2
48204,KITKIK,3,3
48205,ZIHNIP,3,3
48206,PEMENI,3,3
48207,NERXAL,3,3
48208,SAQFEY,3,3
48209,BEDLUS,1,1
48210,TIPZUN,1,1
48211,FOZFAC,2,2
48212,KATSAD,1,1
48213,LAYDAS,2,2
48214,REFSAZ,2,2
48215,ZARKOV,2,2
48216,DEKVEV,2,2
48217,UNETOY,2,2
48218,LIVVAQ,3,3
48219,FAMQOB,2,2
48220,CEPHUA,2,2
48221,DILDAG,2,2
48222,POPCEF,3,3
48223,WOXLOK,1,1
48224,HETNEZ,2,2
48225,JUWNEU,1,1
48226,BAKNIM,3,3
48227,KEQFAO,3,3
48228,RESJIM,1,1
48229,ETESUR,3,3
48230,ACESEG,1,1
48231,CETFEP,3,3
48232,DEHXUN,1,1
48233,POFVEM,3,3
48234,UHEHUK,1,1
48235,TIPFEE,3,3
48236,MOHPOQ,3,3
48237,KIBWAU,3,3
48238,PEWHEG,2,2
48239,UYEZEG,1,1
48240,NAYVUG,3,3
48241,JIZNUF,1,1
48242,IJOMOL,3,3
48243,XEMSOY,3,3
48244,BACTEH,3,3
48245,GEVKAX,1,1
48246,XIRDOR,2,2
48247,IDARIQ,3,3
48248,KISYUG,2,2
48249,WECWOQ,1,1
48250,CAPPES,1,1
48251,XUGTAX,1,1
48252,HOSLOS,2,2
48253,BOGPIW,2,2
48254,COJROJ,2,2
48255,PIGLAU,3,3
48256,SEDREB,3,3
48257,XOYBES,2,2
48258,MABDEB,3,3
48259,BEGRAJ,3,3
48260,VEFHAR,3,3
48261,TABWAU,1,1
48262,KEGCEE,2,2
48263,YIVTUS,2,2
48264,IJOTAE,3,3
48265,MUHGIG,2,2
48266,IGILUH,3,3
48267,PIVNAM,1,1
48268,LUFPIO,1,1
48269,OZATIT,2,2
48270,FIXYER,3,3
48271,QIFXAE,2,2
48272,BOQBOZ,1,1
48273,PUYCAN,1,1
48274,REZCAA,3,3
48275,MAKJIU,3,3
48276,ZAWTAW,1,1
48277,KUGVIS,3,3
48278,KIBLUE,3,3
48279,YIJFOQ,1,1
48280,AKOPEW,3,3
48281,LEXDEY,3,3
48282,CEPJOX,1,1
48283,MINDES,2,2
48284,SANDEQ,3,3
48285,OLUPUH,3,3
48286,DEGNOU,3,3
48287,WOLQAR,2,2
48288,BAMDAY,1,1
48289,TOLXAT,2,2
48290,TAFRAU,3,3
48291,TARMUU,3,3
48292,XIWWUY,3,3
48293,DUJWIR,1,1
48294,TEQYOF,3,3
48295,TIYMUM,3,3
48296,KILYOV,2,2
48297,VAJMEA,3,3
48298,EJITOI,1,1
48299,QOHHOM,3,3
48300,TEKDAO,3,3
48301,WOYVAJ,2,2
48302,CAKGAZ,3,3
48303,TAMJIB,3,3
48304,ORUFOZ,1,1
48305,AFUDAH,3,3
48306,WIZCOY,2,2
48307,PETZEV,2,2
48308,MULLEK,2,2
48309,DONKAU,2,2
48310,MIFYOR,2,2
48311,CESMUJ,3,3
48312,MIYRER,3,3
48313,FEVROQ,3,3
48314,TILQAG,2,2
48315,WEPJAC,3,3
48316,FOFMUJ,2,2
48317,GITCUH,3,3
48318,AQAYIA,2,2
48319,CABYIN,2,2
48320,BUQKAA,1,1
48321,WADDOY,1,1
48322,LODHER,1,1
48323,YOSNOK,2,2
48324,UGUFOT,2,2
48325,HEHYAX,1,1
48326,IKULIM,1,1
48327,OVODUZ,2,2
48328,OWAFUO,3,3
48329,DUGRII,3,3
48330,EMOLIB,1,1
48331,ITOPEO,3,3
48332,MEDMIV,1,1
48333,LUGZAP,3,3
48334,TUMLEU,2,2
48335,HENVUS,2,2
48336,KINXIS,1,1
48337,KAXBAM,1,1
48338,XAZCUX,3,3
48339,ZUDQIB,1,1
48340,UZITAB,1,1
48341,AZOGIF,3,3
48342,ZELGEE,2,2
48343,QEWQIS,1,1
48344,CAGQEH,3,3
48345,PAJQIA,3,3
48346,WAGFIV,3,3
48347,ZACYIP,1,1
48348,GIXYER,2,2
48349,XEWBUX,3,3
48350,CISTAC,2,2
48351,SOLTIW,1,1
48352,WIPSUJ,3,3
48353,FUPMIN,2,2
48354,OGAHOT,1,1
48355,HAZVUZ,3,3
48356,ZOBKAF,3,3
48357,HUGZUH,1,1
48358,QASWOY,2,2
48359,IXUVEC,3,3
48360,RUQNEW,1,1
48361,NEXCID,3,3
48362,PEZFUX,2,2
48363,HIPBUE,3,3
48364,PEPQIM,3,3
48365,BAZBEL,3,3
48366,UJEWIQ,3,3
48367,MUCQOT,1,1
48368,AROSUV,3,3
48369,QIYVUP,3,3
48370,DOYTIV,3,3
48371,ISAPUO,2,2
48372,EHEXIA,3,3
48373,GAJVIX,1,1
48374,YIJVIZ,3,3
48375,LUSPOF,3,3
48376,QUDWES,2,2
48377,DAQVEX,2,2
48378,ZORCIV,1,1
48379,KIRXOA,3,3
48380,QIDYEH,1,1
48381,NICXAZ,3,3
48382,JABXIU,2,2
48383,NEYYEX,3,3
48384,HISGUL,3,3
48385,PIHVOS,2,2
48386,VIHCIY,1,1
48387,VUTXUF,2,2
48388,SETMOW,3,3
48389,MAMPEW,2,2
48390,DERGAI,2,2
48391,TUNNAR,1,1
48392,KAHTAR,3,3
48393,RATPAE,1,1
48394,ZIZGEX,3,3
48395,NUQFAJ,1,1
48396,JASZIM,2,2
48397,HONQAD,1,1
48398,OCEPAQ,3,3
48399,LURZEF,2,2
48400,DEPZUX,1,1
48401,PIYTOK,1,1
48402,WEHHAW,1,1
48403,XUXZUM,3,3
48404,TIHSEI,1,1
48405,TOHTIV,3,3
48406,QOKMOS,2,2
48407,TUVWUC,3,3
48408,SUSHET,2,2
48409,XUCQAO,3,3
48410,YAPMEL,1,1
48411,BUSVUG,3,3
48412,PUDWES,2,2
48413,OVAHAW,2,2
48414,YOCFED,2,2
48415,IWEFUN,1,1
48416,RUKTOG,2,2
48417,FAJVIX,3,3
48418,QIHVOS,3,3
48419,JIXCEC,1,1
48420,RUCPIP,3,3
48421,PEYQIV,3,3
48422,TOKHEI,3,3
48423,HUXCAG,3,3
48424,NIDCUA,3,3
48425,JABJUR,2,2
48426,CIJKIR,3,3
48427,WILVOE,3,3
48428,KABXIU,2,2
48429,NOKKOQ,3,3
48430,MORZAW,3,3
48431,JOFBOZ,1,1
48432,NADNEP,1,1
48433,EQEBUA,1,1
48434,ZIHPAJ,3,3
48435,DANTER,2,2
48436,JAXNUR,2,2
48437,PASWOY,1,1
48438,QETJAB,2,2
48439,TEKHUP,3,3
48440,CUCWUU,2,2
48441,LIXMUD,3,3
48442,RUFSUG,2,2
48443,VUFDAE,1,1
48444,JENJOC,1,1
48445,FOBTEV,2,2
48446,TANVEJ,3,3
48447,XAXGOW,1,1
48448,NUCZUI,1,1
48449,NASHAR,2,2
48450,UQIZEC,1,1
48451,KIXMIO,3,3
48452,EVOYOF,3,3
48453,KUJTOY,1,1
48454,KATDAK,1,1
48455,TIRPAP,1,1
48456,RIHXIS,1,1
48457,HIDFUW,2,2
48458,HITBIX,2,2
48459,DAKKIN,1,1
48460,JERXUA,1,1
48461,QILDOI,1,1
48462,NIQXER,3,3
48463,YUMJUO,1,1
48464,RAXQEM,2,2
48465,MIPKIH,2,2
48466,XODVAN,2,2
48467,QOZMUP,1,1
48468,DOYZEZ,1,1
48469,HANPOD,1,1
48470,BOHJEN,3,3
48471,QEFMAS,2,2
48472,YAKTOV,2,2
48473,SEJREG,3,3
48474,KECVAQ,2,2
48475,LATTUW,3,3
48476,ZIGCIE,2,2
48477,VIRGEM,1,1
48478,SERPIP,1,1
48479,LILBIS,3,3
48480,LAZXAM,3,3
48481,PEBJUC,2,2
48482,XORZAG,3,3
48483,CAQJEL,1,1
48484,ZEYYEH,2,2
48485,ECUGER,3,3
48486,IGOJEU,3,3
48487,KIJMAS,2,2
48488,WEHVEL,2,2
48489,QABRES,2,2
48490,HISRAF,1,1
48491,GAQHIP,2,2
48492,IDEKUY,2,2
48493,IQUWUM,3,3
48494,ZOMHOB,3,3
48495,KEFYEZ,3,3
48496,KIRTUB,2,2
48497,YEHYUG,2,2
48498,DILTIE,3,3
48499,IVAMOJ,3,3
48500,JAGNAH,3,3
48501,PELQAC,1,1
48502,IRAKUJ,3,3
48503,WOCLEF,3,3
48504,IHOLUP,1,1
48505,VUKTUT,1,1
48506,GAGCAT,2,2
48507,FIHJUD,3,3
48508,UCILIE,3,3
48509,OWIWEZ,1,1
48510,OBICOV,1,1
48511,ISIFAT,3,3
48512,POMBUS,1,1
48513,GUKSIQ,1,1
48514,IHIZOR,1,1
48515,IFEZEZ,2,2
48516,KELRID,3,3
48517,FOQYAL,3,3
48518,HAYVEM,1,1
48519,VAMSAD,1,1
48520,NETYUJ,3,3
48521,GISQEE,3,3
48522,KUZNUR,1,1
48523,NEMXUC,1,1
48524,TCAMPT,3,3
48525,DAPGUA,1,1
48526,PESDAS,1,1
48527,GULVUE,2,2
48528,NOKGUR,3,3
48529,VUDBOM,2,2
48530,BIMRIY,2,2
48531,YAWJOW,2,2
48532,PEMLIF,2,2
48533,GUZTUT,1,1
48534,VOCLEF,2,2
48535,JOXDEH,1,1
48536,YAGBEO,3,3
48537,PAMFEQ,2,2
48538,XEQXUN,3,3
48539,BEDGIC,2,2
48540,KIRFIE,1,1
48541,ABAFUF,3,3
48542,DIBDOK,3,3
48543,HABQEG,2,2
48544,ZORJOH,2,2
48545,UNUKIZ,3,3
48546,FACHOG,3,3
48547,DOZVAR,1,1
48548,UWOPIG,1,1
48549,HIDMIR,2,2
48550,DUFHIV,2,2
48551,NOYKER,2,2
48552,SUGLIR,3,3
48553,WODBIC,2,2
48554,FAHYOE,2,2
48555,ACOXEX,3,3
48556,VACMIY,3,3
48557,HOXTIX,1,1
48558,WUTDIY,2,2
48559,QOYDOZ,2,2
48560,FEYVEL,3,3
48561,VOTSOM,2,2
48562,ZEXMEX,2,2
48563,PAXJUX,1,1
48564,AZITAE,3,3
48565,QEHTAC,1,1
48566,CFPYPD,3,3
48567,PULCIL,1,1
48568,NOMHAY,2,2
48569,HAGYIA,2,2
48570,GAMHOU,3,3
48571,FAYKIA,3,3
48572,MONDAV,2,2
48573,EHURUV,3,3
48574,KEHNER,2,2
48575,PIXGEI,2,2
48576,YERQAO,2,2
48577,GOZVIA,3,3
48578,NARRAZ,2,2
48579,QEZZIG,2,2
48580,HOBPIX,2,2
48581,LALVUT,1,1
48582,LAXGOG,2,2
48583,ZUNDAP,2,2
48584,WANVAM,1,1
48585,JEHPOB,3,3
48586,YEYPEY,2,2
48587,SIWCIL,3,3
48588,GEYJUP,1,1
48589,LOPKOR,3,3
48590,ZAFCUE,3,3
48591,YAKCAP,3,3
48592,VERBAX,3,3
48593,ICUDIU,3,3
48594,MAFFOP,2,2
48595,YUGDIO,2,2
48596,UVUHAX,1,1
48597,ELITID,3,3
48598,FEWVEI,2,2
48599,NINDAT,1,1
48600,UROSUQ,1,1
48601,WUDLAI,2,2
48602,VEJLUS,2,2
48603,AQERIY,2,2
48604,TPFECO,2,2
48605,BEXWIM,1,1
48606,UNILIN,3,3
48607,CINWIG,3,3
48608,AGOKEN,2,2
48609,HOVCIG,2,2
48610,FEHJOS,1,1
48611,SASWIV,3,3
48612,HEPREZ,1,1
48613,KIJCOW,2,2
48614,BITVUZ,1,1
48615,POKZAU,1,1
48616,HECHOQ,1,1
48617,KEZWOD,2,2
48618,OVAHOK,2,2
48619,XIRTEZ,3,3
48620,PUBSOU,2,2
48621,KADPUD,1,1
48622,JAZDOE,2,2
48623,GIQNIG,1,1
48624,SIRKEJ,2,2
48625,CIFTIV,1,1
48626,NAWMON,1,1
48627,XULPUP,3,3
48628,INOWIS,3,3
48629,KAZZEU,1,1
48630,USOCIQ,3,3
48631,MOMQEK,1,1
48632,QOJNAE,1,1
48633,DAHPOT,3,3
48634,HIJMIW,2,2
48635,LUXMUP,1,1
48636,COQKID,1,1
48637,FUFHAR,3,3
48638,MATXAH,2,2
48639,HANNIW,2,2
48640,DETCIP,1,1
48641,YIXFER,2,2
48642,BAYNAS,2,2
48643,TUVLOM,3,3
48644,EMEBUU,3,3
48645,WOVWUB,3,3
48646,USAZEU,1,1
48647,SAPWUB,2,2
48648,WUMLAR,2,2
48649,PUTDUE,1,1
48650,GEHJOS,1,1
48651,FOKQUS,1,1
48652,APABID,1,1
48653,LUBRAB,3,3
48654,FULSIO,1,1
48655,NALJOD,1,1
48656,TUVNUV,3,3
48657,IGUGOH,2,2
48658,XIWYUA,3,3
48659,JULGEE,3,3
48660,UVIXAA,1,1
48661,SEKCUI,3,3
48662,BIZJEC,2,2
48663,ERECUA,2,2
48664,FIFJUA,3,3
48665,CUYQAR,1,1
48666,HAZJIE,2,2
48667,XAKCAP,1,1
48668,TABPIX,1,1
48669,PEZCEF,2,2
48670,NUCFIA,3,3
48671,NOWRIA,1,1
48672,QIDKUL,2,2
48673,USIGOT,2,2
48674,OWOHUE,3,3
48675,CUSDEC,1,1
48676,XUYBOI,1,1
48677,WEJLUS,3,3
48678,PUYCOE,1,1
48679,MIDQOI,3,3
48680,TAJTOO,2,2
48681,SOSHOY,3,3
48682,NIFWEF,3,3
48683,EYIWAM,2,2
48684,DIPZAD,2,2
48685,XOTPIF,3,3
48686,IHEBED,3,3
48687,KAGGIJ,3,3
48688,JOCSAV,2,2
48689,ESUWUN,1,1
48690,MUFGEA,3,3
48691,YEHLOQ,1,1
48692,GOGLAP,1,1
48693,XEBGAP,3,3
48694,XIGMOR,3,3
48695,POFFOG,2,2
48696,HAZCAP,3,3
48697,PUHXAT,3,3
48698,LOGJOI,3,3
48699,OGADUW,2,2
48700,RAZYEA,1,1
48701,NIHNIB,3,3
48702,GAQFEK,1,1
48703,WESQEQ,3,3
48704,ANAHAB,1,1
48705,IKOCUH,3,3
48706,YOMTUR,3,3
48707,RIFVIN,1,1
48708,YOGCIG,2,2
48709,PAGMIX,1,1
48710,TUJWIH,1,1
48711,OJUNOX,3,3
48712,AHIBUR,1,1
48713,GOLFAR,1,1
48714,UCAFUD,1,1
48715,XUBKUB,3,3
48716,KEMJIY,3,3
48717,RIDNUP,3,3
48718,IZIGIK,1,1
48719,MIKPAX,2,2
48720,JIZPEO,2,2
48721,TICKUO,3,3
48722,DOFZEE,3,3
48723,EADJIC,2,2
48724,ROHCOI,3,3
48725,LOPYEX,2,2
48726,ZAWVAU,1,1
48727,QETSUE,3,3
48728,QAZWUL,2,2
48729,WILVUK,2,2
48730,IZADIZ,1,1
48731,RIBXOR,3,3
48732,DIJKOW,2,2
48733,QEBZEE,2,2
48734,KOFWOU,2,2
48735,HIGCOP,3,3
48736,BIWJOH,2,2
48737,UMAKOL,1,1
48738,TIYSED,1,1
48739,IRIVIQ,3,3
48740,NOXTAV,2,2
48741,REYZIE,2,2
48742,ZAZCEM,1,1
48743,CADXIO,2,2
48744,QETXET,3,3
48745,FUMNUX,1,1
48746,ZOVCOE,1,1
48747,UJOBUQ,1,1
48748,IRUCUU,1,1
48749,HANPUJ,1,1
48750,VOLHUB,3,3
48751,KEYKUV,3,3
48752,YIMJAI,3,3
48753,ZITBAF,1,1
48754,IMUYAS,2,2
48755,SIGGAQ,2,2
48756,UYUYEU,3,3
48757,ASOFOE,1,1
48758,UCAMEU,1,1
48759,GAQJEQ,2,2
48760,HIQXAH,2,2
48761,ZENCED,3,3
48762,AXEDAK,3,3
48763,ROHSIU,1,1
48764,BUHXEI,2,2
48765,TUQBUE,3,3
48766,ZUGXEE,3,3
48767,DORYAN,1,1
48768,EJUDUI,2,2
48769,SAMHUK,3,3
48770,VIBVUY,2,2
48771,TULZEG,3,3
48772,UHATAY,3,3
48773,YASMAI,3,3
48774,TUDRUG,3,3
48775,HATVOQ,3,3
48776,EHAZUI,3,3
48777,XUQXUC,1,1
48778,ENAQOA,2,2
48779,ULAPAB,1,1
48780,GUHJOI,3,3
48781,UZIXOS,2,2
48782,KEHLIS,1,1
48783,NERZAL,1,1
48784,YEZYEJ,1,1
48785,ROLSUH,2,2
48786,MUCQUZ,1,1
48787,BOKZEH,3,3
48788,FEYCIW,3,3
48789,ZARGAE,1,1
48790,TUMNEW,3,3
48791,QURNIA,3,3
48792,HEDCID,1,1
48793,XOVDAP,3,3
48794,EFAWOA,2,2
48795,CIBMOP,2,2
48796,CPDOFE,2,2
48797,HUHGEY,1,1
48798,YUCMIU,2,2
48799,FIJBOQ,2,2
48800,YEJVIT,2,2
48801,WAPWUH,2,2
48802,AVICOZ,2,2
48803,VEZMAS,1,1
48804,QAZBOM,1,1
48805,DOGNEU,2,2
48806,MALZUY,1,1
48807,GIXPUA,2,2
48808,WOGREQ,3,3
48809,GOSMIM,3,3
48810,AZENEZ,3,3
48811,BABKOG,2,2
48812,SOMKAG,1,1
48813,DEMWEB,1,1
48814,FOHXUW,1,1
48815,XEGVUE,1,1
48816,OJOJOO,2,2
48817,SESXOF,3,3
48818,XADBOV,2,2
48819,MUQMAN,1,1
48820,RAMJOG,1,1
48821,IRENAX,1,1
48822,BAKBEV,3,3
48823,YABVOO,3,3
48824,WIWDOW,3,3
48825,WENYEU,3,3
48826,TIHQEK,1,1
48827,TITHOX,1,1
48828,GADFUO,3,3
48829,OROBUT,3,3
48830,MEJXIK,2,2
48831,APUSEM,1,1
48832,TEKHOI,2,2
48833,BIRNUN,3,3
48834,RIJLON,2,2
48835,EXOCOM,1,1
48836,CARJOU,3,3
48837,COXNAG,2,2
48838,LEWREN,3,3
48839,UCUYAS,1,1
48840,ROGYAO,3,3
48841,XACRIC,1,1
48842,YIXDIS,2,2
48843,PUZDAR,3,3
48844,TUNLAP,3,3
48845,PAGFOS,2,2
48846,WIFQOU,3,3
48847,GONPEE,3,3
48848,ZOGQIV,2,2
48849,OHAYEE,1,1
48850,BIPZIJ,2,2
48851,YASCOM,3,3
48852,YAJLAW,2,2
48853,TUSQOP,2,2
48854,AHOMAN,2,2
48855,VUPCEO,3,3
48856,GAZPUU,2,2
48857,ZEQHOS,2,2
48858,CIQGAO,1,1
48859,VECKET,1,1
48860,RIRGEG,3,3
48861,JOGDIT,3,3
48862,TUFVOH,1,1
48863,TAXFAZ,2,2
48864,QOBMUQ,3,3
48865,WISVOM,2,2
48866,NOMJOP,2,2
48867,HONMII,3,3
48868,RAQXUE,3,3
48869,IFINOA,2,2
48870,XENZAV,1,1
48871,DUHVUY,2,2
48872,RUQLEU,2,2
48873,PIHMAX,3,3
48874,SOWQIH,2,2
48875,PEJNEY,3,3
48876,RUBTUE,2,2
48877,NAWFIE,1,1
48878,HARKEU,1,1
48879,BUCWOL,3,3
48880,EQOGOJ,1,1
48881,LUVSIH,1,1
48882,PAJDIN,3,3
48883,PUTZIO,2,2
48884,MASCBM,1,1
48885,RUZZAN,2,2
48886,GAJMEL,3,3
48887,BUPMEG,3,3
48888,QISMEK,1,1
48889,NIMCOC,3,3
48890,KUHRUC,2,2
48891,PAMZAH,2,2
48892,BEHHUU,2,2
48893,KEJDEK,3,3
48894,BOTHAV,2,2
48895,VEFQUU,3,3
48896,QOFMIL,1,1
48897,RALYIQ,1,1
48898,NUYKUQ,1,1
48899,FEBJEF,1,1
48900,HOCHIR,3,3
48901,EXURUL,2,2
48902,MIRJUT,3,3
48903,WEBQIH,1,1
48904,XIPPIX,2,2
48905,AJIMOV,2,2
48906,NANYAC,1,1
48907,BEWHOD,3,3
48908,VEZCOW,1,1
48909,HOLLOL,1,1
48910,EDEXIX,3,3
48911,TOTVOQ,1,1
48912,ZUXZEX,1,1
48913,SOFJEF,1,1
48914,YOJZOM,2,2
48915,YENTOE,1,1
48916,WEJBOE,2,2
48917,JUNMEK,3,3
48918,MUFBOF,2,2
48919,HERFOD,1,1
48920,MOQJAF,1,1
48921,WIRRIA,3,3
48922,KUDHEY,3,3
48923,BOKQUN,3,3
48924,DIWZUH,3,3
48925,QIHTOQ,3,3
48926,QALWOQ,1,1
48927,KEDZOI,2,2
48928,QUHZOJ,3,3
48929,DIRNIE,3,3
48930,CAPLOV,3,3
48931,XIYBUD,3,3
48932,AVEKAO,3,3
48933,POLVAQ,2,2
48934,SEWMEN,2,2
48935,FAJZIB,3,3
48936,XUDZEE,1,1
48937,ROYFET,1,1
48938,CEGGON,3,3
48939,ZUQJOK,2,2
48940,CANDIH,2,2
48941,DILHAH,3,3
48942,RUBQEL,3,3
48943,LEFNAM,2,2
48944,RANTUW,3,3
48945,EACMCO,2,2
48946,CERWOL,2,2
48947,YOSLAU,2,2
48948,TUYTAI,3,3
48949,IJESOI,1,1
48950,ETEHUG,3,3
48951,TUYCAS,3,3
48952,IPURIU,3,3
48953,XEYKIZ,1,1
48954,BUJLUN,3,3
48955,ALEYUM,2,2
48956,VIJWAO,3,3
48957,SARDUN,2,2
48958,MEDVIA,3,3
48959,NOSPUI,3,3
48960,AJICON,3,3
48961,VUKVUV,1,1
48962,GUWSUM,3,3
48963,AJIDIH,2,2
48964,FAPWAW,2,2
48965,ZUTNUZ,3,3
48966,UNIYIA,3,3
48967,SAPPIJ,1,1
48968,AQUTUC,3,3
48969,JOVZUS,3,3
48970,CUHJUM,3,3
48971,INUXAS,2,2
48972,SAJCIP,2,2
48973,EHEZEW,1,1
48974,INIXEI,3,3
48975,IGILAM,2,2
48976,XECFAO,3,3
48977,HGCETS,1,1
48978,SOXRED,2,2
48979,MUYLUO,3,3
48980,XORXAE,2,2
48981,EHUROO,2,2
48982,SERRIR,3,3
48983,WUFDUW,3,3
48984,KOBBEJ,3,3
48985,EBEMUT,3,3
48986,RUQLIA,3,3
48987,ZAPXAS,2,2
48988,UXULIK,3,3
48989,FEYCET,3,3
48990,RECGIP,2,2
48991,FICBAV,1,1
48992,NARPAX,3,3
48993,AFUXEF,1,1
48994,AXESOM,3,3
48995,FADSAE,1,1
48996,FONWOW,2,2
48997,VAFLUL,3,3
48998,DOJNUP,1,1
48999,QAFKOA,2,2
49000,LIRDUL,1,1
49001,VATWEV,3,3
49002,GODKAL,3,3
49003,PEBSAS,2,2
49004,NOYBUA,3,3
49005,ZEPGUZ,3,3
49006,RAJSOL,3,3
49007,HULBIZ,3,3
49008,YIFKIK,2,2
49009,HAXKUN,3,3
49010,UDAHEN,3,3
49011,FOBQOF,2,2
49012,JEKYAZ,2,2
49013,FAQZON,2,2
49014,TUJYIG,1,1
49015,YECFAO,2,2
49016,NURXAC,1,1
49017,IMIKUM,3,3
49018,XIKNIP,3,3
49019,ZIZKEB,2,2
49020,GABYIS,3,3
49021,KAQWOR,1,1
49022,ODALIP,3,3
49023,IWEQAF,1,1
49024,AGOYAX,2,2
49025,KIBWUR,1,1
49026,VUFDUW,3,3
49027,FIKXON,3,3
49028,LUMSAO,3,3
49029,WAZWED,1,1
49030,WAQMUW,1,1
49031,IPIROP,3,3
49032,TOVPAY,1,1
49033,ABILED,1,1
49034,ECUBAI,3,3
49035,NIHRAX,3,3
49036,UKIMUZ,1,1
49037,UVAGIJ,2,2
49038,UGUHUB,2,2
49039,LIJCIR,3,3
49040,SAYGIK,2,2
49041,QUSJAQ,2,2
49042,CIXGOH,1,1
49043,NEYRAL,3,3
49044,ESOTIQ,3,3
49045,IVAHIY,3,3
49046,ZAVBON,2,2
49047,GAXDER,3,3
49048,EGOBAE,3,3
49049,BIQPOI,1,1
49050,IYUDUB,3,3
49051,QAJDEM,1,1
49052,IMEVAY,2,2
49053,ILEXUV,1,1
49054,ULAWIO,3,3
49055,PAGJUG,1,1
49056,UPUDEP,3,3
49057,WIQYIG,3,3
49058,VUJYAC,1,1
49059,EDAMAX,2,2
49060,USOVII,3,3
49061,JOZWED,1,1
49062,YEHGEY,3,3
49063,MORXOI,2,2
49064,KITNAF,3,3
49065,XEZNID,1,1
49066,GOXBOK,3,3
49067,PASLON,2,2
49068,SIHZER,1,1
49069,IBUVUW,2,2
49070,KEGFOU,3,3
49071,SIMBOH,1,1
49072,QUHZAV,3,3
49073,TALRIH,1,1
49074,HATHIU,3,3
49075,XEQVAS,3,3
49076,KALZEF,3,3
49077,NUNVIB,1,1
49078,DUXREU,3,3
49079,ROGGEC,3,3
49080,LEMQOK,3,3
49081,RIYHAI,1,1
49082,XOXMEC,1,1
49083,FEKTAQ,3,3
49084,BERBUZ,1,1
49085,TIRKAG,3,3
49086,CIDBUP,1,1
49087,RILVOX,2,2
49088,NITBAV,2,2
49089,FAHYUK,2,2
49090,KUHKUV,3,3
49091,EPUMUY,1,1
49092,JAKSOE,2,2
49093,ECEZOE,2,2
49094,HATVAZ,2,2
49095,TOKXUO,3,3
49096,XIJDAX,3,3
49097,FUJRIN,3,3
49098,CANTOC,2,2
49099,CUJYOX,2,2
49100,HUNSIT,2,2
49101,PEWMOU,1,1
49102,WIRNUI,1,1
49103,HIJJUH,1,1
49104,RIFTIL,3,3
49105,POSMAN,1,1
49106,MUCDAP,1,1
49107,RARSUC,1,1
49108,UJELIF,2,2
49109,CEYSUX,1,1
49110,FIQLIE,1,1
49111,ZULLUN,3,3
49112,GAJMIO,3,3
49113,BEZDIV,3,3
49114,PAQZIQ,2,2
49115,LETRUY,2,2
49116,IZUWEF,3,3
49117,GOHCOY,2,2
49118,FOFZAB,2,2
49119,MICTID,3,3
49120,OQACUF,3,3
49121,OQIKEF,3,3
49122,FELXUP,3,3
49123,MEKLEX,1,1
49124,KIHWIJ,1,1
49125,XEFWAH,2,2
49126,HEPWAA,3,3
49127,HIXMUY,3,3
49128,CEMRIW,1,1
49129,UQALII,3,3
49130,UKUXII,3,3
49131,UZUHAA,2,2
49132,MODXUC,1,1
49133,VOKQUI,1,1
49134,IXUFUE,1,1
49135,ICOPUP,1,1
49136,RADZEC,3,3
49137,MENCOX,1,1
49138,IGOVOP,3,3
49139,XOTBOX,3,3
49140,RUJLOZ,1,1
49141,BEVKAR,2,2
49142,ZOJHUE,3,3
49143,EZIJEC,1,1
49144,KAKJAL,1,1
49145,GIHTEZ,3,3
49146,BOCCUT,3,3
49147,RICJOD,2,2
49148,TOCXEQ,3,3
49149,MOGPII,1,1
49150,HUTHIP,3,3
49151,YONNOF,3,3
49152,AYIQAA,2,2
49153,AQEXIE,3,3
49154,GIYPIP,3,3
49155,TUCQIU,1,1
49156,EQUROA,1,1
49157,CUKGUM,2,2
49158,NARTUY,1,1
49159,WAWQUG,3,3
49160,NINWOA,1,1
49161,VATQIS,2,2
49162,QAKQOI,2,2
49163,KEZSAK,3,3
49164,UCIVOR,3,3
49165,BEPWAU,3,3
49166,EHAKUU,2,2
49167,TORFUB,2,2
49168,TALSAC,3,3
49169,LODGUG,3,3
49170,XIPFOU,3,3
49171,BONCIR,3,3
49172,AGOJUC,3,3
49173,CIVZUE,2,2
49174,NIKDUJ,2,2
49175,FAWHAM,2,2
49176,IWUFIR,3,3
49177,NIHVUY,3,3
49178,KIMGAQ,2,2
49179,IZUVOR,1,1
49180,XOWMUT,3,3
49181,DIZBAP,2,2
49182,KAZPEI,2,2
49183,ZEJNIN,2,2
49184,GEFWOG,3,3
49185,YIKVOE,2,2
49186,VAQYEU,2,2
49187,PAKSUR,1,1
49188,ZURGOK,3,3
49189,QAXWUI,3,3
49190,JUCNEA,3,3
49191,OBIKUF,1,1
49192,SALHIZ,3,3
49193,HIVPOT,2,2
49194,AGOQAQ,3,3
49195,GIFRIZ,1,1
49196,CEMMIS,2,2
49197,WAFHAM,1,1
49198,CIJVEW,2,2
49199,MOTCIH,3,3
49200,NADSIU,2,2
49201,ECOYAZ,2,2
49202,MIRYOD,1,1
49203,DUPWIV,3,3
49204,DILLUI,2,2
49205,BEDMIH,1,1
49206,ZELDAX,2,2
49207,YIJLAF,3,3
49208,EQIBOX,1,1
49209,ELOJIA,3,3
49210,IYAHUN,3,3
49211,COQXEN,3,3
49212,EMILOC,2,2
49213,KAQHOA,2,2
49214,YUDNUG,3,3
49215,YICKED,3,3
49216,CATQEW,3,3
49217,GELBII,2,2
49218,WEJFUO,2,2
49219,ERAGEL,3,3
49220,NUMBEC,2,2
49221,BUXFIK,3,3
49222,FAKXAT,3,3
49223,SUGXAV,2,2
49224,SUDJAE,2,2
49225,OLOLEG,3,3
49226,ULURAV,2,2
49227,LILFET,1,1
49228,XUSXUF,1,1
49229,AQUGAX,1,1
49230,HIDYAV,1,1
49231,CIRJOD,2,2
49232,YORNIC,1,1
49233,LIYVEV,3,3
49234,TEVDAB,1,1
49235,BEDSAG,2,2
49236,TELNOQ,3,3
49237,RIWYOL,3,3
49238,CEMJOU,2,2
49239,OBAHUW,1,1
49240,KEJLIV,2,2
49241,DURTUH,3,3
49242,WENCUO,1,1
49243,FEFWOG,1,1
49244,FUPGEF,1,1
49245,TAHQEZ,3,3
49246,ENOWOU,2,2
49247,JEKQAS,2,2
49248,LIWVES,1,1
49249,TOBBIZ,1,1
49250,JAJMUG,1,1
49251,BOMVOP,1,1
49252,OXUGAR,3,3
49253,XUXLIN,2,2
49254,JIPDEV,1,1
49255,EZIRAI,1,1
49256,BUZPOC,1,1
49257,QADROF,3,3
49258,MUVGUI,1,1
49259,NIPQIP,2,2
49260,WUCXID,3,3
49261,HIPDOZ,3,3
49262,DALQAL,3,3
49263,HIGGUZ,3,3
49264,CURFUS,3,3
49265,EXIQOR,3,3
49266,GAKFIL,1,1
49267,CIJFAC,3,3
49268,PATSOT,3,3
49269,TEPYIY,2,2
49270,PAYCUN,2,2
49271,NEHVON,3,3
49272,QEGQUO,3,3
49273,GAKQIV,3,3
49274,XULFEP,3,3
49275,HIDBUS,2,2
49276,EQOVOV,3,3
49277,OSIPOW,1,1
49278,NUVNUO,3,3
49279,JEGLUG,1,1
49280,PUFRAM,1,1
49281,KAZLUU,3,3
49282,SOFGUQ,3,3
49283,GIQTOP,3,3
49284,DENSAT,3,3
49285,EHITEX,1,1
49286,BELWEX,3,3
49287,TIDXOV,3,3
49288,EQEMET,1,1
49289,FOBPER,1,1
49290,XIYSUX,1,1
49291,POJCEW,2,2
49292,KOYDOT,1,1
49293,KEGWAU,2,2
49294,GOKGES,2,2
49295,EFODUC,1,1
49296,CUCSUQ,3,3
49297,BUHWOR,2,2
49298,KOLTOV,3,3
49299,PUSKIZ,3,3
49300,ROJMAH,2,2
49301,VACBUX,2,2
49302,VODXOC,3,3
49303,PEBKEN,3,3
49304,GUJTEK,2,2
49305,SEGMOH,3,3
49306,QOPWAT,3,3
49307,PUNFAF,1,1
49308,REKBES,1,1
49309,AFUWAA,2,2
49310,GADLAA,2,2
49311,SIQSER,1,1
49312,DPAZCO,2,2
49313,LOWXAY,3,3
49314,PUVHUM,1,1
49315,NEYCOL,1,1
49316,QIGQOO,3,3
49317,MASLIE,3,3
49318,VIRJAH,2,2
49319,FAHCIE,1,1
49320,JUQBUV,1,1
49321,KIYTAN,2,2
49322,JOZQIA,2,2
49323,PEXVIX,1,1
49324,MEHVEB,2,2
49325,FIRFOC,2,2
49326,XOBQAI,3,3
49327,NEJWIK,2,2
49328,HEPFOA,2,2
49329,GUHREH,2,2
49330,SICSAZ,3,3
49331,DUWGOT,2,2
49332,HESTOR,3,3
49333,JEWMUU,3,3
49334,HOTFAZ,3,3
49335,FOJTAZ,3,3
49336,IMUVIW,2,2
49337,XUKHIU,2,2
49338,KOMYAO,2,2
49339,QOLYIB,2,2
49340,TUJQIY,3,3
49341,YEWQUQ,1,1
49342,CUQFIG,1,1
49343,XIJKEH,2,2
49344,XAFKEY,1,1
49345,RAGKUH,3,3
49346,AGAVEM,2,2
49347,HIJBUA,3,3
49348,RAPHOH,3,3
49349,ROWRUS,2,2
49350,POGZUG,1,1
49351,HUTFEK,1,1
49352,BOLLAS,3,3
49353,SILYIW,3,3
49354,TUSWOV,2,2
49355,QODZIS,3,3
49356,OFIJIW,3,3
49357,NERGUO,3,3
49358,RAFJOY,2,2
49359,RAKZUC,1,1
49360,TILREM,3,3
49361,HETZAH,2,2
49362,CAMLUB,1,1
49363,BUYWUQ,1,1
49364,IWEPIM,1,1
49365,TUFGOT,1,1
49366,OBOJOI,1,1
49367,CNENCP,2,2
49368,RIMSAH,1,1
49369,FOKGES,2,2
49370,UQURUU,3,3
49371,ISOVOB,1,1
49372,MAXSEK,3,3
49373,CUDFOY,3,3
49374,MOYCUY,3,3
49375,QAFMAL,1,1
49376,OJIMUQ,3,3
49377,TANBAM,2,2
49378,UROBAH,1,1
49379,LITJIL,1,1
49380,FODDEK,3,3
49381,DEVFAM,1,1
49382,YANFID,2,2
49383,LIJLOJ,1,1
49384,WECDOX,3,3
49385,GOMSEJ,1,1
49386,KAVFOG,1,1
49387,XEKDEA,1,1
49388,AXIJAS,3,3
49389,CEDZEQ,1,1
49390,PUJVUL,2,2
49391,ODOXUC,3,3
49392,VONSOI,3,3
49393,FOQZEQ,3,3
49394,YUVPUC,3,3
49395,SEVCUS,1,1
49396,XUKVOQ,1,1
49397,AGEVUD,3,3
49398,LIRBUJ,1,1
49399,FACKIE,3,3
49400,GULNEJ,1,1
49401,KIWJEG,1,1
49402,VIYBAH,2,2
49403,REFBUA,3,3
49404,UQAZOD,3,3
49405,JIBJAF,2,2
49406,NEDKUF,2,2
49407,RUNXOQ,1,1
49408,RUMJOB,1,1
49409,SEYWUQ,1,1
49410,CASHEK,3,3
49411,JOQYIA,3,3
49412,NEFVAW,3,3
49413,IFIQOE,2,2
49414,OLUFEH,2,2
49415,KUFMUU,3,3
49416,GIVSEK,2,2
49417,EXABEK,2,2
49418,PEPKOM,3,3
49419,MOHXUC,2,2
49420,LERLAY,2,2
49421,COXFAY,3,3
49422,KAKBON,1,1
49423,HIVPAH,1,1
49424,GEXFEX,2,2
49425,WOLBOP,2,2
49426,ACOWUM,3,3
49427,ZORNOL,3,3
49428,CEPYAZ,3,3
49429,JEWCUM,2,2
49430,WACGEQ,1,1
49431,TUGTEV,3,3
49432,DIDJEF,2,2
49433,GIGFEI,2,2
49434,TOLKOV,3,3
49435,GOTWUJ,1,1
49436,SIYWOQ,1,1
49437,MUBQEH,1,1
49438,KOXPAO,2,2
49439,YOGWOH,1,1
49440,NIGYOU,3,3
49441,SIVTOI,3,3
49442,VOPROI,3,3
49443,ARIVAA,3,3
49444,XOZQUZ,3,3
49445,OJOLAB,3,3
49446,VABTAX,1,1
49447,DUZBAD,3,3
49448,XUXKAC,3,3
49449,KUHQEL,2,2
49450,YICKIG,3,3
49451,VEJTEK,3,3
49452,YAVMOY,2,2
49453,ABOBUP,1,1
49454,FUGTUY,1,1
49455,NONYEW,3,3
49456,QANLUM,2,2
49457,KOQYIA,3,3
49458,VAZZUS,3,3
49459,IKUFIF,2,2
49460,COJFEQ,1,1
49461,JUFMUU,2,2
49462,JOZQEU,3,3
49463,MISTOA,3,3
49464,ELIYAB,3,3
49465,TIRSIY,3,3
49466,ISIBAP,2,2
49467,UKOTET,3,3
49468,QEZLUD,3,3
49469,QAFSEW,3,3
49470,NOHDOD,1,1
49471,BARRIW,1,1
49472,RIDJAQ,2,2
49473,DEDCUL,1,1
49474,GOMCOB,3,3
49475,NOSVUO,2,2
49476,QASCEU,3,3
49477,LANTUS,3,3
49478,IROCAT,1,1
49479,ELAZAS,3,3
49480,LATGUI,3,3
49481,ONAXEH,3,3
49482,WALZOY,2,2
49483,ORUKIW,2,2
49484,QIFBEM,2,2
49485,LUBQEH,1,1
49486,VUDXEY,2,2
49487,AGECOE,2,2
49488,OZALUX,3,3
49489,USUDOD,3,3
49490,MEWMEJ,2,2
49491,ZOKFEO,1,1
49492,DIZRIP,2,2
49493,RETWIW,3,3
49494,FIWNOQ,3,3
49495,KISQOW,1,1
49496,MOBJUK,3,3
49497,OTAQIL,3,3
49498,EKAHON,2,2
49499,BECMEB,2,2
49500,MAQVUY,3,3
49501,SEMSUC,1,1
49502,MAHWUP,1,1
49503,UTEPER,1,1
49504,YAPLUA,1,1
49505,XIKZUQ,1,1
49506,JEZMEG,3,3
49507,WEXZOP,1,1
49508,ZAVTIC,3,3
49509,SISKAJ,2,2
49510,OSEVAM,1,1
49511,TIXXEG,3,3
49512,JENPIC,1,1
49513,CIKGUY,3,3
49514,PUHGUU,2,2
49515,NULQOA,3,3
49516,XUPSUW,3,3
49517,IXUKER,3,3
49518,TAPSIM,2,2
49519,ADEBAN,3,3
49520,QIVHUY,2,2
49521,DEVQOK,2,2
49522,YIYJUM,3,3
49523,DOXDEA,2,2
49524,FEVQEG,1,1
49525,CACNAW,2,2
49526,HEQBEN,2,2
49527,PEDQEX,2,2
49528,VAKCAN,3,3
49529,BEJQUE,1,1
49530,HACQAG,3,3
49531,DAPQIU,1,1
49532,AVOFAT,3,3
49533,GECHOO,1,1
49534,QERZOC,2,2
49535,IYUPIC,2,2
49536,HUPFUU,3,3
49537,OMEYUA,3,3
49538,ILELIW,3,3
49539,AMOZOR,2,2
49540,TALQUS,1,1
49541,QOSLEQ,1,1
49542,ZAXTIF,1,1
49543,HALKOV,2,2
49544,EQEZIM,1,1
49545,KOBJIW,1,1
49546,VENHIJ,1,1
49547,FICJOT,3,3
49548,XOJROD,3,3
49549,ZANVIW,3,3
49550,YUJBOV,3,3
49551,UPINUD,2,2
49552,QATSAH,3,3
49553,HIZVAN,3,3
49554,HEZDEV,2,2
49555,KAPGUH,1,1
49556,REXTUL,2,2
49557,LEYCIC,3,3
49558,RIVJEN,2,2
49559,ZEHQIO,3,3
49560,NOWVIE,2,2
49561,XAWPET,2,2
49562,ICACOE,2,2
49563,XARHON,1,1
49564,QAVNUY,1,1
49565,FIMCEL,3,3
49566,YELMOU,1,1
49567,DUKPEH,1,1
49568,WEHLOO,1,1
49569,ABOWOF,3,3
49570,CUDXIJ,3,3
49571,POBGOC,2,2
49572,RIJDOG,3,3
49573,TEDCOX,3,3
49574,AXITIK,2,2
49575,KOBTAX,3,3
49576,SUCSAN,1,1
49577,SELBIY,1,1
49578,XOQRIH,1,1
49579,MIFSON,1,1
49580,KAGQUI,1,1
49581,QIDTAZ,3,3
49582,CIVCUG,3,3
49583,BEYBUD,3,3
49584,KEGWOI,2,2
49585,AHEWAO,1,1
49586,NOCPRH,2,2
49587,OROQAO,3,3
49588,WENHIJ,3,3
49589,HOLJAV,3,3
49590,TENVIV,1,1
49591,ULAQII,1,1
49592,QITREQ,1,1
49593,CUDVEF,1,1
49594,EDUCUD,3,3
49595,NABYOH,2,2
49596,BEXTOO,3,3
49597,JUWDEK,2,2
49598,QOPWOH,3,3
49599,TORCEK,3,3
49600,WOHNEM,2,2
49601,ZEBJAR,2,2
49602,MOGNOM,3,3
49603,RIDSOO,2,2
49604,CAWCIP,3,3
49605,JADFIG,3,3
49606,BAMBUM,3,3
49607,MIFCIR,1,1
49608,SAFCIP,1,1
49609,WAQYIA,1,1
49610,YEFHOG,2,2
49611,BUGJIY,3,3
49612,NOZMAQ,3,3
49613,EGEMUY,2,2
49614,WOKWUO,3,3
49615,RIWBUU,2,2
49616,REFYAD,2,2
49617,ZESHAJ,3,3
49618,ITEFIW,2,2
49619,NINYOY,2,2
49620,YUNRUW,1,1
49621,PIXMIV,2,2
49622,QELREI,1,1
49623,PAYMUA,3,3
49624,LICRIB,3,3
49625,UHIXEO,2,2
49626,NIPHIE,2,2
49627,PUNVIF,2,2
49628,SIMTIR,1,1
49629,CICXET,3,3
49630,RARYAM,3,3
49631,XOKFOT,2,2
49632,OFABUT,2,2
49633,VAXROF,1,1
49634,XELQIS,1,1
49635,AMAFIF,3,3
49636,FENTUO,3,3
49637,LUGBIY,2,2
49638,QOZWEJ,2,2
49639,NIXGIN,3,3
49640,NUGNUB,1,1
49641,NAYPUC,1,1
49642,QAVWOB,1,1
49643,IFOPAX,1,1
49644,EBUSOL,3,3
49645,KOFMEA,3,3
49646,GIXTUE,3,3
49647,MUMGIK,2,2
49648,KOKQIL,3,3
49649,GAKTOE,2,2
49650,XUWSAL,1,1
49651,VULWEE,3,3
49652,PEDTOH,2,2
49653,QONJIN,3,3
49654,YUDWAW,2,2
49655,KOVKAJ,1,1
49656,UKOXEY,3,3
49657,ZUSSUB,2,2
49658,FAXGOD,3,3
49659,BEXXOU,2,2
49660,JUQLAK,3,3
49661,IKUJIK,1,1
49662,MAGSET,1,1
49663,IZUTOP,1,1
49664,NOYZIM,2,2
49665,JEWZOA,2,2
49666,NECROC,1,1
49667,SINZOG,1,1
49668,HIBVOD,3,3
49669,ALAVUF,2,2
49670,AWULAI,1,1
49671,ROLWUL,3,3
49672,TANLUP,2,2
49673,ZONKAQ,3,3
49674,SAKSEG,1,1
49675,ZOTXAK,2,2
49676,DIJMUH,3,3
49677,DUQQOX,1,1
49678,PENSUA,1,1
49679,CEQHIR,2,2
49680,POCXIO,3,3
49681,NOSFEI,2,2
49682,NAQDUH,2,2
49683,MACVET,1,1
49684,SIFNOL,3,3
49685,WATVUL,2,2
49686,VEJDUM,2,2
49687,YAJDUL,2,2
49688,WAMWUE,2,2
49689,VIDZEO,1,1
49690,NAXVIT,3,3
49691,GATTUT,3,3
49692,HEZXAO,2,2
49693,QEFROK,2,2
49694,DADNIG,2,2
49695,FEYPII,3,3
49696,RODFIZ,3,3
49697,SAMLUO,2,2
49698,EZEZUE,3,3
49699,IXIPAH,3,3
49700,ZEBVEK,1,1
49701,ULIPEN,1,1
49702,KIVKIL,3,3
49703,FUZPAU,1,1
49704,TOQCOR,2,2
49705,FOTWAO,3,3
49706,IDOZEI,1,1
49707,NESJAX,3,3
49708,LICPET,2,2
49709,YITVOM,3,3
49710,YEHSOU,3,3
49711,ZETTEZ,3,3
49712,GUJQAG,1,1
49713,BEGTAL,3,3
49714,GENTUO,1,1
49715,EYENAX,2,2
49716,SUQXAE,3,3
49717,TOKGOR,3,3
49718,NOXPAR,1,1
49719,GORTAL,1,1
49720,PIRTOB,2,2
49721,HIGGOT,3,3
49722,BIWNOL,3,3
49723,ZIDWES,1,1
49724,PAYTOZ,2,2
49725,ZIFHIF,2,2
49726,YUWSAL,1,1
49727,FEXDIY,3,3
49728,HUKXOD,1,1
49729,CUXVUN,2,2
49730,CAFHUO,2,2
49731,XONLOD,3,3
49732,CAHDAU,1,1
49733,PIKRIM,2,2
49734,DEQJOB,3,3
49735,RENZUG,1,1
49736,PEFROK,1,1
49737,CUMFUL,3,3
49738,WICQUW,3,3
49739,FIHWOL,3,3
49740,KIRNIL,3,3
49741,BULYEM,3,3
49742,IPIVAH,1,1
49743,LAVFEV,3,3
49744,ZIMYID,1,1
49745,CIPGEO,1,1
49746,YEHTIS,1,1
49747,UNUCIS,1,1
49748,DEXTEI,1,1
49749,BOXZEW,1,1
49750,DUHNEA,3,3
49751,TIZYUX,3,3
49752,XUVPAF,3,3
49753,WAPFOM,1,1
49754,ZOJBUY,3,3
49755,POQQER,2,2
49756,LOPJEF,1,1
49757,MUKCON,1,1
49758,CANWEU,1,1
49759,QUSYOS,1,1
49760,GAFHAW,2,2
49761,PIXSUK,1,1
49762,AHIFUV,1,1
49763,AMEJAD,3,3
49764,MIRYUJ,1,1
49765,YOHZUQ,1,1
49766,JINGET,3,3
49767,MAKBEH,2,2
49768,JOPFOM,1,1
49769,PMCPTI,1,1
49770,CAGKUR,2,2
49771,PASFOE,2,2
49772,AZOHAB,1,1
49773,VIQVUQ,1,1
49774,YECWUA,2,2
49775,ZENWAT,3,3
49776,OPUMOC,1,1
49777,ATANIV,1,1
49778,RAZVAQ,3,3
49779,QETLAD,2,2
49780,TOQJEO,3,3
49781,SOVFOZ,3,3
49782,KAPPAW,1,1
49783,HECYAQ,3,3
49784,ENIQIE,1,1
49785,LIKZOX,2,2
49786,HUJBAP,3,3
49787,KAMCAD,3,3
49788,GEKYEC,1,1
49789,XAMQOS,3,3
49790,PIQSUG,2,2
49791,CORVOX,2,2
49792,FOJQEA,3,3
49793,LUKTOC,3,3
49794,ANISEY,1,1
49795,SOBKEB,3,3
49796,SEWLUC,3,3
49797,JUBSUU,3,3
49798,EVIBES,3,3
49799,LOSFOR,1,1
49800,CIHYUP,3,3
49801,NIDNEV,2,2
49802,WOZREK,3,3
49803,YULCAK,3,3
49804,DEMZOL,3,3
49805,ILUFON,1,1
49806,LEQBES,1,1
49807,BUGFIT,3,3
49808,MTPOFE,2,2
49809,IPENIA,3,3
49810,IDACIZ,3,3
49811,QEXMEL,2,2
49812,HUHDAS,1,1
49813,GESLEZ,1,1
49814,WATMAI,3,3
49815,RUVCUI,3,3
49816,NOMNOT,2,2
49817,LEFCEH,2,2
49818,ZORRIJ,2,2
49819,XUHFAK,1,1
49820,FOJHIW,1,1
49821,FUTKUB,3,3
49822,VEYKEP,1,1
49823,OCULUW,3,3
49824,EMATAN,3,3
49825,FADNAC,3,3
49826,JUJBIC,1,1
49827,GEDTIW,1,1
49828,ERAYUR,2,2
49829,XABPUP,1,1
49830,MIKJID,1,1
49831,KUQBOO,3,3
49832,QASHAV,2,2
49833,ROWPUQ,2,2
49834,QURSED,3,3
49835,CUQDIE,1,1
49836,YANTOZ,2,2
49837,YIKVUK,3,3
49838,AKETAM,3,3
49839,BAFMIE,3,3
49840,NOYCEL,3,3
49841,VIDSOR,3,3
49842,GEXJEB,2,2
49843,SUBPUA,2,2
49844,OCEVAW,2,2
49845,VAVROC,3,3
49846,OWEWIY,1,1
49847,DUZBUV,3,3
49848,BEWYUA,2,2
49849,QEHBIR,1,1
49850,PIMTUD,3,3
49851,OHUPOY,1,1
49852,TEQHOM,1,1
49853,NEZQUF,3,3
49854,VAZZAA,3,3
49855,ACPIRE,2,2
49856,VIQZAY,2,2
49857,SORJEP,2,2
49858,NELSUW,1,1
49859,GEKGOS,1,1
49860,SUMDUC,1,1
49861,XUTTUB,2,2
49862,KIYXAT,3,3
49863,MAQQIF,2,2
49864,TUTBAL,2,2
49865,GERHOB,3,3
49866,WASCAX,3,3
49867,XULZAI,1,1
49868,OCATIZ,1,1
49869,JEGRIZ,3,3
49870,MUGKOP,3,3
49871,YOLCIN,3,3
49872,WEQXOI,2,2
49873,UVIGOY,1,1
49874,TUXSAG,3,3
49875,PEXZIB,2,2
49876,NOTQIY,3,3
49877,NIMWEO,3,3
49878,FUGCOZ,2,2
49879,ZOMGEN,2,2
49880,VAPVER,1,1
49881,WAXLIU,1,1
49882,DASFOU,3,3
49883,DAPTOF,2,2
49884,RUFWAQ,1,1
49885,POCDUG,3,3
49886,HANFEJ,2,2
49887,GEVJID,3,3
49888,VUBYEX,3,3
49889,SACGIO,3,3
49890,PAZXIZ,3,3
49891,LINBIV,1,1
49892,COXMIN,2,2
49893,UBAKIU,3,3
49894,ZIFQIS,1,1
49895,WEWNUK,2,2
49896,LISVOC,1,1
49897,SITYEB,3,3
49898,BIWYAJ,1,1
49899,GUQTUJ,2,2
49900,REMZEP,3,3
49901,AGUGIS,2,2
49902,UTAPAI,2,2
49903,WOVTIN,1,1
49904,PEBWAW,3,3
49905,DIBRIQ,3,3
49906,SEDZEK,1,1
49907,WIVDEK,2,2
49908,BEPWUP,1,1
49909,RAYZEY,3,3
49910,RAQRUY,1,1
49911,AZIKOJ,3,3
49912,LULDEB,1,1
49913,CEWBOX,3,3
49914,XAWYUP,3,3
49915,NIDNIB,1,1
49916,UWILET,3,3
49917,ANEBIF,2,2
49918,LAVCUH,2,2
49919,FOXQOB,1,1
49920,SUQZUB,2,2
49921,VOQTIG,3,3
49922,FAJWAS,1,1
49923,JADMAG,1,1
49924,GUSRUI,3,3
49925,NAJXOL,1,1
49926,CATZAC,1,1
49927,NEZZIC,1,1
49928,FIRCES,1,1
49929,FICJUZ,2,2
49930,VONSUP,2,2
49931,XOJRUJ,2,2
49932,FERHOB,2,2
49933,XAWBAB,2,2
49934,QOZRUT,2,2
49935,EFOCEH,2,2
49936,SIKPUY,2,2
49937,CUCTEZ,3,3
49938,GIBBEA,3,3
49939,GAQNIV,3,3
49940,MIWSOC,3,3
49941,XUWTIV,1,1
49942,OZANUZ,2,2
49943,RAFDUX,2,2
49944,HEYDAS,2,2
49945,RODFEY,2,2
49946,XIWZIM,2,2
49947,ZITDUE,2,2
49948,ZEYHET,3,3
49949,IWAKUP,1,1
49950,SEQTOY,3,3
49951,GOWROZ,3,3
49952,YIYMIE,2,2
49953,WODJEI,1,1
49954,ETUHIL,3,3
49955,GUXTUQ,1,1
49956,DAQWOL,1,1
49957,XOCGOP,1,1
49958,KISTIS,3,3
49959,YUDWOK,3,3
49960,PUCCUO,1,1
49961,QEZNUF,2,2
49962,LATNEZ,3,3
49963,IJEWOM,1,1
49964,VAJKID,3,3
49965,XEBQEB,2,2
49966,ZEJBIC,3,3
49967,IRIYUG,1,1
49968,ZILTIA,3,3
49969,JOFJOD,2,2
49970,UBAYUR,3,3
49971,ICIKEK,3,3
49972,JUPMUF,1,1
49973,BENZAX,1,1
49974,FAJGEG,1,1
49975,WASZOF,2,2
49976,YAMFAU,3,3
49977,BOMDEM,2,2
49978,KOBVAZ,3,3
49979,AZUNUE,1,1
49980,LIQNEG,3,3
49981,NOHDUJ,1,1
49982,RIJHAV,3,3
49983,WOXQUV,3,3
49984,NIFMUK,2,2
49985,YOFCUV,1,1
49986,TERCOK,3,3
49987,ICAXAN,1,1
49988,ZIDRUZ,2,2
49989,XAHYOV,2,2
49990,WEWREW,1,1
49991,ZABBOX,1,1
49992,FOLKEW,3,3
49993,HADDAV,1,1
49994,POGJEA,2,2
49995,YEWJUF,1,1
49996,WEPYUO,3,3
49997,BEBGUL,3,3
49998,ZIHCUQ,2,2
49999,FIGZOL,2,2
50000,NUVPIE,3,3
50001,XISQEV,3,3
50002,VIRHOV,3,3
50003,OKEPOK,2,2
50004,IXOMEP,3,3
50005,TEWGUZ,1,1
50006,MEYXEW,1,1
50007,BOLWAD,2,2
50008,QIGTEH,3,3
50009,KETQOP,2,2
50010,WOLPIY,2,2
50011,TURMUP,3,3
50012,JUPHIL,3,3
50013,JILSUS,2,2
50014,SURDAN,1,1
50015,ISIPEF,2,2
50016,YOLJAL,3,3
50017,MEJLAO,2,2
50018,IBUWIN,3,3
50019,MILMAW,3,3
50020,RIMFOL,3,3
50021,PEXDAZ,3,3
50022,GAWJOD,3,3
50023,IMIDEO,2,2
50024,FAZHIY,3,3
50025,ZEQLAK,3,3
50026,HETVAE,3,3
50027,DAKMEK,2,2
50028,CEPRIZ,3,3
50029,ZIWZAI,1,1
50030,BOBLUD,1,1
50031,HOFTOO,2,2
50032,JITJAB,1,1
50033,IFUJEC,1,1
50034,TAWXAS,3,3
50035,FAHQAG,3,3
50036,MIFXEF,2,2
50037,VUYNAF,3,3
50038,CAXPUM,3,3
50039,NENPDN,2,2
50040,WEYBAF,3,3
50041,RAGGUE,2,2
50042,RAVNEL,1,1
50043,JASWUY,3,3
50044,NOCWOS,2,2
50045,GOSNAD,1,1
50046,QASJUQ,3,3
50047,EQAXUR,3,3
50048,BEYKEW,3,3
50049,FOKRIH,1,1
50050,LIGKAO,3,3
50051,IFIQUK,3,3
50052,JAVCIT,3,3
50053,SODVAM,1,1
50054,OJAGIP,3,3
50055,YUNPUU,3,3
50056,CILNET,2,2
50057,IKOPOO,1,1
50058,DEXDOA,2,2
50059,EGAVEP,1,1
50060,YIJGEE,3,3
50061,XUBSIY,3,3
50062,DEZWUC,3,3
50063,BIQDIQ,1,1
50064,AMAXOB,3,3
50065,SIJHAV,3,3
50066,NURLES,1,1
50067,QIDHIW,3,3
50068,RULRAT,2,2
50069,FAWJOD,3,3
50070,LOQPEN,2,2
50071,HOTQUE,3,3
50072,QUHPOA,3,3
50073,UKIKOR,1,1
50074,KARTUS,3,3
50075,MIPDOG,3,3
50076,NIPTAH,2,2
50077,PUNJAK,1,1
50078,SUQQED,1,1
50079,TUTNUS,1,1
50080,YAFGET,2,2
50081,OJAWOL,3,3
50082,NINKIG,2,2
50083,DECJEA,1,1
50084,YOSQOO,3,3
50085,EDERIS,1,1
50086,HOLFOG,1,1
50087,MOXPEU,3,3
50088,ZOBJIM,3,3
50089,BIQTOM,1,1
50090,DASDUY,1,1
50091,KOYHOY,1,1
50092,LIRBOE,1,1
50093,HAJMIP,1,1
50094,RUXMUU,1,1
50095,QAWDEA,3,3
50096,WEXVAW,2,2
50097,IDACEX,3,3
50098,AMAXOC,2,2
50099,CIQVUW,2,2
50100,CUMMIH,1,1
50101,LAMSUN,2,2
50102,TAPHEX,3,3
50103,COCJIR,1,1
50104,EJIBEF,2,2
50105,EGAVEQ,2,2
50106,XUJWOO,2,2
50107,XAMFAT,3,3
50108,TANBUI,2,2
50109,DEVFUI,2,2
50110,FULGUO,3,3
50111,XOZVIS,2,2
50112,AWESEA,3,3
50113,HEQNIA,1,1
50114,HIMKIY,3,3
50115,JOGWEH,3,3
50116,BICDOG,3,3
50117,BEFNAE,1,1
50118,DEMMAK,3,3
50119,VEWREV,3,3
50120,FALDEE,2,2
50121,WOHPUE,3,3
50122,OCODOB,2,2
50123,FOMTUW,3,3
50124,SUCVET,2,2
50125,CIFBOM,1,1
50126,SEVZAU,2,2
50127,CAMLAF,1,1
50128,FEDDAV,2,2
50129,PIJHID,1,1
50130,TUVJOJ,2,2
50131,HEDYOE,2,2
50132,EFADAU,1,1
50133,WENJII,3,3
50134,NESCEX,1,1
50135,RILBIA,3,3
50136,PEJXUX,2,2
50137,LITTUG,2,2
50138,RUJJUD,2,2
50139,TAYQIU,3,3
50140,VAKFET,2,2
50141,GIGJIQ,1,1
50142,DAKSOZ,2,2
50143,EKEVAS,2,2
50144,HUXKAO,2,2
50145,XILXUL,2,2
50146,VEFGET,1,1
50147,QITGEH,3,3
50148,KUDBES,3,3
50149,BIQCOV,1,1
50150,FOZGIK,3,3
50151,NOGROR,3,3
50152,FOJCUD,3,3
50153,HUHMED,2,2
50154,BILWIC,1,1
50155,DEVMEX,3,3
50156,PUNFUB,2,2
50157,QUNTIE,3,3
50158,OTUPOL,1,1
50159,QAPJID,2,2
50160,DARPUH,2,2
50161,COGVED,1,1
50162,HALNIS,1,1
50163,UTANIP,1,1
50164,RIVHEM,1,1
50165,QORDOR,2,2
50166,NUDGOI,3,3
50167,KOSJIL,3,3
50168,VOHPUE,3,3
50169,VAVKOW,1,1
50170,AQAHEH,2,2
50171,AKIKAH,2,2
50172,XAHNOM,3,3
50173,DANRIV,2,2
50174,PAWDEA,1,1
50175,YAXVAV,1,1
50176,YIHJUV,3,3
50177,IJOBIU,2,2
50178,AROGEU,2,2
50179,PILBAR,1,1
50180,WUWYAO,3,3
50181,CUHKIB,3,3
50182,ULOSIX,2,2
50183,XIJGED,3,3
50184,PUCFID,1,1
50185,MUVPAW,2,2
50186,CIYGIA,1,1
50187,RAPJAW,2,2
50188,LEPXEM,1,1
50189,LUFHOL,3,3
50190,QIGCES,1,1
50191,FIDXIB,2,2
50192,NEZCEC,3,3
50193,GEGHIJ,3,3
50194,MOWTAU,3,3
50195,UDOBIB,3,3
50196,KUBVEJ,3,3
50197,GIFWAT,3,3
50198,FOWKAE,2,2
50199,SIZWIJ,2,2
50200,HAYNOM,3,3
50201,NELVEH,1,1
50202,TOQZOQ,3,3
50203,IDOCEJ,3,3
50204,AMOVAB,3,3
50205,UJAJOE,2,2
50206,ZIWCOA,3,3
50207,MECKEL,1,1
50208,WATMOT,3,3
50209,YAVFEG,1,1
50210,YUNROO,3,3
50211,XIWCEM,3,3
50212,RATFIB,1,1
50213,ZOYDAS,2,2
50214,KIGWOQ,1,1
50215,HOJGUI,2,2
50216,PABSAM,2,2
50217,ALOCAH,2,2
50218,EWASOL,3,3
50219,CENVUQ,1,1
50220,TOFBAT,2,2
50221,GEKWEZ,3,3
50222,POLBIC,2,2
50223,GODCUA,3,3
50224,FAWZIN,3,3
50225,RODFEX,2,2
50226,IKUTOY,3,3
50227,GAQNIW,2,2
50228,GUHWOY,1,1
50229,NACFEF,3,3
50230,HIDNUH,1,1
50231,ONUGIO,2,2
50232,ENENIW,2,2
50233,SIHBUK,1,1
50234,TEHYEM,1,1
50235,NEVKII,1,1
50236,HUXBIM,1,1
50237,FIRCER,3,3
50238,PAWZOF,2,2
50239,AYIDOD,3,3
50240,PEGXII,2,2
50241,YUYSOC,2,2
50242,KURKUD,2,2
50243,LALROH,2,2
50244,PELNOM,3,3
50245,NEZZIB,2,2
50246,LODKUK,1,1
50247,BEWRIE,2,2
50248,QOFPIK,3,3
50249,MACDUQ,3,3
50250,QAJWEE,3,3
50251,DUMMUT,2,2
50252,MOBTEC,2,2
50253,XELHIG,2,2
50254,KUNWAU,1,1
50255,TAWHEF,2,2
50256,WILPAI,1,1
50257,KEFCUV,2,2
50258,FIJFAH,3,3
50259,SUNZOR,2,2
50260,YOGWUP,3,3
50261,PUWKAT,1,1
50262,IRIYUF,2,2
50263,TUFBEE,1,1
50264,MIDBUX,2,2
50265,ZAZYAD,3,3
50266,JEGKEM,2,2
50267,VECHOC,2,2
50268,XIDGEA,1,1
50269,YUDYAY,2,2
50270,GAKZOK,2,2
50271,VUGCUX,3,3
50272,JEFFIK,3,3
50273,DAKJAD,3,3
50274,XIWSAY,2,2
50275,AZEDEP,3,3
50276,OLOPAH,3,3
50277,BOLGEQ,1,1
50278,RARRIL,2,2
50279,GOSGIG,3,3
50280,OPEKEB,3,3
50281,FEYYOA,3,3
50282,ANAGIG,2,2
50283,DUXFAD,2,2
50284,QAMGAO,2,2
50285,TODZIX,2,2
50286,MIDNAP,2,2
50287,UFIBER,2,2
50288,UHEBOZ,1,1
50289,DAPTOG,3,3
50290,YISVAY,2,2
50291,PAKSAV,3,3
50292,MIRLAA,3,3
50293,ZOKMOF,1,1
50294,BODCAY,3,3
50295,ECUQAV,3,3
50296,WUXCOI,3,3
50297,HONNAA,2,2
50298,ZUQLUU,1,1
50299,TIJDIC,2,2
50300,KOHTEG,1,1
50301,BUPNOP,2,2
50302,MUBSEK,1,1
50303,LESVUB,2,2
50304,ZISQOL,1,1
50305,XEJBAQ,3,3
50306,TUTBAM,3,3
50307,JUBXIQ,1,1
50308,POZRUU,1,1
50309,QAQGEU,3,3
50310,YOCGOQ,1,1
50311,ZIFFIH,1,1
50312,CEDXER,2,2
50313,BOXHUR,2,2
50314,VIKNIO,2,2
50315,JIXLAE,3,3
50316,TAXLAG,1,1
50317,IDUPEG,1,1
50318,PAPSEE,2,2
50319,RABDID,2,2
50320,IMUJOP,1,1
50321,ASUHOO,1,1
50322,JIFDIP,1,1
50323,KUPMUG,1,1
50324,IFEBOM,3,3
50325,NACHIJ,1,1
50326,UKOQAN,1,1
50327,DAXYAE,3,3
50328,GUKGUQ,3,3
50329,TIBPIH,1,1
50330,RATQIO,3,3
50331,PUXXEO,1,1
50332,PANNUN,3,3
50333,BEVFIU,3,3
50334,JITDOG,3,3
50335,JEKSOL,1,1
50336,XEQBEB,3,3
50337,ZEZTIJ,3,3
50338,WEGJIE,3,3
50339,OSAXEO,1,1
50340,SOTPID,1,1
50341,NOBZOW,2,2
50342,CORTUB,2,2
50343,RAPJOK,3,3
50344,MEZSEP,2,2
50345,CIBWER,1,1
50346,DISWAE,3,3
50347,MOWTOI,2,2
50348,THALPD,1,1
50349,HACSOX,1,1
50350,ZEVKIY,1,1
50351,XEBVOQ,3,3
50352,ZOLTOM,3,3
50353,UYISON,1,1
50354,FESROK,2,2
50355,ZEHZOE,1,1
50356,VARWOB,2,2
50357,JERKOG,2,2
50358,UHUXUQ,1,1
50359,EXAYEJ,2,2
50360,ENIHER,1,1
50361,WATMAH,2,2
50362,KASREF,1,1
50363,LEHMIW,1,1
50364,ICILOX,3,3
50365,CICMIN,3,3
50366,SEWNOY,2,2
50367,PETLAE,1,1
50368,FOZGEH,3,3
50369,HAKGOS,1,1
50370,UGASOL,3,3
50371,HOBQAR,2,2
50372,XIVGOB,3,3
50373,UFASUP,3,3
50374,BOKYAC,3,3
50375,DOXTUF,1,1
50376,YOCNIO,1,1
50377,VUDDAA,1,1
50378,NORNUD,3,3
50379,HIQBIU,1,1
50380,HUYHOY,1,1
50381,DEPKUE,3,3
50382,QIDCUD,2,2
50383,KUMGUV,2,2
50384,VELPUB,1,1
50385,DUJFIX,3,3
50386,VOCDEY,2,2
50387,VURFAP,1,1
50388,NUPXUU,1,1
50389,DUHYEM,2,2
50390,PIMTUE,1,1
50391,XUPTEJ,3,3
50392,ZUBCIK,3,3
50393,HESVOQ,2,2
50394,SEZBEH,2,2
50395,JUDGUM,3,3
50396,USIVAU,3,3
50397,MITFEC,2,2
50398,YAXVOJ,1,1
50399,EDUTAZ,3,3
50400,FIGMAK,1,1
50401,PYDTCI,2,2
50402,ZANDAT,3,3
50403,LELHIW,1,1
50404,TCMOFM,2,2
50405,YOZVEP,1,1
50406,NUNKIR,3,3
50407,YUWCEY,3,3
50408,HUNPAK,1,1
50409,YIPFUZ,2,2
50410,XOPSEB,2,2
50411,GUTKUC,3,3
50412,NIBTIB,3,3
50413,WEQCUQ,1,1
50414,LILTAC,1,1
50415,ELOQEC,1,1
50416,OXAFEZ,3,3
50417,MEVKOQ,3,3
50418,AHONER,3,3
50419,XAJHAR,3,3
50420,ZEWXOO,3,3
50421,WUCSAR,1,1
50422,HAZLEA,2,2
50423,XULXUX,3,3
50424,RALMOH,3,3
50425,OGEKOD,2,2
50426,KIDBEG,2,2
50427,MIKXUB,2,2
50428,NEYFII,3,3
50429,IWOPOZ,3,3
50430,ZIYCAO,3,3
50431,ACUZIK,3,3
50432,OTUWEI,1,1
50433,PEKGIZ,1,1
50434,CIRJUK,3,3
50435,IXOMIR,2,2
50436,XODPAI,2,2
50437,GAXRUS,2,2
50438,WIQCOQ,2,2
50439,XAMFOH,3,3
50440,AGOCEF,3,3
50441,APURZN,3,3
50442,EYALEW,2,2
50443,XEFMEA,2,2
50444,UGETUW,3,3
50445,COHKAP,1,1
50446,SIHLUS,2,2
50447,KATBAL,3,3
50448,QUHNIS,3,3
50449,VILGOO,3,3
50450,NEZZEA,1,1
50451,ATUMOT,3,3
50452,MARDAN,3,3
50453,TECXOP,2,2
50454,ZIDWER,2,2
50455,QAPCOZ,1,1
50456,BEHYOF,2,2
50457,OHAJEM,2,2
50458,FINVUU,2,2
50459,QEQJAX,2,2
50460,GIQCUE,2,2
50461,QEHKAQ,3,3
50462,CITBEN,3,3
50463,HANTUO,3,3
50464,FIXTUD,3,3
50465,ZIMPAP,3,3
50466,GIXFIC,2,2
50467,LAPKIX,2,2
50468,LEWJUW,1,1
50469,IMABUV,2,2
50470,FISYEM,3,3
50471,LOCWIJ,1,1
50472,VITPUM,2,2
50473,MIPTEN,3,3
50474,TEZNOC,1,1
50475,FAVWIK,1,1
50476,GINSIH,3,3
50477,HOZCEE,2,2
50478,EBUZEG,1,1
50479,UTITIC,2,2
50480,KUWHEP,2,2
50481,GUXVAW,3,3
50482,UYAGOR,3,3
50483,GOSGED,1,1
50484,QEWRUI,3,3
50485,AGOSAR,2,2
50486,TIZYUY,2,2
50487,JUPVOI,1,1
50488,LEDLOW,3,3
50489,GAPDOT,3,3
50490,FECFUO,2,2
50491,QOKRAJ,3,3
50492,LUZTUV,3,3
50493,DEXTEH,2,2
50494,OLUVUO,2,2
50495,ABANUN,3,3
50496,KABPEI,3,3
50497,PAMNEY,3,3
50498,XEQPUF,2,2
50499,HIHCIK,3,3
50500,EBAYAL,1,1
50501,MECNUE,1,1
50502,SIWYUT,2,2
50503,EQADIL,1,1
50504,REYWAU,2,2
50505,VADRIB,2,2
50506,DAQLUC,1,1
50507,VAFMEW,3,3
50508,OJIDET,1,1
50509,JIWHIG,1,1
50510,MUNLEO,3,3
50511,WEJDUL,3,3
50512,WEGTOV,1,1
50513,BIPNOD,2,2
50514,HIBVOE,3,3
50515,TOBGOH,3,3
50516,FATVON,3,3
50517,MEZMOW,3,3
50518,OLOGON,3,3
50519,SEBWEF,1,1
50520,HERBOV,3,3
50521,BEXXOT,2,2
50522,VOGQAM,3,3
50523,YEHMED,3,3
50524,FOQQAD,3,3
50525,KOXPUK,1,1
50526,FURHUW,3,3
50527,YOGNUE,3,3
50528,EZAJOE,3,3
50529,DOGJEP,2,2
50530,NAXQOS,2,2
50531,VAMBOE,1,1
50532,XOYZOD,1,1
50533,DUGCIT,3,3
50534,CEDHOM,1,1
50535,ALESUG,2,2
50536,BOPPOM,2,2
50537,CODSIY,1,1
50538,NAYPUB,2,2
50539,IBAZOC,2,2
50540,DEKGEI,3,3
50541,VIHKEE,3,3
50542,AGAZIU,1,1
50543,ONATED,3,3
50544,REXJIP,1,1
50545,QOGDEX,2,2
50546,LECNUE,2,2
50547,TAYXOK,1,1
50548,JITHUS,1,1
50549,PIHRUX,1,1
50550,YOSXIP,2,2
50551,DALJOQ,3,3
50552,XUDLUD,1,1
50553,ZUDWIE,1,1
50554,HESHEV,1,1
50555,RUMSUO,1,1
50556,NAKWUS,2,2
50557,BEQZUT,3,3
50558,XIRWUT,2,2
50559,BOVFUO,2,2
50560,USANUA,1,1
50561,IZIFUS,2,2
50562,COPRUV,1,1
50563,BILPAN,2,2
50564,KAHBEA,3,3
50565,NAPNID,1,1
50566,YOZMEG,3,3
50567,XIYJUL,2,2
50568,EPUWEU,1,1
50569,RASJEE,1,1
50570,NAWGAX,1,1
50571,FECQAG,2,2
50572,GUNCUN,2,2
50573,EPAJIQ,2,2
50574,RIQCOL,2,2
50575,KAYLEC,3,3
50576,FIPYOT,3,3
50577,NEKZIO,3,3
50578,KIWTOA,3,3
50579,EXAPYZ,3,3
50580,MUFJON,3,3
50581,HIYHUT,3,3
50582,DAMLEK,3,3
50583,LULXOF,3,3
50584,TUZYOC,3,3
50585,HOLDOD,2,2
50586,ZUGYOP,3,3
50587,WEHNUU,1,1
50588,ACUHAI,1,1
50589,FUPNAF,3,3
50590,NUWFIV,3,3
50591,BAZXAE,3,3
50592,LUNKUD,1,1
50593,SIVJEO,3,3
50594,RUBKUW,2,2
50595,REXFIJ,1,1
50596,NIGGES,2,2
50597,YAQTAO,3,3
50598,KANSOH,3,3
50599,UKULUI,2,2
50600,UQAXUI,1,1
50601,NTMPNI,3,3
50602,REQCUL,2,2
50603,XILFEE,3,3
50604,EGOMIW,2,2
50605,YAKGAU,2,2
50606,PUWWIN,1,1
50607,LUVLIZ,2,2
50608,IPUSOC,3,3
50609,TEPWIW,3,3
50610,JAVVIM,2,2
50611,CEVMAU,3,3
50612,QELREH,2,2
50613,KEHDIL,3,3
50614,PUDVUH,2,2
50615,ZEWSID,1,1
50616,QIBLUJ,3,3
50617,ZUWMUC,1,1
50618,LUWVEF,2,2
50619,DEXFOB,2,2
50620,RONHOU,2,2
50621,SICMEW,3,3
50622,TENHAX,1,1
50623,RIRVIY,3,3
50624,DIWYEQ,3,3
50625,JEPVOS,3,3
50626,SEJXEM,3,3
50627,NAPGAQ,1,1
50628,SIKGOL,1,1
50629,PITREP,2,2
50630,VIRMIS,2,2
50631,GUFLAW,3,3
50632,DEBWUC,2,2
50633,SATVUG,2,2
50634,HEFZIB,2,2
50635,LURLUG,1,1
50636,YUTMAD,1,1
50637,NOTCOQ,3,3
50638,HOMWIR,3,3
50639,IBEQUB,3,3
50640,LODKOE,3,3
50641,QETPEK,2,2
50642,BECCIX,3,3
50643,KILTIM,1,1
50644,LEDGIK,2,2
50645,OYUROR,3,3
50646,FIRXIQ,3,3
50647,PEDQEY,1,1
50648,KIMYEK,3,3
50649,BEJQUD,1,1
50650,MOWVAW,2,2
50651,CEPPIY,2,2
50652,TEGVIL,2,2
50653,KAXSUB,1,1
50654,ZANFOJ,3,3
50655,SOKPEO,1,1
50656,XACZIK,2,2
50657,ZIHVUH,3,3
50658,LEQPOO,3,3
50659,GOBBUW,3,3
50660,CEXSIH,3,3
50661,OVUFAO,1,1
50662,JASPIG,1,1
50663,UPEHUT,3,3
50664,ABOYAT,2,2
50665,NOPFOQ,1,1
50666,TAZCPD,3,3
50667,VAJPEF,1,1
50668,SINTUG,3,3
50669,PAFXUP,3,3
50670,KIRBIW,1,1
50671,RUVDET,3,3
50672,JOQGAX,2,2
50673,RATCOF,3,3
50674,YEWHUE,3,3
50675,QAHDEI,2,2
50676,SACRIA,3,3
50677,UQUWEJ,3,3
50678,LAKRUO,1,1
50679,PIHLIE,3,3
50680,UNEGAX,2,2
50681,XUVPUB,2,2
50682,JECPUD,3,3
50683,MIYXEX,2,2
50684,ELEHAH,1,1
50685,NOZSIH,1,1
50686,UCABAD,2,2
50687,KOJPEF,3,3
50688,RECSUP,2,2
50689,TUNHUG,1,1
50690,TIRSIX,1,1
50691,POZROL,1,1
50692,FIVSEJ,2,2
50693,WIJVEQ,3,3
50694,ACOBOM,3,3
50695,REVTUH,2,2
50696,XEWTEY,3,3
50697,ICOMAR,2,2
50698,JAZNAD,1,1
50699,DAGGIB,3,3
50700,RUHKIO,1,1
50701,ISAVAZ,3,3
50702,WAPTEQ,1,1
50703,RERFUR,3,3
50704,ZAWYED,1,1
50705,JOKSEL,1,1
50706,DAFJED,1,1
50707,BIBPUY,3,3
50708,MAJDOS,3,3
50709,BAFSUY,3,3
50710,PAWXOD,3,3
50711,BAQPOY,2,2
50712,MAHWUQ,3,3
50713,DAVLAO,1,1
50714,KEJLET,3,3
50715,RAPDUJ,3,3
50716,POYPIC,2,2
50717,TINMEM,1,1
50718,DURVAN,2,2
50719,BAKTOY,2,2
50720,IMIHIW,3,3
50721,NOKQIP,3,3
50722,ZOTMON,3,3
50723,ERAYAA,1,1
50724,SISROB,1,1
50725,XIWXIN,3,3
50726,FEDHOP,1,1
50727,EHOPOH,1,1
50728,QAWQEN,3,3
50729,XIPQAR,1,1
50730,EYEYUF,1,1
50731,UPAXOB,1,1
50732,FOMVUB,3,3
50733,YUWHAZ,1,1
50734,JITHAV,2,2
50735,POLNEM,3,3
50736,UMAZAM,1,1
50737,AFOZEA,1,1
50738,HAWNUQ,2,2
50739,ZISCIR,1,1
50740,NIVLOV,2,2
50741,TUKYUW,1,1
50742,DUDXUW,2,2
50743,YEMGEC,3,3
50744,ARONUQ,2,2
50745,TEXQUL,2,2
50746,QAHXUU,3,3
50747,PIXTEV,1,1
50748,EKEDEE,3,3
50749,LIZJEK,2,2
50750,ZEHXAL,1,1
50751,HERGEQ,3,3
50752,IMIQEA,2,2
50753,DUVTEW,1,1
50754,RERJAZ,1,1
50755,DTBIPT,3,3
50756,ALOZUX,2,2
50757,DIRCUG,1,1
50758,JOVGAF,3,3
50759,CABVUY,3,3
50760,ODOXUB,3,3
50761,LUZDEP,1,1
50762,KOZFEN,1,1
50763,QIDDEO,2,2
50764,OLUQES,3,3
50765,KAVFOF,3,3
50766,PIJSEG,1,1
50767,MURYOQ,1,1
50768,QOCCIY,1,1
50769,BEQSID,1,1
50770,QEZWAW,3,3
50771,LOSCEC,3,3
50772,YUJLAS,1,1
50773,BINDIO,3,3
50774,BIHBUQ,1,1
50775,LAMTIF,3,3
50776,PIFBEL,3,3
50777,WIWLOH,1,1
50778,GOYGOQ,2,2
50779,YOTMEB,3,3
50780,KENGIX,1,1
50781,DUPYIX,2,2
50782,SOXSAZ,3,3
50783,TUDFED,2,2
50784,HUZVOP,1,1
50785,IXEDIZ,1,1
50786,TUXHOM,1,1
50787,IQAKEQ,1,1
50788,CIHGIL,1,1
50789,EJIPAP,3,3
50790,BECSOS,2,2
50791,AMOJIX,3,3
50792,SEZNER,3,3
50793,VOQDUC,2,2
50794,MEBTOC,1,1
50795,TUMXOO,1,1
50796,LUDREJ,3,3
50797,YOJPUI,2,2
50798,RAYDUQ,1,1
50799,NISQUE,1,1
50800,HAMXEB,3,3
50801,JIJGAN,2,2
50802,MIJNUP,1,1
50803,XOYZUJ,1,1
50804,ZOZDIB,3,3
50805,AGEDEV,2,2
50806,VAMBUK,1,1
50807,YAXTOH,1,1
50808,YOQBAI,3,3
50809,INUWEU,2,2
50810,PIZLAN,3,3
50811,JEDLIR,1,1
50812,FIQTOQ,3,3
50813,UVIKOB,3,3
50814,QUFRAL,3,3
50815,QUKLUE,3,3
50816,LOWTUP,1,1
50817,QAYCUO,3,3
50818,JIPCAN,2,2
50819,KOXPOE,2,2
50820,VIQVOI,2,2
50821,WOZYOB,2,2
50822,WETGUY,1,1
50823,YESTUP,1,1
50824,QEPGUO,3,3
50825,VEDQUQ,3,3
50826,IQUFAB,3,3
50827,LIMKID,3,3
50828,GELKAJ,3,3
50829,BUVCUR,3,3
50830,QEJTUU,2,2
50831,GISROR,3,3
50832,EDUHIW,3,3
50833,HOHMUP,3,3
50834,IVARUV,1,1
50835,HIKTOK,3,3
50836,ECOPIY,3,3
50837,ESABAD,2,2
50838,KACVAO,3,3
50839,ZOLVOO,3,3
50840,PUTRED,3,3
50841,CIWREH,1,1
50842,XIBHEX,2,2
50843,AXELOH,1,1
50844,BOFYEC,3,3
50845,ACEGAT,3,3
50846,CUZWID,2,2
50847,WONTEZ,3,3
50848,IZUHET,1,1
50849,CHGACA,3,3
50850,MOWVOK,2,2
50851,RUDMEJ,2,2
50852,IBEHUW,1,1
50853,ADAWIO,3,3
50854,DEBNUV,3,3
50855,TOGMAD,3,3
50856,RIDCEQ,1,1
50857,DEHYIC,1,1
50858,WIRFUA,3,3
50859,KAQXIK,3,3
50860,NASLAW,1,1
50861,ABGTCU,3,3
50862,EDIFAA,2,2
50863,UYALEM,2,2
50864,SOWNEY,1,1
50865,GIQTOQ,3,3
50866,IVERIK,3,3
50867,PURMUL,3,3
50868,JEGLUF,2,2
50869,JESSAF,1,1
50870,HODGAI,2,2
50871,PUKLUE,3,3
50872,IRUPOD,1,1
50873,AKODAF,3,3
50874,PUVTEG,1,1
50875,COMSPW,1,1
50876,SAWQAI,3,3
50877,HOHVAB,3,3
50878,IPUJOV,1,1
50879,NINWOW,3,3
50880,BIGJIL,3,3
50881,CEVMOI,3,3
50882,WACNAQ,3,3
50883,KUHTUD,2,2
50884,LOFTOS,3,3
50885,PIBPIB,3,3
50886,QUTNUO,3,3
50887,GOCSEY,3,3
50888,XODRAK,2,2
50889,IYAMIE,3,3
50890,NIDLEU,3,3
50891,IMUDUQ,2,2
50892,JUZQON,1,1
50893,NEFHEM,3,3
50894,GELLES,1,1
50895,FOBGEI,1,1
50896,UDAPAR,3,3
50897,GOMZOA,2,2
50898,VOMFEI,1,1
50899,GUWLUH,2,2
50900,OCUKII,1,1
50901,BOFGOS,2,2
50902,DALXIX,2,2
50903,JAKKIQ,1,1
50904,HOSVEQ,2,2
50905,XEDNAY,2,2
50906,XAWPIV,3,3
50907,WUCQAP,1,1
50908,IWALEZ,3,3
50909,LITXUJ,3,3
50910,XADQUP,3,3
50911,HOKMID,3,3
50912,XAVJEJ,2,2
50913,FEBGUP,3,3
50914,KOLTOW,3,3
50915,PIQZEU,2,2
50916,QIZRIA,3,3
50917,PINQOU,2,2
50918,CAJNOQ,3,3
50919,EHENUC,1,1
50920,GAPDUZ,3,3
50921,SEQXOB,1,1
50922,LUZZAK,1,1
50923,TUXDUN,2,2
50924,UBUFUV,3,3
50925,BUXFIJ,1,1
50926,NOKMUX,3,3
50927,PILWOA,1,1
50928,BIJQAO,3,3
50929,QEZWOK,3,3
50930,XEDBUF,3,3
50931,QEZYAX,3,3
50932,PETGIE,3,3
50933,YOGWAU,3,3
50934,CABSEG,2,2
50935,AREGOW,1,1
50936,OGEKUJ,2,2
50937,AXOKUV,3,3
50938,OTETEN,2,2
50939,GIXCOG,2,2
50940,EWEXUZ,2,2
50941,MENKOG,3,3
50942,MEWJON,2,2
50943,GUJMIK,1,1
50944,TUVDUK,2,2
50945,GIDMEN,3,3
50946,BAYHUF,2,2
50947,FOPGAV,3,3
50948,DATMIV,1,1
50949,FENZAD,1,1
50950,OBIKUG,3,3
50951,SUMQUM,1,1
50952,XEGGUO,3,3
50953,MOXRIB,2,2
50954,EBUXEE,3,3
50955,KURROH,1,1
50956,NEFXAY,1,1
50957,PENDOC,3,3
50958,CALCAV,3,3
50959,TICQEC,2,2
50960,AQOMOJ,1,1
50961,TAGREC,1,1
50962,UWEFEI,1,1
50963,ROBBUG,3,3
50964,DARWEC,1,1
50965,ALAXAM,1,1
50966,MEJNOG,2,2
50967,TOQVOK,3,3
50968,QEQFOI,2,2
50969,UKUYAC,1,1
50970,VUFPET,2,2
50971,MEBJIP,1,1
50972,UNEYET,3,3
50973,UFUGIP,1,1
50974,BAXYIK,3,3
50975,QEGDOX,3,3
50976,XIRWOM,3,3
50977,WARKEG,3,3
50978,TUMHEP,3,3
50979,KUSHAK,1,1
50980,COPPUT,2,2
50981,LEWJON,3,3
50982,DACRAB,3,3
50983,ZEYSEB,1,1
50984,ZEHZUK,2,2
50985,VUXVAM,3,3
50986,HEZCOE,3,3
50987,DOSKAY,1,1
50988,GARGIS,2,2
50989,MIJKIZ,2,2
50990,FIQJEV,2,2
50991,PASTIM,2,2
50992,CUKPUV,1,1
50993,SUPNAV,1,1
50994,CIJQAO,3,3
50995,JADXOB,3,3
50996,JOCBUY,3,3
50997,FEJDUV,3,3
50998,ZITHUI,1,1
50999,EHOPAT,3,3
51000,IWUVOO,1,1
51001,VUDVEW,2,2
51002,ILIJES,3,3
51003,OHAQIY,2,2
51004,DOMSOP,3,3
51005,WUKLIY,3,3
51006,NATBOZ,3,3
51007,PIMMAB,3,3
51008,IHEVOI,1,1
51009,IFIVEA,3,3
51010,WAWMEM,1,1
51011,MIYVEW,3,3
51012,WUPREE,2,2
51013,BUJDUF,3,3
51014,HIMNAV,3,3
51015,HAZYEN,1,1
51016,EZUYUT,3,3
51017,ZACZOS,3,3
51018,CAXYIK,1,1
51019,JUVGIT,1,1
51020,FOQSAF,3,3
51021,FEXCUG,1,1
51022,CEVJIX,2,2
51023,HEFQUG,3,3
51024,ZEQPES,3,3
51025,FUJJOM,1,1
51026,OJIHIZ,2,2
51027,IWUFIS,1,1
51028,YIDBOF,3,3
51029,PRNCOW,2,2
51030,WICQOO,3,3
51031,FASSIC,3,3
51032,SEWDOR,1,1
51033,RUZXUH,3,3
51034,OROGEK,1,1
51035,OKETON,3,3
51036,SETXAR,1,1
51037,LITBID,1,1
51038,BIGLEI,1,1
51039,VOBJAA,3,3
51040,YOSKEZ,1,1
51041,AREHIO,3,3
51042,SUQRAX,2,2
51043,FIQLID,3,3
51044,QITSAO,3,3
51045,ONIZAP,1,1
51046,VUPMEA,3,3
51047,GUSMAI,1,1
51048,JAPCOT,3,3
51049,GIPQAA,3,3
51050,POSMAO,3,3
51051,CIPFUC,3,3
51052,KUNCEE,1,1
51053,JICCUT,2,2
51054,LIPGID,1,1
51055,YEZGAP,1,1
51056,IGOVOQ,3,3
51057,BOXPEJ,2,2
51058,ZOLNIZ,3,3
51059,RAGHEQ,1,1
51060,YEXZUA,1,1
51061,MAZMAC,1,1
51062,ZELLAG,3,3
51063,MODXUB,3,3
51064,YIPYOP,1,1
51065,SOBFAQ,1,1
51066,FOSJAA,3,3
51067,OVOJOZ,1,1
51068,HECCEX,3,3
51069,FEXGAQ,2,2
51070,PEJGAN,3,3
51071,LICFUB,1,1
51072,JOFLUM,3,3
51073,HOXFOP,2,2
51074,KUSGEL,2,2
51075,GEDLUZ,2,2
51076,AXIKEZ,3,3
51077,BACFOC,2,2
51078,LUCDAQ,1,1
51079,CEZSIM,2,2
51080,ZOXJIH,3,3
51081,BIFDUR,2,2
51082,KUJHII,3,3
51083,AWIZUE,1,1
51084,YAFCEQ,3,3
51085,ZOVDEV,3,3
51086,REHXEH,2,2
51087,JAQPIB,3,3
51088,TAZPIX,1,1
51089,EQENUM,1,1
51090,KEVTIP,1,1
51091,NAHSEW,1,1
51092,MANGOB,1,1
51093,DOZXUN,3,3
51094,GUZMAR,1,1
51095,TUVNON,2,2
51096,IGUGUP,1,1
51097,OWOQAT,3,3
51098,SACMEQ,3,3
51099,CODYIE,3,3
51100,OLUNIT,3,3
51101,QULQOD,2,2
51102,FIBVAP,2,2
51103,JOCJUG,3,3
51104,ACAZFE,2,2
51105,BUYSAQ,2,2
51106,QIHJIC,3,3
51107,FEKMOY,1,1
51108,ETOXOB,3,3
51109,FUGNEB,3,3
51110,FAHYUJ,2,2
51111,EXIYOZ,3,3
51112,YISBEI,3,3
51113,VAJQAY,2,2
51114,RADDOR,2,2
51115,YESPAQ,3,3
51116,XATCAY,2,2
51117,DOYVEV,1,1
51118,IGESOC,2,2
51119,YAKXOZ,2,2
51120,ERESIE,3,3
51121,XUXDIF,1,1
51122,OCUDOF,3,3
51123,CARCIJ,3,3
51124,VILTAM,3,3
51125,PANJUJ,2,2
51126,AXULEN,1,1
51127,ODAKOW,2,2
51128,COCWEW,3,3
51129,PUYQIM,1,1
51130,GOHZAF,3,3
51131,YUDZED,2,2
51132,LAMLAO,3,3
51133,CONKIZ,2,2
51134,REWMEO,2,2
51135,REFDUF,1,1
51136,GETZUE,1,1
51137,ZIPWIG,2,2
51138,YIJZIA,1,1
51139,UYINOH,3,3
51140,LEWWUF,2,2
51141,ZIRHER,1,1
51142,KEYRUB,3,3
51143,CUDNOF,2,2
51144,DODLOX,3,3
51145,LIRDUM,2,2
51146,ECOXIG,2,2
51147,CAYBOT,3,3
51148,TOVYIM,2,2
51149,KUGSAJ,1,1
51150,TAXFOP,2,2
51151,FEYCEU,3,3
51152,RUKQEV,3,3
51153,XEMHOO,1,1
51154,LAXKAW,3,3
51155,LIWWOF,2,2
51156,LIWYAU,1,1
51157,NASTEJ,2,2
51158,SEJWOV,3,3
51159,XUCSOG,1,1
51160,MUMTEW,1,1
51161,NIDCAR,3,3
51162,ENEXUT,1,1
51163,EZOWOF,2,2
51164,GERLOG,3,3
51165,KIGTID,1,1
51166,OPEVIP,3,3
51167,UVAGIK,1,1
51168,KILLAS,1,1
51169,ZIDVUH,1,1
51170,DUNWAK,3,3
51171,RADMEO,3,3
51172,CEDWUG,2,2
51173,FOPVOV,2,2
51174,NOMTIU,3,3
51175,DAWWIL,1,1
51176,TOLZOK,3,3
51177,NENSAA,2,2
51178,YAFZIP,3,3
51179,VUKTOL,2,2
51180,JOBBEK,2,2
51181,EQISAY,3,3
51182,YODZAU,2,2
51183,WUYQUF,1,1
51184,SEWTIY,1,1
51185,DETCPD,3,3
51186,ATODIY,3,3
51187,BOLMIY,2,2
51188,VAWYUO,1,1
51189,TEGYAH,3,3
51190,AFUFOW,1,1
51191,VORROM,2,2
51192,LILPOL,2,2
51193,RALPON,1,1
51194,OLOTAL,2,2
51195,MEYLAF,3,3
51196,LOYKUF,3,3
51197,YACLOF,3,3
51198,XIXZOV,2,2
51199,SUHCEE,3,3
51200,GAVJIZ,2,2
51201,GEYCEU,2,2
51202,UWARIV,3,3
51203,ZOPNOH,2,2
51204,HIHGEL,3,3
51205,GUBTUT,3,3
51206,IPOVIT,2,2
51207,NOKGOJ,1,1
51208,FIBHIH,3,3
51209,MAPVII,2,2
51210,FODKAM,3,3
51211,MOJXUG,3,3
51212,FECYOE,2,2
51213,YEGDEW,3,3
51214,PEKMIF,1,1
51215,QOFTIO,1,1
51216,VINRAN,2,2
51217,ACETUX,3,3
51218,BIKSIY,3,3
51219,LAFMEN,2,2
51220,LALVOL,2,2
51221,NEQFAQ,3,3
51222,WAWYUO,2,2
51223,KITGIE,3,3
51224,AMIXIG,1,1
51225,APUCOD,3,3
51226,ZAZCIO,3,3
51227,ENEJIS,3,3
51228,QABGEJ,1,1
51229,BINPUN,1,1
51230,ZUZBAA,1,1
51231,ABIROU,2,2
51232,AYIYAI,3,3
51233,FAMMIP,3,3
51234,PESVES,1,1
51235,POLFIG,2,2
51236,DUBVEC,2,2
51237,RUSDEO,3,3
51238,CTXNPD,3,3
51239,VAFYAG,1,1
51240,RARQAE,3,3
51241,KUNCIF,2,2
51242,YAMKEF,1,1
51243,HUVQEU,3,3
51244,NEBKEK,2,2
51245,CASNIX,1,1
51246,POWVEC,1,1
51247,JISGEX,3,3
51248,AVANAN,3,3
51249,RAPLUT,1,1
51250,KEVSAJ,1,1
51251,FAXSIJ,3,3
51252,SATKOO,3,3
51253,KOHNAX,1,1
51254,RELSEG,2,2
51255,XECFOE,1,1
51256,QEPMAA,1,1
51257,MEHYOO,3,3
51258,FELSIC,1,1
51259,BIZVAL,1,1
51260,ZEPRAQ,2,2
51261,OKEXUZ,3,3
51262,MUDZET,1,1
51263,WAVVOF,2,2
51264,KULKEI,3,3
51265,LUSGUD,3,3
51266,POFHUP,2,2
51267,IYAKIC,2,2
51268,NECQIW,2,2
51269,BELFEE,3,3
51270,YORMUN,2,2
51271,REBMOE,1,1
51272,FAYBUG,1,1
51273,UTUWIS,1,1
51274,EQANES,1,1
51275,QAVDOJ,2,2
51276,LOJDIX,1,1
51277,MATMOM,3,3
51278,MAMLOD,2,2
51279,WENWIX,2,2
51280,QEWMAH,3,3
51281,XURVEM,1,1
51282,LICDAE,3,3
51283,TCMPPD,1,1
51284,ZOTBIV,3,3
51285,SEDNOF,3,3
51286,PUYZUH,1,1
51287,XIXTON,3,3
51288,CIMWAW,2,2
51289,CTPCPM,2,2
51290,VIWCIP,1,1
51291,KOYBOS,1,1
51292,EZALUM,2,2
51293,DOVKAB,2,2
51294,QOPJUA,2,2
51295,ZECXOY,1,1
51296,NUHKOS,3,3
51297,YOYNIK,2,2
51298,HUFPEG,1,1
51299,HUCFAN,3,3
51300,WAQCUN,3,3
51301,MIRHON,3,3
51302,XAHJAU,1,1
51303,BUWTIY,3,3
51304,CADHOE,2,2
51305,NOPNOX,2,2
51306,WIWSOL,3,3
51307,MUSGUD,1,1
51308,XAKVOU,3,3
51309,JOBLES,2,2
51310,TERPAH,2,2
51311,HOPLIH,1,1
51312,LEYKIK,1,1
51313,MIQCAT,1,1
51314,PATKEC,3,3
51315,RATKOO,3,3
51316,SESXOG,2,2
51317,ZUMSIM,1,1
51318,KOLGUP,2,2
51319,FAJZEW,3,3
51320,KIDHIO,1,1
51321,VIKMAF,3,3
51322,PIWHEJ,2,2
51323,TATWAP,3,3
51324,HICVIZ,3,3
51325,SOSDOU,1,1
51326,GELMAL,3,3
51327,REDNOF,2,2
51328,HINJEW,2,2
51329,JOTRUI,2,2
51330,HIFBUW,1,1
51331,FEJYAU,2,2
51332,ERIBEM,3,3
51333,LEFGEM,1,1
51334,OVETUF,2,2
51335,JIXFAY,1,1
51336,VUQYIR,3,3
51337,YAQGUT,3,3
51338,WIWCIP,3,3
51339,AWUDUS,3,3
51340,RICNUO,3,3
51341,IFEFAB,3,3
51342,GEYDOG,3,3
51343,KAYZOZ,1,1
51344,YACKET,3,3
51345,LATMOM,1,1
51346,MOMMAD,3,3
51347,BIBCAU,1,1
51348,KIHGAK,2,2
51349,LASJIB,3,3
51350,DOXLEI,2,2
51351,BUBMAN,1,1
51352,ZOCDOK,2,2
51353,QUMRAR,2,2
51354,MARWAG,2,2
51355,CEFZIA,1,1
51356,LIGMUM,2,2
51357,AQUXOA,3,3
51358,ZUVDOL,2,2
51359,TUMNEV,3,3
51360,MEDHOS,2,2
51361,ELAKOR,3,3
51362,WOHMUC,1,1
51363,SIDNUQ,3,3
51364,BIJPEP,2,2
51365,JEFRAO,3,3
51366,IJAVAT,1,1
51367,FEQGOA,3,3
51368,ENCYCO,2,2
51369,PIFZAF,3,3
51370,BEKZUP,3,3
51371,TOWCIR,2,2
51372,ROPQIW,3,3
51373,OWIPUG,3,3
51374,TAPUFE,2,2
51375,OZILEP,3,3
51376,OFOFAQ,2,2
51377,JUZNAV,2,2
51378,OFIBEK,2,2
51379,GOPXOY,2,2
51380,MAVBES,3,3
51381,VIYFUH,2,2
51382,DADJIB,2,2
51383,TIYCAF,2,2
51384,LEJHOA,1,1
51385,OSUDUE,1,1
51386,QUNGEO,1,1
51387,DOWFOL,2,2
51388,VOMWEB,1,1
51389,VEHTIL,1,1
51390,NUVCEN,3,3
51391,DELCED,3,3
51392,ACOSAM,2,2
51393,WAMXEQ,3,3
51394,BUXYEZ,3,3
51395,MICCEK,1,1
51396,WATYEX,3,3
51397,ZIYYIS,2,2
51398,ZUTKEE,3,3
51399,TATGED,2,2
51400,TUJYEE,3,3
51401,YECDUI,1,1
51402,SIBXOS,3,3
51403,HIRMEC,2,2
51404,BAQHIL,3,3
51405,NUCSEL,2,2
51406,LUQDIM,3,3
51407,DEYSEF,2,2
51408,AMIHAG,2,2
51409,JEDSEU,1,1
51410,GAVDIU,1,1
51411,JIDVAW,3,3
51412,FAGHEA,3,3
51413,FIGRUJ,3,3
51414,BELMUC,3,3
51415,SSCEBC,2,2
51416,IKUNIN,2,2
51417,COJNEY,1,1
51418,BOJPOI,3,3
51419,EYOXAU,1,1
51420,ZIGHOO,2,2
51421,LISBEY,1,1
51422,NACPUF,2,2
51423,MANPAS,2,2
51424,BINBEJ,1,1
51425,QOYVEF,2,2
51426,XOVDAQ,1,1
51427,INENOF,3,3
51428,LIWYOI,2,2
51429,QOBFEV,3,3
51430,ZIRZUV,2,2
51431,BAGSEK,2,2
51432,PECNET,3,3
51433,BAZKUI,3,3
51434,HOTWAP,3,3
51435,FAYNAX,2,2
51436,PUPFEO,1,1
51437,SOXBOZ,2,2
51438,ZINXIH,1,1
51439,NADBIH,1,1
51440,ECOHAG,3,3
51441,GODLIW,1,1
51442,EHEDAZ,1,1
51443,WIKJEH,1,1
51444,SUTVUB,1,1
51445,UFOLAC,2,2
51446,OCUTEN,2,2
51447,JOLBIZ,1,1
51448,QAYRUD,2,2
51449,POJKIK,3,3
51450,CBCNFE,2,2
51451,CAHWAJ,2,2
51452,ACUGEN,3,3
51453,GELZAA,3,3
51454,QIXBOO,1,1
51455,VELHEZ,1,1
51456,WODGAZ,3,3
51457,TIHMUV,3,3
51458,LEVVAK,3,3
51459,OZESIW,3,3
51460,ENEJEP,1,1
51461,ONITAH,1,1
51462,CEMBAA,3,3
51463,KUDXAL,1,1
51464,GARXEC,2,2
51465,VAHNAX,1,1
51466,YINVOH,2,2
51467,OPINOR,1,1
51468,HANPUK,2,2
51469,HEDMEI,2,2
51470,QOZCAL,3,3
51471,KUVVIH,3,3
51472,QOFTEL,3,3
51473,YEGMAA,2,2
51474,IJOVAF,1,1
51475,TACZUT,1,1
51476,MEFWAY,2,2
51477,JEWWEN,3,3
51478,HAQRAS,1,1
51479,VOXRIL,2,2
51480,FECYUK,2,2
51481,NILKIC,3,3
51482,UCEDEN,2,2
51483,MOSWAS,3,3
51484,SUKJIU,1,1
51485,LIDXEB,3,3
51486,GEJYUP,1,1
51487,SUXKUS,3,3
51488,LOCVAA,2,2
51489,HEWKID,3,3
51490,DUSXIB,1,1
51491,CHVICR,1,1
51492,DOBXUO,1,1
51493,OGIGUG,3,3
51494,NARLIC,2,2
51495,FAVXOS,2,2
51496,SAPWUC,1,1
51497,AGITUG,1,1
51498,LISPOS,1,1
51499,RAPBOB,2,2
51500,ZEDZAN,1,1
51501,CIXLEA,2,2
51502,GIPSAC,2,2
51503,GIDLUC,3,3
51504,GAQFEJ,2,2
51505,BIXROQ,3,3
51506,ZERVOL,1,1
51507,ROLDAA,2,2
51508,FILZOS,3,3
51509,PICNIY,3,3
51510,KAMGUD,2,2
51511,WORGOB,2,2
51512,ZEVCIP,3,3
51513,UKOYOL,1,1
51514,PUHVOF,2,2
51515,VUHCIL,3,3
51516,VEYTEB,3,3
51517,BAPNAI,3,3
51518,KUBGEV,3,3
51519,POFFOF,2,2
51520,RIYFUB,2,2
51521,XEBGAQ,1,1
51522,NIVQAL,1,1
51523,YOQVIM,3,3
51524,EYIWAL,3,3
51525,GISXOY,2,2
51526,JOQJII,2,2
51527,FUHVIN,2,2
51528,ZANRIR,1,1
51529,KIRCUN,1,1
51530,YIMJUZ,2,2
51531,TEXNAM,2,2
51532,OFAQUK,1,1
51533,HOCSID,3,3
51534,GAWYUB,3,3
51535,KEYKAE,1,1
51536,TUMBEL,1,1
51537,LUGTAI,3,3
51538,HOSWUK,1,1
51539,KULGED,3,3
51540,COCLIT,1,1
51541,YIPREX,2,2
51542,VUMLAS,1,1
51543,YEGMUS,3,3
51544,YAPHUS,1,1
51545,TESVIZ,3,3
51546,FOLDOZ,3,3
51547,XIYREC,3,3
51548,DEBFOF,3,3
51549,PANJOD,1,1
51550,IPHCIR,2,2
51551,YESKOZ,3,3
51552,BOHSEZ,2,2
51553,OBUQUB,1,1
51554,HAZXUC,1,1
51555,YEZBEK,2,2
51556,LOKREI,2,2
51557,HOYPOB,1,1
51558,DAZGIX,1,1
51559,SIYFUB,1,1
51560,ITICOE,1,1
51561,ILEZUU,2,2
51562,XEVJIV,1,1
51563,QOHDUO,1,1
51564,ICOPOH,2,2
51565,SUMWAY,2,2
51566,REWHAC,2,2
51567,TEWSIZ,3,3
51568,ROJGAB,2,2
51569,NUFGOL,3,3
51570,FILSEY,1,1
51571,LERSUY,3,3
51572,SIXPOI,1,1
51573,LEKRUP,3,3
51574,EJUZIU,2,2
51575,NIVVEU,3,3
51576,NAWMOO,3,3
51577,RICPIE,3,3
51578,QUHVOF,1,1
51579,KEDVOE,2,2
51580,YIBBES,1,1
51581,LEDQUH,3,3
51582,HASCAJ,1,1
51583,KALXEE,1,1
51584,XAXYIE,2,2
51585,LETLEF,1,1
51586,YAPZIC,1,1
51587,FAKLIQ,1,1
51588,TOGNIM,2,2
51589,SEGRUT,3,3
51590,GEVLIC,2,2
51591,PESSAH,3,3
51592,YAHVEL,2,2
51593,QEYXOI,2,2
51594,HAHDAW,1,1
51595,BUWXIC,2,2
51596,BECWOW,1,1
51597,DAVXEH,1,1
51598,MUJJUW,3,3
51599,TUGGEI,1,1
51600,ETIWAG,3,3
51601,SOGREM,1,1
51602,JAJBIG,3,3
51603,AXURUG,2,2
51604,JIRTUC,3,3
51605,VAQJII,3,3
51606,QUFVOC,3,3
51607,WAVSEV,1,1
51608,VEWDAD,2,2
51609,OTAGUN,2,2
51610,LIYWUM,3,3
51611,RAMHAO,3,3
51612,HURVIC,1,1
51613,NOQTUI,2,2
51614,CEGLEG,3,3
51615,QEDRAS,1,1
51616,UWIJES,1,1
51617,HOBPIY,2,2
51618,GABKOL,2,2
51619,DEHDIE,3,3
51620,HAKHIK,3,3
51621,YIXXOT,3,3
51622,ZAFVOR,2,2
51623,SOKHUW,3,3
51624,LEGFIQ,1,1
51625,AZIMOM,1,1
51626,FAPNUF,3,3
51627,OGUBOH,2,2
51628,FELQEU,2,2
51629,LIRFUO,2,2
51630,RARFUM,1,1
51631,GOGBOU,2,2
51632,QULQUJ,2,2
51633,KIQJAX,2,2
51634,ROBHUL,2,2
51635,ADIYOD,2,2
51636,GATPAT,1,1
51637,KIKWOQ,3,3
51638,QIWMOZ,2,2
51639,NOVCUZ,1,1
51640,PIQWAP,1,1
51641,BEKZAU,2,2
51642,HIGVAU,1,1
51643,TIFMAA,1,1
51644,OMASEB,3,3
51645,QANZIO,2,2
51646,VOPFIP,3,3
51647,XERVEW,2,2
51648,ABAZEL,2,2
51649,LOFKUN,3,3
51650,HIBNIP,2,2
51651,FAGXUG,2,2
51652,BABYEL,3,3
51653,PADQEQ,2,2
51654,HEFGEG,3,3
51655,BOJLIX,3,3
51656,LENXAE,3,3
51657,NUYGUJ,3,3
51658,HIYPEL,1,1
51659,KEQVIL,2,2
51660,IDEKUX,2,2
51661,ODOGAT,1,1
51662,BICLAE,1,1
51663,QOHXES,2,2
51664,NOXTUR,3,3
51665,BUSSEO,1,1
51666,CIJBOM,2,2
51667,MOHNIA,3,3
51668,VOLFOU,1,1
51669,MUHGEE,1,1
51670,NUCCUJ,2,2
51671,FIDGEE,3,3
51672,EGUMID,3,3
51673,ZARKAI,1,1
51674,PERNIM,2,2
51675,HOXMEO,2,2
51676,XACGEN,2,2
51677,RAMDUG,3,3
51678,ENAMIQ,1,1
51679,FOHXAD,2,2
51680,CIKHEM,3,3
51681,OLETEE,1,1
51682,IPECUC,3,3
51683,TAGHAK,3,3
51684,WABWED,3,3
51685,KEHPOC,2,2
51686,MOKLON,2,2
51687,LASCUE,3,3
51688,CEGROW,3,3
51689,KEJCUA,3,3
51690,YAPZEW,3,3
51691,QOFHOI,1,1
51692,ICUCAN,2,2
51693,CEKCAW,3,3
51694,TOWFOA,1,1
51695,RILJIH,3,3
51696,WOSMIA,2,2
51697,BIDBAT,2,2
51698,KEQQAA,1,1
51699,RACHOV,3,3
51700,JOKRUA,1,1
51701,ZUZPIT,3,3
51702,COSMEE,3,3
51703,POCYOY,3,3
51704,FONREF,3,3
51705,UVOKIC,1,1
51706,SAVFED,3,3
51707,TAJXUZ,1,1
51708,NUBKIE,3,3
51709,KUDJEZ,3,3
51710,MIPLOO,2,2
51711,ZEGVEQ,1,1
51712,ZOXFIE,1,1
51713,NATQOS,1,1
51714,NOGTAH,2,2
51715,HOYGAD,3,3
51716,REXRAN,3,3
51717,ECUBUZ,2,2
51718,LABSEN,3,3
51719,BAZLIA,2,2
51720,SEVKOU,3,3
51721,COEHCR,2,2
51722,ESESEC,2,2
51723,AREJEN,2,2
51724,YIBGUM,2,2
51725,DAXJUI,3,3
51726,HIMTIJ,1,1
51727,JOFRIG,2,2
51728,BOBHAD,2,2
51729,ZOYWUH,2,2
51730,IBIQAP,1,1
51731,VEZFIR,2,2
51732,EJUJAU,3,3
51733,FIMYAE,3,3
51734,GABPUU,2,2
51735,YAFSUW,3,3
51736,JAZZIW,3,3
51737,QIMRUC,3,3
51738,QUSVEI,1,1
51739,HICMEN,2,2
51740,QUNBAC,1,1
51741,HIJFUD,1,1
51742,VIVKAM,1,1
51743,KABJUS,2,2
51744,VOXBAL,1,1
51745,COSSOU,2,2
51746,SUHHAF,3,3
51747,DOCPIW,3,3
51748,OSOPIW,2,2
51749,XEXZAD,3,3
51750,VICLAU,2,2
51751,ISAPUN,1,1
51752,CEKSET,2,2
51753,NOSNIU,3,3
51754,RUXGOG,3,3
51755,EXOQIR,2,2
51756,DESTEA,3,3
51757,XENVOF,1,1
51758,DOHQOI,3,3
51759,SITFEG,3,3
51760,PEZFUY,2,2
51761,DUFVOS,1,1
51762,HISPUW,2,2
51763,QASYAK,2,2
51764,ENETUN,1,1
51765,XIJXEW,3,3
51766,NOQZUQ,3,3
51767,JOMZES,3,3
51768,IMOVIR,1,1
51769,ZUQDUK,2,2
51770,FAZPOM,1,1
51771,MIVHIJ,1,1
51772,EQOLEC,1,1
51773,XOGCEE,2,2
51774,ASECUX,3,3
51775,CUMWUF,1,1
51776,KEVVEQ,1,1
51777,CADJOG,2,2
51778,WEHFOE,3,3
51779,BODKAG,2,2
51780,RESSEO,1,1
51781,FUDYOV,1,1
51782,LEWPEM,1,1
51783,CAFYUE,3,3
51784,LIWBAU,1,1
51785,JEVFAR,3,3
51786,HUBKUN,1,1
51787,EZANUO,3,3
51788,QASGID,3,3
51789,HIGQIX,1,1
51790,DEKFAA,1,1
51791,BEZMUP,1,1
51792,UTEQUI,1,1
51793,VOKHOS,3,3
51794,LESRAC,2,2
51795,RISZUR,1,1
51796,WAFWUZ,1,1
51797,TOGYET,2,2
51798,MENZUB,2,2
51799,FAFGIE,3,3
51800,YEWNAQ,1,1
51801,GOVLUY,3,3
51802,CAXJIU,3,3
51803,WUMYUY,3,3
51804,PALKEU,3,3
51805,TUMGUE,3,3
51806,VOYHID,1,1
51807,BAVMOA,2,2
51808,NINCIX,3,3
51809,GAKROB,3,3
51810,VIBQIG,3,3
51811,ZUCFIP,1,1
51812,VELMAA,2,2
51813,LONDOK,2,2
51814,XOJFEI,3,3
51815,WIZCOX,1,1
51816,ABAZIO,3,3
51817,VARDUR,1,1
51818,BEPJOY,3,3
51819,TUBXEV,3,3
51820,YOTYOY,1,1
51821,YEMCID,3,3
51822,YOMXOP,3,3
51823,YETBIM,1,1
51824,HEBPUC,2,2
51825,KELBAE,3,3
51826,LEXZOH,1,1
51827,DOFFOV,2,2
51828,PASPII,2,2
51829,EKOWUW,3,3
51830,MOJHEA,3,3
51831,QEWFIH,3,3
51832,ZUGCIP,2,2
51833,HIWGIG,2,2
51834,MAXYIU,2,2
51835,KIRMUV,3,3
51836,PUYDEV,1,1
51837,GOMYIT,2,2
51838,OLILAX,3,3
51839,IZAFIY,3,3
51840,FOBDAC,2,2
51841,HAHTIW,3,3
51842,DORBOD,2,2
51843,QOFVEN,2,2
51844,ICIDAZ,2,2
51845,YOJFEI,2,2
51846,XAHVIO,3,3
51847,LAMWAX,3,3
51848,HOWNIT,1,1
51849,PPOLRH,2,2
51850,KIWWEW,1,1
51851,DAKREN,2,2
51852,CESHIV,1,1
51853,AGEKUT,3,3
51854,XEGHEZ,3,3
51855,EPARUJ,3,3
51856,CAPPER,3,3
51857,RUWSOR,3,3
51858,TIFCAN,2,2
51859,EGICON,2,2
51860,QUWMON,1,1
51861,KAJBED,3,3
51862,XERXEX,2,2
51863,RESXUI,2,2
51864,ABATEC,2,2
51865,PANFUG,2,2
51866,HOCDEJ,3,3
51867,IKOMUQ,3,3
51868,RAMQAZ,2,2
51869,TATKIJ,3,3
51870,ADAZAI,2,2
51871,SILZOC,2,2
51872,UMAYIS,2,2
51873,KEXXIX,3,3
51874,GOYTAS,1,1
51875,XOBLOR,2,2
51876,REHMID,2,2
51877,MUGZAQ,2,2
51878,TIYMUL,2,2
51879,MOMFID,2,2
51880,FOPCAR,2,2
51881,ZORJAU,2,2
51882,TAFRAT,2,2
51883,PANZEL,1,1
51884,LAPDAK,1,1
51885,PAHPOE,3,3
51886,GAGVUH,1,1
51887,MAYSAJ,2,2
51888,YOSLUQ,1,1
51889,BAXTAZ,1,1
51890,ZUJXAD,1,1
51891,DEQLOE,1,1
51892,NAPJET,2,2
51893,YEWBUY,3,3
51894,PIVNAL,2,2
51895,YUTNIM,3,3
51896,JUFKAW,2,2
51897,INELOD,3,3
51898,YECDOC,1,1
51899,XASTUK,1,1
51900,VEJGID,2,2
51901,CIYHOJ,3,3
51902,WECPIE,1,1
51903,TUHJEM,3,3
51904,SUKSID,1,1
51905,HIVZAQ,2,2
51906,XEXDIO,3,3
51907,DEGWAN,2,2
51908,HIHRID,1,1
51909,VEYFUB,3,3
51910,GIQNEA,2,2
51911,WEYTIE,1,1
51912,KARPAW,1,1
51913,YAZTUP,2,2
51914,ARIROK,1,1
51915,LIYYUQ,3,3
51916,XAPQUB,3,3
51917,GOPDEX,3,3
51918,FAFBUK,3,3
51919,IJAXUM,3,3
51920,PILTIP,2,2
51921,BAYPEZ,2,2
51922,NIZNAL,2,2
51923,GIVNEH,1,1
51924,FUVPAP,2,2
51925,JIZYUN,3,3
51926,GEBCUP,1,1
51927,IMEJER,2,2
51928,MEDHUY,2,2
51929,YAYMER,3,3
51930,PAVQOV,3,3
51931,GIRWUC,1,1
51932,CETXOP,3,3
51933,ILASOE,2,2
51934,RUBTOY,2,2
51935,LUWRIE,1,1
51936,KITREM,3,3
51937,JOCDOU,2,2
51938,QIJWIS,3,3
51939,NEJCOV,2,2
51940,OBALUA,2,2
51941,KOJSOT,2,2
51942,YUDVEZ,2,2
51943,DUKQUW,2,2
51944,FEZJEB,2,2
51945,XILBIF,2,2
51946,RATYIU,2,2
51947,ZAVGEL,1,1
51948,LOQHAA,3,3
51949,CISXUY,3,3
51950,NICVOL,3,3
51951,GIVYER,1,1
51952,EXAHER,3,3
51953,TAPWEO,2,2
51954,UKAWOU,3,3
51955,AHETIT,1,1
51956,WAVMAI,3,3
51957,USEFEE,1,1
51958,OCANUF,1,1
51959,FEBHEA,3,3
51960,ETUGOQ,2,2
51961,QISXEV,2,2
51962,NEMJEU,3,3
51963,XUVQEK,3,3
51964,MUXXAH,1,1
51965,TIHCAO,3,3
51966,TIQLOU,3,3
51967,HEVXAJ,2,2
51968,HUBYIM,3,3
51969,TINPEO,1,1
51970,VUTCAQ,2,2
51971,JAKFAD,2,2
51972,VECPIE,3,3
51973,WOLVEY,1,1
51974,PODWAG,2,2
51975,XORTAZ,1,1
51976,RAQXOY,3,3
51977,OJIKOK,1,1
51978,KIYWEV,1,1
51979,LIHYOR,3,3
51980,QIGRIH,2,2
51981,XAFVIN,1,1
51982,MUPBOP,2,2
51983,ULUQEY,2,2
51984,HONJUS,3,3
51985,IVASIK,1,1
51986,OCEKUF,1,1
51987,SIXPAQ,1,1
51988,INENUL,3,3
51989,EDAXOY,3,3
51990,GUJPEJ,1,1
51991,TEPCAW,1,1
51992,SOYZAH,3,3
51993,YAZVOK,3,3
51994,MESBES,1,1
51995,CIRPEB,2,2
51996,PEZTIZ,3,3
51997,DAMFED,3,3
51998,YIMXEZ,3,3
51999,PUJNIR,3,3
52000,BOSJAX,3,3
52001,IFIREV,3,3
52002,MEZRAK,3,3
52003,MIRHUS,3,3
52004,UNAVIO,3,3
52005,UDACAH,1,1
52006,RARZIV,3,3
52007,COCROC,3,3
52008,FIHDUY,2,2
52009,ODAWIB,3,3
52010,LIRCEU,1,1
52011,DARXUR,1,1
52012,VIBHEU,2,2
52013,WOVBAM,2,2
52014,KUCMAY,3,3
52015,ECOSOH,2,2
52016,OZIPOF,1,1
52017,HAPSUM,3,3
52018,HAZDIX,3,3
52019,IBUXOS,3,3
52020,JUDVUB,3,3
52021,NIMSPO,3,3
52022,ROLCIH,2,2
52023,ZEHLIL,1,1
52024,SEBHIR,3,3
52025,ZEFBER,2,2
52026,CEXYIP,1,1
52027,GIJGIP,2,2
52028,RARTEM,3,3
52029,LEQTAD,3,3
52030,NIDXAA,2,2
52031,MIBBEG,3,3
52032,DOQGOI,2,2
52033,YUTPAF,3,3
52034,JIZNUC,2,2
52035,OVIPUF,1,1
52036,SEJKIC,3,3
52037,DEJBEA,3,3
52038,CAFREG,2,2
52039,VAKGOD,1,1
52040,QACHEI,2,2
52041,QEFVUS,3,3
52042,WAXMAL,2,2
52043,WAXTOE,2,2
52044,QIWZAX,3,3
52045,LOBKET,3,3
52046,DIHZUR,1,1
52047,WAVVUL,2,2
52048,IHOYAH,2,2
52049,AMEKEI,2,2
52050,ETURUG,1,1
52051,ITUJOZ,1,1
52052,KISNUX,2,2
52053,LIJFAO,2,2
52054,OHALEO,3,3
52055,TUTCIU,3,3
52056,MUBPUW,1,1
52057,OXIZIH,1,1
52058,FEHFUU,3,3
52059,FUHXIR,3,3
52060,DAXHOA,3,3
52061,IPEHIU,3,3
52062,GITQIJ,2,2
52063,BEDLUT,3,3
52064,DILMIU,2,2
52065,VULMUM,3,3
52066,FOZFAD,3,3
52067,DOWTIV,1,1
52068,CEZVAF,3,3
52069,LOLKEF,3,3
52070,XEJMEE,1,1
52071,XAWSOG,2,2
52072,IYOGEL,1,1
52073,SUWTIP,3,3
52074,GOQLUT,2,2
52075,NIKKEZ,3,3
52076,PAZBUQ,2,2
52077,WACDOU,2,2
52078,ECOZEB,3,3
52079,VEDNAT,2,2
52080,GULJIH,2,2
52081,YOWKON,1,1
52082,XECSON,3,3
52083,CISZOU,3,3
52084,VUCYUO,3,3
52085,COHCOV,1,1
52086,HISKAV,1,1
52087,QOYHUK,1,1
52088,JUPYEA,3,3
52089,AYEDAK,3,3
52090,WAVCOM,2,2
52091,REXLIR,3,3
52092,HECQOV,2,2
52093,RAMVEG,1,1
52094,UHIYUG,2,2
52095,LUZPOO,1,1
52096,HIFRIA,3,3
52097,EYOMAI,3,3
52098,IBUMUR,1,1
52099,AKAGEZ,1,1
52100,KEJMUJ,3,3
52101,GOCKUE,1,1
52102,DOWDOJ,2,2
52103,TICRAZ,1,1
52104,WUHZIJ,1,1
52105,UHEHUL,2,2
52106,FAVTUT,1,1
52107,NABDOK,3,3
52108,UCUWUK,2,2
52109,ITERAA,2,2
52110,VAMDOG,1,1
52111,DOBTOH,1,1
52112,HERSON,3,3
52113,JAVLOI,3,3
52114,PAMFIW,1,1
52115,SESXUM,2,2
52116,JUHKAA,2,2
52117,SEJYUD,1,1
52118,LIMJUN,1,1
52119,SAJQAW,2,2
52120,VECYAG,1,1
52121,ODOWIP,3,3
52122,VUMKIZ,1,1
52123,DEZTEI,3,3
52124,HEPWUV,1,1
52125,TIFSEI,3,3
52126,UZUHUV,1,1
52127,GESMAW,1,1
52128,BACDAN,2,2
52129,YUKKOE,2,2
52130,SUBMAG,1,1
52131,TAQDAQ,2,2
52132,ZIDVOB,1,1
52133,MEDCIK,2,2
52134,HIBPAL,2,2
52135,LISNEG,1,1
52136,ZIYBIW,1,1
52137,CDMPRH,2,2
52138,XOWGUM,3,3
52139,XUCSUM,1,1
52140,OQACOZ,3,3
52141,AKEGUS,2,2
52142,IHOGES,3,3
52143,TADMAQ,1,1
52144,WENLIK,3,3
52145,MUBLIH,1,1
52146,XUCDUW,2,2
52147,JOHYUC,3,3
52148,PEBVEZ,3,3
52149,CIGNEO,2,2
52150,XIQQEV,3,3
52151,ONENED,1,1
52152,PEKQAX,2,2
52153,DIHFIM,2,2
52154,YOGMEN,3,3
52155,AYEJAS,1,1
52156,HEDXIA,2,2
52157,ISAKOD,3,3
52158,JOJMIG,3,3
52159,MUMFAE,1,1
52160,LOHKUO,1,1
52161,DARDIM,2,2
52162,FEWVEL,2,2
52163,GOYJEL,3,3
52164,TECRUQ,3,3
52165,KIHPUP,1,1
52166,NASQAB,2,2
52167,TAKPIF,3,3
52168,KEZYAR,3,3
52169,MOCXOV,1,1
52170,HATCAG,3,3
52171,LEPGIY,2,2
52172,MEJFUD,2,2
52173,YUKLEW,1,1
52174,ICIJAF,3,3
52175,HOVMEN,1,1
52176,KATQUS,3,3
52177,PUNKEQ,3,3
52178,EMEPIW,2,2
52179,IGUWIQ,3,3
52180,CUSXUM,1,1
52181,XOQSUT,3,3
52182,HEQFEO,2,2
52183,NOSWID,2,2
52184,MELYEL,1,1
52185,XEXMOF,1,1
52186,UTEMIR,3,3
52187,EBEZOE,1,1
52188,SIOCRU,2,2
52189,EJAYOE,3,3
52190,QOZXAH,1,1
52191,YUCSUM,3,3
52192,JERTOP,2,2
52193,UXOCAN,3,3
52194,IWOFEG,2,2
52195,HUJMEE,3,3
52196,UMAWIO,3,3
52197,SADHAG,3,3
52198,VIRYOO,1,1
52199,JAZQUA,1,1
52200,SIZVON,2,2
52201,JAQKER,3,3
52202,IFAXAQ,3,3
52203,IWAHIY,3,3
52204,TOSSEZ,1,1
52205,ALANRE,2,2
52206,REXGUW,3,3
52207,PIDYIN,2,2
52208,SATYEV,1,1
52209,PAQQAC,3,3
52210,LEPBUD,2,2
52211,DUKCES,3,3
52212,QALYUB,1,1
52213,LOQXIA,3,3
52214,LEHLAO,3,3
52215,QAKREZ,3,3
52216,IJOSIM,1,1
52217,MURSAU,3,3
52218,UDAMAP,3,3
52219,OXEWUK,1,1
52220,AXAVUQ,3,3
52221,HUNXAQ,2,2
52222,CAMCIF,3,3
52223,WEZQEX,3,3
52224,PERPAF,3,3
52225,SIWJAK,2,2
52226,DIYCOD,2,2
52227,AWAGEN,1,1
52228,HAFJOR,1,1
52229,MONTEP,3,3
52230,DEXRII,3,3
52231,IZUKOF,2,2
52232,ADUGAJ,3,3
52233,SEGPOK,2,2
52234,NAXWAM,1,1
52235,YIQVAX,3,3
52236,DIGRIX,3,3
52237,VULHES,1,1
52238,GAKKOS,2,2
52239,SIBMAS,1,1
52240,QIRKOT,3,3
52241,SAJQOK,1,1
52242,FORKAZ,3,3
52243,DUKMIH,3,3
52244,FICGEH,1,1
52245,ROHMUZ,2,2
52246,LIBGUY,2,2
52247,HIXMOR,2,2
52248,PEHZOU,3,3
52249,TIDBIS,2,2
52250,EBUBAI,1,1
52251,NAJYII,1,1
52252,YALZOB,1,1
52253,HEZNIL,3,3
52254,PACFEF,3,3
52255,DAFNED,2,2
52256,BEPSOH,2,2
52257,NIDFEM,3,3
52258,VEQGAC,1,1
52259,YAQGAB,3,3
52260,MEDJAI,3,3
52261,XIVFER,1,1
52262,VOWTUZ,1,1
52263,ILEFEM,2,2
52264,SEWDUX,1,1
52265,UVIHEP,1,1
52266,RUZXOB,2,2
52267,CUZDEJ,1,1
52268,DIDGOM,2,2
52269,YUCHAH,3,3
52270,REPFOJ,3,3
52271,YUTRUA,1,1
52272,JUQZIH,1,1
52273,CUCREY,3,3
52274,CEYSOS,1,1
52275,QERKUT,1,1
52276,FADJUP,2,2
52277,LOJXOZ,2,2
52278,WUNYEJ,3,3
52279,PAGCEF,1,1
52280,KEDFIJ,3,3
52281,BEPDOR,1,1
52282,XUFWOK,3,3
52283,GAZPAB,1,1
52284,FUPCID,3,3
52285,DUGBAL,1,1
52286,PENNOL,1,1
52287,DOQGAU,2,2
52288,MOLNUX,1,1
52289,QAMHIX,2,2
52290,BARSUK,2,2
52291,VIVKOB,2,2
52292,DISQOL,2,2
52293,TATBOG,1,1
52294,LUNJIN,1,1
52295,QAFPAO,2,2
52296,FONLAY,3,3
52297,WOHZAX,2,2
52298,IJEXED,1,1
52299,ROKMIN,2,2
52300,EYEHOG,3,3
52301,AVIQEB,1,1
52302,AVUHOQ,2,2
52303,WUHFUB,3,3
52304,FOTHAY,1,1
52305,YAYCEJ,3,3
52306,FOTFOJ,2,2
52307,FAYKID,1,1
52308,YEHBAP,2,2
52309,XUHNAP,3,3
52310,JUHBEW,1,1
52311,SUVYIU,1,1
52312,CEXGOC,2,2
52313,JISRIP,3,3
52314,MOGCEQ,1,1
52315,COFZOQ,1,1
52316,RALLEX,3,3
52317,TOCKII,3,3
52318,XOPBIN,1,1
52319,FORGUR,3,3
52320,VOTCIT,1,1
52321,SOKCEB,3,3
52322,NEBWAV,3,3
52323,TADVUT,1,1
52324,PEMLIC,2,2
52325,CAHLAY,1,1
52326,WOBSUB,2,2
52327,OMOCAW,2,2
52328,YADPEY,2,2
52329,GUZTUQ,3,3
52330,GUYFUB,2,2
52331,XAMGEX,3,3
52332,RIWTID,3,3
52333,IXOWUO,3,3
52334,BOZMIN,2,2
52335,NOVHEO,1,1
52336,WOXWUB,1,1
52337,YORTOQ,2,2
52338,MOCFEQ,3,3
52339,KEQSUU,3,3
52340,OPUGUC,1,1
52341,BAGHEX,3,3
52342,ZONTUU,3,3
52343,RIXRAS,1,1
52344,SAYYOJ,3,3
52345,XUZLIN,2,2
52346,PIKFOG,2,2
52347,EWOYOF,3,3
52348,ALUVUB,1,1
52349,GEWFUJ,3,3
52350,RABYIF,2,2
52351,DOZSIX,1,1
52352,ZERTAV,1,1
52353,XOCDEC,1,1
52354,ZEQFAE,2,2
52355,YIWWOR,1,1
52356,EGEGON,2,2
52357,SAQJIG,1,1
52358,REHQAZ,2,2
52359,EMOKUO,3,3
52360,KAFFED,3,3
52361,YISBIN,2,2
52362,WUQKUQ,3,3
52363,KILKIZ,1,1
52364,MOVFUB,1,1
52365,ZUZWUO,3,3
52366,KUMHEG,2,2
52367,JOFBUF,1,1
52368,UCIYEL,1,1
52369,SESVAP,1,1
52370,GOPFEZ,3,3
52371,GOLQAZ,3,3
52372,OJAHUC,2,2
52373,RAHREX,3,3
52374,NARWIP,1,1
52375,QIZMEU,3,3
52376,YAYDUA,3,3
52377,YAFCIV,1,1
52378,UTEQOC,1,1
52379,GECGIE,3,3
52380,SIZCAJ,1,1
52381,YAVGUY,3,3
52382,ZUQFUM,3,3
52383,ZUYNEM,2,2
52384,YOQDAK,3,3
52385,CNETPC,1,1
52386,VAHPID,2,2
52387,PULHOU,3,3
52388,BAHGEZ,3,3
52389,KEJMOD,3,3
52390,WEHDOC,2,2
52391,LIXMOX,3,3
52392,UHEFAQ,3,3
52393,RODKAY,2,2
52394,SACMIV,2,2
52395,COGKEQ,2,2
52396,WURKIE,2,2
52397,RUMKES,1,1
52398,PEMYEO,2,2
52399,VIJYAR,3,3
52400,EYACUF,1,1
52401,LINMUR,3,3
52402,NITRIS,3,3
52403,AHUYEH,2,2
52404,DEBMII,3,3
52405,FUZSEZ,3,3
52406,HUGSEI,2,2
52407,BOFVOK,3,3
52408,WUWHUR,1,1
52409,MISRAI,3,3
52410,TOZCUG,1,1
52411,YAYHAI,2,2
52412,ERUREP,3,3
52413,WIPMEQ,1,1
52414,XETNEP,3,3
52415,FAKYEY,3,3
52416,QELQUT,3,3
52417,YALXAK,2,2
52418,KAMYIJ,3,3
52419,MOGHAR,2,2
52420,WIYJAS,3,3
52421,COZHAA,2,2
52422,SOHTOA,2,2
52423,VEHDOC,3,3
52424,NUTBAG,3,3
52425,KIKNUN,1,1
52426,XAGYEJ,1,1
52427,ZIMXUO,1,1
52428,USOFAL,2,2
52429,HIPBOY,2,2
52430,CUQRUC,2,2
52431,EPAKAI,2,2
52432,GALPOZ,2,2
52433,JOBKAN,1,1
52434,NAFZAW,3,3
52435,QOTTAW,2,2
52436,NIMZAO,1,1
52437,UDOFEA,2,2
52438,KAGRET,1,1
52439,WOPZOR,1,1
52440,GEXGOI,3,3
52441,NOYNOG,2,2
52442,IJIKIY,1,1
52443,NEXXEU,3,3
52444,AHEVIV,1,1
52445,WABPUK,3,3
52446,MIXTAQ,1,1
52447,SINNIM,2,2
52448,HIJSUO,3,3
52449,JAKHUY,3,3
52450,YIBGOG,2,2
52451,DAXJOC,1,1
52452,UVOLUO,3,3
52453,FOJLIA,3,3
52454,DANHOR,2,2
52455,OGOSAH,1,1
52456,BUPCIY,1,1
52457,ZELKIN,3,3
52458,MAZJIJ,3,3
52459,VITCUW,3,3
52460,VOFHIH,2,2
52461,BAVFEM,2,2
52462,QEFTUQ,3,3
52463,ASOHAS,2,2
52464,MIMHUL,3,3
52465,ZOYWOB,2,2
52466,RANHIZ,3,3
52467,PYACZN,3,3
52468,EJUDUL,1,1
52469,OKEMOH,3,3
52470,HEDZEW,2,2
52471,XIVTOO,3,3
52472,VELCUO,1,1
52473,GEDYAT,1,1
52474,IZIPIT,1,1
52475,GIDKEL,3,3
52476,WACXEG,3,3
52477,MEPKIC,2,2
52478,QOTSEY,1,1
52479,KEPPAZ,2,2
52480,GIFTIY,2,2
52481,JOJSUZ,2,2
52482,GEPQUN,3,3
52483,GEXYEN,2,2
52484,YOHRAO,1,1
52485,GACMEE,2,2
52486,UYOVUA,3,3
52487,BISVAD,2,2
52488,VIRBOO,2,2
52489,WALLEE,1,1
52490,ZATDAC,3,3
52491,CEGGAW,2,2
52492,MOZRIC,2,2
52493,LEWKIJ,3,3
52494,ASECOR,3,3
52495,KIBLOY,3,3
52496,NULGEJ,1,1
52497,ICUXOV,2,2
52498,GIRPIK,1,1
52499,XEBLEV,1,1
52500,FOFXUW,3,3
52501,BOQBUF,2,2
52502,KUVSUQ,3,3
52503,IQAZIJ,3,3
52504,DOVPUC,1,1
52505,MPYCPD,3,3
52506,HINZAG,2,2
52507,YOWNIJ,3,3
52508,COSXEN,2,2
52509,XUNVAD,3,3
52510,NIMSIM,2,2
52511,XASTOE,1,1
52512,PAGDUZ,1,1
52513,ZEXHOZ,3,3
52514,TICPAX,3,3
52515,YEVTUO,3,3
52516,ORUJAN,3,3
52517,EFOBUW,3,3
52518,IMACIK,2,2
52519,LONFOM,3,3
52520,KIKYUC,1,1
52521,DOPHAR,2,2
52522,GOSJON,2,2
52523,DADJIF,1,1
52524,HAWJAT,1,1
52525,VAGVUV,3,3
52526,XEMSUE,3,3
52527,LASSEG,1,1
52528,FAFBOE,3,3
52529,XIFBOG,3,3
52530,YUCJOV,1,1
52531,TOGPUC,3,3
52532,TILMIO,1,1
52533,HOHGAM,1,1
52534,YIVTOO,1,1
52535,ENESIB,2,2
52536,EMUTAJ,1,1
52537,KATQAA,2,2
52538,RUXGUM,3,3
52539,ZUJSEC,1,1
52540,POQKAH,3,3
52541,RIZTOL,3,3
52542,EHACUN,3,3
52543,ILUBAS,3,3
52544,YIFREO,1,1
52545,SOSHUE,3,3
52546,XIXJIY,2,2
52547,YIJCED,1,1
52548,FIKQEV,3,3
52549,PIFTAZ,2,2
52550,FEQPAT,2,2
52551,BARSOE,2,2
52552,DIJPUK,3,3
52553,ARUYOE,1,1
52554,ROBHOF,3,3
52555,NUNHAH,3,3
52556,ZOBGAY,3,3
52557,PABYOI,2,2
52558,NEDHIO,3,3
52559,JAYMAX,1,1
52560,RAVCOG,2,2
52561,QAVSAH,2,2
52562,UWIXAA,3,3
52563,EJAREM,3,3
52564,ZOKKUJ,1,1
52565,AHAJIC,3,3
52566,IKAJEL,3,3
52567,XOKGIQ,3,3
52568,SAWPIQ,2,2
52569,KEKNAR,1,1
52570,IXELEC,3,3
52571,CAFWOW,2,2
52572,DAMJEI,2,2
52573,VECBAG,3,3
52574,MIPYAO,3,3
52575,PUTDOY,1,1
52576,JULKIN,1,1
52577,SASROW,2,2
52578,YANKUU,3,3
52579,SOYXOV,3,3
52580,HOBWUU,1,1
52581,PASLOK,1,1
52582,XUJTII,1,1
52583,EWUZEC,3,3
52584,RAZKAE,3,3
52585,YENMOU,2,2
52586,CUBCAE,3,3
52587,KEQJAR,3,3
52588,PAWYIW,1,1
52589,WAQXOD,3,3
52590,DEDRUB,3,3
52591,AYAMAQ,2,2
52592,BEMBON,2,2
52593,ZAPQIT,2,2
52594,KEFKAI,3,3
52595,NEXFAY,2,2
52596,NELYUY,1,1
52597,OSALMO,2,2
52598,NEGCEJ,2,2
52599,TUWTAI,3,3
52600,RUNNIY,2,2
52601,OHAKUD,3,3
52602,SUKHIS,1,1
52603,XUVMAE,2,2
52604,NETYOA,1,1
52605,PUVBOZ,2,2
52606,HONJAV,2,2
52607,QUBVIT,3,3
52608,XEQMUD,2,2
52609,TAHRUP,3,3
52610,FEPZIK,3,3
52611,QOKXAR,3,3
52612,BEYHAO,2,2
52613,DAJCOJ,2,2
52614,CEQPUL,2,2
52615,VECNUO,3,3
52616,DITSOP,3,3
52617,CEYXEL,3,3
52618,SIQBIH,1,1
52619,JOLLIF,3,3
52620,IROBEY,3,3
52621,IWODEE,3,3
52622,XAPJUU,1,1
52623,MAVKAV,2,2
52624,REDYAD,3,3
52625,JEFGUA,1,1
52626,MIYWOG,2,2
52627,NAFXUP,2,2
52628,VAJJUO,3,3
52629,ZEDXAH,2,2
52630,LATMAU,1,1
52631,YOPNEW,3,3
52632,PUFVUI,3,3
52633,PIZMIV,3,3
52634,ZAKSUC,3,3
52635,AHOCAD,3,3
52636,ZERTOJ,1,1
52637,NIQMIL,2,2
52638,NAPZUA,2,2
52639,AJELEG,3,3
52640,QOPXEA,2,2
52641,LAJRIZ,3,3
52642,DEYMAY,2,2
52643,CITHEV,1,1
52644,HAMLUD,2,2
52645,HAYSAD,3,3
52646,SETVOE,3,3
52647,VOWTOT,1,1
52648,HIDQAM,1,1
52649,TEMPUA,1,1
52650,APORUV,1,1
52651,EGIXOJ,3,3
52652,DONWEI,3,3
52653,NOBGOB,3,3
52654,MARNAV,2,2
52655,TODNOS,3,3
52656,KICFIM,3,3
52657,HIYKIK,2,2
52658,VESTAO,2,2
52659,ZEQDUU,2,2
52660,LETGOJ,1,1
52661,DUZZIH,3,3
52662,LILWIN,2,2
52663,MEGCOQ,3,3
52664,EBEZUK,1,1
52665,WIZHIW,2,2
52666,QOYDUF,2,2
52667,BICNAC,2,2
52668,LISPUY,1,1
52669,WECYUB,3,3
52670,POZDIR,3,3
52671,LEBKAH,2,2
52672,GOZMEP,3,3
52673,CMAPPT,3,3
52674,IMIYIO,3,3
52675,IPOQOV,3,3
52676,HABMOP,1,1
52677,URAJAA,2,2
52678,XAHTEJ,1,1
52679,SEWFUZ,1,1
52680,DONYIR,3,3
52681,RIWDUA,1,1
52682,LOPPAK,2,2
52683,HAHVER,3,3
52684,PAXSAM,1,1
52685,HAWSAA,3,3
52686,MOYGAJ,2,2
52687,RUVKOK,3,3
52688,YECVEI,3,3
52689,XORVOS,1,1
52690,ECAXIQ,3,3
52691,ABAFOZ,3,3
52692,QIGWAG,3,3
52693,DOPXIR,1,1
52694,KEZRIR,3,3
52695,YOHPUH,1,1
52696,QEBSAV,1,1
52697,ABODUS,3,3
52698,GUMWUH,3,3
52699,QASREL,1,1
52700,PEQWAM,2,2
52701,OCOPII,3,3
52702,WOFFIG,2,2
52703,YAGNID,1,1
52704,UDIRIL,3,3
52705,DOBVAV,1,1
52706,YILYIF,1,1
52707,ROMLIO,3,3
52708,SERBOK,1,1
52709,RALPOJ,2,2
52710,XAFJOH,1,1
52711,VEVRAR,3,3
52712,YUGCUB,1,1
52713,QETJUU,2,2
52714,QIQNUD,1,1
52715,INABIK,2,2
52716,YAKFEY,3,3
52717,PUDBIZ,1,1
52718,OPATOR,1,1
52719,UCODAT,3,3
52720,YIHNUA,3,3
52721,LOYGAJ,1,1
52722,RILHEZ,3,3
52723,FIHJOX,3,3
52724,NAFSEV,2,2
52725,ILEMOE,1,1
52726,TIRLEL,3,3
52727,MANRUP,1,1
52728,KILLAW,1,1
52729,NAZSAL,2,2
52730,HOWKAH,3,3
52731,DELTIY,3,3
52732,LERSOS,3,3
52733,YIQXUR,3,3
52734,MIXJEJ,2,2
52735,GUFCIW,1,1
52736,PETHON,3,3
52737,MEQTUA,2,2
52738,FODLEP,3,3
52739,CEXKAR,2,2
52740,OLAJIU,2,2
52741,ALEKIO,1,1
52742,OSOKIS,1,1
52743,OLEQAZ,1,1
52744,TORBAF,3,3
52745,REKCOB,2,2
52746,HOPKAA,3,3
52747,AVUJOS,3,3
52748,GETZUA,2,2
52749,TUQLUO,3,3
52750,ZIQZEE,3,3
52751,SEVRUJ,2,2
52752,EHUGUK,2,2
52753,LAGYEZ,3,3
52754,GEPCEJ,2,2
52755,ZUMMOM,1,1
52756,IQODOK,1,1
52757,TUNKIX,1,1
52758,AQOKAT,2,2
52759,KAKCIK,3,3
52760,FEYTEK,2,2
52761,QAJCAF,2,2
52762,XUDDOP,2,2
52763,CUMPEI,1,1
52764,HODNIX,3,3
52765,XAFBOV,2,2
52766,APAFEF,1,1
52767,COCXAT,2,2
52768,AQODES,1,1
52769,ROKBUO,2,2
52770,FAHZEV,2,2
52771,ESIZUC,2,2
52772,KEFXUR,2,2
52773,XEDWOT,1,1
52774,QEWROC,3,3
52775,XAMTIR,3,3
52776,RAGYIJ,1,1
52777,DEFGAZ,3,3
52778,LAFNUE,2,2
52779,CUFPIC,1,1
52780,FEPKET,3,3
52781,QAHDIN,3,3
52782,OVABOE,1,1
52783,NEZQOZ,3,3
52784,PIMTOX,3,3
52785,WAVWIB,1,1
52786,NIBHAK,2,2
52787,LADZIA,3,3
52788,SIJJOM,1,1
52789,AHUCUE,1,1
52790,BUSYEW,1,1
52791,WENXAO,2,2
52792,QADROC,2,2
52793,UMIGEC,3,3
52794,ZAZKIU,3,3
52795,NAKBUX,1,1
52796,LISXUG,1,1
52797,DAPQES,3,3
52798,EYIFUQ,1,1
52799,GARPIZ,3,3
52800,TEJJIF,1,1
52801,CAWSAU,2,2
52802,NOZTAA,1,1
52803,XUKMUM,1,1
52804,OJIXOU,3,3
52805,ALACUL,3,3
52806,NIXLAK,2,2
52807,NOGNIG,2,2
52808,ZOCBOI,1,1
52809,RIXTAU,3,3
52810,ZUCGUZ,2,2
52811,BUBKAL,3,3
52812,CUFBUD,1,1
52813,XATPUF,3,3
52814,KOGGUJ,2,2
52815,FEWRIK,2,2
52816,QINFOK,3,3
52817,VALDIX,3,3
52818,AMOMAQ,2,2
52819,QEHPOI,2,2
52820,IYOZII,1,1
52821,CUCVII,1,1
52822,LIKZUD,2,2
52823,COPKAU,1,1
52824,YITMAT,1,1
52825,OKOGEA,3,3
52826,TEHLIE,2,2
52827,VICHAU,1,1
52828,KODBUC,3,3
52829,SIQTAN,3,3
52830,JIKTEC,3,3
52831,EQETIG,1,1
52832,FOLLUN,3,3
52833,KIFQEX,2,2
52834,MUQKAM,1,1
52835,QANNAX,3,3
52836,XORWEG,3,3
52837,LEHHOW,2,2
52838,YEZXAG,1,1
52839,DABXIN,2,2
52840,MEDGEL,1,1
52841,RUNFIP,3,3
52842,NIVRIV,3,3
52843,XAMMED,3,3
52844,HOSXIY,3,3
52845,BAWSAU,2,2
52846,ESAKIU,3,3
52847,USUTEI,3,3
52848,XIYHAO,1,1
52849,ABONOV,1,1
52850,MIFHUE,3,3
52851,EYORUH,2,2
52852,PAKFOA,1,1
52853,HUYSAV,2,2
52854,LASKOF,1,1
52855,IWABIR,3,3
52856,FERMEW,3,3
52857,IBAZUI,2,2
52858,FEYWUD,2,2
52859,OWEBID,2,2
52860,EGADOH,2,2
52861,WEQCOL,2,2
52862,HUPTET,2,2
52863,SILPAG,2,2
52864,WIXXAE,2,2
52865,WEDSON,2,2
52866,HEFJAF,3,3
52867,GIVMAB,3,3
52868,SEKRAB,2,2
52869,JILZIQ,3,3
52870,AGOJUF,1,1
52871,EJAMEI,3,3
52872,SIHREI,1,1
52873,COMCUC,3,3
52874,HEPSUR,3,3
52875,QEMVOT,2,2
52876,WABJEQ,3,3
52877,TIHYIS,3,3
52878,HAKGUY,3,3
52879,MEVPAI,1,1
52880,TAYJIQ,1,1
52881,XECGIV,1,1
52882,ZIHMOU,3,3
52883,BEXTAA,3,3
52884,JUQYAV,3,3
52885,NUYFET,2,2
52886,FIJSOH,1,1
52887,EZAHOC,3,3
52888,FIMTIG,3,3
52889,UVOXIN,3,3
52890,EBEYES,3,3
52891,RETPAH,1,1
52892,JEBQAM,1,1
52893,CONFUJ,3,3
52894,RURFOB,3,3
52895,NULVEV,3,3
52896,UTEBUS,2,2
52897,OSASOT,1,1
52898,RIGVAH,3,3
52899,AXUCAZ,3,3
52900,GAZZAI,3,3
52901,KETHUN,2,2
52902,COCQIV,3,3
52903,CECDAQ,3,3
52904,IHAJAD,1,1
52905,AREYEC,1,1
52906,LIXBEC,2,2
52907,RAXBEA,1,1
52908,PUTKIA,3,3
52909,IYIPAH,3,3
52910,ACARED,3,3
52911,NABGII,1,1
52912,ECIMAF,1,1
52913,POJHUT,3,3
52914,JAVXIQ,3,3
52915,ABICAQ,2,2
52916,EKESIX,3,3
52917,RIVMOY,3,3
52918,WAFXEK,1,1
52919,LALPAR,3,3
52920,RAZJIN,3,3
52921,KADQEL,3,3
52922,WUYKIL,1,1
52923,KIPTAG,3,3
52924,PEFYEF,2,2
52925,LACSAJ,2,2
52926,DUCDIR,1,1
52927,CEZRAB,2,2
52928,UDELOH,3,3
52929,KENLUN,2,2
52930,ENIDIO,2,2
52931,XABGOA,1,1
52932,TEWKUE,3,3
52933,DUQQUD,1,1
52934,IZIFON,3,3
52935,MUDRIM,2,2
52936,DIFRAL,3,3
52937,GICZEY,2,2
52938,TABSAT,2,2
52939,TPCBPV,3,3
52940,VOFNIN,2,2
52941,QOKYIY,2,2
52942,GIRDUJ,3,3
52943,ELOZOX,1,1
52944,COTPIM,2,2
52945,LUMRIV,3,3
52946,ZOHTIZ,3,3
52947,JEYHIH,2,2
52948,ACIVAL,3,3
52949,KAVQAD,1,1
52950,JITHON,1,1
52951,XUDLOY,3,3
52952,TUMQIB,3,3
52953,WAPJAY,2,2
52954,KAMFEM,3,3
52955,QAZFUU,2,2
52956,NUHCAU,1,1
52957,EHUDES,3,3
52958,EMEDAD,2,2
52959,TOSYEF,1,1
52960,BOBKEJ,1,1
52961,YABGOA,3,3
52962,KESDAO,1,1
52963,BECDAQ,2,2
52964,MUPDUX,3,3
52965,JUSQOF,2,2
52966,WERFOR,3,3
52967,XULXOR,2,2
52968,CEVDEP,2,2
52969,LAJSAQ,3,3
52970,ECOWOL,3,3
52971,BAZMUK,2,2
52972,JEFSET,2,2
52973,HIZXAS,2,2
52974,KICGAF,2,2
52975,MOZZEI,2,2
52976,WAJNAY,3,3
52977,JAFYIC,1,1
52978,WAVYEY,2,2
52979,CUHPIF,3,3
52980,TIBLAV,1,1
52981,COBLOX,3,3
52982,SOMMOX,2,2
52983,DERTON,1,1
52984,GEHYOH,1,1
52985,VAVGAB,2,2
52986,HISQEI,2,2
52987,MAZKAA,1,1
52988,VAJPEB,2,2
52989,XEFFAQ,3,3
52990,OFAGIL,2,2
52991,YUXBID,3,3
52992,HACXIW,1,1
52993,WEMTEP,2,2
52994,XEPJOS,2,2
52995,VECHUI,2,2
52996,YAMDAR,2,2
52997,VUGCOR,3,3
52998,ZOCBAU,1,1
52999,FANWEZ,3,3
53000,ROGXIV,1,1
53001,KAVQOO,2,2
53002,INAMAO,1,1
53003,CUFLUK,3,3
53004,HAYLOK,3,3
53005,DEDFIC,1,1
53006,VUSYEP,2,2
53007,ADOWEZ,1,1
53008,ZOKHIQ,3,3
53009,NOWQOF,2,2
53010,SUQTAZ,1,1
53011,UJAFAP,1,1
53012,BEQZAB,3,3
53013,YUPVIO,1,1
53014,PAWZUL,2,2
53015,AMAZOE,2,2
53016,FEGCAY,3,3
53017,ZEFXAM,2,2
53018,PYMANI,3,3
53019,YOFSIV,2,2
53020,FODDIM,2,2
53021,CIDDUS,1,1
53022,GEXVAI,2,2
53023,TIQQOD,1,1
53024,VUTGOI,3,3
53025,ROZYUB,2,2
53026,XAMDAR,3,3
53027,SODTAJ,3,3
53028,ITEQIH,1,1
53029,PUJMAL,1,1
53030,BUXZUQ,3,3
53031,OHEDAJ,1,1
53032,JEWFIB,3,3
53033,UXIDAI,2,2
53034,LEZCUR,3,3
53035,WIPYUS,3,3
53036,MUMBAA,1,1
53037,LIVBIE,3,3
53038,IROMOU,1,1
53039,TURTAE,1,1
53040,AFUNAQ,2,2
53041,HIDGEH,2,2
53042,KAPROL,3,3
53043,PUXSOT,1,1
53044,LEMGIT,2,2
53045,ECIJIK,3,3
53046,SATDID,2,2
53047,ITACIR,3,3
53048,ACENEF,1,1
53049,PASSAD,3,3
53050,APOFIW,3,3
53051,FADREH,3,3
53052,AKUGIX,3,3
53053,PIBYOO,3,3
53054,YEWJOZ,3,3
53055,JENYAD,2,2
53056,VIVQEA,1,1
53057,HAJHOP,2,2
53058,SOPWEA,2,2
53059,WUSYEP,3,3
53060,HASGAJ,2,2
53061,PAYQEO,2,2
53062,FEGJIL,1,1
53063,IJISOL,3,3
53064,ZABBUD,1,1
53065,CUSNIN,1,1
53066,DAGNAD,1,1
53067,ODASER,3,3
53068,QEZNOZ,1,1
53069,ZIQWUR,3,3
53070,QAQREI,2,2
53071,YASLIP,1,1
53072,USAPIO,2,2
53073,ZAVFUA,2,2
53074,JENBUA,2,2
53075,VIYKIX,3,3
53076,TEWYEA,2,2
53077,IXOSUK,3,3
53078,DUZYUS,3,3
53079,PIZLOA,2,2
53080,GOCCOU,1,1
53081,SECXEE,3,3
53082,AFAJAT,3,3
53083,FAZTAF,1,1
53084,NENLOJ,2,2
53085,OVIFEF,3,3
53086,LALYED,3,3
53087,HETJIZ,3,3
53088,YEYDAL,1,1
53089,WUMQOM,2,2
53090,CALSIR,2,2
53091,GERJOE,3,3
53092,WOFNEM,2,2
53093,JISVIT,2,2
53094,RAGRUO,1,1
53095,RAJBOU,2,2
53096,WUDSUM,1,1
53097,DEVFOC,2,2
53098,BOBYUN,2,2
53099,IFIHAI,2,2
53100,LAXCOF,2,2
53101,XURYAN,1,1
53102,QAZTEQ,2,2
53103,UCIZUC,3,3
53104,YEHFAT,1,1
53105,YAYGEN,2,2
53106,TABSOH,3,3
53107,HUDYAG,2,2
53108,KOVWEA,1,1
53109,PAPQEC,3,3
53110,SOCSEM,1,1
53111,NEDKUC,3,3
53112,CPAMPT,1,1
53113,JUTFAI,1,1
53114,IGUDIX,1,1
53115,QUBYAP,3,3
53116,JOCNOI,1,1
53117,DODSAS,3,3
53118,UNIQEN,1,1
53119,WAZZUV,2,2
53120,DIDVUH,2,2
53121,YIBVAG,2,2
53122,HIGRAU,1,1
53123,ZIBFOH,2,2
53124,GAZTAF,3,3
53125,SESNEM,2,2
53126,LADCIC,2,2
53127,KAWROR,2,2
53128,IDAVES,1,1
53129,FADNUT,3,3
53130,LIXLEL,3,3
53131,LIPDUL,2,2
53132,HIJNOG,3,3
53133,SOBPEG,3,3
53134,MITMAD,2,2
53135,JIYZAS,2,2
53136,YOYCUL,3,3
53137,FUGHEW,2,2
53138,IKOKAV,1,1
53139,YUTVUE,2,2
53140,YUCLAL,2,2
53141,SUPYOT,2,2
53142,YEJWAM,2,2
53143,JARMAQ,2,2
53144,YAQMOU,1,1
53145,CEWBUD,3,3
53146,PEKKID,1,1
53147,LATPUV,1,1
53148,DUYYIG,1,1
53149,QALXIL,3,3
53150,UKOHUZ,2,2
53151,LETVOV,2,2
53152,FOGVII,3,3
53153,BATCUV,1,1
53154,WAKMOO,1,1
53155,NIZCEI,1,1
53156,UHALEV,1,1
53157,RIXJEN,2,2
53158,QAHJIV,3,3
53159,REFPIC,3,3
53160,EQAFEI,3,3
53161,CAPDOM,3,3
53162,QORDUX,2,2
53163,UFULUF,2,2
53164,DIZLAZ,1,1
53165,ZOSZOY,3,3
53166,HIWJON,3,3
53167,QAFDEH,3,3
53168,PODTIN,1,1
53169,FAFMIJ,1,1
53170,RUXDEU,3,3
53171,JOCPEY,2,2
53172,UCUJUZ,2,2
53173,JURRAP,1,1
53174,RAYFON,2,2
53175,OYOHEQ,2,2
53176,GIYWAO,3,3
53177,CERFOU,3,3
53178,VIZWEG,1,1
53179,AWACEJ,1,1
53180,WEYGEO,3,3
53181,VABCAG,1,1
53182,EGOJOB,2,2
53183,LIVKAG,1,1
53184,MUSMOE,3,3
53185,GOPWIR,2,2
53186,BEPGIP,2,2
53187,TEFYIO,2,2
53188,UJUNAO,3,3
53189,RURCIQ,1,1
53190,OCOJOI,3,3
53191,DETBAI,2,2
53192,MEJYUW,3,3
53193,KUJROZ,1,1
53194,AWADUA,1,1
53195,GIRDOD,3,3
53196,WULNIA,2,2
53197,ZEQNUI,1,1
53198,HUNYIZ,2,2
53199,SIJQAF,3,3
53200,KEWXUH,2,2
53201,JAKWAX,1,1
53202,EJUBOD,1,1
53203,VASMAE,2,2
53204,DABHUK,2,2
53205,PENDUI,3,3
53206,FERHAL,2,2
53207,QAGBOR,2,2
53208,YIXRUU,3,3
53209,CIMMIX,2,2
53210,WERMEM,2,2
53211,IBUWEH,1,1
53212,TIMDEZ,2,2
53213,YADQOM,3,3
53214,ANOYOU,1,1
53215,CUDFUE,3,3
53216,KIKJUJ,2,2
53217,JELCEI,2,2
53218,ONACEM,3,3
53219,SIRCEF,1,1
53220,BEQQEV,2,2
53221,ZUQNAA,2,2
53222,WIGFIB,2,2
53223,ZIMWEZ,3,3
53224,NOKMOR,3,3
53225,YEWFOW,2,2
53226,WAZDIK,2,2
53227,BIDSAL,1,1
53228,AFESEM,2,2
53229,FEQDIP,1,1
53230,GUVVAV,1,1
53231,UBIHEU,3,3
53232,OGOGEX,2,2
53233,LICYOL,3,3
53234,RILLIJ,3,3
53235,GESROO,2,2
53236,RIPYUN,2,2
53237,UNAPII,1,1
53238,YAQQIS,3,3
53239,TICZOX,3,3
53240,DUZYAA,3,3
53241,WICDOD,3,3
53242,QUWBEQ,3,3
53243,CUVCOO,1,1
53244,QATFOI,1,1
53245,POHPEI,3,3
53246,WUHREW,2,2
53247,DITWAH,3,3
53248,LUTVOL,3,3
53249,HADSOU,2,2
53250,EZEQEF,1,1
53251,IXEHID,3,3
53252,ZUKFUI,3,3
53253,AYUTAR,2,2
53254,VIGXAM,1,1
53255,ZUZXEZ,3,3
53256,TAXKIN,3,3
53257,AKOVEC,2,2
53258,JATBAH,1,1
53259,ZIGNUC,1,1
53260,EQOJEA,3,3
53261,QUFPAJ,3,3
53262,VUFYUT,1,1
53263,QORJOY,2,2
53264,YIDBUL,3,3
53265,YAQHEE,3,3
53266,XAYRIB,3,3
53267,QENDUI,3,3
53268,ROGDOG,3,3
53269,EYIVIT,2,2
53270,UXIXEG,1,1
53271,MUKZAU,2,2
53272,JOKVOX,2,2
53273,RIBRAW,2,2
53274,DESREC,1,1
53275,HIZSIS,1,1
53276,HUTSEV,2,2
53277,JEFZUP,3,3
53278,HEBMAD,3,3
53279,OGEBEJ,3,3
53280,KEXNOQ,3,3
53281,INAVAX,1,1
53282,QAPMAZ,1,1
53283,ZACFER,1,1
53284,KOLHEA,2,2
53285,VERQUF,2,2
53286,JAMJIT,2,2
53287,OYUGAR,2,2
53288,IRAXAC,2,2
53289,GUWKIS,3,3
53290,YIHXEV,2,2
53291,ERUQAM,1,1
53292,KEKTEZ,3,3
53293,EBAPIJ,2,2
53294,ZITHOC,1,1
53295,IVAGUJ,3,3
53296,IGUHIB,1,1
53297,HIFQUM,1,1
53298,XAQFII,1,1
53299,QEHROK,2,2
53300,ODOCUF,3,3
53301,AJODAG,1,1
53302,SETKOT,3,3
53303,VAZDIK,3,3
53304,SUGCOO,2,2
53305,JUFSIM,1,1
53306,CIPLUL,2,2
53307,KOFDOY,3,3
53308,XITHEO,1,1
53309,BOLNAT,3,3
53310,RUXCUI,3,3
53311,XERGIL,3,3
53312,HAWYAJ,1,1
53313,GUCXIL,2,2
53314,HUPHOQ,3,3
53315,LUBJEZ,2,2
53316,OYATAM,1,1
53317,MIGBEK,3,3
53318,UPAMAB,3,3
53319,TIZKIZ,2,2
53320,VOCCAS,1,1
53321,PIYLEO,1,1
53322,XUSVAI,2,2
53323,WETGOS,3,3
53324,COLGIV,3,3
53325,FAYMEA,2,2
53326,WAFZEI,2,2
53327,NEWHED,3,3
53328,POJJUV,3,3
53329,ZUCGOT,2,2
53330,GOBKIT,1,1
53331,QEJMAV,2,2
53332,FOBYUS,3,3
53333,QOWLOD,3,3
53334,XANMAA,2,2
53335,VOCTAI,2,2
53336,SEMHUQ,2,2
53337,IDUGIZ,3,3
53338,WAXGUB,1,1
53339,YULTAC,2,2
53340,MONWUH,2,2
53341,SELGAS,3,3
53342,OLOWIV,3,3
53343,HEYJAY,2,2
53344,GODMUJ,2,2
53345,OVAPIL,3,3
53346,RIXQEY,1,1
53347,NIHCUD,1,1
53348,ZAVHOW,3,3
53349,XEKVOY,1,1
53350,PEKWOU,2,2
53351,VAPVIT,2,2
53352,AZOQOY,1,1
53353,AYIZIS,1,1
53354,VAHMEA,1,1
53355,QIVVIA,3,3
53356,YIRBOQ,2,2
53357,EQODIZ,3,3
53358,MUBSIL,1,1
53359,PEYWIB,3,3
53360,GIRTIO,1,1
53361,BENTAR,2,2
53362,TOFRIP,3,3
53363,AGOHUD,1,1
53364,NASPII,2,2
53365,QEBWON,1,1
53366,YUWTEP,2,2
53367,HUWHOX,3,3
53368,SUVTUA,3,3
53369,WOYGAS,3,3
53370,UKIGUT,1,1
53371,TIXSAV,3,3
53372,LEKXOQ,3,3
53373,JORWOF,1,1
53374,WEDFOA,1,1
53375,NEFDIP,1,1
53376,BOXMEH,3,3
53377,WUBPAK,3,3
53378,WARBUP,2,2
53379,OVABUK,1,1
53380,BOJVUR,3,3
53381,CIVZOY,2,2
53382,YERPIV,1,1
53383,WIWNAR,2,2
53384,HEPSOK,2,2
53385,ZISQAT,1,1
53386,DAGNUV,3,3
53387,NAWGUN,1,1
53388,IBIGEF,2,2
53389,XAQVOB,3,3
53390,SEQXUH,1,1
53391,DAPZOL,3,3
53392,KAXTEM,1,1
53393,EMEHOU,3,3
53394,METTAH,2,2
53395,WATSIT,2,2
53396,DOXCUO,1,1
53397,AHIFUS,2,2
53398,QEDDIQ,1,1
53399,WOCCAS,3,3
53400,UDEPEZ,2,2
53401,XEDWUZ,2,2
53402,GEQMAR,2,2
53403,EJOSUR,3,3
53404,CUHBOX,2,2
53405,BAZSEB,3,3
53406,REBWEB,3,3
53407,FOXFAA,3,3
53408,AGEMUV,2,2
53409,HEZTUB,1,1
53410,SIGCAP,3,3
53411,ZAZPEV,3,3
53412,MOPSIU,3,3
53413,HOLVEJ,3,3
53414,YEVBIL,1,1
53415,PAQPIH,3,3
53416,DANLOV,3,3
53417,PAKCIR,1,1
53418,WELKAC,3,3
53419,CIGVAR,3,3
53420,TIYWEE,2,2
53421,LOVPIV,2,2
53422,ULOMOX,2,2
53423,RUNMAP,2,2
53424,LUXWIL,3,3
53425,QUHWEV,2,2
53426,BEWREB,2,2
53427,GIPLOH,2,2
53428,HORRUC,2,2
53429,RIBROK,2,2
53430,LOQWAR,2,2
53431,XECNUQ,3,3
53432,TAKXEL,3,3
53433,XETCAB,3,3
53434,BAFSOS,3,3
53435,FUVXAY,1,1
53436,BOLYOR,1,1
53437,FUVVOJ,2,2
53438,NOBMAU,2,2
53439,SIKKAY,2,2
53440,JOBZUW,2,2
53441,LEDRIW,3,3
53442,GOYBIF,2,2
53443,RITPOZ,3,3
53444,UKOHOT,1,1
53445,QOLKAE,2,2
53446,UYOWEL,2,2
53447,MUCWAK,2,2
53448,IMOWAJ,2,2
53449,BUJMIE,3,3
53450,VATDEZ,2,2
53451,WISKOY,3,3
53452,FOSPIN,2,2
53453,WIVSEC,1,1
53454,UPAXUH,1,1
53455,LUSVAY,2,2
53456,YOPJES,1,1
53457,FEQXUX,2,2
53458,TEFYEL,2,2
53459,BIMDOQ,1,1
53460,GERXIL,2,2
53461,AGIRUE,3,3
53462,GEKYIE,2,2
53463,KIYFII,2,2
53464,YOCPOX,3,3
53465,CIXJEC,1,1
53466,ETUMUC,3,3
53467,RUVQEH,1,1
53468,RATVOZ,2,2
53469,COBWAS,3,3
53470,XOYVUC,3,3
53471,BILNEQ,3,3
53472,TUKPEW,3,3
53473,LAFWOI,1,1
53474,DAXPIC,2,2
53475,EGILIR,3,3
53476,BEQFIO,3,3
53477,HUPXEY,1,1
53478,NARJIA,2,2
53479,YEDKIE,3,3
53480,BICMEI,2,2
53481,LIXGOS,1,1
53482,TPHDFC,2,2
53483,KIHDIQ,3,3
53484,PULLAM,1,1
53485,GIXXOC,3,3
53486,FEJMIU,1,1
53487,DEDCOG,3,3
53488,LUZMUP,3,3
53489,ULAJEX,3,3
53490,YEBZUA,2,2
53491,FEMSAS,1,1
53492,POFGIB,3,3
53493,VIQTAS,2,2
53494,KAKYAW,3,3
53495,KEHCUW,1,1
53496,VAWJUB,3,3
53497,CPMNTI,1,1
53498,JAZBOF,1,1
53499,LISHEA,2,2
53500,DABZEO,1,1
53501,RISRUH,3,3
53502,KAGDUT,3,3
53503,KOZCAF,3,3
53504,GERJUK,2,2
53505,BALXAR,1,1
53506,MEBTUI,2,2
53507,FIWKIG,2,2
53508,GATQEX,3,3
53509,KUYMUO,3,3
53510,HALWEA,1,1
53511,QIGDAN,3,3
53512,LOKTEK,1,1
53513,HAMZIG,2,2
53514,JODNUN,2,2
53515,WEHLUS,3,3
53516,XOJNES,3,3
53517,QALJOE,1,1
53518,HUJLAZ,2,2
53519,EMAVUL,3,3
53520,AWOFAT,3,3
53521,BUDORH,2,2
53522,WUKGOA,3,3
53523,TUVMIH,1,1
53524,RAQGOJ,1,1
53525,QAFZUV,3,3
53526,BEJQOY,1,1
53527,MOYZOP,3,3
53528,FELNIV,2,2
53529,ZIHQIS,3,3
53530,WUGVOJ,2,2
53531,HOMLEB,2,2
53532,YOSVIL,1,1
53533,SIYKEQ,2,2
53534,BIYYAJ,2,2
53535,HISZOA,1,1
53536,CABVOS,3,3
53537,VUNVOQ,3,3
53538,LOYSEZ,3,3
53539,SAMWOS,2,2
53540,SUJFAH,1,1
53541,JEFXAW,2,2
53542,IJOPUV,1,1
53543,ETUVAQ,3,3
53544,VUJCIM,3,3
53545,FISNIG,2,2
53546,RAQPOP,2,2
53547,DIVVIQ,2,2
53548,KIHVUV,3,3
53549,KIZMEL,3,3
53550,EDISOA,2,2
53551,DACPOO,3,3
53552,EHUXAJ,1,1
53553,DEMTOF,3,3
53554,CUMTEM,1,1
53555,ETARAT,3,3
53556,TACGUA,3,3
53557,JEKSOH,2,2
53558,RESPUD,3,3
53559,IPUSUI,3,3
53560,LUHJUV,3,3
53561,ETIXIP,2,2
53562,JUNWAQ,2,2
53563,UNUDAL,1,1
53564,REQCOF,2,2
53565,QIWKOX,2,2
53566,WALZUE,2,2
53567,ZOVPAB,2,2
53568,XEDRED,1,1
53569,NESDAR,3,3
53570,TUCSEQ,3,3
53571,RERQOU,1,1
53572,UKULOC,1,1
53573,QOQFIN,2,2
53574,VICDAO,3,3
53575,AMAZUK,2,2
53576,OHUYIB,3,3
53577,OBOQOL,1,1
53578,DUPRAK,1,1
53579,NOQYEZ,3,3
53580,XUKZAE,1,1
53581,RISWIB,2,2
53582,GIXHIH,3,3
53583,WOGFOO,2,2
53584,IFIJAK,3,3
53585,FAFJUU,2,2
53586,HEDGEF,3,3
53587,NUVWOQ,3,3
53588,UVADOM,3,3
53589,MEGYEE,1,1
53590,HANQEU,1,1
53591,DUFYIO,3,3
53592,HIGNIX,3,3
53593,MAXTUE,1,1
53594,OJONAE,2,2
53595,LICBUU,2,2
53596,VUDDON,3,3
53597,XENYIZ,3,3
53598,HETHIX,2,2
53599,PHGMSP,3,3
53600,YAVMUE,2,2
53601,CEMVIA,2,2
53602,YIDLUT,3,3
53603,HEPSAW,2,2
53604,TEQHAC,1,1
53605,MESDIA,3,3
53606,FUYRIC,2,2
53607,MANVUT,1,1
53608,COZYUO,1,1
53609,VOQFUE,3,3
53610,FOJXAE,1,1
53611,WOSKEW,3,3
53612,UTAYIY,3,3
53613,DODXID,3,3
53614,NOWCIO,1,1
53615,VOGDUT,3,3
53616,OJUJAE,3,3
53617,LETJED,1,1
53618,ICIRIX,2,2
53619,SABJEL,1,1
53620,VENZOF,2,2
53621,KUNNOX,3,3
53622,LONBAU,3,3
53623,JENBOX,1,1
53624,JUCLIE,3,3
53625,TEHRUX,1,1
53626,FIHLUG,1,1
53627,GASZUW,3,3
53628,ENEGAF,3,3
53629,ROMHIK,1,1
53630,LAKKAL,2,2
53631,KIRYEP,3,3
53632,MADXEW,2,2
53633,UYAKUB,2,2
53634,FIVFEV,2,2
53635,JAVJAS,2,2
53636,IZITES,3,3
53637,UCAWAX,2,2
53638,JUQBAA,3,3
53639,NOLDIE,3,3
53640,SEYGIQ,1,1
53641,DOMHOC,2,2
53642,CUQSEN,2,2
53643,ZISSUS,2,2
53644,ICIKEN,2,2
53645,KEZVIV,2,2
53646,EHUQIH,2,2
53647,TAHMAQ,3,3
53648,WOXDOE,2,2
53649,PIDZUB,1,1
53650,ELETIA,3,3
53651,JOTZOJ,2,2
53652,GUDQOL,1,1
53653,WUNHEV,1,1
53654,QIZNOC,1,1
53655,LOPTAO,1,1
53656,SIWRIB,3,3
53657,LEBXAV,1,1
53658,PEZLOX,3,3
53659,XUPJAU,2,2
53660,NOXRUP,3,3
53661,UVAFUV,1,1
53662,UHIMEE,1,1
53663,QEJMOJ,2,2
53664,JIYXAQ,1,1
53665,ZAJTUZ,2,2
53666,XIFQAE,1,1
53667,ZUYTAR,1,1
53668,SEYWOM,1,1
53669,MAYKED,2,2
53670,CUFLOE,3,3
53671,DOCVEA,1,1
53672,YANSEM,1,1
53673,NEDKOZ,2,2
53674,XOLCIK,1,1
53675,FOZYAW,3,3
53676,RECZEG,2,2
53677,NEGWAZ,1,1
53678,JEPCOX,2,2
53679,TALFOB,2,2
53680,VUGHEM,1,1
53681,QAQYOA,1,1
53682,GILLIZ,2,2
53683,ACUCIM,3,3
53684,JIHMAR,2,2
53685,LIHVIK,2,2
53686,SEVDIH,1,1
53687,XENWEW,1,1
53688,TAQLAY,1,1
53689,HUWFOV,2,2
53690,REXTOF,1,1
53691,QAVNOS,3,3
53692,INIWUX,2,2
53693,PIKREJ,1,1
53694,FOKLAT,2,2
53695,POZPOK,2,2
53696,HEKCAF,1,1
53697,YIWTEE,1,1
53698,MUHJUW,2,2
53699,JOCREZ,2,2
53700,VUJJAN,3,3
53701,DEXCIT,2,2
53702,XUMYAG,3,3
53703,QEPYIW,3,3
53704,DAQWOH,1,1
53705,UTAWET,3,3
53706,FIMXIK,2,2
53707,FOQFOG,2,2
53708,DIRSIG,3,3
53709,WUHRIB,1,1
53710,NUDRUZ,3,3
53711,KAMDIM,2,2
53712,LOMPAG,3,3
53713,TUXHUQ,3,3
53714,GAYMIC,2,2
53715,OFUQOV,2,2
53716,YIYJOG,3,3
53717,MADSUG,3,3
53718,KIFCOS,2,2
53719,URISIZ,3,3
53720,MOCGAO,3,3
53721,EDIDOM,2,2
53722,BORFET,2,2
53723,POHWOZ,2,2
53724,GUYRIB,3,3
53725,JAZRIL,2,2
53726,GUTNEO,2,2
53727,JAWNEA,3,3
53728,EQIPEA,3,3
53729,UMOXAX,3,3
53730,NOLTOX,2,2
53731,MAYKEE,3,3
53732,HEXKUU,1,1
53733,LUNBEE,1,1
53734,ZOWSAI,3,3
53735,HINNIB,1,1
53736,USIHEK,1,1
53737,AYONEH,2,2
53738,ECIVAP,3,3
53739,UHIMED,3,3
53740,KIPVOX,3,3
53741,XUPJAT,3,3
53742,PUNCIM,2,2
53743,UTERET,1,1
53744,WUHLAM,3,3
53745,UQURAC,1,1
53746,TUHRAQ,2,2
53747,LOVPET,2,2
53748,PALHUH,3,3
53749,SEVCON,2,2
53750,MUWJOF,3,3
53751,KUMBEZ,3,3
53752,DEXFUI,2,2
53753,ZOCYOH,3,3
53754,HUQKAF,3,3
53755,FEPNOE,2,2
53756,COVTEN,3,3
53757,CUGXOT,2,2
53758,FAYMIC,3,3
53759,OREVAL,1,1
53760,KUDKOK,3,3
53761,WABXOM,3,3
53762,EYEYOZ,1,1
53763,KIHMAR,3,3
53764,SEDMEU,2,2
53765,OVIXUN,3,3
53766,FAKMOT,2,2
53767,YUMWOT,3,3
53768,XAGJIA,2,2
53769,WATTAO,1,1
53770,AZECAL,3,3
53771,YUMYAG,3,3
53772,UMAXAJ,3,3
53773,PEMZOX,2,2
53774,PIHPAZ,1,1
53775,SEWPIX,1,1
53776,USEGOP,1,1
53777,AVIKUN,2,2
53778,AZAQAV,3,3
53779,KITQUC,3,3
53780,BAFCIY,1,1
53781,QAYXUJ,1,1
53782,KURYIF,3,3
53783,ITEVUA,2,2
53784,KAGQOC,1,1
53785,TACLEQ,2,2
53786,DODXIE,2,2
53787,ECANUS,2,2
53788,DURSEP,2,2
53789,UVOZEN,1,1
53790,MOJGAT,2,2
53791,ONIWIS,2,2
53792,GECZIB,1,1
53793,ALAJIJ,1,1
53794,DUNSAJ,1,1
53795,XIZVAG,3,3
53796,NIRKOQ,1,1
53797,MEMLAU,2,2
53798,BAMBOG,3,3
53799,RIPLAE,3,3
53800,HAGXOE,2,2
53801,LIHXEG,2,2
53802,IQUCIH,3,3
53803,TEGJAS,2,2
53804,MEFTIB,2,2
53805,OJONAD,3,3
53806,WUCQUG,3,3
53807,AVAMIU,3,3
53808,RURDAJ,1,1
53809,BIFWUI,3,3
53810,JEWCOG,2,2
53811,VISRAQ,3,3
53812,YIMPER,2,2
53813,SILPUC,1,1
53814,LEQPUS,1,1
53815,COJSEZ,2,2
53816,DUVFAD,2,2
53817,MOQWAS,1,1
53818,EYEPEG,1,1
53819,VEZGAK,2,2
53820,PAGNUG,2,2
53821,RIKKAX,2,2
53822,FERXIM,2,2
53823,TOWYOW,1,1
53824,AHOWEB,3,3
53825,FISGAS,3,3
53826,FAYHUI,3,3
53827,MEZCOJ,1,1
53828,TOGQEO,3,3
53829,NANJOE,3,3
53830,RUMVEC,1,1
53831,ULOJEK,3,3
53832,EZIWIU,1,1
53833,NUSFOW,3,3
53834,RUQHIV,3,3
53835,GECHUR,3,3
53836,FOMCUH,3,3
53837,YAVHIN,3,3
53838,OQIFOL,2,2
53839,EHOKAQ,1,1
53840,NETTEN,3,3
53841,DIXXEN,3,3
53842,EXUDEH,3,3
53843,CBZYTA,1,1
53844,DEBYAL,3,3
53845,YEDYUC,3,3
53846,WIWGER,3,3
53847,NUXWOU,3,3
53848,SIQTUJ,3,3
53849,CEHGIG,2,2
53850,JOXKOW,1,1
53851,WEQQEP,1,1
53852,AJADOH,1,1
53853,BIYYAK,3,3
53854,MUFXIU,3,3
53855,SODVAI,2,2
53856,TOLWEW,2,2
53857,DARBIJ,1,1
53858,OHEHOZ,3,3
53859,RAKTOQ,1,1
53860,UXIFAJ,3,3
53861,BEJQOX,1,1
53862,OCUYAN,3,3
53863,MIBCOR,3,3
53864,HOSFUR,2,2
53865,QIXFAE,2,2
53866,OZALOR,3,3
53867,KASKEV,3,3
53868,EZETUY,3,3
53869,FALJIL,3,3
53870,BAXBIN,1,1
53871,HIBFEH,1,1
53872,UGAMIZ,3,3
53873,POFYAL,2,2
53874,IHOFAM,2,2
53875,AVODAR,3,3
53876,QABMIP,3,3
53877,RARWUC,3,3
53878,COLPEY,3,3
53879,WIPWAX,1,1
53880,HEWSAH,1,1
53881,ZIHHED,3,3
53882,JUYMUN,2,2
53883,HUPDUS,3,3
53884,PALJOD,3,3
53885,VEHLUR,3,3
53886,UGIPAD,2,2
53887,WUWGIE,3,3
53888,MAQVOS,3,3
53889,PRNFEB,2,2
53890,FICHOR,2,2
53891,XAZGAJ,3,3
53892,YEXBEK,2,2
53893,UZIPUP,1,1
53894,YASPAK,3,3
53895,FAMPEP,3,3
53896,YOZFOJ,1,1
53897,RIBROJ,2,2
53898,VILGAA,3,3
53899,CUXXUR,1,1
53900,XUYDOK,2,2
53901,VUGXAX,2,2
53902,TILBUO,2,2
53903,GELNIW,3,3
53904,QANLOG,3,3
53905,AFIBID,3,3
53906,AMAQEL,3,3
53907,QASXIR,3,3
53908,CASVUQ,3,3
53909,HAZLIG,3,3
53910,SUKLIV,3,3
53911,HIVKOP,3,3
53912,QOQXAW,1,1
53913,WUBPOA,2,2
53914,DEDZAO,2,2
53915,BODTAQ,3,3
53916,KEWDIA,2,2
53917,PNIHEP,3,3
53918,WAZDEI,2,2
53919,DAMWIZ,1,1
53920,SOLYUP,3,3
53921,BODMOX,1,1
53922,IJALEN,1,1
53923,REVMAJ,3,3
53924,MUSMUJ,2,2
53925,ICUGUJ,3,3
53926,XOBJAZ,3,3
53927,JAZWUF,1,1
53928,SIZPOI,3,3
53929,DOCQAN,3,3
53930,VERCEC,3,3
53931,DIYGUO,3,3
53932,ZIBCIZ,3,3
53933,TUKPEV,3,3
53934,WEYKIW,2,2
53935,EZUYAC,1,1
53936,EKEMUD,1,1
53937,GOXSUJ,3,3
53938,BIJJAJ,1,1
53939,XISHEP,3,3
53940,BUHWUX,2,2
53941,AZAQOJ,3,3
53942,VACBOR,2,2
53943,VODXUI,2,2
53944,MURLAP,1,1
53945,BEXMUP,3,3
53946,MIMGEX,3,3
53947,NAGTIZ,2,2
53948,HUMNUB,1,1
53949,ZORLAV,2,2
53950,TIMTAO,1,1
53951,ROMHEI,3,3
53952,AJIKUZ,2,2
53953,MOJGOH,1,1
53954,RUKPUI,2,2
53955,YEBTUX,2,2
53956,FEYBUJ,3,3
53957,KELTEE,1,1
53958,NANFUF,3,3
53959,UCELEU,3,3
53960,PAKDOU,1,1
53961,DEDZOD,2,2
53962,GUJXIV,1,1
53963,BAKFEA,3,3
53964,LEKXOP,2,2
53965,LERWAJ,3,3
53966,XUTZUI,3,3
53967,VATVUH,1,1
53968,MAKLIW,2,2
53969,WUQDER,2,2
53970,RALDEP,3,3
53971,BEWREC,2,2
53972,GAVRUS,3,3
53973,TIYWED,2,2
53974,VUCDAZ,2,2
53975,OJUZID,2,2
53976,TOBNEG,2,2
53977,JUFDIA,1,1
53978,VAKXAJ,3,3
53979,QIHYEL,3,3
53980,EQIGIX,1,1
53981,BAJBAR,3,3
53982,WITBIO,1,1
53983,COTRIN,2,2
53984,DAWTAW,1,1
53985,JOHZEM,2,2
53986,QODVEN,3,3
53987,GAZXAJ,1,1
53988,IVAKAT,2,2
53989,XERPIW,2,2
53990,HIKCUZ,3,3
53991,TARNIJ,3,3
53992,RAGKOB,3,3
53993,WOVTEI,3,3
53994,IREZEL,3,3
53995,OQALIC,3,3
53996,SATXOC,2,2
53997,XIRWUQ,2,2
53998,DEXDAN,3,3
53999,UVAHUX,1,1
54000,ULAMOK,2,2
54001,KEJWEF,1,1
54002,PECMAL,3,3
54003,XUPJOH,3,3
54004,AVOQUX,3,3
54005,MCYSPT,3,3
54006,CEFGEA,2,2
54007,HUPHOP,1,1
54008,NUZJUO,3,3
54009,SISNIV,1,1
54010,QEXJAF,3,3
54011,IPIZUD,2,2
54012,QAKTII,1,1
54013,VIJDOI,2,2
54014,VIMCIF,3,3
54015,UZAQAQ,1,1
54016,CAVBEH,3,3
54017,BEMHOS,3,3
54018,MEGYIG,2,2
54019,XANSIO,2,2
54020,RACNOB,3,3
54021,LEFDAB,1,1
54022,FEBRUZ,3,3
54023,UBOLAY,3,3
54024,DAQWAT,3,3
54025,OGIMOG,3,3
54026,MOFTUX,2,2
54027,APUYIV,3,3
54028,VUYGEC,3,3
54029,OWUFOD,3,3
54030,LEWXIU,2,2
54031,RUDSUF,1,1
54032,SOSGIR,3,3
54033,VUDJOW,1,1
54034,QIXVIE,3,3
54035,AFILIK,2,2
54036,GEFWUM,3,3
54037,BINHIP,2,2
54038,CUYWOL,1,1
54039,KESQAA,2,2
54040,WUFKIR,1,1
54041,IXADAP,1,1
54042,NOPSAP,3,3
54043,CAXBEM,1,1
54044,OMOROA,1,1
54045,BULNED,2,2
54046,OWUDUH,3,3
54047,IKUSEN,3,3
54048,QAXWOC,3,3
54049,JAZYUI,1,1
54050,TICXUB,2,2
54051,IVALEZ,1,1
54052,RUJHAF,1,1
54053,LEHZIH,1,1
54054,WEDVIK,3,3
54055,OMISUY,3,3
54056,LOGLAW,2,2
54057,CEQQEW,2,2
54058,WEQFII,3,3
54059,SOFGOL,1,1
54060,MELQED,1,1
54061,XAHGIA,1,1
54062,CILYII,2,2
54063,NUCPAC,3,3
54064,FELNET,1,1
54065,OVOGIR,2,2
54066,ADOLEL,3,3
54067,RUDXEW,1,1
54068,MOTQOE,1,1
54069,NOKDEY,3,3
54070,KOJLAZ,2,2
54071,PUWBEP,1,1
54072,CEQFEM,3,3
54073,AVOSOT,2,2
54074,SUKKAL,3,3
54075,LIJNOL,1,1
54076,DEQMIW,3,3
54077,RUMQOF,2,2
54078,CICMIK,2,2
54079,SIWREW,2,2
54080,CUKGOG,2,2
54081,NAQHAS,1,1
54082,TEZWAX,3,3
54083,SILLIK,3,3
54084,LITHIJ,1,1
54085,YOZFAV,3,3
54086,EZOTEU,3,3
54087,YOBDAU,3,3
54088,EHUXOW,3,3
54089,DAYCAH,3,3
54090,ABAKIA,3,3
54091,IVUCUY,3,3
54092,PAMGOA,1,1
54093,PIBRIE,3,3
54094,IPUHOQ,3,3
54095,CIJJOV,2,2
54096,CUQVUF,3,3
54097,GICVIA,3,3
54098,QAGBOS,3,3
54099,FEFWUM,1,1
54100,FETLEW,3,3
54101,EGIGUA,1,1
54102,NICRUP,3,3
54103,UQEMEJ,2,2
54104,GEJTIA,3,3
54105,QIGCIU,3,3
54106,YEKCUN,2,2
54107,OJUCEE,1,1
54108,OGANOA,3,3
54109,KANQAS,2,2
54110,JAYGAR,2,2
54111,COCTOD,2,2
54112,OLIZEO,3,3
54113,AFEDEV,3,3
54114,VEZGOW,2,2
54115,YAZGOV,1,1
54116,RIHYOW,2,2
54117,NISQOY,1,1
54118,HOBJUE,1,1
54119,ZAZWAY,2,2
54120,CIRVEE,3,3
54121,UCEBIN,2,2
54122,GEZLEE,3,3
54123,PAPTOR,3,3
54124,PAGWUR,2,2
54125,EMILUI,2,2
54126,FELPOD,3,3
54127,DIGZIG,1,1
54128,LITMUW,2,2
54129,FOJMUN,2,2
54130,JOTSIU,1,1
54131,XIZTUW,3,3
54132,OHURUF,3,3
54133,VEQFII,3,3
54134,CUNVOW,2,2
54135,XEKJII,2,2
54136,SOMDED,1,1
54137,VAXNIS,2,2
54138,DUYYIF,2,2
54139,OBOQUT,3,3
54140,SALTUV,1,1
54141,BUWNUE,2,2
54142,IXIGUS,2,2
54143,CEKWIA,2,2
54144,DOBYID,1,1
54145,ODIGEO,3,3
54146,EQIREC,2,2
54147,GUTLEM,3,3
54148,AWUYOI,1,1
54149,VIRTEW,2,2
54150,VENQEO,1,1
54151,IDAVER,3,3
54152,NOYHAK,1,1
54153,IBEJAB,2,2
54154,VUGJEN,2,2
54155,TIJTUC,3,3
54156,XETQEU,1,1
54157,WAHHOG,1,1
54158,GEPLOG,1,1
54159,ICUGOD,3,3
54160,ORUBAF,3,3
54161,MAQJEV,2,2
54162,EZIBIZ,3,3
54163,ZIDKAY,2,2
54164,VASHIK,1,1
54165,ZIFVUH,1,1
54166,GOBNAM,2,2
54167,CAZHET,2,2
54168,YIFHUT,3,3
54169,NAXSAH,1,1
54170,CAKVUG,2,2
54171,LINRUW,2,2
54172,RANRUU,3,3
54173,IQARIB,2,2
54174,QAFDEI,2,2
54175,TEVMEP,3,3
54176,MUHHUU,3,3
54177,UBOWAN,1,1
54178,KOJGEY,3,3
54179,NELSAA,3,3
54180,WUZPOW,3,3
54181,BOHKUG,2,2
54182,KOCNOH,3,3
54183,XOHDIH,2,2
54184,BAYSOM,1,1
54185,GUDTII,1,1
54186,BATCUW,2,2
54187,JIQNAY,2,2
54188,KUYXUA,1,1
54189,KUMGAA,3,3
54190,KERRUY,1,1
54191,ODEFAG,2,2
54192,GAMKIS,1,1
54193,LADQUE,3,3
54194,WUGJEN,2,2
54195,TISGIM,3,3
54196,ASUMIN,1,1
54197,FILNIY,1,1
54198,PANPEB,3,3
54199,NANJUK,3,3
54200,LAMTIC,2,2
54201,HIJPEV,2,2
54202,NOGRUY,1,1
54203,DASDOS,1,1
54204,VIYKIY,3,3
54205,OQEKEB,3,3
54206,UWAZEY,1,1
54207,VAVPAN,1,1
54208,OBOCIS,3,3
54209,HUMBUO,2,2
54210,QEGZIN,1,1
54211,YEYSAW,2,2
54212,LIYDUV,3,3
54213,REGDIR,1,1
54214,PILNOQ,3,3
54215,MAKPOF,3,3
54216,TOPNUJ,3,3
54217,VEPYOE,1,1
54218,IKUTUE,3,3
54219,VAZHIP,3,3
54220,YUWFOL,2,2
54221,SAKFIX,1,1
54222,EDIDUT,2,2
54223,JASWOS,3,3
54224,OFANAO,1,1
54225,EWOQOY,3,3
54226,UKIWES,3,3
54227,SOZREE,2,2
54228,AVULOT,2,2
54229,AMAXUH,3,3
54230,PURVOP,1,1
54231,PABJUX,1,1
54232,TEVJAI,3,3
54233,KIMNEC,1,1
54234,PELNUQ,3,3
54235,JIWCOI,2,2
54236,KURKOX,2,2
54237,BOXJUU,1,1
54238,SESWIZ,1,1
54239,KCBVCO,2,2
54240,DUFRAY,3,3
54241,AQOZAI,3,3
54242,HOSDUP,1,1
54243,XEBXUB,1,1
54244,WAVGAC,3,3
54245,TURZOW,3,3
54246,GETPAY,3,3
54247,GERTEC,2,2
54248,SEHPIG,3,3
54249,KIBTIZ,3,3
54250,LOGLUR,2,2
54251,SAGYEH,3,3
54252,PAFJIR,1,1
54253,RUVZOA,1,1
54254,PEPBET,3,3
54255,LIKVOQ,2,2
54256,QAZMIQ,3,3
54257,HUZHER,1,1
54258,BUXZUP,3,3
54259,KOFJUN,2,2
54260,TUDXOF,2,2
54261,PUVZEM,3,3
54262,DALFON,2,2
54263,QAGWAW,3,3
54264,LISVUI,1,1
54265,JANZEG,2,2
54266,TECVUT,1,1
54267,EPACAA,1,1
54268,MISSIT,3,3
54269,YACZIN,2,2
54270,XOPCUA,2,2
54271,WACNOH,1,1
54272,XUMRIG,3,3
54273,FAHHUS,2,2
54274,SIGTUY,1,1
54275,KAPBIQ,1,1
54276,YOBFOK,2,2
54277,TPTMPT,3,3
54278,RIFKEX,3,3
54279,XOLVIE,3,3
54280,TUMFEM,2,2
54281,FOCMAP,1,1
54282,WOFGOQ,1,1
54283,QAVBAU,1,1
54284,FOPRUY,2,2
54285,PAFZON,2,2
54286,VISGAI,3,3
54287,XIQBEI,1,1
54288,LEYMEK,2,2
54289,YEZZUA,1,1
54290,TEJTOT,1,1
54291,QOSKAL,1,1
54292,PASJOL,1,1
54293,OJEWIL,1,1
54294,BOYBEY,3,3
54295,QERSEM,2,2
54296,QITREU,1,1
54297,NELDAL,3,3
54298,EZODUS,2,2
54299,BIDHAZ,2,2
54300,IJIDOW,2,2
54301,WAMPEJ,1,1
54302,AVETAX,3,3
54303,XEVNIW,1,1
54304,XAHNUQ,1,1
54305,CEYPIG,3,3
54306,XUXROY,2,2
54307,ZEGKEE,1,1
54308,JOQPAG,1,1
54309,CIDVIU,3,3
54310,GEFLUZ,2,2
54311,SOMTAP,2,2
54312,EGADAU,3,3
54313,KILSON,2,2
54314,IBOVON,2,2
54315,APIBOS,2,2
54316,DATCIK,3,3
54317,GEPNUK,2,2
54318,GEGCAX,3,3
54319,YABGAK,2,2
54320,MIHJAQ,3,3
54321,NIRGAW,2,2
54322,UDARUP,3,3
54323,DEDXAM,2,2
54324,BAWSOH,2,2
54325,ZELJAD,2,2
54326,EGULUO,3,3
54327,LUSJIU,2,2
54328,NAWKUU,1,1
54329,REHPIG,2,2
54330,EABHCP,3,3
54331,HVIORU,2,2
54332,VOMFIO,3,3
54333,VEWNOA,1,1
54334,KAHGOT,1,1
54335,DOVZOG,1,1
54336,MASLEB,1,1
54337,QODDOD,3,3
54338,NUTMEV,3,3
54339,JOWCEG,3,3
54340,EYIZIX,3,3
54341,XUMWUZ,2,2
54342,YOZDOH,2,2
54343,BOJQEX,2,2
54344,XITSEY,1,1
54345,RAWVIV,3,3
54346,BUDVEB,1,1
54347,IZEWAO,1,1
54348,HIPHUJ,3,3
54349,SOTKIV,2,2
54350,WEFREI,1,1
54351,JILQUU,1,1
54352,FUYYAB,2,2
54353,CIRDOX,3,3
54354,GODZAC,3,3
54355,DAHJED,3,3
54356,PIGFAM,3,3
54357,JOMLUV,3,3
54358,WILBEZ,3,3
54359,DIXCIZ,2,2
54360,NIHJIB,1,1
54361,WOHPOY,3,3
54362,RIMDOJ,3,3
54363,SUMTEA,3,3
54364,SIKPOS,2,2
54365,WIFWAK,3,3
54366,MEBSIW,3,3
54367,AFUGEQ,3,3
54368,OCILIX,3,3
54369,XUDLOX,1,1
54370,TUTPIJ,2,2
54371,TIHKUU,1,1
54372,BERQAR,2,2
54373,SIFNUQ,1,1
54374,JELXIK,3,3
54375,CPETNB,1,1
54376,WAMWOX,1,1
54377,JEWFEW,2,2
54378,URUHOH,1,1
54379,EZEXUC,2,2
54380,XOYQEI,3,3
54381,SAKHIW,3,3
54382,GAQLES,2,2
54383,ESENIC,1,1
54384,FOWGAZ,2,2
54385,YOJBEH,2,2
54386,ALOTUR,3,3
54387,WEHRIO,1,1
54388,RAZDEC,2,2
54389,DUXTIC,1,1
54390,FULGAX,1,1
54391,ZATKIQ,3,3
54392,BEWPEA,2,2
54393,PIKPIK,3,3
54394,NEXNAF,1,1
54395,MALGAI,2,2
54396,YAJTIM,2,2
54397,LEKZOR,3,3
54398,HAJDUR,2,2
54399,HOHFES,2,2
54400,ZIGLUW,2,2
54401,TIRDED,3,3
54402,JOJBUG,1,1
54403,MUBHEY,2,2
54404,BIYREH,2,2
54405,LAMMIV,2,2
54406,PERVUD,3,3
54407,BOCFIM,1,1
54408,XEBSIG,3,3
54409,RIPWAR,3,3
54410,YUFDAH,1,1
54411,EMEJOV,3,3
54412,SAZJIO,1,1
54413,CAWTEZ,2,2
54414,TESNUD,2,2
54415,LIYJUY,2,2
54416,NEBJAF,2,2
54417,POQSET,2,2
54418,USAPEM,1,1
54419,HEJWUS,1,1
54420,MAWNOP,3,3
54421,VAVRUI,3,3
54422,WOCMUX,3,3
54423,UKIPOV,3,3
54424,TOCSUD,1,1
54425,COPLEZ,3,3
54426,NUYFEU,2,2
54427,GIDCIG,3,3
54428,TOSWIK,1,1
54429,YEZCUC,1,1
54430,VOJMUC,1,1
54431,YOTMID,2,2
54432,IGIMIU,2,2
54433,MAGQER,3,3
54434,QANBUF,3,3
54435,GEKGUY,1,1
54436,LUXPUR,3,3
54437,SIHREH,2,2
54438,PERCOE,2,2
54439,GOZYUS,1,1
54440,TOXVOU,1,1
54441,XEQPOZ,1,1
54442,JONBIZ,1,1
54443,OMUVUO,3,3
54444,NOZJIX,3,3
54445,KEYHII,1,1
54446,FODJIT,2,2
54447,MUHMEK,1,1
54448,PELLAV,3,3
54449,XUKZUA,2,2
54450,WOFGAZ,2,2
54451,DEKRET,3,3
54452,TEFLIA,3,3
54453,MIRPEJ,3,3
54454,MIKQEC,3,3
54455,KUCNEE,1,1
54456,JEKJUE,1,1
54457,TAYMOV,1,1
54458,NEWJEG,2,2
54459,REPBAS,3,3
54460,NABGIH,3,3
54461,ACAREE,2,2
54462,VADBUB,1,1
54463,RAJYUZ,1,1
54464,MACTER,3,3
54465,EJAQUC,2,2
54466,SIFLOJ,2,2
54467,QAJGUF,3,3
54468,YAFWUA,3,3
54469,PUCDEW,3,3
54470,RATSEK,2,2
54471,EQETIF,3,3
54472,DIJMOB,3,3
54473,XADCIR,1,1
54474,SOVZEL,2,2
54475,MIZTAU,1,1
54476,VEGCUG,3,3
54477,WAJGIZ,3,3
54478,ZEXPEZ,3,3
54479,CUKKAV,1,1
54480,FIZKAE,1,1
54481,DITKID,3,3
54482,NULFAC,3,3
54483,XOBXIX,3,3
54484,LUSMAO,3,3
54485,ICAJIH,3,3
54486,ASUJAC,1,1
54487,PIXMEQ,2,2
54488,ZEQWAX,1,1
54489,MOTSOG,1,1
54490,ZEWSEB,2,2
54491,IWOPUF,3,3
54492,VUVVAM,1,1
54493,LEZVAN,2,2
54494,MUWDUG,1,1
54495,HIKCOT,3,3
54496,IZUHEQ,3,3
54497,KUZVIM,2,2
54498,ICEHON,1,1
54499,NIVBOK,3,3
54500,BUNTOU,1,1
54501,TIWLIU,2,2
54502,QORXIF,2,2
54503,CIHNOW,2,2
54504,HAQFIR,3,3
54505,VOTYOU,3,3
54506,TECCAI,3,3
54507,NAKNAQ,3,3
54508,LESFEV,2,2
54509,ZIGPEK,2,2
54510,VIRTIC,3,3
54511,DOLWIN,3,3
54512,VEJDOG,2,2
54513,YAJDOF,2,2
54514,POSLIV,3,3
54515,LICYUT,1,1
54516,TUMXAA,1,1
54517,SETNIQ,2,2
54518,PADROB,1,1
54519,HUPTEU,1,1
54520,YISZAF,1,1
54521,VEXTOL,1,1
54522,IKIFAL,2,2
54523,BUCOFE,2,2
54524,NEYVUI,3,3
54525,UDOPAE,3,3
54526,NIRGOK,3,3
54527,LUTCOU,3,3
54528,KIPSEH,3,3
54529,DAJRAK,3,3
54530,LIGWEE,3,3
54531,HAQVON,2,2
54532,EZOQAN,3,3
54533,DABXIO,3,3
54534,HAKKAG,3,3
54535,NAPNEB,1,1
54536,IVIQUB,3,3
54537,ROGHAW,3,3
54538,ZECGAS,3,3
54539,FAHCIA,2,2
54540,AMXPPD,3,3
54541,GOSREN,2,2
54542,WEHWUE,1,1
54543,JAMMUJ,1,1
54544,OHUPUD,3,3
54545,QUNVEA,2,2
54546,SIMDAV,2,2
54547,ACIFEY,3,3
54548,MIKZUE,3,3
54549,DEDZUJ,1,1
54550,YUHSAW,2,2
54551,QEPBIW,1,1
54552,XAJJAU,2,2
54553,AKEMUY,2,2
54554,EMINUK,3,3
54555,JAKKIT,1,1
54556,PUYKUQ,3,3
54557,OWELEI,3,3
54558,KIMPAX,3,3
54559,SATJIJ,3,3
54560,NITTIT,3,3
54561,WEVJEN,3,3
54562,ESIZUB,2,2
54563,ILUTIT,3,3
54564,JINREH,1,1
54565,COCXAU,2,2
54566,FECHAW,2,2
54567,ESEKUI,3,3
54568,QIZRID,1,1
54569,MEPHUN,3,3
54570,IHOFUH,3,3
54571,TOHBUQ,2,2
54572,REHLUO,1,1
54573,IRUPOA,3,3
54574,JAYLIE,1,1
54575,DUGHAQ,3,3
54576,WIGZAN,1,1
54577,CIXHIC,3,3
54578,OHEDOW,3,3
54579,VUPKIA,1,1
54580,FOSREN,2,2
54581,SULYED,2,2
54582,NOJREK,3,3
54583,AQACAY,2,2
54584,SEWNUE,1,1
54585,KIVPEK,2,2
54586,XECNAU,2,2
54587,CIVQEG,3,3
54588,DIGQAP,1,1
54589,TUJCUZ,1,1
54590,MTPAPT,3,3
54591,FEVFIZ,1,1
54592,JOMWOX,1,1
54593,TEDSEC,3,3
54594,GEYWUE,2,2
54595,WUHNOD,1,1
54596,FEZWIQ,2,2
54597,ZAMKAD,1,1
54598,CUHXIN,3,3
54599,QENNUT,3,3
54600,RIHFUJ,2,2
54601,OHEREY,3,3
54602,BEPXEA,1,1
54603,YABXOS,1,1
54604,DOGYIH,3,3
54605,XAWVEA,1,1
54606,QITMIR,3,3
54607,XIGHIE,3,3
54608,TIWZAD,3,3
54609,HILKOC,1,1
54610,BAJVIV,1,1
54611,BUWZID,3,3
54612,ZIPPOD,3,3
54613,WIHVEQ,1,1
54614,YOQJAR,1,1
54615,XABQEY,3,3
54616,HAVNIE,2,2
54617,BELVOH,1,1
54618,SUGNIT,2,2
54619,VEKFEY,3,3
54620,YAKFEX,3,3
54621,QECGAG,2,2
54622,ZAZQUM,3,3
54623,MUVTAA,3,3
54624,GUBFIV,1,1
54625,BARQUH,1,1
54626,XIRFAH,2,2
54627,CEVPUS,1,1
54628,KUQHOW,1,1
54629,WAWBAX,1,1
54630,EDIBUR,2,2
54631,PIXREU,3,3
54632,OFUWUI,2,2
54633,NENZIQ,2,2
54634,FEWZIT,3,3
54635,CAGSIM,3,3
54636,REKZAJ,1,1
54637,VIYDAJ,2,2
54638,DUMLIH,3,3
54639,LUSKOB,2,2
54640,YUBGOR,2,2
54641,CEZVUB,3,3
54642,IVIREM,1,1
54643,LEYLAC,2,2
54644,NAPMUM,3,3
54645,ENIBEK,3,3
54646,QIDBEL,3,3
54647,VAPNUY,3,3
54648,RECGIT,1,1
54649,RUWFAS,2,2
54650,FEHJUY,2,2
54651,GAYWAH,2,2
54652,XORVOR,3,3
54653,YECVEH,1,1
54654,EXEFAP,1,1
54655,DIHTOE,2,2
54656,XIGMUX,3,3
54657,ALOPAS,3,3
54658,GITSEJ,1,1
54659,VAPBAQ,3,3
54660,LIGXAB,3,3
54661,POZSII,1,1
54662,FIRGES,2,2
54663,ZILWOG,1,1
54664,POSVUO,2,2
54665,RAZBIF,1,1
54666,ABIKAY,2,2
54667,VANJID,3,3
54668,IKOCOB,3,3
54669,FUVGUY,2,2
54670,DISQUT,3,3
54671,ZOMJOD,3,3
54672,RASPUZ,3,3
54673,BINPUK,3,3
54674,LIPBUK,3,3
54675,MATSIL,2,2
54676,YIDZIV,3,3
54677,TOQKUF,1,1
54678,QIWMUF,2,2
54679,REKVUB,2,2
54680,TORYUU,2,2
54681,SIPHAA,2,2
54682,ABOSUH,2,2
54683,WUSHEZ,3,3
54684,DILQOE,3,3
54685,AGEBIA,3,3
54686,VILSEQ,1,1
54687,QOXBIP,2,2
54688,FICREQ,3,3
54689,EGOLOE,1,1
54690,VAXXOI,1,1
54691,BENGOQ,2,2
54692,SEKCOC,3,3
54693,TUKZII,2,2
54694,VUHDUA,1,1
54695,QEWTAO,2,2
54696,FOQBOC,2,2
54697,CIWDOC,3,3
54698,YOVMEB,2,2
54699,TONKOW,2,2
54700,FIVBES,2,2
54701,ZUZKIQ,3,3
54702,OGOMEE,3,3
54703,BEBXAI,2,2
54704,CIJPIV,3,3
54705,XEZYIM,2,2
54706,QOJBOG,1,1
54707,IQATID,3,3
54708,ADURAS,3,3
54709,YAZZOP,2,2
54710,LUVTAA,1,1
54711,BICPIM,2,2
54712,HISYIU,3,3
54713,WERLUA,3,3
54714,MAHZEC,3,3
54715,ECEJIJ,1,1
54716,KIVSUD,2,2
54717,NUJCOM,2,2
54718,IWEJUP,3,3
54719,DUZDAF,3,3
54720,WIYDAJ,3,3
54721,XUTGUO,2,2
54722,SOPHIP,3,3
54723,PUYXAJ,3,3
54724,QIZTEA,3,3
54725,JEVJAZ,1,1
54726,OWEJIL,3,3
54727,GEYMIK,1,1
54728,ROFXUF,3,3
54729,NUXMEA,3,3
54730,LUTRAU,3,3
54731,TAHRUQ,3,3
54732,PAKYOS,2,2
54733,SAQTOU,3,3
54734,JOZNIV,3,3
54735,KIRSIN,2,2
54736,NEWKOS,2,2
54737,MULYIC,3,3
54738,CIWQUU,2,2
54739,BEKFIJ,2,2
54740,JISWOB,1,1
54741,WATNIS,1,1
54742,OFOXEO,2,2
54743,HEYPEG,2,2
54744,VIVYIJ,3,3
54745,QAMTAC,3,3
54746,TAHNEZ,1,1
54747,AYIBUI,1,1
54748,DIPXAB,3,3
54749,CUKMOL,2,2
54750,UZITUT,3,3
54751,QUYTUB,2,2
54752,TIFVOX,1,1
54753,WUWCIA,3,3
54754,NULNAJ,1,1
54755,XEVZUV,1,1
54756,SIZDIQ,1,1
54757,VICNON,3,3
54758,VECREE,1,1
54759,LUMMIS,1,1
54760,KIHPOH,2,2
54761,QOVROI,2,2
54762,QUBFOI,3,3
54763,GUSZAV,3,3
54764,PAQZIU,1,1
54765,UDOFIC,1,1
54766,TEBDUB,3,3
54767,HUBLEW,2,2
54768,UKAYUB,3,3
54769,EWUDOR,3,3
54770,JAMWID,2,2
54771,XATXUN,2,2
54772,INUTUH,2,2
54773,KEBNAH,2,2
54774,ZOMHUH,3,3
54775,ZUKGER,2,2
54776,LERCIY,1,1
54777,UHAZAE,3,3
54778,PABYOH,2,2
54779,EVUHAF,1,1
54780,EGUXIN,2,2
54781,UDESOM,3,3
54782,COGBAF,1,1
54783,BEBQIK,3,3
54784,POGPOQ,2,2
54785,DAKGIG,2,2
54786,FIQBEM,3,3
54787,NAFZOJ,1,1
54788,JAKJAH,1,1
54789,BIYJAU,3,3
54790,WECNUN,2,2
54791,ECOVEY,3,3
54792,QILFAS,3,3
54793,YORHEU,2,2
54794,JONCAQ,2,2
54795,IMEHIR,3,3
54796,KATVIM,3,3
54797,FAKWEW,3,3
54798,XIKWEU,3,3
54799,NIRMUY,2,2
54800,KOFPEC,3,3
54801,ZALHAY,2,2
54802,LIYWOF,1,1
54803,UNOCEG,3,3
54804,ZIRVOP,1,1
54805,ZIRXAC,2,2
54806,WAGZOT,1,1
54807,AZIFEW,3,3
54808,DAVCIN,3,3
54809,SASROV,2,2
54810,UFOYUL,1,1
54811,NEPBEP,2,2
54812,PAGJUC,3,3
54813,KUDQEH,3,3
54814,CIMWON,2,2
54815,ZOVSEI,3,3
54816,VUVNEG,1,1
54817,DOLZUZ,2,2
54818,YETGAG,3,3
54819,VIPJOU,3,3
54820,CIGLEL,3,3
54821,FUSTOE,3,3
54822,GEJYOL,3,3
54823,PIJLIE,3,3
54824,QOQGUA,3,3
54825,SIZVUV,2,2
54826,ZEXHAP,1,1
54827,YIBWEN,3,3
54828,INALEQ,2,2
54829,PAYNEJ,3,3
54830,DEPZOR,1,1
54831,LABFED,1,1
54832,ACIWER,3,3
54833,GACTIR,1,1
54834,WAWKEN,1,1
54835,RURNAV,2,2
54836,SIWFAG,3,3
54837,SOTQUO,3,3
54838,GICBON,1,1
54839,VOYJIC,2,2
54840,KAFVAQ,3,3
54841,WISHEN,1,1
54842,XUMJOE,1,1
54843,DAQSAP,1,1
54844,YOTKIB,1,1
54845,CIHVEV,3,3
54846,KUVSUP,3,3
54847,NIJCOY,3,3
54848,LOXSOG,1,1
54849,QAXFUQ,2,2
54850,AFUQAT,2,2
54851,ICUVAD,3,3
54852,VUCGEG,2,2
54853,QOKMUY,1,1
54854,KOCFOA,2,2
54855,WAQXAN,1,1
54856,TOBMAZ,2,2
54857,BIXKUO,1,1
54858,YIZKAV,3,3
54859,JIVFAY,2,2
54860,EMICEK,3,3
54861,APUMON,2,2
54862,HELGOW,2,2
54863,SOPTUO,1,1
54864,FULMUV,3,3
54865,TAMZUC,3,3
54866,JUQVID,1,1
54867,RUGWIA,3,3
54868,TAGZIL,2,2
54869,PIKDUJ,2,2
54870,CUHDUF,2,2
54871,GUHSAD,2,2
54872,EJENEN,3,3
54873,KELLUJ,1,1
54874,VOTQAW,1,1
54875,UCUPIU,3,3
54876,FAFWUE,1,1
54877,ETOTUD,2,2
54878,VAQXAN,1,1
54879,ERULOV,1,1
54880,RIPXIA,3,3
54881,YIPGIQ,2,2
54882,TABLOZ,1,1
54883,VINGUV,1,1
54884,YARBUO,2,2
54885,XISGUE,3,3
54886,WOHXOG,2,2
54887,QABGIL,3,3
54888,MOSRIY,1,1
54889,PAPYEK,2,2
54890,SURNAV,2,2
54891,MONFOL,2,2
54892,QAHGUC,2,2
54893,QOSDEK,1,1
54894,ICEYOE,1,1
54895,QARTUY,2,2
54896,ZIHBEX,3,3
54897,URUWAG,3,3
54898,MEFYOO,2,2
54899,RUJRIZ,2,2
54900,RAVSEN,3,3
54901,IRIQOS,1,1
54902,DIYZUI,1,1
54903,KUVQOK,1,1
54904,DIMKOZ,1,1
54905,REFVEG,3,3
54906,YAJRIK,1,1
54907,PESFOI,2,2
54908,IJULIL,1,1
54909,GACMED,1,1
54910,XIKWIA,3,3
54911,GELDIK,2,2
54912,GULZUL,1,1
54913,DUBFOY,1,1
54914,WEDLAW,1,1
54915,ZEHYIU,1,1
54916,MUSPUL,3,3
54917,XEXQIA,3,3
54918,PECNEQ,2,2
54919,BIZQEG,2,2
54920,LIGFEN,1,1
54921,ASEVUR,3,3
54922,OBOKIZ,3,3
54923,LEZNIP,3,3
54924,TUVBUH,2,2
54925,DEBCES,3,3
54926,MEYNUD,1,1
54927,LIWNOV,3,3
54928,MASSEF,1,1
54929,SOHJEG,3,3
54930,YAYSUM,2,2
54931,JACGAV,3,3
54932,BIWCEQ,2,2
54933,FUDNUP,2,2
54934,OLUPOB,3,3
54935,XEKKAB,2,2
54936,QEVBUO,2,2
54937,HAVYEK,3,3
54938,ACOJOV,1,1
54939,AHIYAS,1,1
54940,VUVWER,1,1
54941,GEYZER,2,2
54942,LULGOP,2,2
54943,SAGMUJ,2,2
54944,GEZHEA,3,3
54945,CIRREA,3,3
54946,EMAWEW,3,3
54947,QEWZAW,2,2
54948,MIJJOH,2,2
54949,NOQMOW,3,3
54950,ECIBIC,3,3
54951,XIZGUI,2,2
54952,LUWBUA,2,2
54953,KADKUW,1,1
54954,FEFXEX,1,1
54955,VURYUC,2,2
54956,GAXJEY,1,1
54957,TIYMOG,3,3
54958,LIVCAX,2,2
54959,BUFXEH,3,3
54960,OXOKOC,2,2
54961,NIVFUV,2,2
54962,JAYJIC,1,1
54963,IJIKIX,2,2
54964,OBEYIE,2,2
54965,LENTAZ,2,2
54966,MOCMAS,2,2
54967,JIYRAL,2,2
54968,TAYRAN,3,3
54969,GIGPOC,1,1
54970,FUBVAA,3,3
54971,YOYKUS,3,3
54972,ZUZBOO,1,1
54973,FABWIO,2,2
54974,MUDZEQ,3,3
54975,GAVZAH,3,3
54976,WEHZER,2,2
54977,TERWET,1,1
54978,LAVKOK,2,2
54979,YOZNUZ,1,1
54980,LICMIU,3,3
54981,QAQJAU,2,2
54982,ACOMIP,1,1
54983,GESFIV,3,3
54984,OCOYOV,3,3
54985,GIKXAA,1,1
54986,OCUJOL,2,2
54987,GAFRIO,3,3
54988,XENZAR,1,1
54989,OJOMIM,1,1
54990,CIZHIF,3,3
54991,COFXAY,2,2
54992,JOLROT,2,2
54993,COFVOJ,3,3
54994,FIZMAC,2,2
54995,NEJVOO,3,3
54996,VURKID,1,1
54997,ASULAE,1,1
54998,LEWNUA,1,1
54999,TOLDIJ,3,3
55000,XALXAJ,3,3
55001,NIQCIB,1,1
55002,YEQXAX,1,1
55003,NEGQUO,3,3
55004,HUGZOB,1,1
55005,OXAKOQ,1,1
55006,LAFZIE,2,2
55007,LISRAH,3,3
55008,GERRIF,3,3
55009,PEKZEM,3,3
55010,HEXMAA,2,2
55011,PIKFOF,3,3
55012,XEWBOR,3,3
55013,XENMAH,3,3
55014,DIGLUD,3,3
55015,TESHUU,3,3
55016,DUXBON,1,1
55017,AGEBEU,3,3
55018,YOJXUR,1,1
55019,NOBYIP,1,1
55020,GITCOB,3,3
55021,WOCGAA,1,1
55022,QAPWIP,3,3
55023,DAPPAM,3,3
55024,GUTMOY,2,2
55025,MIQTAK,2,2
55026,GILCUZ,2,2
55027,ESAZIH,3,3
55028,JIZGEF,2,2
55029,IREYAF,1,1
55030,FUGGAQ,3,3
55031,MIFYUX,2,2
55032,FESFIV,2,2
55033,WELFID,2,2
55034,YUZBEC,2,2
55035,AYIGEW,3,3
55036,NUYYIR,3,3
55037,JOCVIJ,3,3
55038,ZOLWIJ,3,3
55039,LILKUP,3,3
55040,WABBIM,1,1
55041,RINNIL,3,3
55042,MIVJIM,3,3
55043,CUTCUR,2,2
55044,JATFAM,1,1
55045,XESGOR,2,2
55046,POCYUE,2,2
55047,PIPHEF,1,1
55048,GARDUZ,3,3
55049,XOYKUS,1,1
55050,YIBKOK,2,2
55051,JUVHUG,1,1
55052,MATHEX,1,1
55053,FOXYAS,2,2
55054,GIXNIO,1,1
55055,IMULOS,3,3
55056,ERUYAR,1,1
55057,ASOSAE,2,2
55058,KUDMOM,2,2
55059,UFAPEZ,1,1
55060,CBYACP,1,1
55061,IFEDON,3,3
55062,SUFJUA,3,3
55063,IHUSAF,2,2
55064,TEVYAW,3,3
55065,NEWYIZ,3,3
55066,XIRJOY,3,3
55067,NERMUW,1,1
55068,IQADUA,3,3
55069,NINHUO,3,3
55070,RIBMAR,3,3
55071,YOZWOA,1,1
55072,XIQVAY,1,1
55073,GOHVOR,3,3
55074,LAFQOY,3,3
55075,UVARIV,1,1
55076,BUYVEX,2,2
55077,IDUJUO,3,3
55078,TAJMAU,2,2
55079,SAGZAB,2,2
55080,DISVIK,2,2
55081,LETLEC,2,2
55082,JURMUG,2,2
55083,OQOZAW,2,2
55084,LIWLAH,2,2
55085,WULCUC,2,2
55086,OVULOJ,1,1
55087,YORTOP,1,1
55088,LUNCAZ,2,2
55089,DOCYOL,3,3
55090,LEDJAH,3,3
55091,MAYJAZ,3,3
55092,RUZQEI,3,3
55093,LILGUJ,1,1
55094,XAMGEY,3,3
55095,DOTMUV,3,3
55096,MEMJAS,3,3
55097,LEQCOC,3,3
55098,GOPJEA,3,3
55099,LERQOP,1,1
55100,DELVIZ,3,3
55101,RAPRIL,3,3
55102,BONGEQ,2,2
55103,RIFHAR,2,2
55104,IGEXEY,2,2
55105,EKOKIZ,2,2
55106,WADHUI,1,1
55107,IQIROQ,3,3
55108,IGURUZ,3,3
55109,AFUSOJ,3,3
55110,FEWJUQ,1,1
55111,RABGUZ,2,2
55112,MIPLAA,2,2
55113,SUKDEK,1,1
55114,LOGTEJ,3,3
55115,LUVVAC,1,1
55116,ILATEV,3,3
55117,JUQJOU,2,2
55118,RAYBOK,3,3
55119,ADUGAK,3,3
55120,XALSEI,2,2
55121,KEQQOO,1,1
55122,TAYWIA,2,2
55123,VOBXER,3,3
55124,MONTEQ,2,2
55125,GIMLUJ,1,1
55126,CAXSIE,2,2
55127,YOSYAI,2,2
55128,RAGDIM,3,3
55129,QUQNAT,2,2
55130,ZEXDOV,2,2
55131,YEXTAY,2,2
55132,OHUMUB,2,2
55133,HALQEQ,2,2
55134,JOTLIQ,1,1
55135,WUPXEK,3,3
55136,ELELAI,3,3
55137,IWAMUR,1,1
55138,LETKAZ,3,3
55139,NECJIR,3,3
55140,JIRFIA,2,2
55141,LUXFER,3,3
55142,SALGUH,1,1
55143,YAMGEY,2,2
55144,WUFQUK,3,3
55145,CEYSOR,2,2
55146,SOMWEZ,3,3
55147,HIJJOB,1,1
55148,LEXZAQ,3,3
55149,ONORIV,1,1
55150,YISWEC,1,1
55151,JODCEO,1,1
55152,QOZTUV,3,3
55153,WIRNOC,1,1
55154,GORGUS,1,1
55155,YILRAP,1,1
55156,OWATEO,1,1
55157,YUWWUI,3,3
55158,QOPTIY,3,3
55159,MEQZAJ,2,2
55160,OZIWEB,2,2
55161,YASZUR,1,1
55162,LOFPAY,2,2
55163,OHOBES,1,1
55164,TIHZAL,3,3
55165,LEBPOB,1,1
55166,RICWOQ,3,3
55167,CIKCUY,1,1
55168,NEDTAT,2,2
55169,XIPLOZ,1,1
55170,LETROS,2,2
55171,JETGIY,2,2
55172,OYEGIJ,3,3
55173,ZALCIY,2,2
55174,DOPSAD,1,1
55175,DAFNEE,1,1
55176,TATLAB,3,3
55177,DOHFAJ,2,2
55178,YIDVEO,3,3
55179,RUZMUU,3,3
55180,BINPOE,3,3
55181,CEHXEW,1,1
55182,FENYIH,2,2
55183,DECKAZ,2,2
55184,YIMQAM,1,1
55185,WEXKUF,3,3
55186,OFADOO,2,2
55187,UWELEP,1,1
55188,YEFYUF,3,3
55189,PIGBAI,2,2
55190,CUGPAV,2,2
55191,DIHTUK,1,1
55192,PUNKEP,3,3
55193,YAKXUF,2,2
55194,YEVJIS,2,2
55195,CEZTUW,3,3
55196,QEHCAJ,3,3
55197,NAQNOI,3,3
55198,FAMVEV,1,1
55199,BUXKOU,1,1
55200,KOKKUQ,1,1
55201,EXIYUF,3,3
55202,SACQOF,3,3
55203,BOVLOO,3,3
55204,POJPIN,2,2
55205,LEHLAN,3,3
55206,KARPOJ,2,2
55207,QOFSUB,2,2
55208,OSONOA,2,2
55209,HOSRIS,3,3
55210,XUJXEF,3,3
55211,DOCNOA,2,2
55212,LEXJEE,1,1
55213,MITYEU,2,2
55214,ALEYOG,2,2
55215,ECUWAB,2,2
55216,HUYWOO,1,1
55217,PUBFUP,1,1
55218,IVOJIM,2,2
55219,VEDGET,3,3
55220,GUWSOG,3,3
55221,EGOLUK,3,3
55222,LAWTIP,3,3
55223,KATMEY,2,2
55224,QIZVEC,3,3
55225,TOFCEY,2,2
55226,VEQWEV,3,3
55227,HIMHUG,1,1
55228,FIDYOG,2,2
55229,GIVPAE,2,2
55230,XEMTEO,1,1
55231,UGEWEJ,3,3
55232,CIGNEN,3,3
55233,HOCMAN,3,3
55234,SUPMIZ,3,3
55235,SILVUE,2,2
55236,XOTBUE,3,3
55237,ASUPEK,3,3
55238,MUQZUU,3,3
55239,IMIKOG,3,3
55240,XANLIK,3,3
55241,PADZUR,3,3
55242,SOCPAF,1,1
55243,DEFTOY,3,3
55244,VIZDEO,3,3
55245,ZOJQAQ,2,2
55246,RIHFOD,2,2
55247,KARRUQ,3,3
55248,NAXNOR,2,2
55249,FOSDUN,2,2
55250,KOCDAH,2,2
55251,TOXRAZ,1,1
55252,YUHWOO,3,3
55253,IFUROQ,3,3
55254,NIKNUR,2,2
55255,KAGBUS,3,3
55256,NIBKIT,3,3
55257,ILEMUJ,2,2
55258,MIDXEG,1,1
55259,ABEXAG,2,2
55260,IGEQOD,1,1
55261,PIMYIT,2,2
55262,TARQIN,1,1
55263,LEMSOM,2,2
55264,VAFLOF,3,3
55265,LUQXON,1,1
55266,QELVEI,3,3
55267,RAGMAO,2,2
55268,XANKOM,3,3
55269,OHUFED,2,2
55270,QAGSAS,1,1
55271,CUXLIS,2,2
55272,UDINAW,2,2
55273,HUZLEV,2,2
55274,TOSZOQ,2,2
55275,OJAVIH,1,1
55276,LEMDOW,2,2
55277,MUYYUD,1,1
55278,NUCTUB,3,3
55279,LITYEU,3,3
55280,ALUXOU,1,1
55281,ECEXOC,1,1
55282,JEJXAA,3,3
55283,GIRLOL,1,1
55284,KARNEZ,2,2
55285,KACGUS,1,1
55286,HECQOW,3,3
55287,RATWEO,2,2
55288,ASADOQ,1,1
55289,ZEQHUY,2,2
55290,FILVUU,2,2
55291,WAQDIC,3,3
55292,OLOQIQ,2,2
55293,XUQZUE,3,3
55294,KANYOQ,2,2
55295,DUZVID,3,3
55296,FEZDIX,3,3
55297,WILFIJ,2,2
55298,HONVEN,2,2
55299,JICCAC,3,3
55300,LORVUL,2,2
55301,OMINAZ,1,1
55302,NERXAJ,2,2
55303,IPOSAI,3,3
55304,SANCAL,3,3
55305,HOTREN,2,2
55306,YISNEV,2,2
55307,ENEQIA,1,1
55308,HUPNOV,1,1
55309,SOMNEO,2,2
55310,XONCEL,3,3
55311,JOTROB,3,3
55312,HEYRIQ,1,1
55313,IDEYEY,3,3
55314,HAJBOM,3,3
55315,PETMEH,1,1
55316,SOQPIZ,2,2
55317,ETESUT,3,3
55318,GARDOT,3,3
55319,SESXUL,3,3
55320,FIPSOM,3,3
55321,PESFUP,2,2
55322,NONDEB,3,3
55323,ADUGOW,3,3
55324,NABDOJ,3,3
55325,KUXJAR,1,1
55326,POYSAX,2,2
55327,OBOGET,3,3
55328,POHXIU,3,3
55329,HEGCOM,2,2
55330,KEXVEQ,3,3
55331,SIWDAE,2,2
55332,FUNLIJ,2,2
55333,IGATAO,3,3
55334,SELHIA,2,2
55335,BAXCAE,3,3
55336,SOWMAV,3,3
55337,HEXFIA,2,2
55338,MORCNI,3,3
55339,UCOHAX,3,3
55340,PEGBUB,2,2
55341,QEGPIE,3,3
55342,GAHBUO,2,2
55343,TUBQOY,2,2
55344,YEQSIX,3,3
55345,ZORDOC,1,1
55346,KOZPUK,2,2
55347,COZQUG,1,1
55348,MAWHUO,3,3
55349,WIHMEF,1,1
55350,JAWXOX,3,3
55351,JOJQUY,1,1
55352,OVILEL,1,1
55353,GILVUU,2,2
55354,ACOJUX,1,1
55355,EHAJIH,3,3
55356,FULJII,1,1
55357,BILQET,3,3
55358,UCUBOK,3,3
55359,EGISIW,2,2
55360,DUFQIG,3,3
55361,ZAWTAS,2,2
55362,WALNEF,2,2
55363,YIBKAW,1,1
55364,APUMUW,1,1
55365,XIWKEV,3,3
55366,YOZNOT,1,1
55367,SEBXOO,2,2
55368,ADINAG,1,1
55369,DAMVAQ,2,2
55370,DULMEC,2,2
55371,NEVMEI,2,2
55372,ILEFIO,2,2
55373,OYORAX,2,2
55374,GECLAD,2,2
55375,REQRAG,1,1
55376,SOKQUG,3,3
55377,LIXHIJ,3,3
55378,LEDMIR,3,3
55379,AZIZAN,1,1
55380,ZOSNEC,2,2
55381,KUGFOK,1,1
55382,GOPXUE,2,2
55383,NOQFEH,3,3
55384,GOSJUV,3,3
55385,NOMQAH,2,2
55386,HUFYUF,1,1
55387,DUBTIG,1,1
55388,UCEVUX,1,1
55389,PADQIW,3,3
55390,WIZJEW,3,3
55391,DOQGOH,3,3
55392,YAFDUH,2,2
55393,FUMNOR,1,1
55394,OVETOZ,3,3
55395,ABEVAH,2,2
55396,QAQFOD,3,3
55397,MOZYAB,3,3
55398,EHUPAB,1,1
55399,ICEYUK,1,1
55400,JIHLIY,2,2
55401,PAFWIC,1,1
55402,LIQVAI,2,2
55403,FAFNAB,3,3
55404,HEKBIM,1,1
55405,DEBQAE,2,2
55406,HUXJIV,2,2
55407,TETQAL,1,1
55408,HIGCUZ,1,1
55409,APUXOA,1,1
55410,AFIXUJ,3,3
55411,BIYQAB,1,1
55412,XAZTUQ,3,3
55413,LIDQAQ,2,2
55414,FITXAI,2,2
55415,XUJFAJ,2,2
55416,VIBVOS,1,1
55417,XEYNAQ,2,2
55418,WOPVAB,1,1
55419,VOVLOH,3,3
55420,KOCTIH,1,1
55421,QOBTAE,3,3
55422,WIDLAY,3,3
55423,UXOJEY,3,3
55424,XILLEK,1,1
55425,QIZQOF,3,3
55426,ALUXAI,3,3
55427,IMESIE,2,2
55428,IGEFAB,3,3
55429,YEDMEA,2,2
55430,UQOWIH,3,3
55431,MUSGOX,1,1
55432,AQUSEL,3,3
55433,NOPNUD,2,2
55434,FOYJIN,1,1
55435,NIBRIA,1,1
55436,ZOKGUF,1,1
55437,OLUKAI,3,3
55438,NENSUV,1,1
55439,XAJWOX,3,3
55440,ZECXUE,1,1
55441,DAMFEE,2,2
55442,VEWQUK,3,3
55443,TOTZAD,2,2
55444,VUNNIE,1,1
55445,CIYJUP,2,2
55446,BOFTOH,2,2
55447,LARLOI,1,1
55448,ZEPYIC,3,3
55449,QIHVOW,1,1
55450,GEYXEP,3,3
55451,QAYKAF,2,2
55452,SIBCAJ,2,2
55453,ROSQOH,3,3
55454,MICVEA,2,2
55455,URIKOX,1,1
55456,WEBDIT,3,3
55457,USIKUD,2,2
55458,KUMCON,1,1
55459,LOTNAJ,3,3
55460,LEVDEX,2,2
55461,COCKAK,1,1
55462,VUGPAQ,3,3
55463,HUQJIM,3,3
55464,DAKYUM,3,3
55465,XAXYEC,2,2
55466,PILSOW,1,1
55467,POWDAG,2,2
55468,WAPWOB,2,2
55469,XEGTUC,1,1
55470,LIGSEA,3,3
55471,XOXFAS,2,2
55472,KIPWEL,2,2
55473,VAVMAH,2,2
55474,HIBRUJ,1,1
55475,DEDRAF,1,1
55476,LALSEY,2,2
55477,NADWIB,1,1
55478,VAKWIN,3,3
55479,ACUYUU,3,3
55480,NETLAD,1,1
55481,EXACUB,1,1
55482,LUWBOX,1,1
55483,KIHLIY,2,2
55484,PULDAE,1,1
55485,DEGWAO,3,3
55486,INIJOG,3,3
55487,HOPYIU,3,3
55488,FIKZAC,3,3
55489,CUMWUC,3,3
55490,GAJQOZ,3,3
55491,DEKFAD,1,1
55492,RIZFEP,1,1
55493,KAWQEE,2,2
55494,BAFKIG,1,1
55495,FIGKAH,3,3
55496,CUXGUA,1,1
55497,PIJNED,1,1
55498,HOXZID,3,3
55499,QUNBAF,1,1
55500,PIKJAW,3,3
55501,JIJJIZ,1,1
55502,FEWVIN,3,3
55503,BOYXAQ,3,3
55504,LODVOQ,2,2
55505,LUDSUB,1,1
55506,HAYHAR,3,3
55507,WOMBEH,2,2
55508,EHAZOC,3,3
55509,FEJLAH,1,1
55510,ROLSOB,1,1
55511,GOXGEH,3,3
55512,GIFFOQ,3,3
55513,BEMGEH,2,2
55514,FICNAH,2,2
55515,COFTOH,3,3
55516,CICKIM,1,1
55517,PESCIZ,2,2
55518,SAWNUZ,2,2
55519,TEDYIK,2,2
55520,HUHBAQ,1,1
55521,WIXBIO,2,2
55522,QEPCUN,1,1
55523,DOHXED,3,3
55524,ZOXFIB,2,2
55525,ROCYER,1,1
55526,MAWSAH,3,3
55527,ULIFAZ,1,1
55528,UQUSIJ,3,3
55529,WOVNUQ,2,2
55530,WUBZUQ,1,1
55531,XETLEQ,2,2
55532,VOXREH,1,1
55533,ULEYOB,1,1
55534,KIJJIX,3,3
55535,AVIVOS,3,3
55536,VEZXAZ,1,1
55537,YODMUZ,2,2
55538,PECBIJ,1,1
55539,GITTUC,1,1
55540,POYJOD,3,3
55541,UPIFOR,1,1
55542,HIJTID,3,3
55543,SUNROK,1,1
55544,UKUMET,2,2
55545,BIZJIF,3,3
55546,TEVPET,1,1
55547,JUTKEO,3,3
55548,PUBDAU,1,1
55549,YEXZAC,3,3
55550,JAZSAE,2,2
55551,VUFMIV,1,1
55552,LACNOS,1,1
55553,UJUHAJ,3,3
55554,UKAWOV,1,1
55555,TEXYOL,3,3
55556,ERULUZ,1,1
55557,NASHAT,3,3
55558,XEYNAS,3,3
55559,MEHBAC,2,2
55560,HIWPIM,2,2
55561,ROMGOP,2,2
55562,RADQAQ,1,1
55563,VUHCEH,2,2
55564,VEYTIF,3,3
55565,FAXFIU,2,2
55566,RONLAJ,2,2
55567,BOXLAC,1,1
55568,SANMOJ,1,1
55569,XECJAS,1,1
55570,GUSZUQ,2,2
55571,XOHGAC,3,3
55572,SUBDIF,1,1
55573,YEFLAY,3,3
55574,ROBSOR,2,2
55575,TCFCPC,2,2
55576,EGEGUT,2,2
55577,LIHYOQ,3,3
55578,IBALII,3,3
55579,WUQKOK,3,3
55580,HUJSAJ,1,1
55581,LOPROA,2,2
55582,REZDEI,3,3
55583,EZIVAK,3,3
55584,LOKLAB,2,2
55585,UROFAJ,2,2
55586,TIRKUD,3,3
55587,WUFDAC,3,3
55588,GEFZEX,2,2
55589,BAPYOH,2,2
55590,JEDOOW,1,1
55591,LAWDAR,3,3
55592,YIYWUZ,3,3
55593,XIZWIN,3,3
55594,IMUBOI,1,1
55595,YOHNIV,3,3
55596,UTAXAQ,3,3
55597,ZEQJOW,1,1
55598,ZITNOF,3,3
55599,KITREN,3,3
55600,CIHDAB,2,2
55601,OYOKOD,2,2
55602,LAWSAH,1,1
55603,QOZVAD,3,3
55604,GUFQAA,1,1
55605,GOQYOA,3,3
55606,ZAPCAU,1,1
55607,PUPXUV,3,3
55608,LEWPEJ,3,3
55609,LENQEC,1,1
55610,XEVJER,1,1
55611,KESNOL,2,2
55612,HOPYIW,3,3
55613,AZISIN,3,3
55614,KAZMIJ,1,1
55615,SAQVAI,3,3
55616,MIHWAB,3,3
55617,FAYBOY,2,2
55618,YABTOK,2,2
55619,QELQON,3,3
55620,ZEVSAW,2,2
55621,OYUHIB,2,2
55622,JATDAM,3,3
55623,COCGUA,1,1
55624,ZOGCON,1,1
55625,SOTFOY,2,2
55626,GITVOX,2,2
55627,RANTAC,3,3
55628,VESQIT,3,3
55629,FIGROC,3,3
55630,XAXYEA,2,2
55631,YURSAF,2,2
55632,EBOHAE,3,3
55633,VEKDIZ,3,3
55634,VADMEU,3,3
55635,VORPAT,3,3
55636,KELKIW,3,3
55637,IHUZER,3,3
55638,SAJFAN,3,3
55639,XUKBEL,3,3
55640,NOKRAI,3,3
55641,DARCAC,1,1
55642,ITERAB,2,2
55643,WAYGIP,1,1
55644,TUGPIW,2,2
55645,GOXNOW,2,2
55646,OLEZEM,2,2
55647,CEFJUT,2,2
55648,DIFQER,3,3
55649,UJAKEV,2,2
55650,RAXZUM,3,3
55651,SEKXOV,3,3
55652,KILLUQ,1,1
55653,SIMNOT,2,2
55654,VORGAN,1,1
55655,PACHEJ,3,3
55656,WAKGOG,1,1
55657,HUMZIA,3,3
55658,ZIZWAJ,1,1
55659,UNAFOG,2,2
55660,MEZLIP,3,3
55661,TUKHAI,2,2
55662,WUHDAF,3,3
55663,WICRIJ,3,3
55664,GASNEV,1,1
55665,TEWMOY,1,1
55666,XAWSOD,1,1
55667,NICCUY,1,1
55668,QAZPIU,1,1
55669,LAXKUU,1,1
55670,PAYPUA,2,2
55671,IPOSAK,1,1
55672,ZIQXIG,1,1
55673,WAZROE,3,3
55674,REDYUU,3,3
55675,COLVII,1,1
55676,TACCAC,3,3
55677,VOZSAE,3,3
55678,CEHXIA,1,1
55679,QEFTOK,3,3
55680,KATJOI,1,1
55681,BOSCIY,3,3
55682,ZITLUJ,3,3
55683,UMAPAA,3,3
55684,PADQIU,1,1
55685,EZOKIP,3,3
55686,DEJBEB,2,2
55687,ABATED,2,2
55688,LADGEG,1,1
55689,QAMFIT,3,3
55690,KIQDAP,2,2
55691,KEQVEH,3,3
55692,WEVGOU,3,3
55693,NEJMAQ,1,1
55694,QIWCOR,2,2
55695,XIDHAV,1,1
55696,MESRAD,1,1
55697,KOPYAS,1,1
55698,TUZMEH,2,2
55699,BOFJEM,2,2
55700,IDOKES,3,3
55701,BUWHAD,3,3
55702,XUVHII,1,1
55703,ZUVDUR,1,1
55704,EBECOD,1,1
55705,LIYRET,3,3
55706,MOCTUV,1,1
55707,LUNSIX,3,3
55708,ASBCUA,1,1
55709,GUXNIY,3,3
55710,IFIBAA,3,3
55711,SACQAO,2,2
55712,BAKKUT,3,3
55713,TACXUQ,2,2
55714,YASVOD,3,3
55715,FUHXIQ,3,3
55716,EPIMEW,1,1
55717,MEBNIS,3,3
55718,ETEVIK,3,3
55719,SEHCEO,3,3
55720,RAJFAN,1,1
55721,POYHUH,3,3
55722,JILPEZ,3,3
55723,NIPPUX,1,1
55724,DEQLOB,2,2
55725,ADAMAT,1,1
55726,QOBDES,3,3
55727,ODELAN,2,2
55728,BOLVII,3,3
55729,NOYREA,3,3
55730,NENFOB,3,3
55731,EXUKAM,1,1
55732,EWOKIL,3,3
55733,DOWFUR,2,2
55734,HIVTOV,2,2
55735,HEPBOT,3,3
55736,PERRUB,3,3
55737,KUCTOS,3,3
55738,NEMMAX,1,1
55739,MASQEF,3,3
55740,QOBSEI,3,3
55741,VUJYUW,1,1
55742,HEYKEE,2,2
55743,SONBON,3,3
55744,IDOWUX,1,1
55745,SIQNIQ,3,3
55746,SELHEW,2,2
55747,FOXGII,3,3
55748,TEBMES,3,3
55749,YIXHIX,2,2
55750,AWUTER,3,3
55751,CPZRBZ,1,1
55752,MACYAU,1,1
55753,LADBUN,3,3
55754,CCLMIP,3,3
55755,TAZKEK,3,3
55756,GAWKIB,2,2
55757,JIQQUZ,1,1
55758,DEDROX,1,1
55759,KUZBAK,3,3
55760,BANXAT,1,1
55761,DURBEY,2,2
55762,VAVMOV,1,1
55763,FURLAF,2,2
55764,YAMWAO,1,1
55765,LUXVAD,3,3
55766,ZECMAZ,1,1
55767,OJOHAW,1,1
55768,TIBFOB,1,1
55769,SACQOD,3,3
55770,XINDEE,2,2
55771,SUJLUE,3,3
55772,HUNHEF,3,3
55773,COFTAV,1,1
55774,DALWUI,2,2
55775,PRACFE,1,1
55776,WADCEM,2,2
55777,NAESCO,2,2
55778,SIPQUD,3,3
55779,GUSXAV,3,3
55780,HIQCAN,1,1
55781,IGUWIR,2,2
55782,AHAZUE,3,3
55783,JOFREC,2,2
55784,XUHWOM,1,1
55785,GAQFEM,2,2
55786,PEXBAZ,1,1
55787,UDODIC,2,2
55788,UDESUV,1,1
55789,PUHXAR,1,1
55790,FEKMUG,2,2
55791,ULAPUV,1,1
55792,UWUJAY,3,3
55793,EGICAB,2,2
55794,TIFCOB,2,2
55795,QUSVIM,1,1
55796,CEXPOM,3,3
55797,WIBHIB,1,1
55798,NIMZUI,1,1
55799,ATUROW,3,3
55800,NURSIE,1,1
55801,KUTREZ,1,1
55802,YOWGUN,3,3
55803,COBXIC,3,3
55804,SOTVEF,2,2
55805,KAMKAK,2,2
55806,ECEXOA,3,3
55807,TOCREK,3,3
55808,VITZOO,1,1
55809,BOWVAN,1,1
55810,ZERTUP,1,1
55811,XOQQOL,2,2
55812,ODEREU,3,3
55813,KADLEI,3,3
55814,USAQUB,1,1
55815,BUVRAL,2,2
55816,COVKIK,1,1
55817,ORAREF,2,2
55818,OSOPES,2,2
55819,CORPAD,3,3
55820,XOBKEG,3,3
55821,MUXVAD,3,3
55822,XANRAF,2,2
55823,HAFZIZ,1,1
55824,VIFZIX,1,1
55825,YEGMUT,3,3
55826,NOSNEQ,3,3
55827,EGIXUP,3,3
55828,EBAVEL,3,3
55829,LERXEO,3,3
55830,WEBCAL,1,1
55831,KEYKAB,3,3
55832,HEWYUD,1,1
55833,DIQYAH,1,1
55834,TIYXAA,2,2
55835,GENYIJ,3,3
55836,XIYNUO,3,3
55837,LUTKUG,2,2
55838,DEVKEY,1,1
55839,BEXPOM,3,3
55840,KEQHAS,1,1
55841,EQOLIG,1,1
55842,XEDJOF,1,1
55843,RAGSIB,3,3
55844,CINPOG,3,3
55845,EMIDUB,3,3
55846,UZISII,1,1
55847,KEVVIU,1,1
55848,SASGOL,2,2
55849,LUSWEE,1,1
55850,KUDSEH,3,3
55851,YIMVEV,1,1
55852,ROPZOL,3,3
55853,UWEKAK,1,1
55854,XAPJOO,1,1
55855,FEPVEF,1,1
55856,ILOMIG,3,3
55857,OLUKOW,3,3
55858,VIDYUF,3,3
55859,ESOVIU,1,1
55860,IFUKAZ,1,1
55861,QUNKER,2,2
55862,CUHCEO,2,2
55863,DOTXOB,2,2
55864,LEJJAO,1,1
55865,FEYQAD,3,3
55866,CAPWOG,1,1
55867,RAPRIN,1,1
55868,RIHDUJ,3,3
55869,KAJPUG,3,3
55870,EBAQAB,1,1
55871,JEDFII,3,3
55872,BECNAY,1,1
55873,PUHFIJ,3,3
55874,PYTCIR,2,2
55875,UNEXUI,3,3
55876,BEZXAJ,1,1
55877,CUWJUC,1,1
55878,FEHTER,3,3
55879,OEDTAV,1,1
55880,SUQNIE,1,1
55881,MAYJAX,1,1
55882,VORRUS,2,2
55883,XUKBIO,2,2
55884,LUHGEB,3,3
55885,YORTOR,3,3
55886,JEWGUO,2,2
55887,UMEBOG,1,1
55888,HIZKOR,3,3
55889,KEQSUV,3,3
55890,MOCFER,3,3
55891,NIBREW,3,3
55892,SOWMOH,1,1
55893,QOZQII,1,1
55894,HIDMIT,3,3
55895,KIGHAN,1,1
55896,JAYHEW,1,1
55897,SOGNUA,3,3
55898,FAWREC,3,3
55899,ABAZEK,3,3
55900,KICSIA,3,3
55901,TUXKIH,2,2
55902,CEMNAK,2,2
55903,QAXXIY,1,1
55904,SUKMOC,3,3
55905,AMOPAT,1,1
55906,ABETUZ,1,1
55907,XUVFIF,1,1
55908,QIQPEN,3,3
55909,QERPAE,3,3
55910,RUVKUQ,3,3
55911,NADPAM,1,1
55912,VUJKES,3,3
55913,TAQMED,2,2
55914,KIYWIA,1,1
55915,LALVUR,2,2
55916,VEJYOC,1,1
55917,GITQEJ,1,1
55918,HAHTES,3,3
55919,ULUTUS,1,1
55920,UXEFAH,1,1
55921,HOWNEP,1,1
55922,LOCFER,2,2
55923,LALTOI,1,1
55924,WOGBUQ,1,1
55925,DURRAM,1,1
55926,JODCEM,2,2
55927,VAVSEQ,3,3
55928,BICLAB,1,1
55929,WADZIL,3,3
55930,LUXFEP,2,2
55931,HUGTUA,2,2
55932,KATJAU,1,1
55933,KEGTIZ,2,2
55934,LETKAX,3,3
55935,ZUQXIS,3,3
55936,IFUBIX,3,3
55937,JIQTIP,1,1
55938,EVEGUK,1,1
55939,QOBSIJ,2,2
55940,FICPEQ,1,1
55941,VORPOH,3,3
55942,PIKCET,3,3
55943,SEQROY,3,3
55944,TOWFAM,2,2
55945,HOBBUY,3,3
55946,UFANOH,1,1
55947,POWQUO,3,3
55948,ZUSLUW,2,2
55949,FEKHIM,1,1
55950,GOXNAK,2,2
55951,RUSZUA,2,2
55952,ADUPAS,2,2
55953,ROJPAH,3,3
55954,GOVBUQ,2,2
55955,ZERHEL,3,3
55956,REWQOZ,2,2
55957,FOHVOP,3,3
55958,TUYVAM,3,3
55959,JUDTAF,3,3
55960,YIGTAJ,1,1
55961,MARKEY,1,1
55962,MANROJ,1,1
55963,QOYZEL,3,3
55964,WEFQAA,1,1
55965,BEMNAK,3,3
55966,HEDFAZ,1,1
55967,HOCZAA,3,3
55968,REXROB,3,3
55969,VIQYEB,2,2
55970,JELGEN,1,1
55971,IHUDUL,3,3
55972,EBECUJ,1,1
55973,MEJJUJ,1,1
55974,VINROB,1,1
55975,QUXYUE,2,2
55976,SISMOA,1,1
55977,RULXAY,3,3
55978,EHURAB,2,2
55979,DIGWAT,3,3
55980,YOZNUX,3,3
55981,XECHAQ,3,3
55982,AWENEW,3,3
55983,JUKRIQ,1,1
55984,RACMIU,2,2
55985,QOSJIR,1,1
55986,UWALOU,2,2
55987,ZACLIY,1,1
55988,UVUSAI,1,1
55989,JAKJOV,1,1
55990,HEVCOB,1,1
55991,COQNAZ,2,2
55992,VUPMIE,3,3
55993,HOTGEC,1,1
55994,NIMZAL,2,2
55995,BANDEZ,3,3
55996,IZOSIC,1,1
55997,KALHUD,1,1
55998,OHEBOS,1,1
55999,JOPRIS,2,2
56000,AHEVIU,2,2
56001,PIMBIA,1,1
56002,PITDON,3,3
56003,JUPPUF,3,3
56004,NUGJUW,1,1
56005,JODDUF,1,1
56006,KESNUU,3,3
56007,CMNMVK,2,2
56008,AXIREH,1,1
56009,RAQJID,3,3
56010,QELFUM,1,1
56011,POVRAW,2,2
56012,IGOZUB,2,2
56013,NEMCUE,2,2
56014,IJOFEU,3,3
56015,HOKKIE,1,1
56016,FISTOS,3,3
56017,TOPCIK,2,2
56018,BUKCOA,2,2
56019,HAFFOK,3,3
56020,CIYHUP,3,3
56021,LARYOS,3,3
56022,YAZTOJ,2,2
56023,XAPQOX,3,3
56024,YIZBIV,3,3
56025,LASXUB,3,3
56026,BOSQOP,3,3
56027,QAHBIK,2,2
56028,NAYCUL,1,1
56029,IWEDUJ,3,3
56030,AHEFOI,3,3
56031,QALYAD,1,1
56032,RABKUB,1,1
56033,NOCCEN,2,2
56034,KIYRAN,3,3
56035,QIXRIC,1,1
56036,QUVREF,2,2
56037,CEZSEI,2,2
56038,KOXXAW,1,1
56039,SIHZIW,1,1
56040,HUXMUK,3,3
56041,QABYAV,3,3
56042,REHXIL,2,2
56043,JAHQEO,3,3
56044,UMOBEE,3,3
56045,CIVPAZ,2,2
56046,GEGROZ,2,2
56047,FAMQUH,2,2
56048,NUYYIP,1,1
56049,KASJUN,1,1
56050,WUBCAA,1,1
56051,VAQQIN,1,1
56052,QOQKOW,1,1
56053,ROKHAB,3,3
56054,LEGZOP,2,2
56055,SEWZIF,3,3
56056,JUXVIJ,3,3
56057,DORPIJ,2,2
56058,PADTOF,3,3
56059,OKAQAU,3,3
56060,ROGWOZ,1,1
56061,NURXON,2,2
56062,TIVLUF,1,1
56063,PIJLED,1,1
56064,VILTOA,3,3
56065,MBZPSP,3,3
56066,FEQRUP,2,2
56067,OQEHUO,2,2
56068,TEZDAD,1,1
56069,EQAPOD,2,2
56070,FAGVOA,2,2
56071,JOGSIH,3,3
56072,SUHDOP,3,3
56073,XABTUR,2,2
56074,MPTCNI,1,1
56075,XIYPIE,2,2
56076,ZAXKIS,2,2
56077,CAWYUX,2,2
56078,DAQCEF,1,1
56079,XIJQUC,2,2
56080,GOYHIN,3,3
56081,QAVMEG,2,2
56082,TIFVAF,3,3
56083,MARNOI,3,3
56084,XUXDEB,1,1
56085,PEWZAU,3,3
56086,WANZAQ,1,1
56087,TATYOD,2,2
56088,IFODEN,1,1
56089,FAMZEY,3,3
56090,ATOZOZ,2,2
56091,DODWUQ,2,2
56092,VULXUV,2,2
56093,HAPCIK,2,2
56094,ASAFOQ,3,3
56095,HEDTIX,1,1
56096,WAPKEE,3,3
56097,KAWZOX,1,1
56098,XUPWAG,2,2
56099,ZIPWEC,2,2
56100,HUBLIA,3,3
56101,ZIRHIV,1,1
56102,ANODAL,1,1
56103,RUGWIC,1,1
56104,DAQZIG,2,2
56105,NERCOC,2,2
56106,COLCIQ,2,2
56107,HOTPEN,3,3
56108,GAQSIA,2,2
56109,LALVAW,1,1
56110,LOQQUE,2,2
56111,ECOXEC,2,2
56112,UHOCAW,3,3
56113,HORZOG,2,2
56114,NAKSUP,2,2
56115,XUPNON,3,3
56116,HIVHED,1,1
56117,GASLET,3,3
56118,EQUZAR,2,2
56119,FEHFOO,3,3
56120,WABGUE,3,3
56121,RATBEU,3,3
56122,QEGKES,1,1
56123,BESJIS,2,2
56124,ASECOQ,3,3
56125,ZIDTAH,1,1
56126,ENETOG,3,3
56127,GAVSIH,1,1
56128,DULQOS,1,1
56129,DAWWEH,1,1
56130,HOLBAN,2,2
56131,LUBRUV,3,3
56132,UHEJUM,1,1
56133,GUHZIS,1,1
56134,SEZHIP,1,1
56135,INIJUK,2,2
56136,DOTTOX,2,2
56137,RAPGEU,1,1
56138,PETXER,1,1
56139,KEXTEQ,1,1
56140,WUSFEW,1,1
56141,FAVTON,1,1
56142,VAGSIH,1,1
56143,NABDUQ,3,3
56144,OFIKOF,3,3
56145,ZEHNIM,2,2
56146,FECBUL,2,2
56147,MAMYUU,2,2
56148,FEKJEL,2,2
56149,IBUMOH,2,2
56150,VIYCIR,3,3
56151,AGALUQ,3,3
56152,AZIFIA,3,3
56153,VASYEV,3,3
56154,IPOVEP,2,2
56155,VEGNEE,1,1
56156,FILFIR,2,2
56157,JIYBEZ,3,3
56158,RISZOL,1,1
56159,NENJAS,3,3
56160,SEPDAW,1,1
56161,QAZWUJ,1,1
56162,TEGNOI,1,1
56163,XELLEG,2,2
56164,DIYZUK,1,1
56165,QASRIL,3,3
56166,SEYHUD,1,1
56167,QOFTEK,1,1
56168,PEKMEB,1,1
56169,REZHIP,2,2
56170,FIYQOV,3,3
56171,GOQLON,2,2
56172,SEZZUW,1,1
56173,QOYQAX,1,1
56174,XIQMAL,2,2
56175,TANJOI,2,2
56176,MEFYOM,1,1
56177,YUTKON,2,2
56178,DISDAK,3,3
56179,DEVNOI,3,3
56180,QUDBEZ,1,1
56181,VOXYOW,2,2
56182,AREFIP,1,1
56183,ZELKIM,2,2
56184,ROKVIZ,3,3
56185,YOJSEV,1,1
56186,TUCYEY,1,1
56187,LARGET,2,2
56188,OBOBAM,1,1
56189,IROGUS,3,3
56190,KEKGEP,3,3
56191,TUXGIE,2,2
56192,IWAMAU,3,3
56193,YIRXEF,3,3
56194,OFAHOW,1,1
56195,UJEBIX,1,1
56196,BOLDOW,3,3
56197,GIGRUM,1,1
56198,ZUNQOR,1,1
56199,YEPWUO,2,2
56200,YIGHED,3,3
56201,ARINIY,2,2
56202,ATUPOU,2,2
56203,SEJGIZ,2,2
56204,KUNCEB,3,3
56205,UYAJIO,3,3
56206,MICJAM,3,3
56207,LIWGIJ,2,2
56208,RUNPAU,1,1
56209,RIFTIJ,3,3
56210,POWVIG,1,1
56211,PUHTOC,2,2
56212,MEMVIK,3,3
56213,RUGWEW,3,3
56214,YOQCIR,3,3
56215,JASFOZ,2,2
56216,RELDIY,3,3
56217,ROKXIB,2,2
56218,PUTZEJ,2,2
56219,MEJHAM,3,3
56220,MARNAU,3,3
56221,NOVVUR,2,2
56222,TIFXAI,3,3
56223,DAXDOX,3,3
56224,CUQPAG,3,3
56225,YIDCEU,1,1
56226,WIRYUU,3,3
56227,KAJYEC,3,3
56228,TUSFAP,1,1
56229,CIBJED,1,1
56230,WUJYAE,1,1
56231,ATOTOU,3,3
56232,BIJYAV,3,3
56233,DAQFUX,2,2
56234,XOJSIB,1,1
56235,TEZTID,1,1
56236,EQANIW,1,1
56237,KUJFEB,2,2
56238,DECWIU,3,3
56239,EXOTAM,1,1
56240,WELHII,1,1
56241,NETYOB,3,3
56242,ZUZRER,3,3
56243,MOWNIY,1,1
56244,YOKWON,3,3
56245,BUVWEW,2,2
56246,ZOTBER,3,3
56247,IGOXAE,3,3
56248,ENAVEU,1,1
56249,DUNNOR,1,1
56250,LIXMAG,1,1
56251,RAXMAE,1,1
56252,OCIMAQ,2,2
56253,IZUKUK,2,2
56254,BUBJIS,3,3
56255,ARUPEL,1,1
56256,NOEPOR,2,2
56257,ITOKEI,2,2
56258,GABWEN,3,3
56259,FETMUO,2,2
56260,JOJFAS,3,3
56261,LOMZOE,3,3
56262,KAJGOS,3,3
56263,ACOSOA,2,2
56264,PIJLIG,3,3
56265,WAMVEN,1,1
56266,ZETYAY,3,3
56267,MURJUF,3,3
56268,ONOYAT,3,3
56269,ZOJJOX,1,1
56270,QEWZOI,3,3
56271,YODVUM,1,1
56272,KOPREP,2,2
56273,GIZZOG,2,2
56274,QUJGUA,1,1
56275,YOZKEF,2,2
56276,UDOTUF,3,3
56277,DAZRIG,3,3
56278,RUFHUV,2,2
56279,ZIGHAC,1,1
56280,NODDOB,3,3
56281,ZIJVUJ,1,1
56282,OFASUN,1,1
56283,DOJBAI,2,2
56284,TOXYIO,3,3
56285,ZAJGUP,2,2
56286,UHUPOF,1,1
56287,XUJSOL,2,2
56288,XARGED,2,2
56289,CORRAF,3,3
56290,QIHJID,3,3
56291,SECNAT,1,1
56292,IDUMIE,2,2
56293,LAJKEO,3,3
56294,DOXLIM,2,2
56295,QOXKAP,3,3
56296,AYEFOA,3,3
56297,COZXIB,1,1
56298,VIZZUD,1,1
56299,ALIZIG,3,3
56300,GEJGEI,3,3
56301,ZECFIZ,3,3
56302,NUYPON,1,1
56303,EBAZIU,1,1
56304,UNOJOX,3,3
56305,UGOPEO,1,1
56306,AMORAV,2,2
56307,ZNTPBZ,3,3
56308,NEPRAF,1,1
56309,LECFOR,2,2
56310,IFASIR,3,3
56311,YENSEQ,3,3
56312,IQODOH,3,3
56313,HEFKIN,2,2
56314,DIJROD,1,1
56315,SIQKAI,1,1
56316,ZEJTUF,3,3
56317,HIDFAC,1,1
56318,YIBPAB,2,2
56319,UJITAI,1,1
56320,IKEQOH,1,1
56321,VOMWIF,1,1
56322,CUPCEY,1,1
56323,WIXPAX,1,1
56324,SEJNAX,3,3
56325,BAQHEH,3,3
56326,FACDAP,1,1
56327,TOQNIY,3,3
56328,ODIHOA,3,3
56329,TIMPOU,2,2
56330,DIFDII,3,3
56331,NOVJEN,1,1
56332,GAGMUX,3,3
56333,GOCROJ,1,1
56334,DEYDIX,2,2
56335,IXOBUT,3,3
56336,SEFFOZ,3,3
56337,SUBMUA,1,1
56338,RAWYAP,3,3
56339,RAMDOY,2,2
56340,EDOZAA,3,3
56341,YODMAH,2,2
56342,SOTJOC,2,2
56343,YAVKOY,3,3
56344,YAJREJ,2,2
56345,OXEBUP,2,2
56346,IXIJEF,2,2
56347,DAGHAV,1,1
56348,TEYHEL,3,3
56349,IWEJUR,3,3
56350,EKUTEL,3,3
56351,SUHTEX,1,1
56352,PAJCAE,1,1
56353,VOBMEH,2,2
56354,ITEGOF,3,3
56355,IPOVIS,2,2
56356,GUBTUS,1,1
56357,JOHLUO,3,3
56358,AYIGIA,3,3
56359,YIQCAC,2,2
56360,ZAGGIA,1,1
56361,XALQEI,3,3
56362,KUVJUG,1,1
56363,SADFUY,2,2
56364,DURYIZ,3,3
56365,NEBNUE,3,3
56366,SOFDEX,2,2
56367,DENRIY,3,3
56368,DUCRAW,3,3
56369,YAVRAP,2,2
56370,QOXBIR,1,1
56371,JIQQOT,1,1
56372,VAQZUK,3,3
56373,LAYQOS,2,2
56374,IKEXEB,1,1
56375,TONLIS,1,1
56376,SAPPIL,3,3
56377,LUKPAJ,2,2
56378,CEPXEC,3,3
56379,LUQMOC,1,1
56380,IQUBUS,1,1
56381,KEQCIS,2,2
56382,HELGAI,2,2
56383,BECKEB,2,2
56384,XIPNOZ,3,3
56385,KOXQEV,3,3
56386,MAJBOR,3,3
56387,LETQEG,3,3
56388,QODJOI,3,3
56389,VUPYUD,1,1
56390,MAVTAF,3,3
56391,FAHCIC,2,2
56392,TEDTAX,1,1
56393,RUNFIS,1,1
56394,CICHOM,1,1
56395,EZOQAL,2,2
56396,COWROV,1,1
56397,ULAFEV,1,1
56398,IXAFAP,2,2
56399,NEKZEK,3,3
56400,GEDFOO,1,1
56401,YOKQAT,1,1
56402,DAMLIO,3,3
56403,JOCGIT,1,1
56404,MUDBOE,1,1
56405,MOPVOE,1,1
56406,ZUXRIT,3,3
56407,YEXRUO,2,2
56408,FOFKOD,2,2
56409,ADAPON,2,2
56410,BIGXUL,3,3
56411,GEVFIX,3,3
56412,SOJZAT,3,3
56413,XETXAV,3,3
56414,MURGIR,2,2
56415,UMAZOA,1,1
56416,UZACEE,1,1
56417,QIHLEA,3,3
56418,XEBZAG,3,3
56419,PORJUC,2,2
56420,SABMUD,2,2
56421,CEQSEW,3,3
56422,NOCYUC,1,1
56423,WEBRUU,1,1
56424,LUTDIQ,1,1
56425,CAWHUD,2,2
56426,EBARIK,3,3
56427,HIHHAL,1,1
56428,SALVAD,3,3
56429,LUJLAD,3,3
56430,HOPMOO,1,1
56431,DIWYIU,3,3
56432,GAXROM,2,2
56433,PIKYAK,3,3
56434,RATJIH,1,1
56435,YAVJEM,3,3
56436,UFOZEV,2,2
56437,KIYSEQ,3,3
56438,KOCGIT,1,1
56439,NUMKOX,3,3
56440,ESUQAK,3,3
56441,QIPYEX,1,1
56442,VUHPEV,1,1
56443,TIKLOR,3,3
56444,WUCXIB,3,3
56445,APAZUN,2,2
56446,FAXBIQ,3,3
56447,AGOVEY,2,2
56448,NAHPUH,2,2
56449,ITADAK,3,3
56450,WUDFAD,3,3
56451,OZUSOU,1,1
56452,LAJCEF,3,3
56453,OGIHIV,2,2
56454,DIDZOH,3,3
56455,BEXJIZ,2,2
56456,SIJSAG,3,3
56457,OJIVAE,2,2
56458,OHEDOU,2,2
56459,MEPHUL,3,3
56460,DENSAR,3,3
56461,YAMMEG,3,3
56462,QEHRUQ,2,2
56463,UPAXAN,1,1
56464,TURZAI,3,3
56465,RALVAD,3,3
56466,YOBXIZ,2,2
56467,LILXOU,3,3
56468,XOXYUG,3,3
56469,ZEBSAA,2,2
56470,EHENUD,1,1
56471,GUCJOF,2,2
56472,KOYDOR,2,2
56473,IJIDAI,2,2
56474,LIMYUD,2,2
56475,YEWSOL,2,2
56476,FELKAM,1,1
56477,SAMKIA,2,2
56478,KIMPAZ,3,3
56479,CUVCUU,1,1
56480,TUWGUQ,1,1
56481,YOLVED,3,3
56482,AQAJIN,3,3
56483,XANFIB,1,1
56484,DITYUA,3,3
56485,UGASUR,3,3
56486,KAKYUQ,3,3
56487,SOWRUU,2,2
56488,PUHBEZ,1,1
56489,SUCFUU,1,1
56490,FEQFIQ,3,3
56491,PUCXUI,3,3
56492,GEZNEE,2,2
56493,LIGYIK,3,3
56494,DAQBAY,2,2
56495,BIPNUM,1,1
56496,DEJVAR,2,2
56497,IGUXUD,3,3
56498,TEXMIT,2,2
56499,FUSKOT,1,1
56500,PIHLEA,3,3
56501,COFYED,3,3
56502,BEQSEW,3,3
56503,FAPXEA,1,1
56504,DIRQED,1,1
56505,RAKQEC,1,1
56506,MIZJIO,1,1
56507,JADQEO,1,1
56508,FULYIU,1,1
56509,CAZHIU,3,3
56510,NIQLAD,3,3
56511,CEDHUS,1,1
56512,WICDUI,1,1
56513,PERVUF,2,2
56514,XARFOP,1,1
56515,WIWLAS,1,1
56516,XARHAC,2,2
56517,BEZKOH,3,3
56518,DUNQOV,1,1
56519,FIVSIN,3,3
56520,FUJHUQ,1,1
56521,WIJVIU,2,2
56522,UDUMOY,3,3
56523,WAQRUB,2,2
56524,XEMGIG,3,3
56525,VAYDOR,3,3
56526,KUVWOO,1,1
56527,WAPTIU,1,1
56528,DOQTOT,3,3
56529,YIVPUQ,2,2
56530,FAHJAA,2,2
56531,DEPBEF,3,3
56532,YOWZUH,2,2
56533,HUNBEZ,1,1
56534,CEBPAB,3,3
56535,XIRYAY,2,2
56536,PEVSUF,3,3
56537,KIKJOG,2,2
56538,QIJDIY,2,2
56539,SIGXOX,3,3
56540,IZIFOM,2,2
56541,RITRAP,2,2
56542,HOLTEK,2,2
56543,ALAVOY,3,3
56544,UPIKEK,3,3
56545,LARVEH,2,2
56546,MOSCIG,2,2
56547,KUCWIQ,1,1
56548,XOYQEK,1,1
56549,IWAKAS,2,2
56550,HECWUJ,2,2
56551,CEXTAB,3,3
56552,PANBUD,2,2
56553,JITHOM,1,1
56554,WIXQID,3,3
56555,YUCYUR,3,3
56556,EYUSIA,1,1
56557,BEPNOZ,3,3
56558,VOXJUP,3,3
56559,DITREG,2,2
56560,AFOZIE,1,1
56561,ICASEK,2,2
56562,XODKOR,3,3
56563,UMIPEM,3,3
56564,YETFIN,3,3
56565,WUJJUI,3,3
56566,JITJUV,1,1
56567,SAKQEC,1,1
56568,OCEDEG,2,2
56569,HERGIU,3,3
56570,HIWCID,1,1
56571,BUJXEJ,3,3
56572,VAPJAZ,3,3
56573,UVAJUX,3,3
56574,XUSTAH,3,3
56575,SIRJUA,2,2
56576,WOKYUQ,3,3
56577,QAHMAO,3,3
56578,LUZDIT,1,1
56579,ZEYSEE,2,2
56580,OLUQIW,3,3
56581,JONBIX,1,1
56582,VEVCOQ,3,3
56583,GILPOH,1,1
56584,YOZCEX,3,3
56585,CIBKOP,3,3
56586,QAPHEU,1,1
56587,VORCAJ,1,1
56588,CUKLEZ,2,2
56589,HAFYAS,1,1
56590,ONAJUJ,2,2
56591,LUBCUJ,1,1
56592,LIFTEZ,1,1
56593,ZAGXIR,3,3
56594,ITEXOU,2,2
56595,ESAREW,2,2
56596,RUDJAC,2,2
56597,NAXSOV,2,2
56598,BOHRUP,1,1
56599,CIHGEH,1,1
56600,OBIGAH,2,2
56601,RIQZOI,3,3
56602,HEVBIU,2,2
56603,CEWPEC,1,1
56604,TUZYAO,3,3
56605,HESVUX,2,2
56606,LUDRIN,3,3
56607,DAJGUT,3,3
56608,VOWLEA,3,3
56609,BODMUC,3,3
56610,OBEVOH,3,3
56611,LUZTAC,3,3
56612,KETMED,2,2
56613,VAWSAQ,3,3
56614,QAYXOF,2,2
56615,NEVYOG,1,1
56616,PAGLUG,3,3
56617,ETENUP,1,1
56618,UZIWIM,1,1
56619,WABDEJ,2,2
56620,BEFRIO,2,2
56621,RIQCOK,2,2
56622,LEBSIU,2,2
56623,UREPOZ,1,1
56624,GERHUJ,2,2
56625,ASUCEW,3,3
56626,YOCLEI,3,3
56627,BOSYOY,2,2
56628,VILBEX,3,3
56629,OLUXOI,3,3
56630,LUZMOJ,3,3
56631,HAGXUI,3,3
56632,SIWYAA,2,2
56633,RUHLOY,1,1
56634,CAJWOC,2,2
56635,LESQIM,3,3
56636,IMUJUY,1,1
56637,SUVSEI,3,3
56638,MITTOY,1,1
56639,ZIHDIH,1,1
56640,KUYSEE,2,2
56641,FUVVUP,2,2
56642,IJORUW,2,2
56643,CIWRIL,2,2
56644,EQURAL,2,2
56645,DEFWIY,1,1
56646,TERHEE,1,1
56647,TIWLET,2,2
56648,UVULAZ,2,2
56649,AJAFOH,3,3
56650,LIGGOX,3,3
56651,SUVDES,1,1
56652,IPIJEW,3,3
56653,IPABUW,3,3
56654,VAZFEI,3,3
56655,RAQKAX,2,2
56656,TEXSOG,3,3
56657,SINFIG,2,2
56658,BOWRAJ,1,1
56659,NEBCEE,3,3
56660,FANWEY,3,3
56661,ZUQREL,1,1
56662,MIYQOB,2,2
56663,RODJIF,2,2
56664,POWPIA,3,3
56665,OBOJAS,2,2
56666,CIFBUS,1,1
56667,ZEVGIS,1,1
56668,LEYSOY,3,3
56669,YENBEZ,1,1
56670,OPIHAX,3,3
56671,CACYAK,1,1
56672,SELPUX,3,3
56673,BUNCAQ,1,1
56674,BOYKOQ,3,3
56675,QENCEV,1,1
56676,FICJOR,1,1
56677,QUWPOO,2,2
56678,EYOWEU,3,3
56679,TAKZEM,3,3
56680,XIMRER,3,3
56681,ATOROS,1,1
56682,HURRIW,2,2
56683,PILWAM,1,1
56684,WEJHUQ,3,3
56685,JAFWIX,2,2
56686,TEZRIB,3,3
56687,HUBVUX,2,2
56688,TEWNEO,3,3
56689,XATBEA,3,3
56690,SICDOZ,2,2
56691,VAVGAA,3,3
56692,OSAHUN,2,2
56693,QUZKED,2,2
56694,VIDFAP,3,3
56695,YAXMOZ,3,3
56696,UKEZUF,1,1
56697,YABPAS,3,3
56698,MIKVOS,1,1
56699,MITJEI,1,1
56700,WUBKAH,1,1
56701,PAHMOD,3,3
56702,XAHLOH,2,2
56703,KIVNAE,2,2
56704,KARCOV,3,3
56705,KAFRUE,1,1
56706,ZAJSIQ,1,1
56707,NOFJAT,1,1
56708,JUYSEE,1,1
56709,KUWTAY,3,3
56710,LABYEU,3,3
56711,JOSVAQ,3,3
56712,VERXIB,1,1
56713,MIBQIY,3,3
56714,ZISQUR,1,1
56715,GETNIC,3,3
56716,HATNIB,2,2
56717,JUDPAB,2,2
56718,GOMZAM,2,2
56719,MANVON,1,1
56720,CICDUN,2,2
56721,DAKHAA,2,2
56722,ZIKHAC,3,3
56723,ROJCAV,2,2
56724,YENRAN,2,2
56725,QOMTIV,3,3
56726,DICTOY,3,3
56727,GORHED,1,1
56728,PIWPAP,3,3
56729,XISJIS,2,2
56730,WUQQIK,2,2
56731,RIGVOW,1,1
56732,YURYAM,3,3
56733,MADQUG,3,3
56734,SISROE,3,3
56735,QAKHOZ,2,2
56736,XELTAM,3,3
56737,KAYPUX,3,3
56738,EWAQOI,1,1
56739,SADKEN,2,2
56740,KAWROQ,2,2
56741,GALXOG,1,1
56742,HILDEM,3,3
56743,TAGRIG,1,1
56744,ADENUW,1,1
56745,JEKSUR,1,1
56746,KOKZOA,3,3
56747,MABWIY,2,2
56748,IKUXAO,1,1
56749,YIHZIC,1,1
56750,WOGFUU,1,1
56751,QOSBIL,3,3
56752,RUDZIC,1,1
56753,IQUDUU,2,2
56754,AKUNAY,1,1
56755,HISXOW,2,2
56756,DEHNEJ,2,2
56757,NEDPAR,1,1
56758,WAVPAL,2,2
56759,VEHBAM,3,3
56760,ZERGUY,2,2
56761,IZIJUY,1,1
56762,TEBYAC,2,2
56763,TIQSUK,3,3
56764,NUXWUY,1,1
56765,REDHAL,2,2
56766,NAJXUS,2,2
56767,VOVSUW,2,2
56768,JOCWAC,3,3
56769,QAFMOA,3,3
56770,JOTZUP,2,2
56771,FOPWIQ,2,2
56772,AMAXUJ,3,3
56773,OBAQUD,1,1
56774,HOPMAD,3,3
56775,WAXGAD,2,2
56776,JEBXEX,1,1
56777,HAYBAL,1,1
56778,PASTEI,2,2
56779,KAZNAC,1,1
56780,EWASUR,3,3
56781,EMAXAR,2,2
56782,ZEFCUK,2,2
56783,NOYDUA,3,3
56784,JASWOQ,1,1
56785,REVFIH,2,2
56786,LOKQAD,2,2
56787,YASKOU,3,3
56788,HAJVET,1,1
56789,ILIJIW,3,3
56790,QIXJOA,1,1
56791,POLNEJ,2,2
56792,UHEGIY,1,1
56793,HISMUV,1,1
56794,BICDUN,2,2
56795,MAKPOD,2,2
56796,UJOVEU,2,2
56797,MEBTOD,1,1
56798,WAPDAU,2,2
56799,MARVIK,3,3
56800,UCOBAQ,3,3
56801,AFEFIB,2,2
56802,EMEJAH,2,2
56803,NBOSNI,3,3
56804,HEDYUL,2,2
56805,XIDKIH,2,2
56806,JAWKAX,1,1
56807,JEDUIW,2,2
56808,EJUGEW,3,3
56809,TEQJAB,3,3
56810,UVIKAN,3,3
56811,GAMKIQ,3,3
56812,CIVVOW,1,1
56813,ZIFCOK,1,1
56814,SAZSIX,3,3
56815,ENUZIZ,1,1
56816,IMAREW,1,1
56817,TOMJUA,1,1
56818,FAJREN,3,3
56819,SAPDUM,1,1
56820,FUTLEO,1,1
56821,ODECIJ,2,2
56822,NIYTOI,1,1
56823,CIDDAU,2,2
56824,SOPROE,2,2
56825,ZEGYOZ,2,2
56826,LIPSAG,3,3
56827,RADLUE,3,3
56828,TEZWAZ,3,3
56829,WIWGIS,2,2
56830,HACDOE,2,2
56831,OWEPOY,1,1
56832,IQEBEL,1,1
56833,HAYYAL,1,1
56834,SUKKAN,1,1
56835,RUDXEU,3,3
56836,NAGDOS,1,1
56837,IYEXUG,2,2
56838,NUTJUH,3,3
56839,CUDJAN,3,3
56840,HEWSOV,1,1
56841,EGECOI,3,3
56842,LUTFIS,1,1
56843,XIZQIH,1,1
56844,DAZJUK,3,3
56845,FUGJIB,3,3
56846,VIGFIA,3,3
56847,LIFFAL,1,1
56848,PULKIT,1,1
56849,PUNTEA,1,1
56850,BASTAT,3,3
56851,NEDGUZ,2,2
56852,JOGWIL,3,3
56853,UHEKIC,3,3
56854,SEQSEM,1,1
56855,EFAMED,2,2
56856,XOVPEF,2,2
56857,MARSAD,1,1
56858,YASGOO,3,3
56859,AZEMAV,1,1
56860,WUSKON,1,1
56861,IPALOA,1,1
56862,RIGSEG,3,3
56863,CIDZIZ,3,3
56864,MUQPOE,3,3
56865,NTPAAG,3,3
56866,RABTAT,1,1
56867,POBKOH,2,2
56868,WUBGAE,1,1
56869,NINKEB,1,1
56870,NIWJEK,2,2
56871,BIXJIC,3,3
56872,TEHGAQ,2,2
56873,FIQXAG,3,3
56874,JEVWAI,3,3
56875,ONAJOD,2,2
56876,YAMQOU,3,3
56877,ADEPIJ,1,1
56878,CICJOO,3,3
56879,YIQRUM,3,3
56880,SILKOO,1,1
56881,VIVSIC,2,2
56882,YEFMEF,1,1
56883,UVEXOL,1,1
56884,KUSCIL,3,3
56885,WIYNAT,2,2
56886,DOPRIM,2,2
56887,JETFAP,2,2
56888,UXOPUV,1,1
56889,MEHZIJ,3,3
56890,UFOSUE,2,2
56891,SUMHAM,1,1
56892,WOKPEU,2,2
56893,TOWYAI,1,1
56894,AQAHIL,3,3
56895,REQDEW,3,3
56896,REKWEM,2,2
56897,RACYOM,3,3
56898,NOQGAB,3,3
56899,RUPWUV,3,3
56900,DANRER,1,1
56901,GUPREO,2,2
56902,WEDSUT,2,2
56903,MITHIH,2,2
56904,OFIMUN,2,2
56905,BUDJAN,3,3
56906,FOBREV,2,2
56907,WEXFIP,3,3
56908,CATJIR,3,3
56909,IJIFAK,3,3
56910,SIYNUL,3,3
56911,KEDGAB,2,2
56912,GUTKUD,3,3
56913,COCTOF,2,2
56914,SIMXIY,3,3
56915,SOQFOU,3,3
56916,PABSOA,2,2
56917,CIFBAV,3,3
56918,DENQAP,2,2
56919,UBICUG,3,3
56920,UDALIX,3,3
56921,DUDVOQ,1,1
56922,NEZCIG,2,2
56923,OGANOC,1,1
56924,LAVXOW,1,1
56925,YEWVIH,3,3
56926,ORAZEO,3,3
56927,KUBVIN,3,3
56928,WEQHEG,2,2
56929,DURZAS,2,2
56930,XANZAO,2,2
56931,EHEPEM,2,2
56932,EDEBAU,1,1
56933,NELVIL,1,1
56934,INOXOZ,3,3
56935,QOMHOP,2,2
56936,IZEWUH,3,3
56937,KUKDUR,1,1
56938,YUYSAO,3,3
56939,DAHHIG,3,3
56940,BUVCOL,3,3
56941,MALBEG,3,3
56942,GUPNUD,1,1
56943,XEXPUM,1,1
56944,ACAPDA,2,2
56945,GABZAK,2,2
56946,GAXGOB,2,2
56947,FAWZEJ,3,3
56948,SEJMIF,3,3
56949,TEGZIQ,2,2
56950,DUBRIC,1,1
56951,POJHON,3,3
56952,IKOKUP,2,2
56953,UNOYAZ,1,1
56954,OGIDEO,2,2
56955,MOZDUC,2,2
56956,REKPAC,1,1
56957,ZUDNET,3,3
56958,ZUXWOG,3,3
56959,RIWBAA,2,2
56960,NIVWOF,2,2
56961,EVAHOY,1,1
56962,WUFLOA,1,1
56963,FIRCIV,3,3
56964,SIGZOZ,3,3
56965,SIXQEZ,1,1
56966,XUQGAS,2,2
56967,KIKHOE,3,3
56968,URONOH,1,1
56969,GIVHEZ,2,2
56970,XEYSUP,2,2
56971,DAFHIB,2,2
56972,YUQWEP,1,1
56973,SIKKOQ,1,1
56974,BEWREA,2,2
56975,QOZGAO,3,3
56976,ALIWOJ,3,3
56977,NEXLAF,2,2
56978,XOKTEX,2,2
56979,METCAQ,2,2
56980,JETJUO,1,1
56981,EBAYAK,3,3
56982,ZOWMEG,1,1
56983,MUPFUY,3,3
56984,HIVKAY,3,3
56985,AFAHOI,1,1
56986,GOMMUR,3,3
56987,MAYBAQ,3,3
56988,ORASOR,2,2
56989,DUMXAN,1,1
56990,BIYPEH,2,2
56991,WAFDOZ,1,1
56992,AYOPAF,2,2
56993,KOWHAF,3,3
56994,QULREU,2,2
56995,BOLGIU,1,1
56996,QUSYOU,3,3
56997,VOVCEQ,3,3
56998,SOWKAR,1,1
56999,IROHEF,1,1
57000,EZUWAY,3,3
57001,YOXGEY,3,3
57002,WAPFOK,3,3
57003,BOMJES,3,3
57004,CESKUJ,2,2
57005,HIFTID,1,1
57006,VAFTIF,3,3
57007,REGFEQ,1,1
57008,ECALAV,2,2
57009,QABFUW,3,3
57010,MOPVUK,1,1
57011,PUHWEU,1,1
57012,SEZLIT,2,2
57013,HOPQEJ,2,2
57014,WORFEQ,2,2
57015,QAZFOO,2,2
57016,UYOGOG,3,3
57017,XUZMUC,2,2
57018,ZEYMUL,3,3
57019,DODXED,1,1
57020,VIXSIF,3,3
57021,VUDHUY,3,3
57022,VANGOK,1,1
57023,MOTXEZ,1,1
57024,OBOVEJ,2,2
57025,WAGPOJ,3,3
57026,GIYBOH,2,2
57027,REMJOI,2,2
57028,KUBFOE,3,3
57029,MUBSIO,1,1
57030,WUHKIU,1,1
57031,SORDIM,3,3
57032,RAPTEK,2,2
57033,SERQAJ,2,2
57034,GUCQAZ,1,1
57035,HUWFAH,2,2
57036,OVOBUZ,1,1
57037,GIJXEC,2,2
57038,FODHIT,1,1
57039,CAQBEC,1,1
57040,TIDCAL,2,2
57041,LUZFIV,2,2
57042,PESKEE,3,3
57043,TIZKIY,2,2
57044,GUYKIU,2,2
57045,HUPFAA,3,3
57046,DEYKUN,2,2
57047,HUPHOR,2,2
57048,JEJGAG,1,1
57049,FEQMAQ,2,2
57050,DOFWOM,2,2
57051,ODUKAZ,1,1
57052,HEXRUB,1,1
57053,ENEWIE,2,2
57054,GAPZEC,2,2
57055,BATDEI,3,3
57056,MIYHUY,3,3
57057,SATXOA,3,3
57058,FAYMEB,1,1
57059,LALRAS,3,3
57060,POPYUO,1,1
57061,NIHHEV,1,1
57062,UMIREO,3,3
57063,XOBCEY,3,3
57064,TIKWAN,3,3
57065,YUGLIW,2,2
57066,UQUKAT,1,1
57067,HAPGIO,3,3
57068,RATQEK,3,3
57069,HARVEB,1,1
57070,MEZSIT,1,1
57071,PAFHIR,1,1
57072,JOMLOM,3,3
57073,BOSKIG,2,2
57074,POGTOW,3,3
57075,MIRKEH,1,1
57076,WAWJUA,2,2
57077,IPIHEU,2,2
57078,MAKPUJ,2,2
57079,NUVBUD,3,3
57080,FEQCAI,1,1
57081,XAMFAS,1,1
57082,AXIDUH,2,2
57083,EXAYIN,2,2
57084,YOFQIW,3,3
57085,WICZIT,1,1
57086,GEMJOY,2,2
57087,OCUGIC,3,3
57088,YIXWEH,2,2
57089,RORXUR,3,3
57090,PUVDUF,3,3
57091,ZUMWEM,1,1
57092,LOTHOR,3,3
57093,HIQBEQ,3,3
57094,ZETDOT,3,3
57095,GECCEA,1,1
57096,YAZPAR,3,3
57097,DERTUT,1,1
57098,ZOVWEO,2,2
57099,SEZBIL,2,2
57100,HIHTEB,1,1
57101,PIBBAG,3,3
57102,JICBIJ,3,3
57103,HIRGEX,1,1
57104,XUWSOA,1,1
57105,PAWJIJ,3,3
57106,CAHQUY,3,3
57107,DUSPEO,1,1
57108,LUQNIV,2,2
57109,IJIFOW,1,1
57110,HIXRAI,1,1
57111,DAPVUL,3,3
57112,HESZUB,2,2
57113,TANPII,2,2
57114,CEBBIW,3,3
57115,YOZVIT,1,1
57116,WECXIO,2,2
57117,VIQMOY,3,3
57118,UGINII,3,3
57119,AHONIV,3,3
57120,MEZVUI,3,3
57121,MIFSUQ,3,3
57122,GAWMID,2,2
57123,BUGZUZ,3,3
57124,NIKSAD,2,2
57125,SUXZUH,2,2
57126,SAQGOI,2,2
57127,ISUNIU,3,3
57128,FIRJOH,2,2
57129,FIKKOA,2,2
57130,DOMJUL,2,2
57131,EMOJEV,3,3
57132,CIYWOZ,3,3
57133,FUQXAS,2,2
57134,VEMQAH,3,3
57135,SADWOK,1,1
57136,MASNEB,3,3
57137,IZAGAU,1,1
57138,GELNIU,3,3
57139,BUXCAB,1,1
57140,LOQWAQ,3,3
57141,MAQVOQ,3,3
57142,DUZGEN,1,1
57143,SIKKAZ,2,2
57144,QASQAE,2,2
57145,KELQUN,1,1
57146,TOTBEL,3,3
57147,VICJOH,3,3
57148,KEWCOE,1,1
57149,UNIDEB,1,1
57150,DANBOM,3,3
57151,YERWAX,1,1
57152,WEXZUX,3,3
57153,DAZDUD,2,2
57154,GATVAB,1,1
57155,VAHSAY,3,3
57156,KADDIC,1,1
57157,SISRUK,3,3
57158,TPYFEC,2,2
57159,BIBGOJ,3,3
57160,ISOMOS,2,2
57161,MILCOB,2,2
57162,QABMIR,2,2
57163,RIKLEC,1,1
57164,ELATUH,2,2
57165,BUNVAI,1,1
57166,FOTWOB,1,1
57167,YIDPEK,1,1
57168,TAJBIS,1,1
57169,UZIGUH,3,3
57170,LEPXEJ,3,3
57171,ROGCEV,2,2
57172,GUDQOO,1,1
57173,LETTOW,2,2
57174,KICLEQ,3,3
57175,NAJVAY,3,3
57176,FAJYOF,3,3
57177,ZIDWIV,1,1
57178,LACQOW,3,3
57179,XUGGUE,1,1
57180,FENFEM,2,2
57181,GAKJIP,1,1
57182,UHOGOO,2,2
57183,IQUFUW,2,2
57184,XIYCEO,3,3
57185,IGIQOF,3,3
57186,FIPKIZ,1,1
57187,ECUVEH,1,1
57188,EJOQAV,1,1
57189,FUQHEG,2,2
57190,BEMVIB,3,3
57191,ACTBPD,3,3
57192,QOLPUC,2,2
57193,EDIDOO,1,1
57194,KUWHIT,1,1
57195,SISWIA,3,3
57196,QEXSAQ,2,2
57197,WARWAN,1,1
57198,WIMHUV,3,3
57199,OCOCIT,2,2
57200,JUXREZ,1,1
57201,TIYGOY,1,1
57202,AQILAP,3,3
57203,FICVEW,1,1
57204,UREKAF,3,3
57205,MUYTEF,2,2
57206,CAQPUG,3,3
57207,LAVQII,3,3
57208,SEBNET,3,3
57209,GOBLAM,1,1
57210,PODVIO,3,3
57211,VANGAW,1,1
57212,YIWTEG,2,2
57213,GAKMOV,3,3
57214,OGITOP,3,3
57215,PYRCTN,3,3
57216,VUMCIP,3,3
57217,VOYWIP,3,3
57218,WOZWUD,2,2
57219,WUNCUD,2,2
57220,JEBDOJ,1,1
57221,VAXKOU,3,3
57222,CANBRU,2,2
57223,YARZIA,1,1
57224,ZUTVES,1,1
57225,KEZVIU,2,2
57226,VEJVEO,3,3
57227,XIVGAN,3,3
57228,GOPLEE,3,3
57229,CIVTOU,1,1
57230,XIZXOV,3,3
57231,VOCJEF,2,2
57232,VAVRAN,3,3
57233,SURZIP,3,3
57234,QALHUJ,3,3
57235,DOGJIT,2,2
57236,KENRIG,2,2
57237,MUZHIY,3,3
57238,EBANOM,2,2
57239,RAYFUT,1,1
57240,ONEFIZ,1,1
57241,LULXUO,1,1
57242,OZEPAN,1,1
57243,JIJKAS,1,1
57244,COCSET,3,3
57245,UWASUH,3,3
57246,CAJKEF,3,3
57247,AGAZEQ,1,1
57248,ZEJPUB,3,3
57249,IYAXEN,1,1
57250,WANGAW,2,2
57251,PAFFEI,1,1
57252,QODVIO,1,1
57253,NERKUS,3,3
57254,GEJTEW,3,3
57255,WATTAM,2,2
57256,WAYJUD,3,3
57257,IFAWIV,3,3
57258,VAQRAG,2,2
57259,MAZWIX,1,1
57260,KAZLAA,3,3
57261,EMATOC,3,3
57262,NESDAQ,2,2
57263,PAVNOQ,1,1
57264,EWIYEP,3,3
57265,YAFYOU,3,3
57266,MESZAM,3,3
57267,ELUROV,1,1
57268,HOJROO,1,1
57269,OYAVUI,1,1
57270,NOKJEC,2,2
57271,YUFVIH,1,1
57272,EMEVIE,1,1
57273,KOWXIF,2,2
57274,EDAYEN,2,2
57275,WEVVAU,1,1
57276,VAQKON,2,2
57277,VOVQUU,3,3
57278,BEDHAV,2,2
57279,XENPAL,1,1
57280,URONAT,1,1
57281,PAFQES,1,1
57282,ABAKEW,1,1
57283,OBEJEM,2,2
57284,XIQGAG,3,3
57285,YATYIB,1,1
57286,GABMOM,3,3
57287,HEDGEE,3,3
57288,RUQFEO,2,2
57289,AMAFEB,3,3
57290,ZODNOX,1,1
57291,TAPVOY,3,3
57292,SEDFUG,1,1
57293,GUXVOM,3,3
57294,KENRIF,3,3
57295,PUXSUX,3,3
57296,GECZIA,3,3
57297,ROMFEE,3,3
57298,ZEVLAR,1,1
57299,IXOQUK,1,1
57300,FEWNOO,1,1
57301,OSIBEZ,2,2
57302,TERTOA,2,2
57303,LOCGAL,2,2
57304,FOPROT,3,3
57305,SUVXOW,2,2
57306,COJJIX,3,3
57307,YEMYUL,3,3
57308,XUTTUE,1,1
57309,RAHXEF,3,3
57310,VAZZOM,3,3
57311,MIYCIJ,2,2
57312,EZOSOD,3,3
57313,SOTNOF,3,3
57314,RETGUU,1,1
57315,XIVGAO,1,1
57316,UQIBAY,3,3
57317,TIQQUH,2,2
57318,PONDIF,1,1
57319,DOHYOQ,1,1
57320,WECHOE,3,3
57321,MIDPIY,3,3
57322,SIRJAE,2,2
57323,WETKUE,2,2
57324,FEYGEW,2,2
57325,GABMOL,2,2
57326,AVEFEM,2,2
57327,DEXFUJ,2,2
57328,LUYTEG,3,3
57329,KUHZOC,2,2
57330,AXIFOE,1,1
57331,NETZIV,3,3
57332,CUJHUM,3,3
57333,VAKXOU,2,2
57334,SIGTOT,1,1
57335,CEMQOE,1,1
57336,UPIGEG,2,2
57337,NESSAJ,1,1
57338,LAZRUD,1,1
57339,MIXRUG,1,1
57340,QEQSAK,1,1
57341,LANTOM,3,3
57342,OZIHIQ,1,1
57343,URUJAU,2,2
57344,LUCPEG,3,3
57345,SAMBUG,3,3
57346,XIKMOU,3,3
57347,WULNEW,1,1
57348,CABCUG,2,2
57349,VOQMEV,3,3
57350,DADNEC,2,2
57351,ROGTEM,3,3
57352,QICVAA,3,3
57353,ZEBVIO,1,1
57354,BONQAW,3,3
57355,LOPCAW,3,3
57356,ITUWUP,1,1
57357,DUHGAP,3,3
57358,PMTOPN,1,1
57359,TETNAK,2,2
57360,ZUDNIV,2,2
57361,POYRIG,3,3
57362,KELDOY,1,1
57363,CELKAF,3,3
57364,CESNEU,3,3
57365,DEBNAB,3,3
57366,SULBEG,2,2
57367,WUPBUE,1,1
57368,GARKIX,1,1
57369,AYIDOB,2,2
57370,WUCTIY,2,2
57371,LEBXAT,3,3
57372,ZEDGUK,2,2
57373,NEDRAQ,3,3
57374,QOFPIM,2,2
57375,POMXEY,1,1
57376,TOKKUA,3,3
57377,LOPTAM,2,2
57378,FASXON,2,2
57379,QIGSAA,2,2
57380,VEJVEN,3,3
57381,HUTTOF,3,3
57382,REXZAV,1,1
57383,ZUTVER,2,2
57384,IQITOT,2,2
57385,XAFWAG,1,1
57386,ICACUL,3,3
57387,SOHYIY,2,2
57388,ZOJYOP,2,2
57389,REMDOG,1,1
57390,YOPZAE,2,2
57391,GECCEW,2,2
57392,GUQFIJ,3,3
57393,KIRNEH,3,3
57394,VUDFUW,2,2
57395,HEKCAE,2,2
57396,DEXTIM,2,2
57397,LINGUL,1,1
57398,DAQYAX,2,2
57399,OKUFOS,1,1
57400,BIYPIJ,3,3
57401,FONMED,2,2
57402,VASJIJ,1,1
57403,PEYNIU,1,1
57404,UKIRAK,1,1
57405,IDOSAX,3,3
57406,GEYGEW,3,3
57407,HAYGEV,3,3
57408,GUCHAN,3,3
57409,POQQIV,2,2
57410,QODHAV,2,2
57411,QUGQUE,3,3
57412,QUVXEL,3,3
57413,ITOVIZ,1,1
57414,MAKBIL,1,1
57415,DEHKAG,1,1
57416,BAGYEQ,2,2
57417,DIFWIA,1,1
57418,MOGNUS,3,3
57419,JOJYUD,1,1
57420,UKEXUE,2,2
57421,QIDMUM,2,2
57422,EVEZAI,3,3
57423,FUJDUJ,1,1
57424,LUZMUR,1,1
57425,SUXZUI,3,3
57426,ZAVDUV,1,1
57427,QEPWEO,3,3
57428,DEDCOE,1,1
57429,XAHNOK,1,1
57430,LIXGOQ,2,2
57431,BIZLEB,2,2
57432,SIZPOJ,3,3
57433,JOGPAW,2,2
57434,MESSIN,3,3
57435,XESTAS,2,2
57436,CINCUA,2,2
57437,HAWGES,3,3
57438,ZOJLUF,3,3
57439,DITWOV,3,3
57440,JABYAN,1,1
57441,BOVZIV,1,1
57442,JAXJAT,1,1
57443,NEZCEE,1,1
57444,AZEMOK,1,1
57445,WIBNIE,2,2
57446,PUBKED,1,1
57447,EGIKOV,3,3
57448,DALFUT,2,2
57449,HEVKUS,1,1
57450,HIJNUK,1,1
57451,QUNJAL,1,1
57452,RAGGUB,3,3
57453,RINTOX,3,3
57454,IHOFAN,3,3
57455,HOPVOY,1,1
57456,HUPSUJ,1,1
57457,DOGMOD,2,2
57458,ZEHMAE,1,1
57459,JOMNUW,1,1
57460,GARREY,1,1
57461,DAKMEL,1,1
57462,GATXOP,1,1
57463,YERYOJ,2,2
57464,ESANAO,2,2
57465,DACRUV,3,3
57466,EZAZEK,2,2
57467,VIYYOS,3,3
57468,WUFLAK,3,3
57469,TOMCED,3,3
57470,BOTYUH,3,3
57471,GOZPIW,1,1
57472,TOTBEM,1,1
57473,KELQUO,2,2
57474,PRNFEA,2,2
57475,TIHPUV,3,3
57476,WOZRIO,3,3
57477,BIMSOI,1,1
57478,QURJEV,1,1
57479,BUGFEP,3,3
57480,IKAPOZ,1,1
57481,GEPPEA,1,1
57482,MIXGOQ,3,3
57483,YATWEX,3,3
57484,YOBDOJ,2,2
57485,HACHUP,2,2
57486,JESFOD,3,3
57487,LUGRAI,3,3
57488,VACREY,1,1
57489,SEVMAI,3,3
57490,EDISOC,1,1
57491,UFECAK,1,1
57492,VUJCIO,2,2
57493,VIBGAP,2,2
57494,XEMNUA,1,1
57495,FOJHES,1,1
57496,PIQJUU,2,2
57497,NAYBEW,2,2
57498,RUCQAK,1,1
57499,WIHLOQ,2,2
57500,VECXIN,2,2
57501,ROMVAQ,3,3
57502,EMCPTI,1,1
57503,UCEKOD,2,2
57504,YILCAX,1,1
57505,NUBSOV,1,1
57506,TENSOU,1,1
57507,KIJROL,2,2
57508,GIXQEK,2,2
57509,BOBNOX,2,2
57510,SODXOY,3,3
57511,DAYTOM,3,3
57512,OJIZAI,3,3
57513,RULKOZ,3,3
57514,VOVDOB,3,3
57515,BUCJOZ,2,2
57516,DETBOW,2,2
57517,FUWLAK,2,2
57518,IBOVUT,2,2
57519,ELAQIT,1,1
57520,GELWEB,1,1
57521,KUMRAM,2,2
57522,LADHAA,1,1
57523,AVEVAY,2,2
57524,CIDZEX,1,1
57525,LUCWAI,3,3
57526,RATTUC,2,2
57527,PEXCED,3,3
57528,KICPUL,1,1
57529,PIBBAF,2,2
57530,ZUJKUN,1,1
57531,AZULOY,2,2
57532,HAFBAR,2,2
57533,EZOQUH,3,3
57534,GIWNUX,2,2
57535,TUTNUT,2,2
57536,YEWFAI,2,2
57537,XOZQOS,3,3
57538,TEBRIB,3,3
57539,YUKCOY,2,2
57540,CIBGOK,3,3
57541,JADDIB,3,3
57542,TEKWUD,2,2
57543,TODMEG,1,1
57544,NIFXAF,1,1
57545,NECROD,3,3
57546,MAQQEB,1,1
57547,YISCUB,2,2
57548,SEKPAB,2,2
57549,BEKBEY,2,2
57550,YOLCEJ,3,3
57551,ZUSSUE,1,1
57552,USUXIR,2,2
57553,KENREE,1,1
57554,HIMLAR,2,2
57555,MOMNEH,2,2
57556,ZEYMUM,3,3
57557,FEHRIV,2,2
57558,DOFGIP,3,3
57559,NARJEW,2,2
57560,GIRCIW,3,3
57561,TUKPIA,3,3
57562,TULWON,2,2
57563,LEWXIV,2,2
57564,CEGTAK,2,2
57565,QARBIY,1,1
57566,MUMGIL,3,3
57567,LECNUC,3,3
57568,LINBER,1,1
57569,EFEVOB,2,2
57570,IZAYEO,3,3
57571,AGAZIS,2,2
57572,BAPJUY,1,1
57573,RIWYUR,3,3
57574,SIWKIU,2,2
57575,REMZIT,3,3
57576,BUHRIF,2,2
57577,TIKWAO,3,3
57578,LAKLIT,1,1
57579,MACVES,3,3
57580,DUNMEE,1,1
57581,TADLIX,1,1
57582,ABIVAK,2,2
57583,YADFOB,1,1
57584,SOJTUH,2,2
57585,SAWJOS,3,3
57586,WOPGAJ,3,3
57587,VUWYOB,3,3
57588,AQAXOF,2,2
57589,KIPVAG,3,3
57590,LULDIF,2,2
57591,RIYLOA,3,3
57592,IDAMEF,3,3
57593,AMUGUN,1,1
57594,DEYKUO,2,2
57595,WIYGIW,2,2
57596,IVEGIB,2,2
57597,KENNUN,3,3
57598,QAFCUV,1,1
57599,JOTZAT,2,2
57600,LILDEQ,1,1
57601,UHOKUZ,3,3
57602,JITSAG,1,1
57603,DUTGII,3,3
57604,KOSMAG,1,1
57605,MEJLOC,3,3
57606,NIVYAT,1,1
57607,CIRHOA,2,2
57608,SURDOB,1,1
57609,WAVPUH,3,3
57610,JEBTET,1,1
57611,GIKGUC,1,1
57612,KACMOU,1,1
57613,KILXIQ,1,1
57614,OKOREL,3,3
57615,FOPLIG,2,2
57616,XUWTER,1,1
57617,URUJOI,2,2
57618,XEZVUX,1,1
57619,KUQLAL,2,2
57620,NULSAO,1,1
57621,FEHWUK,2,2
57622,NOXNIZ,2,2
57623,FUMVEP,3,3
57624,VETGOQ,3,3
57625,XIVPOI,2,2
57626,SAZHIN,3,3
57627,YIYMEA,2,2
57628,PIJHEV,1,1
57629,NORYUO,2,2
57630,QAZDUU,1,1
57631,FACNAZ,3,3
57632,JAQCEN,1,1
57633,CIPKPD,3,3
57634,QONDEE,2,2
57635,XEBQIF,2,2
57636,MACQAJ,2,2
57637,AGOSAT,3,3
57638,HEJYAZ,2,2
57639,BEZPAB,1,1
57640,CABQEC,3,3
57641,HILXAB,2,2
57642,SUKBIM,1,1
57643,FEYBUI,3,3
57644,KADZOF,2,2
57645,SUSNEB,3,3
57646,LASPAX,3,3
57647,KUYXAG,1,1
57648,BATMOB,2,2
57649,UBOWUH,1,1
57650,AQULIH,3,3
57651,NOBJIZ,2,2
57652,DAJKUX,3,3
57653,TEBKIW,2,2
57654,IJIHOY,1,1
57655,XERYAV,3,3
57656,GAZQIK,1,1
57657,YIZQII,3,3
57658,TOXCOY,1,1
57659,LIYJOT,2,2
57660,MITHII,2,2
57661,OJUHUW,3,3
57662,TIVJOX,3,3
57663,LICYON,2,2
57664,QUGDAX,1,1
57665,XIXPOL,2,2
57666,POCFAP,3,3
57667,ROWBIQ,3,3
57668,TUCMAH,3,3
57669,AHAWIP,3,3
57670,PELGIU,2,2
57671,IGUZUG,1,1
57672,KUWXAB,2,2
57673,XIYFUG,3,3
57674,OKEWEI,2,2
57675,NUVPEA,3,3
57676,JUSQUJ,2,2
57677,DUMCUJ,3,3
57678,RIZPAV,1,1
57679,RURTII,2,2
57680,KAZYUJ,1,1
57681,YAHNAW,2,2
57682,MUSQIA,3,3
57683,LUGROU,3,3
57684,SUBBIA,1,1
57685,GEPPIB,3,3
57686,TIDMOI,2,2
57687,GOSYOE,1,1
57688,TAKXIM,3,3
57689,LADXIA,3,3
57690,DOBBIG,1,1
57691,PATHAX,1,1
57692,RUDVIX,3,3
57693,QAGBOP,3,3
57694,TOTBIN,1,1
57695,QADPOC,1,1
57696,BEYREE,1,1
57697,FISWIP,3,3
57698,IFUJIG,1,1
57699,TIBPEZ,2,2
57700,IMANAO,1,1
57701,NUNBAA,3,3
57702,QIDQIE,3,3
57703,ICEHUT,2,2
57704,HIQPUT,3,3
57705,VITROG,1,1
57706,NIVBUQ,3,3
57707,GIQVOU,2,2
57708,SIMXIX,1,1
57709,OMISUZ,2,2
57710,YUZZUO,3,3
57711,ZAJVAH,2,2
57712,HUNWET,3,3
57713,XADVII,1,1
57714,SOWBIQ,3,3
57715,XOGYUN,1,1
57716,XOVPEG,1,1
57717,UHEKIB,2,2
57718,LISVAO,1,1
57719,RUMHAL,1,1
57720,EWUNOZ,3,3
57721,WEQFIJ,2,2
57722,RIYYUW,1,1
57723,OGONOP,2,2
57724,JUYCUB,2,2
57725,FEJSOD,2,2
57726,JEBCEY,1,1
57727,RADLUD,3,3
57728,PETLAC,3,3
57729,WENVUG,1,1
57730,QIDHES,3,3
57731,GIPLAV,1,1
57732,VUDMIR,1,1
57733,VUDJOT,3,3
57734,UGEFIV,1,1
57735,JUYHES,3,3
57736,ZIHMUY,2,2
57737,SILKON,2,2
57738,ZEZJOH,1,1
57739,MUKZAW,1,1
57740,OFOREG,3,3
57741,MELMUL,3,3
57742,SOQXED,3,3
57743,GINMAV,1,1
57744,KUJLEH,3,3
57745,FOMHIY,3,3
57746,HOSZIY,2,2
57747,PIMTUC,3,3
57748,ROQHAG,2,2
57749,PIWGUY,1,1
57750,TIMMOR,3,3
57751,FEKYED,1,1
57752,AYUTAP,2,2
57753,HIQBIS,3,3
57754,SAFJUG,3,3
57755,ABUFAE,2,2
57756,VIDSOU,1,1
57757,NUCYIU,1,1
57758,REJTEF,3,3
57759,FOSYOE,1,1
57760,CAZJIA,1,1
57761,MADXIA,2,2
57762,IXEHIF,1,1
57763,NIMYEP,1,1
57764,TICXUA,3,3
57765,CUZROF,3,3
57766,ODOHEU,3,3
57767,IYUBAF,3,3
57768,TIHBER,3,3
57769,LUSQIA,3,3
57770,HOVYUN,2,2
57771,ZOPQUS,3,3
57772,TAPXOA,3,3
57773,PBUTFE,2,2
57774,HUBMUN,3,3
57775,CEFYOE,2,2
57776,SETLIP,3,3
57777,WEZWIH,2,2
57778,QODQAC,1,1
57779,KEFXOI,2,2
57780,QATHAX,2,2
57781,ZOZFIF,1,1
57782,UMAZAK,2,2
57783,CALCOL,1,1
57784,ODAMOW,3,3
57785,HEXKOO,1,1
57786,SOVCEM,3,3
57787,SANRUV,3,3
57788,TEVSOC,3,3
57789,GACYUE,3,3
57790,JAPKAP,1,1
57791,MEWCIA,3,3
57792,UQUKUP,1,1
57793,FETNIB,3,3
57794,TUCQEQ,1,1
57795,EMAXAS,3,3
57796,XARXIB,1,1
57797,LIBQIX,2,2
57798,JIDYEA,2,2
57799,FOMMAV,1,1
57800,IHOSAA,1,1
57801,TEKPIL,3,3
57802,DICJEH,3,3
57803,OBUNAE,1,1
57804,JESFUJ,2,2
57805,BUSYIA,1,1
57806,BESGUF,1,1
57807,TUBKIM,3,3
57808,PEGTEA,1,1
57809,JOCYOQ,3,3
57810,TIDCUH,2,2
57811,TROPSC,1,1
57812,DEVFOA,1,1
57813,LAXCOD,2,2
57814,TANBOA,2,2
57815,QAJRAX,3,3
57816,UMACOB,2,2
57817,QUMMAP,1,1
57818,DUFRAZ,3,3
57819,NOXROK,1,1
57820,TASVIT,2,2
57821,RIFLAU,3,3
57822,IRIWAJ,3,3
57823,KIGRID,3,3
57824,TOTKUI,3,3
57825,ROBPEE,3,3
57826,UBAYOL,3,3
57827,IPITOQ,2,2
57828,SUJCEF,3,3
57829,QILGEX,2,2
57830,CIVVOV,3,3
57831,NITCEY,2,2
57832,OFEKAL,3,3
57833,EFULOG,1,1
57834,HIPCEO,3,3
57835,AFAJAV,3,3
57836,XEXYIK,2,2
57837,FIRFAO,2,2
57838,FEWLOM,1,1
57839,VORVUV,1,1
57840,ODINOF,2,2
57841,TUXHOK,3,3
57842,SIVCOT,1,1
57843,UCANUJ,3,3
57844,WIGSEL,3,3
57845,POJCID,2,2
57846,DERMAR,2,2
57847,IJEWUS,1,1
57848,POWYAB,2,2
57849,LIHCIP,1,1
57850,RIGVOV,3,3
57851,LOTSAO,3,3
57852,POJMEH,2,2
57853,WAHHOD,2,2
57854,DEDCUK,1,1
57855,ZORLUP,2,2
57856,NAMCAI,2,2
57857,WUKBIP,3,3
57858,NIJRAZ,2,2
57859,TONCAA,1,1
57860,FERMIA,3,3
57861,JUKJOR,1,1
57862,COXJUV,3,3
57863,ESITUY,1,1
57864,ITEXAH,3,3
57865,KIWCOJ,3,3
57866,QOJSOX,1,1
57867,OGIVOS,1,1
57868,ASIZOR,3,3
57869,KEKQOH,2,2
57870,UFULUD,2,2
57871,QEMXOY,3,3
57872,AREKUE,3,3
57873,WARBAW,1,1
57874,KUMGAB,2,2
57875,FUJDOD,1,1
57876,NUWXAH,1,1
57877,LOPVAO,3,3
57878,RERFUT,1,1
57879,TUQQAY,3,3
57880,HINLIC,3,3
57881,IQUDUT,3,3
57882,QOJCID,2,2
57883,QEJVAC,2,2
57884,JIYTOB,2,2
57885,MIKHEU,2,2
57886,TAWVUI,2,2
57887,ZEWDIO,2,2
57888,JINWUB,2,2
57889,WAGLIZ,2,2
57890,IYIPOV,3,3
57891,KUPMOX,2,2
57892,IDAVEQ,2,2
57893,HUPSOD,1,1
57894,YINKUF,1,1
57895,NAPPAZ,1,1
57896,GILNIZ,1,1
57897,ROGVEO,2,2
57898,KUKDAV,1,1
57899,ATOROR,2,2
57900,SUDDAZ,1,1
57901,YUTMAB,2,2
57902,WUPLAX,1,1
57903,MUQLIU,3,3
57904,XUXLEJ,2,2
57905,QURHET,1,1
57906,OXIPIV,3,3
57907,AKUBUG,1,1
57908,DOTBEW,2,2
57909,YEDYOY,2,2
57910,ZEDGOE,2,2
57911,HETMOI,2,2
57912,QUGXEV,1,1
57913,KEYCUO,2,2
57914,TISYAV,2,2
57915,ELAVUK,3,3
57916,IHODAL,2,2
57917,LEDGIM,2,2
57918,PUTKEW,2,2
57919,VEJJOK,3,3
57920,JIWZAT,2,2
57921,XAGHIW,3,3
57922,WAKSEJ,1,1
57923,QIDSED,2,2
57924,FANWEX,3,3
57925,QATDAU,1,1
57926,GOKGIW,2,2
57927,OTATUA,1,1
57928,RITBIF,1,1
57929,MUJNUB,2,2
57930,NOPHAD,1,1
57931,OJENEY,3,3
57932,NIHMOG,2,2
57933,VELKUS,2,2
57934,YALKUR,3,3
57935,ADIZIW,2,2
57936,OZIMOB,3,3
57937,MEZCUP,1,1
57938,GUJTIO,2,2
57939,QIVTEU,1,1
57940,UKOMIR,2,2
57941,REHPID,2,2
57942,LUSJIV,1,1
57943,RUFBAY,1,1
57944,GUHKEZ,3,3
57945,VEKWEQ,2,2
57946,XELDEX,1,1
57947,LULMUA,3,3
57948,TEZRIC,3,3
57949,FUQTOC,2,2
57950,ANEGOR,3,3
57951,ZIRRUN,1,1
57952,QUVZEN,3,3
57953,PHBUAY,1,1
57954,BISPOK,3,3
57955,MASLEA,3,3
57956,OKUQUG,2,2
57957,JABBOE,1,1
57958,XOCPUC,3,3
57959,XOVBOZ,1,1
57960,LUZMOK,3,3
57961,CEPBUX,3,3
57962,IKISUR,3,3
57963,RISPUH,2,2
57964,WUPKEA,1,1
57965,GANWEX,3,3
57966,BUTWES,3,3
57967,EZOSUJ,3,3
57968,WABDEK,3,3
57969,ITACIP,2,2
57970,WOYPUY,1,1
57971,GUHRIL,1,1
57972,BALZAR,1,1
57973,QOSROF,2,2
57974,XUTMAB,2,2
57975,QAWZUN,1,1
57976,XUKHEQ,2,2
57977,QISYUN,2,2
57978,URIVOJ,1,1
57979,SOLYOJ,3,3
57980,HTPXFE,2,2
57981,NEMKUM,1,1
57982,LADJAC,1,1
57983,LUMYUQ,1,1
57984,QALHOE,1,1
57985,JAZYAO,1,1
57986,COZWAP,3,3
57987,CAPSOB,2,2
57988,QECFEL,3,3
57989,SORVAY,2,2
57990,POQTOE,1,1
57991,EDOLER,3,3
57992,OFIJES,3,3
57993,WEDTEI,1,1
57994,ILUSAM,1,1
57995,ITEQIJ,2,2
57996,EXIFAS,2,2
57997,MIMLAX,3,3
57998,GEDVEQ,3,3
57999,DAHSIQ,2,2
58000,VOCVOB,2,2
58001,BOFYIF,2,2
58002,ZAZRIB,3,3
58003,KAFWIY,3,3
58004,VUTPOQ,2,2
58005,FOKGIW,1,1
58006,COTGEA,3,3
58007,FEKRAP,3,3
58008,WECHUK,3,3
58009,BAVWIG,2,2
58010,FINVAA,2,2
58011,JAFRUD,2,2
58012,MUXKOH,3,3
58013,DEXFOD,3,3
58014,KAXFOE,2,2
58015,YOZFUP,1,1
58016,HOKSOQ,3,3
58017,OKUTIZ,2,2
58018,AKEHED,2,2
58019,CEMQUK,1,1
58020,XELMOR,3,3
58021,NUSCIP,2,2
58022,GOMSIN,2,2
58023,YIFZES,1,1
58024,GACLAX,2,2
58025,DUCDIP,2,2
58026,POHLON,2,2
58027,DIWWEO,3,3
58028,VIKLEH,3,3
58029,OYAVAM,3,3
58030,BIWNUR,1,1
58031,YIVROK,2,2
58032,FOQZIU,3,3
58033,HISVOY,1,1
58034,YIPXEB,2,2
58035,REVQEP,3,3
58036,ZIQKIX,1,1
58037,SAWHOQ,1,1
58038,LALPAP,3,3
58039,GULNIN,1,1
58040,ZOWQOT,3,3
58041,NEQWOW,3,3
58042,YUYHOR,2,2
58043,LOKSUB,3,3
58044,JAWBEO,2,2
58045,UMIPEL,3,3
58046,ELAZOH,3,3
58047,MEGKOZ,3,3
58048,FILRUR,1,1
58049,LIHDAJ,3,3
58050,RAHDAH,3,3
58051,RARYOA,3,3
58052,DAZJOD,2,2
58053,EBUQOI,3,3
58054,FEMDUY,1,1
58055,TUKRIC,3,3
58056,AHEWOC,1,1
58057,JUDGOE,1,1
58058,TURSIJ,2,2
58059,UJAXEI,2,2
58060,KUGKEF,1,1
58061,WAPFUS,1,1
58062,RETPAJ,2,2
58063,HIRKEC,1,1
58064,TNBPMN,2,2
58065,WACGIU,1,1
58066,ZEQPEU,1,1
58067,QENJAV,1,1
58068,DIYPAD,3,3
58069,MOXKER,2,2
58070,KUTFOW,1,1
58071,SUVVUA,2,2
58072,MOBTPD,3,3
58073,EYUMAO,3,3
58074,TOCHAU,3,3
58075,SAXBEC,1,1
58076,PASFUL,2,2
58077,SUYWOB,1,1
58078,SAJYUY,3,3
58079,HIYJAB,3,3
58080,LEKZOQ,3,3
58081,COXQOX,2,2
58082,VUJJUH,3,3
58083,AXAGAJ,2,2
58084,YORGAQ,2,2
58085,LASRAZ,3,3
58086,PUXHUO,1,1
58087,PUVJOF,2,2
58088,HOHFEP,2,2
58089,XUQLIE,3,3
58090,HAYRIM,1,1
58091,AFAJOJ,3,3
58092,MEPMIG,2,2
58093,QONFEG,2,2
58094,ETUJEJ,3,3
58095,BARRES,1,1
58096,OFUTER,2,2
58097,RATZOB,2,2
58098,LIYJUZ,2,2
58099,NOCRED,3,3
58100,DIPNIP,3,3
58101,EYICIY,2,2
58102,MAHLOY,3,3
58103,KIGBAD,2,2
58104,BIQQEZ,1,1
58105,PANBUE,1,1
58106,PAKVIH,2,2
58107,EDIJUX,3,3
58108,RERSAI,2,2
58109,BONQUR,2,2
58110,XEXGOX,1,1
58111,FAGGOK,3,3
58112,FUYWAY,2,2
58113,UTEPIV,1,1
58114,RITRAQ,3,3
58115,POFBAO,2,2
58116,CUGZAI,1,1
58117,MAJHUA,1,1
58118,DUGSUW,1,1
58119,QUBNOT,1,1
58120,ECUCIR,3,3
58121,DUPPOW,1,1
58122,GAMLAJ,2,2
58123,LUKCUP,1,1
58124,CIDFAA,1,1
58125,BERHOX,3,3
58126,RALFEQ,3,3
58127,HAKBIF,3,3
58128,ZAQDAZ,3,3
58129,YAMMEF,2,2
58130,RINZUN,1,1
58131,NEYSIW,3,3
58132,QAHZAC,3,3
58133,MUTCOV,2,2
58134,FIXMAE,1,1
58135,WEXCOU,3,3
58136,YOMRAV,2,2
58137,YOYMUV,2,2
58138,SOSWUT,1,1
58139,BOBLAF,2,2
58140,TESKIM,3,3
58141,XARXEV,3,3
58142,TIQHOS,3,3
58143,WUZNIP,3,3
58144,NAHPUI,3,3
58145,FAXBIP,1,1
58146,RETNIR,1,1
58147,APAZUO,1,1
58148,TIRMOZ,3,3
58149,KILCER,1,1
58150,QESWOA,3,3
58151,JUKTIV,1,1
58152,UHOKOT,3,3
58153,JIKZIM,3,3
58154,EQEZEI,1,1
58155,QARPOP,3,3
58156,ROBWOW,2,2
58157,FMBCNI,3,3
58158,QEKWUY,3,3
58159,MIBVAU,1,1
58160,BOTYAM,3,3
58161,UFOZEW,1,1
58162,MUSSIC,3,3
58163,DENJOZ,1,1
58164,CAPMIQ,3,3
58165,TOFYAR,3,3
58166,JAMMUI,3,3
58167,MAMJOD,1,1
58168,BEQSEV,3,3
58169,LUZMAW,2,2
58170,HONNUU,3,3
58171,FUPYOF,2,2
58172,BUSRUD,1,1
58173,YOKJUG,1,1
58174,DUXQUJ,3,3
58175,BARKIR,3,3
58176,KIWZOH,2,2
58177,NABYAS,1,1
58178,DAHCAQ,3,3
58179,ZEHQEK,3,3
58180,DUVSOC,3,3
58181,KAQJUJ,2,2
58182,LAQMOG,3,3
58183,TABTEX,1,1
58184,QUYYIU,2,2
58185,YANTUD,3,3
58186,MUBFIA,3,3
58187,XUJKIX,2,2
58188,SOFLEG,3,3
58189,VAJGIY,2,2
58190,NITTIW,2,2
58191,NABNAI,3,3
58192,YIFFUO,2,2
58193,RIDDAN,1,1
58194,WULKOG,1,1
58195,XOXYUF,3,3
58196,JUHTUB,2,2
58197,LAHYUO,3,3
58198,FOFKOE,1,1
58199,SETNIR,3,3
58200,TAPZOC,2,2
58201,TUWKAX,3,3
58202,NOLQEK,1,1
58203,VEFRII,2,2
58204,ZESVEA,3,3
58205,MOPVOD,2,2
58206,NEYVUJ,2,2
58207,JIHZUY,2,2
58208,JIYSEP,2,2
58209,TAYSER,3,3
58210,QEVFOQ,1,1
58211,MEQWEL,3,3
58212,HEWVIS,1,1
58213,LIGWEF,2,2
58214,EQOHEA,1,1
58215,DAJRAH,2,2
58216,JADFEC,1,1
58217,QUJCAA,3,3
58218,JIMYIN,3,3
58219,BISPAW,3,3
58220,LITJIK,3,3
58221,RATJII,1,1
58222,SESYIA,3,3
58223,KASPEB,3,3
58224,KABYUK,3,3
58225,QAWFIF,3,3
58226,EQETIE,1,1
58227,XINNEO,1,1
58228,WUNJIB,1,1
58229,VOFYIA,3,3
58230,YOXYUF,2,2
58231,ODIPIB,1,1
58232,PUTREB,2,2
58233,MIKHIA,2,2
58234,BAWMIX,1,1
58235,RUDMEL,1,1
58236,GUSKOU,2,2
58237,JOFXEI,2,2
58238,IMBPNI,3,3
58239,NELMEY,1,1
58240,EWULOX,2,2
58241,JIWZOH,2,2
58242,TUPKAQ,2,2
58243,FUJTEL,3,3
58244,XAGFIX,1,1
58245,JEQLOJ,2,2
58246,GUCBOY,1,1
58247,CENYEB,3,3
58248,ZOGZUT,3,3
58249,REMWOY,1,1
58250,VUPDOZ,3,3
58251,OQUGUD,2,2
58252,KINDOE,1,1
58253,WISQEX,2,2
58254,SANFIW,3,3
58255,QESXIY,3,3
58256,OBIXAZ,2,2
58257,DIYXAM,3,3
58258,POHCIA,1,1
58259,GUYHAJ,3,3
58260,YOKBUY,3,3
58261,EWERON,2,2
58262,QEBSAT,3,3
58263,ESUYAT,2,2
58264,HUTWID,2,2
58265,ZIFLEF,2,2
58266,HEYWAJ,1,1
58267,SELTOS,3,3
58268,HAKDEC,2,2
58269,JAKDOO,1,1
58270,XODZAS,1,1
58271,LIYPIT,2,2
58272,WACFAI,2,2
58273,UQEPEO,1,1
58274,NIQTEO,2,2
58275,HOKBOZ,3,3
58276,LUQMOB,3,3
58277,VOTSUS,2,2
58278,QUNBUW,2,2
58279,BUHXIM,1,1
58280,VADJUH,1,1
58281,BOCKUZ,2,2
58282,IKEXEC,3,3
58283,GEMYOQ,1,1
58284,YAWVEB,1,1
58285,MUJMIN,3,3
58286,NIFLIB,1,1
58287,YICSAI,1,1
58288,BIXRUY,3,3
58289,WIJLUZ,3,3
58290,FEYTEI,3,3
58291,AQOKAV,1,1
58292,ZIDJEE,3,3
58293,PENLOL,3,3
58294,AJUSOP,2,2
58295,APAGOP,2,2
58296,PANJUL,2,2
58297,IQODOI,2,2
58298,GUPQOX,2,2
58299,EKEBEE,1,1
58300,TAFWIJ,1,1
58301,PUMLEO,2,2
58302,GECWAP,3,3
58303,FUFMEY,1,1
58304,TAGMEV,3,3
58305,EBAZIT,3,3
58306,DUPVAM,2,2
58307,BANSIU,3,3
58308,ZICVUG,1,1
58309,PAZBAV,1,1
58310,REGROK,2,2
58311,SANCUJ,1,1
58312,DEPJEN,2,2
58313,BOKZIL,3,3
58314,WIZQEC,3,3
58315,RIFJAS,2,2
58316,SOQREX,1,1
58317,POZVUW,3,3
58318,ASOXIQ,3,3
58319,OGOTIP,3,3
58320,FITDES,2,2
58321,YEJVEP,3,3
58322,CAGMAA,2,2
58323,GADHUP,1,1
58324,QAXDAU,1,1
58325,VUHHAJ,2,2
58326,XUSLEC,1,1
58327,QERLII,2,2
58328,XECVEK,1,1
58329,FUJWUC,1,1
58330,NAPQEE,1,1
58331,SEJNAY,3,3
58332,RAYBUQ,3,3
58333,XABQEZ,1,1
58334,LIWNAI,3,3
58335,XUYYAR,3,3
58336,PAJXUV,3,3
58337,ALUSEI,1,1
58338,FUNNEH,2,2
58339,IDAWAN,3,3
58340,AJIZAW,3,3
58341,RASLEE,3,3
58342,TEFCOZ,3,3
58343,EZISIR,2,2
58344,BACFOE,1,1
58345,WAQXOF,1,1
58346,ZUMSEH,2,2
58347,RIJWUG,1,1
58348,JUNCEC,3,3
58349,SAWGII,3,3
58350,NORFOR,3,3
58351,TIHQIO,1,1
58352,KIJFIT,2,2
58353,LOBNOF,1,1
58354,FUHQUW,3,3
58355,KARPUP,2,2
58356,TUCGAC,1,1
58357,HIJXIH,3,3
58358,HUVCUW,1,1
58359,FOKQOM,2,2
58360,QEWZOH,3,3
58361,BDPAPD,3,3
58362,DCAZPD,3,3
58363,BOFVAU,3,3
58364,ECILIO,3,3
58365,YUYGIJ,3,3
58366,WILMOU,2,2
58367,HEFNUE,1,1
58368,RIPSUG,3,3
58369,FUSTOF,1,1
58370,OLIPEG,3,3
58371,IYUDUE,1,1
58372,FETMUN,3,3
58373,GABWEO,2,2
58374,DAXZEI,3,3
58375,HEDZIA,2,2
58376,OTOYED,3,3
58377,ARODAN,3,3
58378,OXMTMI,3,3
58379,ERAQOE,3,3
58380,QOXKAQ,3,3
58381,ILIBEK,2,2
58382,LAGWIC,2,2
58383,JABZES,3,3
58384,ZAXKEQ,3,3
58385,YOMTOL,3,3
58386,MIKNED,1,1
58387,SUVBET,1,1
58388,MEHNAO,3,3
58389,XUJDOW,3,3
58390,HAFXIY,3,3
58391,RUYFAU,2,2
58392,SICKEW,3,3
58393,UDULEL,3,3
58394,NEHGAI,1,1
58395,JEKBUX,3,3
58396,TAMTUX,3,3
58397,BOVLUU,3,3
58398,OGOQUZ,1,1
58399,DANDUS,2,2
58400,PEPSEK,3,3
58401,ESOJAY,3,3
58402,YECXIP,2,2
58403,YUWWOD,2,2
58404,DISDOA,2,2
58405,ETEZIP,1,1
58406,JULYUK,3,3
58407,EGIXOH,3,3
58408,UKOBAA,1,1
58409,JEDMAH,3,3
58410,HAMLUF,1,1
58411,COPTAD,1,1
58412,AHOZOO,1,1
58413,JOCFAI,1,1
58414,IWACAL,3,3
58415,JOMJUS,2,2
58416,UGOGEC,2,2
58417,KEJDIO,3,3
58418,OBIHEN,3,3
58419,FOHJET,3,3
58420,AZOREM,1,1
58421,IHOBAJ,2,2
58422,QOFMEH,1,1
58423,EKOWAC,3,3
58424,UZAKEM,2,2
58425,QUMROH,2,2
58426,EHIRIZ,1,1
58427,KEKBUX,2,2
58428,VECNUM,3,3
58429,CEQPUN,1,1
58430,VIKZOF,2,2
58431,ZARYEY,3,3
58432,QOKVOC,3,3
58433,XOXSOT,2,2
58434,UMIQOX,2,2
58435,SULVAW,3,3
58436,XIFREM,2,2
58437,QEPSEK,3,3
58438,WAFNOG,1,1
58439,TUVLUS,2,2
58440,QIVRES,1,1
58441,LUHREL,3,3
58442,PEKHUJ,3,3
58443,FIRNOM,3,3
58444,GIWFAT,1,1
58445,DIRNEA,3,3
58446,DEKSOC,2,2
58447,YIHYUN,1,1
58448,CIDGIJ,1,1
58449,PELCER,2,2
58450,QUTMIE,1,1
58451,VAGDIS,2,2
58452,COFQIX,3,3
58453,UFUHAE,3,3
58454,QIFTOS,1,1
58455,ETESON,3,3
58456,DAQHUA,3,3
58457,LEHNOD,3,3
58458,AMENCO,2,2
58459,LUMDON,3,3
58460,KILLOI,3,3
58461,UJAGIY,1,1
58462,KEJTAX,2,2
58463,ZIJZOH,1,1
58464,VOHMUE,1,1
58465,DURYEX,1,1
58466,ORUFUD,2,2
58467,VICPII,3,3
58468,LATJIZ,2,2
58469,GEDWOE,3,3
58470,MEHGEN,1,1
58471,ZOQTOQ,3,3
58472,HAGKAD,3,3
58473,YIFBOE,1,1
58474,OJIWEL,3,3
58475,XAXLEO,2,2
58476,TIDWEJ,3,3
58477,XIQSIB,1,1
58478,VOMYIH,3,3
58479,QASLAB,1,1
58480,IXUCEK,3,3
58481,ZAGLUR,2,2
58482,MOTBOO,2,2
58483,FIBTUF,1,1
58484,RACTEU,2,2
58485,SOZZEO,2,2
58486,TOKZAX,3,3
58487,XISGUF,1,1
58488,EYESOR,3,3
58489,MELBEN,2,2
58490,WAVTUL,2,2
58491,MAZJIH,1,1
58492,XULYIP,1,1
58493,NOQSES,3,3
58494,BOBQUE,3,3
58495,DAFLIG,3,3
58496,VISHEM,3,3
58497,VESZAU,2,2
58498,GOHMOF,1,1
58499,VASRUF,1,1
58500,QAGDUX,3,3
58501,VOTFAN,1,1
58502,NODCEQ,3,3
58503,BOQGIY,3,3
58504,MUBRUW,1,1
58505,ROMPUE,2,2
58506,SEBXUU,3,3
58507,WELCUM,2,2
58508,UNADOD,2,2
58509,FEGKAE,1,1
58510,HEDCIC,1,1
58511,ROKXEW,2,2
58512,FEHFON,1,1
58513,WOMYIH,3,3
58514,COHVOL,3,3
58515,YIQSIB,2,2
58516,MIRVEO,2,2
58517,AHIGIH,3,3
58518,IJOMUR,3,3
58519,XETRUN,1,1
58520,XEYBOT,3,3
58521,WAGDIS,2,2
58522,DAJDEZ,3,3
58523,COMYEL,3,3
58524,NIBYAB,3,3
58525,JILLOI,1,1
58526,ONIXUF,2,2
58527,FAWPIC,2,2
58528,TTRPNI,3,3
58529,ABAXIK,2,2
58530,MIKKUM,1,1
58531,PAQFUI,3,3
58532,LUZROO,3,3
58533,CUWJAG,1,1
58534,TUKTIE,3,3
58535,DOWHAY,3,3
58536,GAVDIS,2,2
58537,YIVDIQ,2,2
58538,REZZUV,1,1
58539,HIRMEE,1,1
58540,IVILAB,3,3
58541,VAMFOG,3,3
58542,OKIBEQ,3,3
58543,GAFWUF,1,1
58544,UCUBUQ,3,3
58545,GAVSII,3,3
58546,YUGXON,1,1
58547,UGUDOQ,1,1
58548,JEPYIM,1,1
58549,TOFVIV,2,2
58550,PEFTUS,1,1
58551,YIDDOF,3,3
58552,KALTEY,2,2
58553,QEBSOH,3,3
58554,ZEZWAE,2,2
58555,JAXNOL,2,2
58556,CAQVAR,3,3
58557,YECFOC,2,2
58558,RUTDIT,1,1
58559,LOVJAH,3,3
58560,VIQGOS,2,2
58561,ZEJQEN,3,3
58562,AVUTIU,3,3
58563,GUKFEZ,2,2
58564,SIFCER,2,2
58565,OYONIA,3,3
58566,ULAWEK,1,1
58567,IKODES,2,2
58568,KAJKUF,1,1
58569,EXOCOJ,2,2
58570,LUMSOC,3,3
58571,FAMQUI,3,3
58572,WOJWEZ,2,2
58573,VEVGUZ,3,3
58574,NAGGIP,1,1
58575,ABOFAA,3,3
58576,UMOBED,3,3
58577,XODSER,3,3
58578,YAFCIT,3,3
58579,XILPOZ,3,3
58580,KAMWED,3,3
58581,GEHQOC,2,2
58582,ADETIO,3,3
58583,BURWUH,3,3
58584,URAHUS,2,2
58585,ROGGIG,3,3
58586,WIFFOH,3,3
58587,XAWSUK,1,1
58588,DOMKEW,2,2
58589,YEDQOP,2,2
58590,TECRAV,2,2
58591,EJALAC,3,3
58592,ZOJZEF,2,2
58593,DENNUG,2,2
58594,KAZQAF,2,2
58595,GASBIN,2,2
58596,PUTTED,2,2
58597,LUPYAY,3,3
58598,QELTIK,3,3
58599,DANQAN,3,3
58600,CUXNEQ,1,1
58601,MASXUC,3,3
58602,CEJKIL,1,1
58603,WONREZ,3,3
58604,INPNII,3,3
58605,XELPUZ,2,2
58606,UJAWOR,2,2
58607,LIVDEB,3,3
58608,PADSIA,1,1
58609,GOTCEX,3,3
58610,KUNMEL,1,1
58611,XETPOB,3,3
58612,HUNSEP,2,2
58613,IGEDAC,1,1
58614,KAZJUT,3,3
58615,RIZCAH,3,3
58616,RARQAC,1,1
58617,VUBZOI,3,3
58618,NUNHOV,3,3
58619,GEGLEK,3,3
58620,UGEPUU,1,1
58621,XOCJIM,1,1
58622,ONUMIU,3,3
58623,FENLEP,2,2
58624,SIYVEB,3,3
58625,FEFDUP,2,2
58626,XIXDIT,1,1
58627,BEZDER,3,3
58628,QOMLOU,2,2
58629,QOSJIS,3,3
58630,ETACUX,3,3
58631,ACACEM,2,2
58632,WISTUQ,2,2
58633,KUMFII,2,2
58634,NOCJOE,2,2
58635,CAHGEX,3,3
58636,YOLLUH,3,3
58637,LAZZOC,2,2
58638,SOKFOP,2,2
58639,GUZZOR,2,2
58640,BIKTAR,1,1
58641,GUYHOA,1,1
58642,HAJNAH,1,1
58643,GAYPIF,3,3
58644,YOCDEA,2,2
58645,LAGGAC,3,3
58646,XEKKAA,1,1
58647,LOMMAB,2,2
58648,JOCXEE,2,2
58649,GULXOC,2,2
58650,PURWEG,2,2
58651,EBEHEZ,3,3
58652,CEMRES,1,1
58653,POZZOT,2,2
58654,VIFQOR,1,1
58655,TOYQUV,3,3
58656,ZODQUE,3,3
58657,REWSAR,1,1
58658,GEKVUQ,3,3
58659,HUXVAX,3,3
58660,FONGEX,1,1
58661,CIYHUQ,2,2
58662,YANRUB,1,1
58663,NEXSUF,2,2
58664,BURBOI,1,1
58665,BIZHIE,3,3
58666,FISTOR,2,2
58667,YERMEQ,3,3
58668,ZUFPUN,3,3
58669,OLOZAR,3,3
58670,TOLVUN,3,3
58671,VISXAY,3,3
58672,EXACOX,1,1
58673,HOZNOZ,3,3
58674,BETZOP,2,2
58675,NODSAE,1,1
58676,JAFFEF,1,1
58677,BIWTEH,3,3
58678,NUYGUL,2,2
58679,WEBZOS,3,3
58680,NECJIQ,2,2
58681,QANTEE,1,1
58682,FUZTUS,1,1
58683,MAMPID,1,1
58684,COHCAH,1,1
58685,ZUDHIP,2,2
58686,CONGER,2,2
58687,EYADEO,2,2
58688,XENMUY,3,3
58689,VESZUP,2,2
58690,SEDRIF,3,3
58691,IFAHEG,1,1
58692,TOJLOV,2,2
58693,QORKEO,2,2
58694,RABLEH,2,2
58695,FUFVIM,3,3
58696,TUFXUN,2,2
58697,DAFNEF,1,1
58698,JIKYAD,3,3
58699,LUFPEK,1,1
58700,TAKWOU,3,3
58701,OZATEP,2,2
58702,VADTEA,3,3
58703,AWUMIR,1,1
58704,BIQKAR,1,1
58705,FIZFEC,1,1
58706,WIFCEX,1,1
58707,WUQBIT,2,2
58708,MAKJEQ,3,3
58709,FOKDOB,3,3
58710,QOMGII,2,2
58711,DEFMAD,3,3
58712,MINDIW,1,1
58713,ROLTES,3,3
58714,MALVUS,3,3
58715,PEPMUU,2,2
58716,DOVKUV,2,2
58717,FONKEB,1,1
58718,FAVZUY,3,3
58719,VAJMIE,3,3
58720,LEGTUP,3,3
58721,DUCPAT,3,3
58722,WEYCEI,1,1
58723,NAMGAM,3,3
58724,BEWDOY,3,3
58725,FAYYUA,3,3
58726,WUJKER,3,3
58727,QEVYUL,2,2
58728,WODLEH,2,2
58729,BAMQUC,1,1
58730,JEBWUL,2,2
58731,REYFOS,2,2
58732,WOWTUX,2,2
58733,NIBREV,1,1
58734,QAJHIS,1,1
58735,MULLIO,2,2
58736,KICTOF,2,2
58737,RUDLUA,1,1
58738,XADWAB,2,2
58739,IPOMEF,3,3
58740,AMEYUO,3,3
58741,KAGYAU,2,2
58742,UNOXIG,3,3
58743,CAJFUP,2,2
58744,ORUJUI,3,3
58745,NAZFAV,1,1
58746,EJUCER,1,1
58747,FADXIU,1,1
58748,KISKED,3,3
58749,LODHIV,1,1
58750,IWEJOJ,2,2
58751,JULPEO,1,1
58752,IFOCUD,1,1
58753,SAFBUY,3,3
58754,ZEKGIH,2,2
58755,TISCIJ,2,2
58756,AXACOR,1,1
58757,OZUGEX,3,3
58758,IKULEI,1,1
58759,XUTRUC,1,1
58760,ENOMIE,3,3
58761,POYFUF,2,2
58762,IGEXEZ,3,3
58763,NOXVOO,1,1
58764,HIXDEZ,3,3
58765,JAKDUV,1,1
58766,DILMET,2,2
58767,UHUPUI,3,3
58768,TAQMEE,3,3
58769,IFILAO,1,1
58770,ZICTUE,1,1
58771,IVIPEL,1,1
58772,BESCUB,1,1
58773,DUSHOO,3,3
58774,CAMQUC,1,1
58775,LUJFAY,3,3
58776,MAZFIE,2,2
58777,IHOYOV,1,1
58778,HUBNEA,1,1
58779,UBIGAP,1,1
58780,KIRXAM,3,3
58781,RANDIU,1,1
58782,IQOHAX,1,1
58783,DISQON,3,3
58784,FUPMEJ,2,2
58785,JOVZOM,2,2
58786,EGOGEN,1,1
58787,POMGII,3,3
58788,WEYJOC,1,1
58789,SEKQII,3,3
58790,NIBBAB,2,2
58791,VOHSIX,3,3
58792,YODHEE,1,1
58793,OJIKAU,3,3
58794,CATROF,2,2
58795,TEGKEX,2,2
58796,GAFPEM,1,1
58797,XURQUW,2,2
58798,KEFNEP,3,3
58799,BOVNUW,2,2
58800,BUBZUW,1,1
58801,RESMAE,2,2
58802,ATAXAW,2,2
58803,TANDUI,3,3
58804,WEQWEU,1,1
58805,RAPWUE,1,1
58806,YEGMUU,1,1
58807,UZITON,3,3
58808,TIRGOQ,1,1
58809,CAXZAD,1,1
58810,ZAZVIF,2,2
58811,WEMWAO,1,1
58812,YONJAN,2,2
58813,ZIHWIW,3,3
58814,ROJNIQ,2,2
58815,RISHEG,1,1
58816,SANZAM,1,1
58817,USAQUC,3,3
58818,ZORCER,1,1
58819,OFAFUW,3,3
58820,FIBZOG,1,1
58821,VEQPAL,3,3
58822,XEVCAE,2,2
58823,ZAKSOX,1,1
58824,RUKJIS,3,3
58825,CEMBUU,3,3
58826,FECKIJ,3,3
58827,NIXFAB,2,2
58828,POFSUA,3,3
58829,TECNEX,2,2
58830,EJAPEM,2,2
58831,CUTTAN,2,2
58832,POPZEA,3,3
58833,DESDOX,3,3
58834,PFPBTI,1,1
58835,DEPXAX,3,3
58836,XOQVIK,2,2
58837,IBEGIG,1,1
58838,ERATIA,3,3
58839,SIBTOO,3,3
58840,CULZUE,3,3
58841,ZEWGOZ,1,1
58842,POFXEP,1,1
58843,QEWXOJ,1,1
58844,IDIQES,2,2
58845,QEHDEP,2,2
58846,CIWQOO,2,2
58847,KAYHEA,2,2
58848,XEDJOG,3,3
58849,TIHSIM,1,1
58850,RIHHAT,2,2
58851,MEQSIK,1,1
58852,KITLAC,1,1
58853,MORZOL,1,1
58854,UBUNOW,1,1
58855,VOGWOF,3,3
58856,IGEVIA,3,3
58857,MEDCII,3,3
58858,OPUPUL,3,3
58859,HINMUM,2,2
58860,GELHIR,3,3
58861,UQUSEH,1,1
58862,DEKQOA,2,2
58863,RINBIB,3,3
58864,SIWQUL,2,2
58865,PUQGIU,1,1
58866,SORBFE,2,2
58867,AYACUY,3,3
58868,WELJIJ,3,3
58869,AYIKEY,3,3
58870,ELEWUO,2,2
58871,HIKNIZ,2,2
58872,LUTPAT,3,3
58873,OZOCEO,1,1
58874,WOJLEM,1,1
58875,YOLRIB,2,2
58876,PIFQEC,3,3
58877,PAGJOY,1,1
58878,WIFZIY,1,1
58879,KINDUK,1,1
58880,NURSID,2,2
58881,KUMSER,1,1
58882,ZOMJUI,2,2
58883,WOGYAU,3,3
58884,SOPCAD,3,3
58885,XOMFIR,3,3
58886,EKUHOH,1,1
58887,JOLGAS,2,2
58888,BENLEM,3,3
58889,SIHHAT,2,2
58890,INUVUI,2,2
58891,NEJCAH,2,2
58892,JOMHUQ,1,1
58893,OMUNIW,1,1
58894,XAXKUD,2,2
58895,DAKKEJ,1,1
58896,GUJNAD,1,1
58897,IXEGOI,3,3
58898,ZOQHIW,1,1
58899,WIGKUT,2,2
58900,LIFWOM,3,3
58901,XUMXEL,1,1
58902,NIQXIV,3,3
58903,HOVMEL,2,2
58904,UMICIF,1,1
58905,NIBNUJ,3,3
58906,UZOPIK,3,3
58907,WOYFIZ,3,3
58908,VOWXAG,2,2
58909,RIXGOU,3,3
58910,KAHJIM,2,2
58911,WIKTUG,2,2
58912,LEVCAU,1,1
58913,PECGUA,3,3
58914,VOTDAL,3,3
58915,DORBOB,2,2
58916,TAPNIL,1,1
58917,VIBCUF,2,2
58918,CEBTAG,2,2
58919,JETGEY,1,1
58920,NABZEY,2,2
58921,PAHWIE,3,3
58922,DANDAA,1,1
58923,VARQOU,1,1
58924,MOHNED,3,3
58925,XOCQEN,2,2
58926,ADUYED,2,2
58927,UNOFOT,2,2
58928,EBECOE,3,3
58929,BUHZEL,3,3
58930,QETMEK,2,2
58931,RACVEW,2,2
58932,LOZPIC,1,1
58933,VOBQAG,2,2
58934,ROVYAE,3,3
58935,JUTBOS,1,1
58936,IJOMOK,3,3
58937,LADGEF,3,3
58938,JAYFEY,1,1
58939,BEQGAF,2,2
58940,VIKXAO,3,3
58941,GICBUT,1,1
58942,NIJTUY,2,2
58943,KOLRUY,1,1
58944,FOQLUV,2,2
58945,ZIFPAH,1,1
58946,VUJYUV,3,3
58947,IPAMIW,2,2
58948,XUCFAE,2,2
58949,BARVEW,3,3
58950,XIZGOD,3,3
58951,BOYQIP,2,2
58952,OFEXON,2,2
58953,KEPRAZ,2,2
58954,ODUJED,2,2
58955,FEWHAU,1,1
58956,EWOKIM,3,3
58957,WITZAE,1,1
58958,ISEBUE,3,3
58959,BMBUFE,2,2
58960,FUJLUT,3,3
58961,ZEZBAJ,3,3
58962,ERIKUO,1,1
58963,QANDOZ,2,2
58964,GIZTUG,1,1
58965,EZUHOW,2,2
58966,MAKJIR,2,2
58967,NASVIM,3,3
58968,RIDWAG,1,1
58969,RAXZUL,2,2
58970,VECYAE,3,3
58971,KUVQUQ,1,1
58972,FEKQIY,1,1
58973,GIZXAO,2,2
58974,XAWTIC,1,1
58975,NELYAI,1,1
58976,JOXDIL,1,1
58977,VUMKIX,2,2
58978,ASOZEP,3,3
58979,TOPVIE,3,3
58980,YEHKED,3,3
58981,APELUF,1,1
58982,TEGNUQ,3,3
58983,YUYKIP,1,1
58984,JAVLOK,3,3
58985,FOFMUM,1,1
58986,LEBNIR,3,3
58987,JAHJIM,2,2
58988,QIRROC,1,1
58989,FAVTUV,1,1
58990,TUZSOY,2,2
58991,KUXJAQ,3,3
58992,AFISEO,1,1
58993,UWOPEC,2,2
58994,DUCPOH,3,3
58995,TUKVIG,2,2
58996,QAJHEP,1,1
58997,TULQOH,2,2
58998,POSFEJ,2,2
58999,KAPXOR,2,2
59000,GIXRUD,3,3
59001,NECMAK,1,1
59002,JUZLAR,3,3
59003,JOTKAH,3,3
59004,MOTBUV,1,1
59005,LEHREV,1,1
59006,VAXSIA,1,1
59007,XELPOT,2,2
59008,JILNOK,2,2
59009,WIYVIK,3,3
59010,BOCGUW,2,2
59011,CEQYII,3,3
59012,GUQPAL,2,2
59013,XUTNIK,2,2
59014,MAXNII,2,2
59015,MOHWIR,2,2
59016,FIJGIR,3,3
59017,SARTEO,1,1
59018,IPOSAJ,2,2
59019,CILFEM,1,1
59020,KEHNIV,2,2
59021,ITUHUC,3,3
59022,XAWSOE,1,1
59023,YEJSOW,2,2
59024,TEWMOX,1,1
59025,POWCEJ,2,2
59026,MUJVIY,1,1
59027,TAVDAZ,1,1
59028,WOQNUN,1,1
59029,GAGSIS,3,3
59030,UWIJIV,1,1
59031,CARVEW,3,3
59032,AKEBEX,3,3
59033,ADIBUL,2,2
59034,YUKLIA,1,1
59035,PELFOB,2,2
59036,NONXUJ,3,3
59037,DOJNAR,2,2
59038,XEYBUZ,3,3
59039,EFAKEC,3,3
59040,SIWCEH,3,3
59041,USEHIK,1,1
59042,PEKXEL,2,2
59043,UBEVOP,2,2
59044,BUNPOR,3,3
59045,TIWHIR,3,3
59046,RICLUK,3,3
59047,FUZXOP,3,3
59048,MADWAR,2,2
59049,QAHRUO,3,3
59050,DUSHAD,1,1
59051,GUSXOK,1,1
59052,UNADUJ,3,3
59053,HOVCEC,2,2
59054,PUTVEF,2,2
59055,ULUVAB,1,1
59056,FICNAK,1,1
59057,BABNID,3,3
59058,TAWNIR,3,3
59059,CIFTER,3,3
59060,TEZXIH,2,2
59061,GINKAP,2,2
59062,RIQKUZ,2,2
59063,VOFTAP,1,1
59064,ACUYUV,1,1
59065,EINIPC,2,2
59066,YERVIE,1,1
59067,FUDNOJ,2,2
59068,LUMQOA,3,3
59069,IGUGAS,1,1
59070,WOPQEX,2,2
59071,FUSZUP,2,2
59072,JOCCIQ,3,3
59073,GAJQOY,3,3
59074,RITHIM,3,3
59075,YOJZUS,2,2
59076,YIXFIV,2,2
59077,ETEFOA,3,3
59078,YARKEH,3,3
59079,MAQNIE,3,3
59080,YECJAR,1,1
59081,YIFNAC,2,2
59082,YUMXIO,3,3
59083,MAWDAS,3,3
59084,QOYCEO,3,3
59085,QICWIJ,3,3
59086,GOWTAP,2,2
59087,TAHRAW,3,3
59088,NENSUU,3,3
59089,VIVLER,2,2
59090,BOPXAI,1,1
59091,CUGNEY,3,3
59092,DUJYEN,1,1
59093,SILXUI,1,1
59094,BIZJIG,2,2
59095,UKUMEU,1,1
59096,QIMYET,2,2
59097,WOWVAH,3,3
59098,CIYJUS,2,2
59099,QEWXAV,1,1
59100,EYEXEM,3,3
59101,GIFXEB,2,2
59102,YAZXAZ,3,3
59103,QAZYAV,1,1
59104,MOQFOP,3,3
59105,JOCZEG,3,3
59106,CUSDIG,1,1
59107,PIJWIQ,3,3
59108,TEQLUW,3,3
59109,AGABAM,2,2
59110,MAHVEZ,3,3
59111,HATCOY,1,1
59112,EVUSAR,2,2
59113,NIBLAM,1,1
59114,FAJQOY,3,3
59115,LAZXOA,3,3
59116,MUSWIG,3,3
59117,AWUDOL,1,1
59118,OJIKOI,3,3
59119,UNODUX,1,1
59120,ZEFRAD,2,2
59121,XOTPEB,3,3
59122,UYOQIK,1,1
59123,IGINOC,1,1
59124,AYIBAO,1,1
59125,XETGUA,3,3
59126,QUTJUM,3,3
59127,NOVVAV,1,1
59128,RUZVOX,3,3
59129,RIRKIN,3,3
59130,ZOPRIH,3,3
59131,ZEJZOF,1,1
59132,FINKAP,3,3
59133,BAVJIV,1,1
59134,SUJYAY,3,3
59135,ZOMHAN,3,3
59136,GAQFIO,1,1
59137,ZONTON,3,3
59138,RAZYIE,1,1
59139,EYAJEW,1,1
59140,SIPDAX,2,2
59141,RIFVEJ,1,1
59142,GENGOX,3,3
